{"Flamengo / RJ": {"Atk": 1.0, "Def": 0.585723956627681}, "Botafogo / RJ": {"Atk": 0.9876331912328565, "Def": 1.292571971227965}, "Palmeiras / SP": {"Atk": 1.0308865910718437, "Def": 0.7934431814344566}, "Corinthians / SP": {"Atk": 0.489227694967965, "Def": 0.6588417123273775}, "Red Bull Bragantino / SP": {"Atk": 0.8276413629458022, "Def": 0.7311312505982129}, "Atl\u00e9tico Mineiro / MG": {"Atk": 0.6529965973892005, "Def": 0.7420607931952318}, "Gr\u00eamio / RS": {"Atk": 1.0178802666604745, "Def": 0.5433578841748583}, "Athletico Paranaense / PR": {"Atk": 0.7962262142306438, "Def": 0.6456281767653713}, "Fortaleza / CE": {"Atk": 0.632449634638268, "Def": 0.7659260943160495}, "Am\u00e9rica / MG": {"Atk": 0.7365845752369735, "Def": 0.3273821732696353}, "Fluminense / RJ": {"Atk": 0.7698673356193971, "Def": 0.669859087427527}, "Vasco da Gama / RJ": {"Atk": 0.45928555707739094, "Def": 0.4264187991971618}, "S\u00e3o Paulo / SP": {"Atk": 0.834388371674956, "Def": 0.6956770947323265}, "Santos / SP": {"Atk": 0.6539839209492718, "Def": 0.45352765779413456}, "Goi\u00e1s / GO": {"Atk": 0.5869098548825097, "Def": 0.43140065217936086}, "Cruzeiro / MG": {"Atk": 0.5444889224116891, "Def": 0.9026490088840663}, "Internacional / RS": {"Atk": 0.45088040765094956, "Def": 0.7305259940716592}, "Coritiba / PR": {"Atk": 0.5726180661362972, "Def": 0.4040190945990065}, "Bahia / BA": {"Atk": 0.5721210160470469, "Def": 0.4953977691304599}, "Cuiab\u00e1 / MT": {"Atk": 0.5741415147500073, "Def": 0.6316073520918382}}