{"Flamengo / RJ": {"Crici\u00fama / SC": [[0.124372, 0.057841, 0.013317, 0.002102, 0.000241, 2.3e-05], [0.200722, 0.093366, 0.021662, 0.003321, 0.000385, 4.9e-05], [0.163505, 0.076148, 0.017734, 0.00279, 0.000348, 3.4e-05], [0.088115, 0.040929, 0.009564, 0.001486, 0.00015, 1.9e-05], [0.035794, 0.016482, 0.003979, 0.00058, 7.5e-05, 5e-06], [0.015652, 0.007221, 0.001686, 0.000262, 3.8e-05, 3e-06]], "Vit\u00f3ria / BA": [[0.069556, 0.064969, 0.030335, 0.009329, 0.002165, 0.00045], [0.120742, 0.112559, 0.052064, 0.016185, 0.00384, 0.00085], [0.104697, 0.097111, 0.045264, 0.014382, 0.003276, 0.000732], [0.060184, 0.056121, 0.026056, 0.008229, 0.001842, 0.000411], [0.026135, 0.024627, 0.011463, 0.003554, 0.000866, 0.000174], [0.012442, 0.011671, 0.005468, 0.001766, 0.000399, 8.6e-05]]}, "Fluminense / RJ": {"Corinthians / SP": [[0.105483, 0.082281, 0.031902, 0.008203, 0.001588, 0.000285], [0.154923, 0.121035, 0.047082, 0.012347, 0.002364, 0.000411], [0.114091, 0.088196, 0.034729, 0.008842, 0.001739, 0.000298], [0.056112, 0.043568, 0.01708, 0.004385, 0.000886, 0.000152], [0.020615, 0.016004, 0.006179, 0.001619, 0.000312, 5.8e-05], [0.007819, 0.006201, 0.002383, 0.000674, 0.000142, 1.2e-05]]}, "S\u00e3o Paulo / SP": {"Figueirense / SC": [[0.05836, 0.042056, 0.015133, 0.003505, 0.000651, 0.000106], [0.124829, 0.089217, 0.031911, 0.007593, 0.001379, 0.00021], [0.132181, 0.094683, 0.033666, 0.007957, 0.001344, 0.000253], [0.093388, 0.066667, 0.023852, 0.005472, 0.000971, 0.000161], [0.049281, 0.035192, 0.012587, 0.002959, 0.00053, 9.8e-05], [0.031184, 0.022326, 0.00798, 0.001923, 0.000342, 5.3e-05]]}, "Santos / SP": {"S\u00e3o Paulo / SP": [[0.079995, 0.098377, 0.060551, 0.024925, 0.007687, 0.002371], [0.103789, 0.126676, 0.078929, 0.032593, 0.010083, 0.003029], [0.066989, 0.082615, 0.05059, 0.021085, 0.006525, 0.001983], [0.028426, 0.035801, 0.021944, 0.008867, 0.002724, 0.000875], [0.009291, 0.011434, 0.00713, 0.002924, 0.00092, 0.0003], [0.003091, 0.003858, 0.002302, 0.00095, 0.000286, 8.5e-05]], "Botafogo / RJ": [[0.162016, 0.055758, 0.009576, 0.001102, 7.9e-05, 6e-06], [0.238341, 0.082187, 0.014229, 0.001609, 0.000149, 1.3e-05], [0.176228, 0.060682, 0.010486, 0.001302, 9.9e-05, 7e-06], [0.087046, 0.029941, 0.005243, 0.000607, 4.9e-05, 4e-06], [0.032099, 0.01109, 0.001913, 0.000213, 2.2e-05, 3e-06], [0.012593, 0.004448, 0.000761, 9.1e-05, 7e-06, 1e-06]]}, "Athletico Paranaense / PR": {"Goi\u00e1s / GO": [[0.209166, 0.091319, 0.01972, 0.002907, 0.000334, 2.3e-05], [0.235537, 0.103, 0.022295, 0.003215, 0.000345, 3.1e-05], [0.133083, 0.058518, 0.01278, 0.001796, 0.000194, 2.5e-05], [0.050335, 0.021632, 0.004798, 0.000676, 6.1e-05, 8e-06], [0.014371, 0.00611, 0.001325, 0.000241, 2.3e-05, 4e-06], [0.003998, 0.001694, 0.000388, 4.1e-05, 6e-06, 1e-06]]}, "Atl\u00e9tico / MG": {"Coritiba / PR": [[0.133503, 0.091527, 0.031727, 0.007232, 0.001216, 0.00018], [0.177406, 0.121603, 0.041692, 0.00962, 0.001644, 0.000274], [0.117263, 0.080841, 0.027684, 0.006205, 0.001066, 0.000152], [0.05181, 0.035583, 0.012289, 0.002845, 0.000503, 8.3e-05], [0.017516, 0.01182, 0.004033, 0.000977, 0.000158, 2.2e-05], [0.005867, 0.003969, 0.001341, 0.000286, 5.7e-05, 6e-06]]}, "Bahia / BA": {"Athletico Paranaense / PR": [[0.191326, 0.171817, 0.077635, 0.023223, 0.005214, 0.001035], [0.144256, 0.12985, 0.058514, 0.017585, 0.003978, 0.00081], [0.054912, 0.048905, 0.021443, 0.006645, 0.001437, 0.000277], [0.01392, 0.012223, 0.005568, 0.001683, 0.000326, 9.1e-05], [0.00245, 0.00233, 0.001063, 0.00029, 5.7e-05, 1.4e-05], [0.000474, 0.000412, 0.000172, 4.9e-05, 1.2e-05, 4e-06]], "Gr\u00eamio / RS": [[0.375965, 0.224347, 0.066717, 0.013144, 0.001947, 0.000257], [0.144074, 0.085453, 0.025449, 0.00506, 0.000706, 9e-05], [0.02732, 0.016513, 0.004924, 0.00096, 0.000147, 2.1e-05], [0.003546, 0.002026, 0.000603, 9.9e-05, 2.7e-05, 1e-06], [0.000321, 0.000181, 4.3e-05, 1.2e-05, 3e-06, 0.0], [2.5e-05, 1.2e-05, 5e-06, 2e-06, 0.0, 0.0]]}, "Internacional / RS": {"Atl\u00e9tico / MG": [[0.050322, 0.063746, 0.040196, 0.016912, 0.005322, 0.00171], [0.086723, 0.109249, 0.069429, 0.029371, 0.009233, 0.002891], [0.074918, 0.094885, 0.060006, 0.025198, 0.007956, 0.002649], [0.042976, 0.05447, 0.034315, 0.014614, 0.004483, 0.001519], [0.018539, 0.023478, 0.014796, 0.006218, 0.001959, 0.000609], [0.008783, 0.011202, 0.007182, 0.002924, 0.000931, 0.000286]], "Palmeiras / SP": [[0.056446, 0.036635, 0.011752, 0.002494, 0.000389, 6e-05], [0.12619, 0.081118, 0.026149, 0.005622, 0.000879, 0.000141], [0.141027, 0.090753, 0.02889, 0.006162, 0.001007, 0.000148], [0.104227, 0.067162, 0.021676, 0.004585, 0.000733, 0.000108], [0.057993, 0.037489, 0.01209, 0.002562, 0.000407, 5.4e-05], [0.039482, 0.025262, 0.008281, 0.001731, 0.000258, 3.8e-05]]}, "Crici\u00fama / SC": {"Sport / PE": [[0.169393, 0.131735, 0.051168, 0.013329, 0.002551, 0.000471], [0.168899, 0.131735, 0.051137, 0.013098, 0.002572, 0.000439], [0.084319, 0.065357, 0.025578, 0.006523, 0.001353, 0.000204], [0.028186, 0.021913, 0.008499, 0.002191, 0.00045, 7.1e-05], [0.006999, 0.005355, 0.00216, 0.000578, 9.5e-05, 2.3e-05], [0.001721, 0.001271, 0.000474, 0.000126, 1.8e-05, 9e-06]]}, "Chapecoense / SC": {"Botafogo / RJ": [[0.170729, 0.064898, 0.012312, 0.001563, 0.000146, 2.1e-05], [0.236507, 0.090367, 0.016906, 0.002179, 0.000185, 9e-06], [0.165081, 0.062191, 0.011919, 0.001505, 0.000162, 1.2e-05], [0.076289, 0.028871, 0.005477, 0.000714, 6.7e-05, 4e-06], [0.026194, 0.010041, 0.001866, 0.000244, 2e-05, 3e-06], [0.009296, 0.003504, 0.000629, 8.3e-05, 6e-06, 0.0]], "Cruzeiro / MG": [[0.090636, 0.105346, 0.060717, 0.023461, 0.006748, 0.001938], [0.112441, 0.130298, 0.075341, 0.029611, 0.008377, 0.002435], [0.070017, 0.080848, 0.047033, 0.018115, 0.005253, 0.001427], [0.028908, 0.033456, 0.019421, 0.007621, 0.002182, 0.0006], [0.009125, 0.010568, 0.00595, 0.002339, 0.000671, 0.000195], [0.002819, 0.003252, 0.001853, 0.000713, 0.000212, 7.3e-05]]}, "Botafogo / RJ": {"Atl\u00e9tico / MG": [[0.058712, 0.094208, 0.074983, 0.040397, 0.016045, 0.007055], [0.072435, 0.115922, 0.092945, 0.049289, 0.019671, 0.008421], [0.044865, 0.07154, 0.05702, 0.030787, 0.012421, 0.005219], [0.018249, 0.029729, 0.023721, 0.012459, 0.004962, 0.00215], [0.005779, 0.009028, 0.007214, 0.003809, 0.001638, 0.000677], [0.001736, 0.002746, 0.002258, 0.001183, 0.000504, 0.000223]]}, "Sport / PE": {"Fluminense / RJ": [[0.090597, 0.113294, 0.07107, 0.029316, 0.008948, 0.002816], [0.104894, 0.130701, 0.081239, 0.033497, 0.010647, 0.003307], [0.060571, 0.074952, 0.047004, 0.019383, 0.005987, 0.001898], [0.023137, 0.028823, 0.017859, 0.007373, 0.002309, 0.000699], [0.006557, 0.008277, 0.005212, 0.002186, 0.000704, 0.00019], [0.00187, 0.002403, 0.001406, 0.000616, 0.000196, 6.2e-05]], "S\u00e3o Paulo / SP": [[0.059228, 0.097482, 0.08138, 0.044974, 0.018719, 0.008317], [0.069136, 0.115124, 0.09504, 0.052178, 0.021672, 0.009917], [0.040467, 0.067136, 0.055382, 0.031088, 0.012701, 0.005849], [0.015919, 0.025905, 0.021711, 0.012095, 0.004975, 0.002225], [0.004647, 0.007717, 0.006375, 0.003548, 0.001479, 0.000646], [0.001369, 0.002196, 0.001823, 0.001022, 0.000383, 0.000175]]}, "Corinthians / SP": {"Crici\u00fama / SC": [[0.116341, 0.031248, 0.004262, 0.000386, 1.7e-05, 2e-06], [0.218723, 0.059305, 0.007933, 0.000755, 4.9e-05, 4e-06], [0.206077, 0.055255, 0.007522, 0.0007, 4.2e-05, 1e-06], [0.129866, 0.034528, 0.004675, 0.000418, 2.5e-05, 1e-06], [0.060928, 0.016375, 0.002315, 0.000182, 2.2e-05, 2e-06], [0.032228, 0.008563, 0.001138, 0.000103, 9e-06, 0.0]], "Gr\u00eamio / RS": [[0.17774, 0.076953, 0.016266, 0.002401, 0.000262, 2.7e-05], [0.230375, 0.099768, 0.021228, 0.003042, 0.000325, 3.1e-05], [0.149284, 0.063884, 0.013928, 0.00204, 0.000196, 2.2e-05], [0.06479, 0.027791, 0.005972, 0.000849, 7.6e-05, 6e-06], [0.021037, 0.008954, 0.00192, 0.000266, 3.3e-05, 2e-06], [0.006831, 0.002962, 0.000632, 9.2e-05, 1.4e-05, 1e-06]]},