{"Internacional / RS": {"Atl\u00e9tico / MG": [[0.097521, 0.104453, 0.055799, 0.019783, 0.005287, 0.001409], [0.123319, 0.131244, 0.069944, 0.024757, 0.006712, 0.001788], [0.07747, 0.082623, 0.043988, 0.015644, 0.004247, 0.001096], [0.032108, 0.034905, 0.018476, 0.006653, 0.001771, 0.0004], [0.01011, 0.010713, 0.005721, 0.002061, 0.000562, 0.000139], [0.003186, 0.003448, 0.001744, 0.000684, 0.000189, 4.6e-05]]}, "Cruzeiro / MG": {"Palmeiras / SP": [[0.113719, 0.18427, 0.149407, 0.081098, 0.032559, 0.0143], [0.063275, 0.102122, 0.082633, 0.044423, 0.0181, 0.007827], [0.017173, 0.028066, 0.022745, 0.012475, 0.005076, 0.002198], [0.00319, 0.004997, 0.004261, 0.002209, 0.000955, 0.000418], [0.000421, 0.000699, 0.00058, 0.000313, 0.00014, 4.9e-05], [5.1e-05, 9e-05, 8.8e-05, 5.4e-05, 1.1e-05, 8e-06]]}, "Fortaleza / CE": {"Bahia / BA": [[0.074647, 0.099279, 0.065892, 0.029292, 0.009545, 0.003291], [0.094393, 0.125306, 0.08326, 0.03667, 0.012262, 0.004193], [0.060159, 0.079589, 0.053005, 0.023585, 0.007789, 0.002569], [0.025142, 0.033607, 0.022184, 0.009758, 0.003326, 0.001117], [0.007952, 0.010799, 0.0072, 0.003129, 0.000974, 0.000359], [0.002567, 0.00343, 0.002256, 0.001032, 0.000353, 8.9e-05]]}, "Corinthians / SP": {"Fluminense / RJ": [[0.152793, 0.111222, 0.040505, 0.009791, 0.001718, 0.000311], [0.175458, 0.12821, 0.046385, 0.011187, 0.002039, 0.000322], [0.101417, 0.073653, 0.02695, 0.0064, 0.001254, 0.000189], [0.03887, 0.028352, 0.010219, 0.00249, 0.000469, 7.6e-05], [0.011131, 0.008038, 0.003042, 0.000671, 0.000141, 1.8e-05], [0.003158, 0.002415, 0.000842, 0.000218, 4.2e-05, 4e-06]]}, "Santos / SP": {"Flamengo / RJ": [[0.04478, 0.083433, 0.07752, 0.048466, 0.022371, 0.012012], [0.055213, 0.104051, 0.097454, 0.060143, 0.028036, 0.014866], [0.034588, 0.063887, 0.06016, 0.037018, 0.017663, 0.009397], [0.014357, 0.026523, 0.024563, 0.015136, 0.007169, 0.003844], [0.004401, 0.008361, 0.007641, 0.004816, 0.002221, 0.001163], [0.001279, 0.00261, 0.002301, 0.001477, 0.000686, 0.000394]]}, "Vasco da Gama / RJ": {"Chapecoense / SC": [[0.126523, 0.107385, 0.044857, 0.012565, 0.002754, 0.000525], [0.155556, 0.131108, 0.054872, 0.015159, 0.003159, 0.000633], [0.095103, 0.07985, 0.033586, 0.009317, 0.001916, 0.000378], [0.038613, 0.032149, 0.013785, 0.00389, 0.000798, 0.000149], [0.01175, 0.009786, 0.004085, 0.001203, 0.000229, 5.2e-05], [0.003529, 0.002931, 0.001357, 0.000355, 7.9e-05, 1.4e-05]]}, "Botafogo / RJ": {"Cear\u00e1 / CE": [[0.18089, 0.173264, 0.083159, 0.026449, 0.006415, 0.00151], [0.136169, 0.130274, 0.062338, 0.019951, 0.004623, 0.00116], [0.050645, 0.049468, 0.023657, 0.007378, 0.001781, 0.000403], [0.012546, 0.012234, 0.005882, 0.001829, 0.000455, 0.000111], [0.00245, 0.002351, 0.001096, 0.000356, 7.2e-05, 1.8e-05], [0.000407, 0.000385, 0.000201, 5.2e-05, 1.9e-05, 2e-06]]}, "Ava\u00ed / SC": {"Athletico Paranaense / PR": [[0.096784, 0.190162, 0.186069, 0.121824, 0.060288, 0.034056], [0.036071, 0.070635, 0.069441, 0.045484, 0.022452, 0.01259], [0.006749, 0.013189, 0.013048, 0.008288, 0.004069, 0.002285], [0.000826, 0.00167, 0.001545, 0.001062, 0.000508, 0.00032], [7.7e-05, 0.000163, 0.000133, 9.1e-05, 5e-05, 3.4e-05], [6e-06, 1e-05, 1e-05, 3e-06, 7e-06, 1e-06]]}, "Goi\u00e1s / GO": {"Gr\u00eamio / RS": [[0.028916, 0.072314, 0.09056, 0.075553, 0.047239, 0.038466], [0.030375, 0.075709, 0.094367, 0.078829, 0.049213, 0.040231], [0.015448, 0.039556, 0.048981, 0.040618, 0.025623, 0.020942], [0.005401, 0.013383, 0.016917, 0.013908, 0.008757, 0.00719], [0.001461, 0.003451, 0.004383, 0.003665, 0.002357, 0.00189], [0.00034, 0.000887, 0.001056, 0.000966, 0.000587, 0.000461]]}, "CSA / AL": {"S\u00e3o Paulo / SP": [[0.183786, 0.234487, 0.148999, 0.063385, 0.020081, 0.006372], [0.077139, 0.098227, 0.062891, 0.026647, 0.008397, 0.00269], [0.016353, 0.020465, 0.013178, 0.005576, 0.001708, 0.000589], [0.002238, 0.002936, 0.001796, 0.000821, 0.000229, 7.3e-05], [0.00024, 0.000316, 0.000184, 6.3e-05, 2.6e-05, 1.3e-05], [3e-05, 3.6e-05, 1.8e-05, 5e-06, 4e-06, 2e-06]]}}