{"Ponte Preta / SP": {"Coritiba / PR": [[0.100831, 0.088647, 0.03918, 0.011341, 0.002556, 0.000502], [0.132979, 0.126755, 0.060413, 0.018936, 0.004572, 0.000997], [0.08704, 0.08951, 0.045422, 0.015416, 0.003928, 0.000933], [0.038331, 0.042266, 0.023004, 0.008169, 0.002181, 0.000553], [0.012686, 0.014817, 0.008723, 0.0033, 0.000907, 0.000249], [0.004098, 0.005395, 0.003321, 0.001454, 0.000454, 0.000134]]}, "Oeste / SP": {"Goi\u00e1s / GO": [[0.167427, 0.148886, 0.066127, 0.0196, 0.004486, 0.000939], [0.135429, 0.135217, 0.0665, 0.021737, 0.005337, 0.001263], [0.054836, 0.061129, 0.032958, 0.011816, 0.003149, 0.000765], [0.014656, 0.017957, 0.010747, 0.004137, 0.001284, 0.000314], [0.002993, 0.003945, 0.002589, 0.001102, 0.000325, 0.0001], [0.00049, 0.000847, 0.000532, 0.000263, 8.9e-05, 2.9e-05]]}, "Brasil / RS": {"Guarani / SP": [[0.174535, 0.151999, 0.065542, 0.018757, 0.004083, 0.000836], [0.138001, 0.13519, 0.065275, 0.020592, 0.005048, 0.001078], [0.054782, 0.059179, 0.031729, 0.01074, 0.002879, 0.000708], [0.014284, 0.017236, 0.010064, 0.00378, 0.001064, 0.000297], [0.002819, 0.003657, 0.002376, 0.000936, 0.000288, 9.2e-05], [0.000547, 0.000717, 0.000542, 0.000238, 8.5e-05, 2.5e-05]]}, "Figueirense / SC": {"Paysandu / PA": [[0.129518, 0.10087, 0.03918, 0.01005, 0.001991, 0.000319], [0.138795, 0.13329, 0.061449, 0.018516, 0.003973, 0.000812], [0.074264, 0.084989, 0.046153, 0.015817, 0.004004, 0.000906], [0.026237, 0.03537, 0.022132, 0.008674, 0.002461, 0.000634], [0.006961, 0.010601, 0.007592, 0.003332, 0.001143, 0.000335], [0.001759, 0.003197, 0.002668, 0.00133, 0.000484, 0.000194]]}, "Fortaleza / CE": {"Juventude / RS": [[0.159557, 0.086099, 0.02322, 0.004217, 0.000553, 4.8e-05], [0.196649, 0.116352, 0.034293, 0.00665, 0.000905, 0.000118], [0.120622, 0.077869, 0.024843, 0.005224, 0.000738, 0.000117], [0.049328, 0.035025, 0.011588, 0.002723, 0.00049, 5.8e-05], [0.015035, 0.011506, 0.004344, 0.001086, 0.000156, 2.9e-05], [0.004618, 0.003778, 0.001603, 0.000451, 9e-05, 1.8e-05]]}, "Vila Nova / GO": {"Crici\u00fama / SC": [[0.195822, 0.063707, 0.010328, 0.001127, 9.4e-05, 8e-06], [0.248434, 0.086999, 0.01538, 0.001797, 0.000148, 7e-06], [0.157935, 0.060366, 0.011293, 0.001445, 0.000128, 1.1e-05], [0.066642, 0.027624, 0.005713, 0.00078, 7.9e-05, 7e-06], [0.021085, 0.009521, 0.002162, 0.000326, 2.9e-05, 1e-06], [0.006681, 0.003328, 0.000832, 0.000138, 2.2e-05, 1e-06]]}, "Atl\u00e9tico / GO": {"S\u00e3o Bento / SP": [[0.061703, 0.066248, 0.036401, 0.013112, 0.00369, 0.00095], [0.087886, 0.112081, 0.070015, 0.028406, 0.008583, 0.002533], [0.063068, 0.09242, 0.065223, 0.029964, 0.010075, 0.003359], [0.030073, 0.049895, 0.039546, 0.020269, 0.007618, 0.002779], [0.010721, 0.01999, 0.017633, 0.009855, 0.004077, 0.001689], [0.004022, 0.008548, 0.00843, 0.00527, 0.00261, 0.001258]]}, "CSA / AL": {"Ava\u00ed / SC": [[0.087234, 0.10511, 0.063046, 0.024923, 0.007298, 0.002277], [0.094281, 0.127026, 0.084116, 0.037438, 0.012004, 0.003791], [0.05118, 0.076328, 0.05521, 0.026566, 0.009364, 0.003399], [0.018564, 0.030362, 0.024016, 0.012632, 0.004817, 0.001951], [0.004966, 0.008718, 0.007684, 0.004453, 0.001692, 0.000808], [0.001373, 0.002538, 0.002412, 0.001443, 0.00065, 0.00033]]}, "Londrina / PR": {"CRB / AL": [[0.101921, 0.050475, 0.012629, 0.002113, 0.000249, 3.3e-05], [0.172261, 0.095606, 0.025857, 0.004638, 0.000627, 7.4e-05], [0.14245, 0.090405, 0.027646, 0.005478, 0.000855, 9.5e-05], [0.077201, 0.057375, 0.020119, 0.004499, 0.000721, 0.000109], [0.030752, 0.026237, 0.010733, 0.002715, 0.000501, 7.9e-05], [0.012992, 0.013408, 0.006553, 0.002051, 0.000451, 9.2e-05]]}, "Sampaio Corr\u00eaa / MA": {"Boa / MG": [[0.176097, 0.086124, 0.021263, 0.00354, 0.000407, 4.8e-05], [0.210462, 0.112271, 0.029823, 0.005227, 0.000689, 7.7e-05], [0.125506, 0.07277, 0.020868, 0.003926, 0.000552, 6.6e-05], [0.049458, 0.031188, 0.009868, 0.001917, 0.000301, 3.4e-05], [0.014418, 0.009918, 0.003311, 0.000756, 0.000129, 1.9e-05], [0.004226, 0.003213, 0.001191, 0.000277, 5.2e-05, 8e-06]]}, "Guarani / SP": {"Londrina / PR": [[0.184698, 0.112624, 0.03435, 0.006789, 0.001029, 0.000119], [0.171962, 0.131994, 0.048678, 0.011184, 0.001988, 0.000288], [0.080212, 0.074784, 0.032635, 0.008934, 0.001789, 0.000316], [0.024592, 0.026951, 0.014098, 0.004464, 0.001015, 0.000187], [0.005681, 0.007249, 0.004241, 0.001643, 0.000394, 8.9e-05], [0.001186, 0.001782, 0.001283, 0.000556, 0.000166, 5e-05]]}, "S\u00e3o Bento / SP": {"Vila Nova / GO": [[0.120125, 0.087581, 0.032209, 0.007563, 0.001444, 0.00023], [0.15768, 0.124289, 0.048762, 0.012611, 0.002454, 0.000423], [0.102435, 0.087589, 0.037054, 0.010523, 0.002197, 0.000396], [0.0448, 0.041036, 0.018452, 0.005527, 0.001173, 0.000244], [0.014865, 0.014808, 0.006885, 0.002167, 0.000535, 0.000114], [0.004832, 0.005121, 0.002689, 0.000905, 0.000227, 5.5e-05]]}, "Juventude / RS": {"CSA / AL": [[0.148728, 0.189261, 0.119261, 0.05025, 0.015602, 0.004781], [0.08319, 0.117378, 0.081641, 0.038221, 0.012869, 0.004395], [0.023081, 0.03551, 0.027575, 0.014049, 0.005258, 0.002009], [0.004218, 0.007233, 0.006118, 0.003407, 0.001322, 0.000565], [0.000583, 0.001087, 0.000949, 0.000568, 0.000244, 0.000132], [7.8e-05, 0.000134, 0.000143, 8.4e-05, 4.9e-05, 2.7e-05]]}, "Ava\u00ed / SC": {"Ponte Preta / SP": [[0.200404, 0.182712, 0.082374, 0.024908, 0.005596, 0.001215], [0.126519, 0.12829, 0.064913, 0.021696, 0.005267, 0.001256], [0.039763, 0.044352, 0.024825, 0.008973, 0.002427, 0.000624], [0.008289, 0.010397, 0.006238, 0.002513, 0.000744, 0.000217], [0.001306, 0.001682, 0.00109, 0.000486, 0.000141, 4.1e-05], [0.00017, 0.000272, 0.000176, 9.5e-05, 2.1e-05, 8e-06]]}, "Crici\u00fama / SC": {"Sampaio Corr\u00eaa / MA": [[0.152933, 0.078722, 0.020295, 0.003494, 0.000383, 5.8e-05], [0.189747, 0.115371, 0.034645, 0.006589, 0.000969, 0.000127], [0.117223, 0.084613, 0.029111, 0.006555, 0.000992, 0.000135], [0.046932, 0.04053, 0.016046, 0.004091, 0.0007, 0.000112], [0.013996, 0.013873, 0.006437, 0.001872, 0.000409, 8e-05], [0.004195, 0.004889, 0.002601, 0.000964, 0.000265, 4.6e-05]]}, "Goi\u00e1s / GO": {"Brasil / RS": [[0.128457, 0.12325, 0.059516, 0.018982, 0.00459, 0.001074], [0.140358, 0.134911, 0.064443, 0.020602, 0.005014, 0.001115], [0.076728, 0.073374, 0.035072, 0.011227, 0.002745, 0.000597], [0.027617, 0.026861, 0.012883, 0.004059, 0.000973, 0.000245], [0.007793, 0.007263, 0.003494, 0.001122, 0.000246, 6.2e-05], [0.002013, 0.001999, 0.000926, 0.00031, 6.1e-05, 1.8e-05]]}, "Boa / MG": {"Oeste / SP": [[0.077119, 0.107657, 0.07444, 0.034506, 0.011936, 0.004273], [0.081882, 0.122412, 0.090594, 0.044763, 0.016722, 0.006372], [0.042905, 0.069513, 0.055468, 0.029269, 0.011408, 0.004811], [0.015276, 0.025799, 0.022206, 0.012278, 0.005061, 0.002282], [0.004081, 0.007226, 0.006626, 0.003754, 0.001655, 0.000817], [0.000952, 0.002003, 0.001859, 0.001191, 0.000589, 0.000295]]}, "CRB / AL": {"Figueirense / SC": [[0.126526, 0.113207, 0.051015, 0.015047, 0.003485, 0.000723], [0.119997, 0.135676, 0.073307, 0.025537, 0.00652, 0.001544], [0.056815, 0.077677, 0.050087, 0.020469, 0.006123, 0.00166], [0.017794, 0.028907, 0.02169, 0.01034, 0.003439, 0.001123], [0.004215, 0.007804, 0.006621, 0.003643, 0.001381, 0.000512], [0.000978, 0.002079, 0.001993, 0.001292, 0.000523, 0.000251]]}, "Coritiba / PR": {"Fortaleza / CE": [[0.222742, 0.148024, 0.049465, 0.010993, 0.001914, 0.00028], [0.167787, 0.129849, 0.049609, 0.012337, 0.002302, 0.00036], [0.063119, 0.055969, 0.024229, 0.006764, 0.001365, 0.000256], [0.015892, 0.015942, 0.007536, 0.002268, 0.000502, 0.000112], [0.002963, 0.003312, 0.001724, 0.000577, 0.00014, 3e-05], [0.000497, 0.000598, 0.000351, 0.000134, 4.3e-05, 1.5e-05]]},