{"Cruzeiro / MG": {"Flamengo / RJ": [[0.070476, 0.073581, 0.038385, 0.013498, 0.003559, 0.000868], [0.106195, 0.118102, 0.065162, 0.023824, 0.006532, 0.001768], [0.080021, 0.09423, 0.055115, 0.021208, 0.0063, 0.001769], [0.040398, 0.049976, 0.031128, 0.012733, 0.003779, 0.001175], [0.015195, 0.019901, 0.012982, 0.005612, 0.001742, 0.00055], [0.005946, 0.008506, 0.005893, 0.002738, 0.000889, 0.000264]]}, "Athletico Paranaense / PR": {"Cear\u00e1 / CE": [[0.134223, 0.064196, 0.015606, 0.002477, 0.000294, 2.9e-05], [0.196265, 0.103324, 0.027025, 0.004675, 0.000578, 7.1e-05], [0.142012, 0.08275, 0.023493, 0.004515, 0.000622, 6.5e-05], [0.067913, 0.043856, 0.013772, 0.002867, 0.000395, 4.4e-05], [0.024082, 0.017481, 0.006137, 0.001408, 0.000245, 3.1e-05], [0.008642, 0.007163, 0.002804, 0.000768, 0.000151, 2.1e-05]]}, "Am\u00e9rica / MG": {"Bahia / BA": [[0.124096, 0.120204, 0.057939, 0.018623, 0.004561, 0.001034], [0.133649, 0.134263, 0.067422, 0.022589, 0.005513, 0.001341], [0.07211, 0.075425, 0.039422, 0.013611, 0.003552, 0.00091], [0.026128, 0.028194, 0.015142, 0.005495, 0.001474, 0.000388], [0.00684, 0.007697, 0.004393, 0.001603, 0.000418, 0.00012], [0.001801, 0.002144, 0.001228, 0.0005, 0.000136, 3.5e-05]]}, "Vit\u00f3ria / BA": {"Gr\u00eamio / RS": [[0.133608, 0.143997, 0.077149, 0.027568, 0.007315, 0.001871], [0.100525, 0.132495, 0.085025, 0.035392, 0.010797, 0.003106], [0.037698, 0.058844, 0.043919, 0.021156, 0.007429, 0.00253], [0.009575, 0.017137, 0.014855, 0.008142, 0.003204, 0.001248], [0.001816, 0.003617, 0.003556, 0.002136, 0.000987, 0.000427], [0.000334, 0.000718, 0.000849, 0.000561, 0.000259, 0.000155]]}, "Vasco da Gama / RJ": {"Palmeiras / SP": [[0.126354, 0.122707, 0.059692, 0.01919, 0.004841, 0.001003], [0.127304, 0.135156, 0.071265, 0.024732, 0.006343, 0.001621], [0.064497, 0.073976, 0.041692, 0.015471, 0.004269, 0.001134], [0.021727, 0.026562, 0.016063, 0.00634, 0.00196, 0.000571], [0.00538, 0.007202, 0.004734, 0.001975, 0.000615, 0.00022], [0.001285, 0.001927, 0.001325, 0.000583, 0.000214, 7e-05]]}, "Botafogo / RJ": {"Paran\u00e1 / PR": [[0.098647, 0.05378, 0.014429, 0.002672, 0.000391, 4e-05], [0.171427, 0.09694, 0.027446, 0.005103, 0.000722, 0.000101], [0.148454, 0.08697, 0.025539, 0.004949, 0.000719, 9.7e-05], [0.085901, 0.052138, 0.01562, 0.00321, 0.000471, 6.7e-05], [0.037214, 0.023516, 0.007363, 0.001528, 0.00023, 2.4e-05], [0.017732, 0.011716, 0.003841, 0.000831, 0.000152, 2e-05]]}, "S\u00e3o Paulo / SP": {"Sport / PE": [[0.149648, 0.072622, 0.01763, 0.00286, 0.00035, 3.2e-05], [0.199966, 0.10884, 0.029064, 0.005154, 0.000652, 7.6e-05], [0.131843, 0.080969, 0.024377, 0.00471, 0.000651, 7.4e-05], [0.057891, 0.040069, 0.013438, 0.002812, 0.00044, 6e-05], [0.019176, 0.014818, 0.005534, 0.001261, 0.000225, 3.3e-05], [0.006146, 0.005485, 0.002358, 0.000588, 0.000124, 2.4e-05]]}, "Santos / SP": {"Atl\u00e9tico / MG": [[0.125868, 0.094211, 0.035046, 0.008688, 0.001582, 0.0003], [0.143565, 0.131074, 0.057476, 0.016401, 0.00347, 0.000643], [0.082061, 0.087615, 0.045023, 0.014675, 0.003499, 0.000738], [0.030469, 0.038761, 0.022334, 0.008354, 0.002306, 0.000561], [0.008603, 0.012297, 0.008302, 0.003337, 0.001104, 0.00029], [0.002392, 0.003765, 0.00309, 0.001456, 0.000482, 0.000162]]}, "Corinthians / SP": {"Chapecoense / SC": [[0.165636, 0.064477, 0.012753, 0.001673, 0.000147, 1.3e-05], [0.224288, 0.096339, 0.020681, 0.002826, 0.000326, 2.4e-05], [0.149573, 0.072149, 0.017036, 0.002633, 0.000295, 2.7e-05], [0.067071, 0.035923, 0.00945, 0.001626, 0.000195, 2.6e-05], [0.022093, 0.013336, 0.003815, 0.000718, 0.000117, 9e-06], [0.007463, 0.005163, 0.001673, 0.000363, 5.5e-05, 8e-06]]}, "Internacional / RS": {"Fluminense / RJ": [[0.135556, 0.054255, 0.010863, 0.001419, 0.000164, 1.4e-05], [0.209882, 0.090789, 0.019548, 0.00281, 0.000301, 2.6e-05], [0.160271, 0.076969, 0.017832, 0.002721, 0.000313, 4e-05], [0.081504, 0.043222, 0.011045, 0.001885, 0.000232, 2e-05], [0.030373, 0.018232, 0.005159, 0.000961, 0.000136, 8e-06], [0.011855, 0.008267, 0.002661, 0.00056, 8.8e-05, 1.9e-05]]}, "Atl\u00e9tico / MG": {"Botafogo / RJ": [[0.105452, 0.083361, 0.03271, 0.008459, 0.001724, 0.000288], [0.139585, 0.124112, 0.054734, 0.015686, 0.003321, 0.000684], [0.091445, 0.091694, 0.045702, 0.014709, 0.003396, 0.000718], [0.039844, 0.044899, 0.02483, 0.008759, 0.002222, 0.000545], [0.012997, 0.016391, 0.009779, 0.0037, 0.001117, 0.000293], [0.004248, 0.005881, 0.00422, 0.001772, 0.000572, 0.000151]]}, "Paran\u00e1 / PR": {"Internacional / RS": [[0.134341, 0.123771, 0.056893, 0.017707, 0.004081, 0.000924], [0.131786, 0.1355, 0.068691, 0.02313, 0.005785, 0.001355], [0.065213, 0.073321, 0.040729, 0.014805, 0.003984, 0.001064], [0.021375, 0.02627, 0.015814, 0.006241, 0.001778, 0.000507], [0.005405, 0.007035, 0.004626, 0.002003, 0.000623, 0.000162], [0.001197, 0.001757, 0.001276, 0.000606, 0.000199, 4.6e-05]]}, "Chapecoense / SC": {"S\u00e3o Paulo / SP": [[0.190872, 0.111316, 0.032449, 0.006264, 0.000865, 0.000115], [0.185464, 0.127838, 0.042769, 0.009429, 0.001541, 0.00025], [0.089643, 0.071652, 0.027376, 0.006689, 0.001269, 0.00018], [0.028771, 0.026097, 0.011264, 0.003196, 0.000654, 0.000108], [0.006994, 0.007221, 0.003461, 0.001052, 0.000237, 5.4e-05], [0.001604, 0.001848, 0.00103, 0.000336, 7.6e-05, 1.6e-05]]}, "Bahia / BA": {"Cruzeiro / MG": [[0.063588, 0.065074, 0.032973, 0.011386, 0.003047, 0.000732], [0.102334, 0.112681, 0.061575, 0.022323, 0.005993, 0.001606], [0.082268, 0.096895, 0.056655, 0.021905, 0.006352, 0.001754], [0.04402, 0.055023, 0.034303, 0.013956, 0.004358, 0.001373], [0.017606, 0.023317, 0.015609, 0.006765, 0.002089, 0.000678], [0.007624, 0.010959, 0.00785, 0.003642, 0.001257, 0.00043]]}, "Fluminense / RJ": {"Am\u00e9rica / MG": [[0.139639, 0.104034, 0.038567, 0.009457, 0.001707, 0.000275], [0.165872, 0.128884, 0.049977, 0.012898, 0.002479, 0.000458], [0.097738, 0.079598, 0.031987, 0.008585, 0.001744, 0.000331], [0.038184, 0.032792, 0.013954, 0.003807, 0.000807, 0.000138], [0.011347, 0.010139, 0.004357, 0.001382, 0.000313, 5.8e-05], [0.003393, 0.003084, 0.001446, 0.00046, 9.2e-05, 1.7e-05]]}, "Flamengo / RJ": {"Athletico Paranaense / PR": [[0.105028, 0.059498, 0.016908, 0.003171, 0.000459, 6.5e-05], [0.174701, 0.101371, 0.02979, 0.005641, 0.000834, 0.000115], [0.145543, 0.086198, 0.025556, 0.004979, 0.000784, 0.000104], [0.080383, 0.049048, 0.015038, 0.003041, 0.000471, 5.9e-05], [0.033515, 0.020926, 0.006531, 0.001293, 0.000176, 3.2e-05], [0.015032, 0.009774, 0.003146, 0.000665, 0.000111, 1.4e-05]]}, "Cear\u00e1 / CE": {"Vasco da Gama / RJ": [[0.163475, 0.101132, 0.031427, 0.006286, 0.001009, 0.000135], [0.17387, 0.128421, 0.046715, 0.01078, 0.001875, 0.000302], [0.09135, 0.080091, 0.033121, 0.008804, 0.001758, 0.000316], [0.032335, 0.032637, 0.015323, 0.004626, 0.001006, 0.000206], [0.00836, 0.009606, 0.005206, 0.001848, 0.000418, 7.4e-05], [0.002016, 0.002828, 0.001757, 0.000636, 0.000187, 6.4e-05]]}, "Sport / PE": {"Santos / SP": [[0.172474, 0.104098, 0.031217, 0.006196, 0.000953, 0.000145], [0.174233, 0.129999, 0.046886, 0.010905, 0.001946, 0.000297], [0.086993, 0.078352, 0.033329, 0.008963, 0.00173, 0.00032], [0.029139, 0.030703, 0.015163, 0.004736, 0.001098, 0.00023], [0.007096, 0.00883, 0.005136, 0.001748, 0.000422, 9.5e-05], [0.001605, 0.002425, 0.00161, 0.000687, 0.000187, 5.4e-05]]}, "Palmeiras / SP": {"Vit\u00f3ria / BA": [[0.081973, 0.029414, 0.005318, 0.000632, 4.9e-05, 2e-06], [0.174044, 0.063695, 0.01184, 0.001407, 0.000145, 6e-06], [0.18356, 0.070673, 0.013664, 0.001846, 0.000149, 1.3e-05], [0.127087, 0.05272, 0.011017, 0.001469, 0.000151, 1.9e-05], [0.065365, 0.02989, 0.00658, 0.000886, 9.3e-05, 7e-06], [0.039919, 0.020302, 0.005108, 0.000844, 0.0001, 1.3e-05]]},