{"Fluminense / RJ": {"Fortaleza / CE": [[0.12032, 0.10144, 0.042622, 0.012004, 0.002425, 0.000511], [0.153459, 0.128964, 0.054218, 0.015315, 0.003164, 0.00061], [0.097713, 0.083171, 0.034822, 0.009657, 0.001984, 0.000348], [0.041631, 0.03506, 0.014754, 0.004067, 0.000892, 0.00018], [0.013421, 0.011301, 0.004654, 0.001252, 0.00027, 4.2e-05], [0.004216, 0.003481, 0.001507, 0.000415, 8.7e-05, 2.3e-05]]}, "Vasco da Gama / RJ": {"Goi\u00e1s / GO": [[0.098294, 0.109895, 0.061448, 0.022803, 0.006406, 0.001754], [0.106244, 0.130644, 0.079454, 0.032125, 0.009708, 0.002945], [0.057421, 0.077248, 0.050764, 0.022087, 0.007337, 0.00232], [0.021012, 0.030176, 0.021357, 0.009991, 0.003521, 0.001202], [0.005486, 0.008702, 0.006648, 0.0034, 0.001222, 0.000517], [0.001451, 0.0025, 0.002106, 0.001153, 0.000465, 0.000194]]}, "S\u00e3o Paulo / SP": {"Flamengo / RJ": [[0.040152, 0.066411, 0.054983, 0.03029, 0.012577, 0.005567], [0.062825, 0.103626, 0.085657, 0.047132, 0.019282, 0.008898], [0.048817, 0.080801, 0.066946, 0.036981, 0.015155, 0.006835], [0.025236, 0.04217, 0.034932, 0.019382, 0.00805, 0.003536], [0.009926, 0.016571, 0.013574, 0.007576, 0.003025, 0.001386], [0.004156, 0.006832, 0.005687, 0.003116, 0.001332, 0.000578]]}, "Red Bull Bragantino / SP": {"Gr\u00eamio / RS": [[0.120039, 0.119213, 0.059396, 0.019595, 0.00492, 0.001189], [0.108122, 0.13475, 0.080536, 0.031087, 0.008827, 0.00235], [0.048311, 0.073013, 0.050991, 0.023231, 0.007328, 0.002366], [0.014746, 0.025439, 0.020777, 0.01073, 0.004047, 0.00152], [0.003277, 0.006473, 0.006138, 0.003573, 0.001529, 0.000615], [0.000689, 0.001567, 0.001656, 0.001111, 0.000554, 0.000295]]}, "Atl\u00e9tico / MG": {"Palmeiras / SP": [[0.069934, 0.095841, 0.065001, 0.029668, 0.010044, 0.003386], [0.090589, 0.123906, 0.084074, 0.038107, 0.012963, 0.0045], [0.059463, 0.080162, 0.054317, 0.024639, 0.008465, 0.002871], [0.025429, 0.034673, 0.023829, 0.010588, 0.003607, 0.001235], [0.008165, 0.011298, 0.007577, 0.003477, 0.001209, 0.000421], [0.002688, 0.003671, 0.00252, 0.001158, 0.000374, 0.000151]]}, "Internacional / RS": {"Corinthians / SP": [[0.093435, 0.071085, 0.026679, 0.006794, 0.001253, 0.000223], [0.133857, 0.118265, 0.050882, 0.014388, 0.002893, 0.000585], [0.096385, 0.097208, 0.047298, 0.015099, 0.003552, 0.000736], [0.044945, 0.051981, 0.028854, 0.010283, 0.00263, 0.000638], [0.015488, 0.020509, 0.012827, 0.00511, 0.001454, 0.000363], [0.005491, 0.008428, 0.00614, 0.0029, 0.000998, 0.000344]]}, "Bahia / BA": {"Santos / SP": [[0.048515, 0.081813, 0.068857, 0.038665, 0.016361, 0.007506], [0.058296, 0.104966, 0.093757, 0.055956, 0.024983, 0.012292], [0.034969, 0.066902, 0.064297, 0.040177, 0.018737, 0.009824], [0.014037, 0.028982, 0.028911, 0.019206, 0.00947, 0.00539], [0.004237, 0.009113, 0.009644, 0.00655, 0.00346, 0.002171], [0.001254, 0.002971, 0.00319, 0.00235, 0.001277, 0.000914]]}, "Athletico Paranaense / PR": {"Sport / PE": [[0.215531, 0.123609, 0.035302, 0.006765, 0.000941, 0.000116], [0.192491, 0.124896, 0.039792, 0.008223, 0.001292, 0.000168], [0.085838, 0.062578, 0.022357, 0.005205, 0.000888, 0.000134], [0.025577, 0.020626, 0.008129, 0.002066, 0.000409, 6.4e-05], [0.005727, 0.005147, 0.002202, 0.000606, 0.000133, 2.1e-05], [0.001148, 0.001222, 0.000575, 0.000175, 3.9e-05, 8e-06]]}, "Cear\u00e1 / CE": {"Botafogo / RJ": [[0.071468, 0.059505, 0.0247, 0.006927, 0.001506, 0.000275], [0.122828, 0.108502, 0.047443, 0.013926, 0.003121, 0.000617], [0.105136, 0.099124, 0.045888, 0.014372, 0.003314, 0.000719], [0.060075, 0.059388, 0.029567, 0.00945, 0.002421, 0.000501], [0.025525, 0.026996, 0.014009, 0.004712, 0.001231, 0.0003], [0.011878, 0.013332, 0.007499, 0.002822, 0.000742, 0.000181]]}, "Atl\u00e9tico / GO": {"Coritiba / PR": [[0.170974, 0.117896, 0.040151, 0.009189, 0.001536, 0.000251], [0.172573, 0.130731, 0.049211, 0.012243, 0.002356, 0.000399], [0.085791, 0.071776, 0.029559, 0.008096, 0.001671, 0.000311], [0.02886, 0.026318, 0.011665, 0.003419, 0.000774, 0.00014], [0.00724, 0.007102, 0.003412, 0.001105, 0.000244, 6e-05], [0.00167, 0.001812, 0.001015, 0.00033, 0.000103, 1.7e-05]]}}