{"Cruzeiro / MG": {"Oper\u00e1rio / PR": [[0.263133, 0.093436, 0.016671, 0.002055, 0.000164, 1.7e-05], [0.246798, 0.098488, 0.019287, 0.00252, 0.000236, 2e-05], [0.116338, 0.051157, 0.011229, 0.001548, 0.000142, 6e-06], [0.036137, 0.017697, 0.004291, 0.000636, 7.2e-05, 8e-06], [0.008485, 0.004635, 0.001205, 0.000222, 2e-05, 5e-06], [0.00184, 0.001106, 0.000337, 5.2e-05, 6e-06, 1e-06]], "N\u00e1utico / PE": [[0.220148, 0.081793, 0.015031, 0.00189, 0.000181, 1.3e-05], [0.232594, 0.104901, 0.022917, 0.003289, 0.000337, 3.2e-05], [0.121028, 0.067081, 0.017393, 0.002784, 0.000352, 3.7e-05], [0.041203, 0.027578, 0.008504, 0.001627, 0.000197, 2.1e-05], [0.010468, 0.00836, 0.00305, 0.000673, 9.8e-05, 1.1e-05], [0.002466, 0.002447, 0.001125, 0.00032, 4.2e-05, 9e-06]]}, "Ava\u00ed / SC": {"Juventude / RS": [[0.082255, 0.117908, 0.084282, 0.040477, 0.014255, 0.005421], [0.07862, 0.121734, 0.093441, 0.048277, 0.018143, 0.00735], [0.037818, 0.062226, 0.050999, 0.027952, 0.011296, 0.004878], [0.01197, 0.021552, 0.018474, 0.010516, 0.004555, 0.002163], [0.002868, 0.005595, 0.005059, 0.003091, 0.001448, 0.000692], [0.000662, 0.001314, 0.001234, 0.000846, 0.000402, 0.000227]], "Guarani / SP": [[0.111011, 0.1005, 0.045354, 0.013808, 0.003101, 0.000698], [0.132113, 0.131047, 0.06435, 0.020893, 0.005093, 0.001116], [0.078891, 0.08475, 0.045162, 0.015968, 0.004172, 0.001001], [0.031075, 0.03619, 0.020695, 0.00783, 0.002162, 0.000601], [0.009379, 0.011643, 0.007044, 0.002803, 0.000797, 0.00026], [0.002797, 0.003822, 0.002364, 0.001046, 0.000353, 0.000111]]}, "CSA / AL": {"Ava\u00ed / SC": [[0.059551, 0.051334, 0.022867, 0.006588, 0.001374, 0.000289], [0.115847, 0.101322, 0.044369, 0.012828, 0.002708, 0.000528], [0.113454, 0.098801, 0.042905, 0.012257, 0.002746, 0.000551], [0.073754, 0.063733, 0.02802, 0.008037, 0.001789, 0.000374], [0.035572, 0.031326, 0.01365, 0.004006, 0.000853, 0.000168], [0.020279, 0.017567, 0.007722, 0.002253, 0.000505, 7.3e-05]], "Brasil / RS": [[0.136491, 0.074313, 0.02017, 0.003801, 0.00051, 6.7e-05], [0.188663, 0.111753, 0.032467, 0.00653, 0.000963, 0.000124], [0.131301, 0.083181, 0.025763, 0.005257, 0.000838, 9.7e-05], [0.060022, 0.041171, 0.013903, 0.003005, 0.000521, 7.2e-05], [0.02078, 0.015004, 0.005573, 0.001322, 0.000222, 2.9e-05], [0.00726, 0.005758, 0.002319, 0.000618, 0.000115, 1.7e-05]]}, "Ponte Preta / SP": {"CRB / AL": [[0.079023, 0.08437, 0.045163, 0.015985, 0.004236, 0.001067], [0.107271, 0.123594, 0.070796, 0.027185, 0.007595, 0.002123], [0.07198, 0.089601, 0.055446, 0.022508, 0.006826, 0.002059], [0.032685, 0.04314, 0.028581, 0.012099, 0.003943, 0.00127], [0.01082, 0.015518, 0.010917, 0.004822, 0.001708, 0.000574], [0.003787, 0.00575, 0.004341, 0.002138, 0.000801, 0.000278]], "N\u00e1utico / PE": [[0.133515, 0.091331, 0.031423, 0.007174, 0.001178, 0.000199], [0.167792, 0.124536, 0.045942, 0.011382, 0.002108, 0.000316], [0.10509, 0.084367, 0.033371, 0.008839, 0.001739, 0.000311], [0.043529, 0.038026, 0.016244, 0.004641, 0.000951, 0.000174], [0.013508, 0.01282, 0.005844, 0.001732, 0.000366, 8.3e-05], [0.004219, 0.004239, 0.002115, 0.000689, 0.000169, 3.8e-05]]}, "Oeste / SP": {"Oper\u00e1rio / PR": [[0.236983, 0.183494, 0.071064, 0.018491, 0.003624, 0.000586], [0.157786, 0.122138, 0.04732, 0.01227, 0.0024, 0.000391], [0.052335, 0.040622, 0.015517, 0.003992, 0.000755, 0.000134], [0.011732, 0.008917, 0.003559, 0.000885, 0.000174, 3.6e-05], [0.00192, 0.001459, 0.000605, 0.000144, 2.9e-05, 3e-06], [0.000283, 0.000224, 9.5e-05, 2.5e-05, 7e-06, 1e-06]], "Confian\u00e7a / SE": [[0.078963, 0.1196, 0.090518, 0.0458, 0.017122, 0.006856], [0.080917, 0.122277, 0.093142, 0.046742, 0.017652, 0.007166], [0.041673, 0.062694, 0.047592, 0.024072, 0.009051, 0.003652], [0.014207, 0.021086, 0.016095, 0.008042, 0.003139, 0.001283], [0.003634, 0.005546, 0.00412, 0.002102, 0.00082, 0.00031], [0.000921, 0.001357, 0.001067, 0.000509, 0.000184, 8.9e-05]], "Paran\u00e1 / PR": [[0.083568, 0.118393, 0.085236, 0.040857, 0.014708, 0.005465], [0.087504, 0.125656, 0.08974, 0.042967, 0.015298, 0.005918], [0.046264, 0.066271, 0.047403, 0.022722, 0.00813, 0.003109], [0.016203, 0.023287, 0.016641, 0.008105, 0.002856, 0.00105], [0.004274, 0.006107, 0.004456, 0.002152, 0.000677, 0.000329], [0.001106, 0.001629, 0.001095, 0.000555, 0.000206, 6.3e-05]]}, "Oper\u00e1rio / PR": {"CRB / AL": [[0.12564, 0.080025, 0.025531, 0.00559, 0.000878, 0.00011], [0.171053, 0.118737, 0.040662, 0.009255, 0.001585, 0.000224], [0.116425, 0.086637, 0.032172, 0.007854, 0.001354, 0.000242], [0.053055, 0.042532, 0.016791, 0.004317, 0.000811, 0.000154], [0.018168, 0.015445, 0.006553, 0.001805, 0.000384, 6.6e-05], [0.006314, 0.005871, 0.002751, 0.000805, 0.000177, 2.7e-05]], "Chapecoense / SC": [[0.155077, 0.12562, 0.050509, 0.013935, 0.002803, 0.000511], [0.155325, 0.133686, 0.057792, 0.016392, 0.003534, 0.000703], [0.078268, 0.070542, 0.032392, 0.009752, 0.002239, 0.000474], [0.026008, 0.025191, 0.011935, 0.003787, 0.000884, 0.000193], [0.006557, 0.006531, 0.003263, 0.001116, 0.000264, 5.2e-05], [0.001623, 0.001728, 0.000912, 0.000301, 8.4e-05, 1.7e-05]]}, "Juventude / RS": {"Cruzeiro / MG": [[0.137144, 0.098303, 0.035203, 0.008377, 0.001512, 0.000233], [0.149585, 0.131281, 0.055637, 0.015326, 0.003115, 0.000602], [0.081717, 0.085883, 0.042242, 0.013467, 0.003032, 0.00063], [0.029732, 0.036098, 0.020643, 0.007549, 0.001877, 0.000462], [0.007986, 0.011058, 0.007427, 0.003013, 0.000823, 0.000258], [0.002065, 0.0033, 0.002623, 0.001222, 0.000427, 0.000148]], "Figueirense / SC": [[0.117886, 0.078931, 0.026799, 0.006001, 0.00103, 0.000144], [0.164564, 0.119327, 0.042918, 0.01024, 0.0018, 0.000296], [0.114187, 0.089118, 0.034192, 0.008793, 0.001655, 0.000292], [0.052535, 0.043979, 0.018043, 0.004887, 0.000995, 0.000163], [0.018103, 0.016498, 0.007097, 0.002127, 0.000464, 9.3e-05], [0.006381, 0.006305, 0.002955, 0.000935, 0.00023, 3.7e-05]]}, "Vit\u00f3ria / BA": {"Botafogo / SP": [[0.251042, 0.086667, 0.014771, 0.001674, 0.000148, 1.4e-05], [0.251155, 0.095957, 0.018214, 0.002254, 0.000188, 1.8e-05], [0.124755, 0.053184, 0.010951, 0.001403, 0.000156, 1.7e-05], [0.041382, 0.019316, 0.004357, 0.000643, 7.8e-05, 1.1e-05], [0.010388, 0.005377, 0.001381, 0.000207, 1.3e-05, 0.0], [0.002409, 0.001391, 0.000408, 6.4e-05, 6e-06, 1e-06]], "Chapecoense / SC": [[0.200766, 0.25163, 0.154696, 0.062919, 0.019078, 0.005644], [0.06165, 0.086413, 0.062007, 0.029207, 0.010306, 0.00358], [0.009335, 0.014772, 0.011581, 0.006546, 0.002595, 0.001132], [0.000956, 0.001683, 0.001466, 0.000848, 0.000415, 0.000218], [6.9e-05, 0.000134, 0.000139, 0.000105, 5.4e-05, 2.8e-05], [3e-06, 9e-06, 6e-06, 6e-06, 1e-06, 3e-06]]}, "Confian\u00e7a / SE": {"Am\u00e9rica / MG": [[0.171359, 0.15761, 0.072602, 0.02223, 0.005184, 0.00111], [0.13031, 0.13464, 0.068281, 0.0226, 0.005627, 0.001374], [0.049326, 0.05646, 0.031759, 0.011608, 0.003173, 0.000828], [0.012554, 0.015753, 0.009529, 0.003836, 0.001156, 0.000314], [0.002388, 0.003204, 0.002163, 0.00089, 0.000274, 9e-05], [0.000361, 0.000625, 0.000452, 0.000216, 8e-05, 3.4e-05]], "Sampaio Corr\u00eaa / MA": [[0.061253, 0.096265, 0.076821, 0.040651, 0.016092, 0.006783], [0.073166, 0.116988, 0.093, 0.049433, 0.019743, 0.008545], [0.044461, 0.07047, 0.056525, 0.030276, 0.012053, 0.005012], [0.017555, 0.028527, 0.02292, 0.011992, 0.004812, 0.002027], [0.005464, 0.008651, 0.00685, 0.00365, 0.001462, 0.000625], [0.001634, 0.002563, 0.002033, 0.001076, 0.000424, 0.000198]]}, "Cuiab\u00e1 / MT": {"Guarani / SP": [[0.102829, 0.064222, 0.020097, 0.004091, 0.000623, 7e-05], [0.159669, 0.109752, 0.036742, 0.008286, 0.001397, 0.000204], [0.12424, 0.093202, 0.034357, 0.008325, 0.001539, 0.000237], [0.063999, 0.052478, 0.021133, 0.00554, 0.001101, 0.000186], [0.024388, 0.021907, 0.009699, 0.0027, 0.000544, 9.6e-05], [0.009716, 0.009826, 0.004812, 0.001517, 0.000382, 9.4e-05]],