{"ABC / RN": {"Oeste / SP": [[0.244418, 0.191537, 0.07517, 0.019533, 0.003747, 0.000699], [0.137597, 0.12362, 0.053971, 0.015803, 0.003369, 0.000702], [0.038731, 0.038854, 0.018859, 0.006061, 0.001447, 0.000343], [0.007219, 0.008152, 0.004338, 0.001542, 0.000372, 0.000101], [0.000992, 0.001219, 0.000758, 0.000281, 8e-05, 1.7e-05], [0.000125, 0.000164, 0.000119, 4.3e-05, 1.3e-05, 4e-06]]}, "N\u00e1utico / PE": {"Vila Nova / GO": [[0.224919, 0.195542, 0.083716, 0.024089, 0.005271, 0.001032], [0.124492, 0.124108, 0.060963, 0.019595, 0.004717, 0.001077], [0.034495, 0.03892, 0.02144, 0.007604, 0.002035, 0.00052], [0.006223, 0.007901, 0.00486, 0.001959, 0.000568, 0.000165], [0.000859, 0.001192, 0.000806, 0.000334, 0.000129, 2e-05], [8.7e-05, 0.000151, 0.000118, 6e-05, 2.5e-05, 8e-06]]}, "Crici\u00fama / SC": {"Cear\u00e1 / CE": [[0.09231, 0.131822, 0.093783, 0.044143, 0.015689, 0.0057], [0.077738, 0.121617, 0.093963, 0.04861, 0.018613, 0.007384], [0.032427, 0.055449, 0.046463, 0.026282, 0.010743, 0.004641], [0.009207, 0.016739, 0.01531, 0.008842, 0.003914, 0.002015], [0.001922, 0.003827, 0.003753, 0.002352, 0.001117, 0.000578], [0.000375, 0.000809, 0.000852, 0.000544, 0.000279, 0.000188]]}, "Goi\u00e1s / GO": {"Internacional / RS": [[0.136166, 0.172173, 0.108426, 0.046302, 0.014437, 0.004542], [0.089258, 0.122406, 0.084672, 0.038148, 0.013016, 0.004444], [0.02933, 0.043495, 0.032004, 0.015706, 0.005734, 0.002105], [0.006473, 0.010003, 0.007974, 0.004204, 0.001667, 0.000678], [0.001003, 0.001777, 0.001575, 0.00086, 0.000322, 0.000163], [0.00014, 0.000287, 0.000272, 0.000147, 5.9e-05, 3.2e-05]]}, "Guarani / SP": {"Luverdense / MT": [[0.121641, 0.098155, 0.039376, 0.010691, 0.002054, 0.000379], [0.147432, 0.129689, 0.056521, 0.016199, 0.003573, 0.00073], [0.089784, 0.084977, 0.039939, 0.012407, 0.002839, 0.000631], [0.036031, 0.037073, 0.018534, 0.006129, 0.001542, 0.000315], [0.010825, 0.012252, 0.00653, 0.002335, 0.000608, 0.000155], [0.003249, 0.003912, 0.002293, 0.000883, 0.000253, 6.4e-05]]}, "Juventude / RS": {"Figueirense / SC": [[0.128477, 0.073064, 0.020782, 0.003997, 0.000591, 7.9e-05], [0.190925, 0.108761, 0.031027, 0.005889, 0.000821, 0.000104], [0.140948, 0.08029, 0.022723, 0.004298, 0.000691, 6.7e-05], [0.069786, 0.039653, 0.01143, 0.002193, 0.0003, 4e-05], [0.025884, 0.014502, 0.004168, 0.000769, 0.000119, 1.4e-05], [0.009911, 0.005742, 0.001593, 0.000305, 5.2e-05, 5e-06]]}, "Londrina / PR": {"Am\u00e9rica / MG": [[0.107336, 0.143141, 0.095403, 0.042107, 0.013916, 0.004735], [0.08705, 0.125393, 0.090184, 0.042772, 0.015225, 0.00549], [0.035225, 0.054773, 0.041763, 0.021546, 0.008083, 0.003223], [0.009571, 0.015596, 0.013019, 0.006915, 0.002785, 0.00116], [0.001916, 0.003422, 0.003088, 0.001762, 0.000721, 0.000316], [0.000366, 0.000688, 0.000634, 0.000375, 0.000198, 0.000103]]}, "Boa / MG": {"Brasil / RS": [[0.054005, 0.038367, 0.013625, 0.003294, 0.000608, 9.3e-05], [0.115339, 0.085983, 0.0318, 0.007855, 0.001461, 0.000252], [0.123289, 0.096154, 0.037202, 0.009474, 0.001797, 0.000343], [0.087232, 0.071437, 0.029323, 0.007777, 0.001548, 0.00028], [0.04566, 0.039714, 0.017136, 0.004787, 0.001021, 0.000192], [0.028489, 0.026927, 0.012523, 0.003934, 0.00089, 0.000189]]}, "Paysandu / PA": {"Santa Cruz / PE": [[0.182839, 0.122285, 0.04138, 0.009182, 0.001481, 0.00024], [0.175102, 0.130155, 0.048564, 0.011836, 0.002169, 0.000345], [0.082742, 0.068984, 0.027934, 0.007447, 0.0015, 0.000272], [0.026488, 0.02375, 0.010631, 0.003114, 0.000642, 0.000129], [0.006378, 0.006048, 0.002962, 0.000951, 0.000227, 4.4e-05], [0.001419, 0.001579, 0.000826, 0.000275, 5.9e-05, 2.1e-05]]}, "CRB / AL": {"Paran\u00e1 / PR": [[0.143715, 0.128176, 0.057165, 0.016927, 0.003892, 0.000784], [0.136595, 0.135999, 0.067115, 0.021797, 0.005343, 0.001111], [0.064729, 0.071208, 0.038574, 0.0136, 0.003471, 0.000881], [0.020381, 0.024588, 0.014629, 0.005562, 0.001531, 0.000461], [0.004704, 0.006307, 0.003967, 0.001646, 0.000531, 0.000155], [0.001122, 0.001513, 0.001109, 0.000488, 0.000171, 5.3e-05]]}, "Cear\u00e1 / CE": {"ABC / RN": [[0.094153, 0.052146, 0.014671, 0.002721, 0.000334, 6.1e-05], [0.169002, 0.095412, 0.027076, 0.004962, 0.00069, 7.5e-05], [0.151848, 0.085939, 0.024399, 0.004716, 0.000701, 7.8e-05], [0.090691, 0.052505, 0.014916, 0.00291, 0.000398, 5.1e-05], [0.040711, 0.023585, 0.006837, 0.001366, 0.000191, 3.3e-05], [0.020332, 0.012131, 0.00352, 0.000712, 0.000113, 1.4e-05]]}, "Santa Cruz / PE": {"Juventude / RS": [[0.166945, 0.112125, 0.037767, 0.008454, 0.001412, 0.000212], [0.173855, 0.129585, 0.047485, 0.011792, 0.00208, 0.000371], [0.091142, 0.073891, 0.029827, 0.007816, 0.001618, 0.000247], [0.031567, 0.027718, 0.012315, 0.003526, 0.000723, 0.000149], [0.008193, 0.008106, 0.003815, 0.001204, 0.000254, 5.9e-05], [0.001948, 0.002128, 0.001158, 0.000385, 0.000104, 2.4e-05]]}, "Figueirense / SC": {"Paysandu / PA": [[0.034747, 0.062181, 0.055291, 0.033157, 0.014993, 0.007245], [0.054429, 0.097474, 0.087045, 0.051744, 0.023158, 0.011589], [0.042601, 0.076982, 0.069145, 0.04071, 0.018278, 0.009098], [0.022542, 0.040281, 0.036181, 0.021403, 0.009611, 0.004799], [0.0089, 0.015918, 0.014181, 0.008411, 0.003782, 0.001863], [0.003806, 0.00653, 0.005945, 0.003599, 0.001572, 0.000809]]}, "Vila Nova / GO": {"Londrina / PR": [[0.073447, 0.080851, 0.044683, 0.016669, 0.004693, 0.001197], [0.10925, 0.122268, 0.068252, 0.025265, 0.007013, 0.001859], [0.081216, 0.091388, 0.052044, 0.01972, 0.005523, 0.001503], [0.040452, 0.046238, 0.026364, 0.010068, 0.002804, 0.00079], [0.014992, 0.01735, 0.009898, 0.003975, 0.001065, 0.000305], [0.005968, 0.00681, 0.004013, 0.001494, 0.000452, 0.000121]]}, "Oeste / SP": {"Goi\u00e1s / GO": [[0.121216, 0.046067, 0.008816, 0.00115, 9.8e-05, 8e-06], [0.206055, 0.08184, 0.016291, 0.002125, 0.000234, 1.6e-05], [0.174276, 0.073746, 0.015623, 0.002206, 0.000215, 2.4e-05], [0.096646, 0.044299, 0.010034, 0.001433, 0.000162, 1e-05], [0.039996, 0.019995, 0.004843, 0.000816, 9.9e-05, 1.1e-05], [0.018149, 0.010176, 0.002748, 0.000493, 8e-05, 4e-06]]}, "Brasil / RS": {"Crici\u00fama / SC": [[0.166956, 0.09192, 0.02545, 0.004691, 0.000669, 8.6e-05], [0.196448, 0.118768, 0.035355, 0.007019, 0.001, 0.00014], [0.115838, 0.076422, 0.024692, 0.005141, 0.000873, 0.000122], [0.045031, 0.03207, 0.011066, 0.002651, 0.000441, 6.1e-05], [0.013206, 0.010072, 0.00384, 0.000909, 0.000184, 3.4e-05], [0.003842, 0.00325, 0.00134, 0.000338, 6.7e-05, 8e-06]]}, "Paran\u00e1 / PR": {"Boa / MG": [[0.140562, 0.033719, 0.004003, 0.000311, 2.1e-05, 0.0], [0.239646, 0.059642, 0.007365, 0.000617, 2.9e-05, 4e-06], [0.197135, 0.058684, 0.008475, 0.000748, 5.3e-05, 3e-06], [0.105081, 0.039316, 0.006592, 0.000716, 6e-05, 5e-06], [0.041301, 0.020086, 0.003992, 0.000491, 3.6e-05, 3e-06], [0.017074, 0.010949, 0.002823, 0.000405, 5e-05, 3e-06]]}, "Am\u00e9rica / MG": {"CRB / AL": [[0.114284, 0.056183, 0.013625, 0.002172, 0.000273, 3.1e-05], [0.187648, 0.096572, 0.024655, 0.004157, 0.000569, 5.5e-05], [0.151574, 0.083486, 0.022735, 0.004196, 0.000556, 6.4e-05], [0.081998, 0.048041, 0.013805, 0.002686, 0.000365, 5e-05], [0.032862, 0.020746, 0.006661, 0.001435, 0.000213, 1.9e-05], [0.014179, 0.009753, 0.003453, 0.000755, 0.000128, 1.6e-05]]}, "Luverdense / MT": {"N\u00e1utico / PE": [[0.192349, 0.093018, 0.02264, 0.003624, 0.000416, 4e-05], [0.201536, 0.11918, 0.034615, 0.006501, 0.000906, 8.4e-05], [0.104938, 0.074678, 0.025488, 0.005613, 0.000873, 8.6e-05], [0.035937, 0.030776, 0.012217, 0.002995, 0.000515, 7.1e-05], [0.009137, 0.009121, 0.004284, 0.001252, 0.000255, 3.7e-05], [0.00217, 0.002599, 0.001424, 0.00048, 0.000121, 2.4e-05]]},