{"Paran\u00e1 / PR": {"Am\u00e9rica / MG": [[0.048983, 0.02066, 0.004193, 0.000615, 6.8e-05, 8e-06], [0.096433, 0.07146, 0.021385, 0.003911, 0.000512, 5.4e-05], [0.095117, 0.100655, 0.043234, 0.010603, 0.0017, 0.000226], [0.062331, 0.085822, 0.049248, 0.016002, 0.003263, 0.000533], [0.030296, 0.051883, 0.038301, 0.015774, 0.004197, 0.000862], [0.01746, 0.037247, 0.035756, 0.020617, 0.007817, 0.002774]], "Red Bull Bragantino / SP": [[0.022747, 0.009631, 0.002172, 0.000301, 2.9e-05, 4e-06], [0.05469, 0.045063, 0.014157, 0.002762, 0.000379, 3.5e-05], [0.065083, 0.080302, 0.039033, 0.010164, 0.001777, 0.000245], [0.051848, 0.085152, 0.056834, 0.020238, 0.004451, 0.000782], [0.030921, 0.063459, 0.054407, 0.025904, 0.007633, 0.001734], [0.023943, 0.062661, 0.0746, 0.051954, 0.024026, 0.010879]]}, "Atl\u00e9tico / GO": {"Maca\u00e9 / RJ": [[0.036159, 0.026967, 0.009704, 0.002466, 0.000436, 7.9e-05], [0.03966, 0.082398, 0.050225, 0.017392, 0.004104, 0.000875], [0.021835, 0.074914, 0.089185, 0.046748, 0.015217, 0.004239], [0.008116, 0.038125, 0.069693, 0.061413, 0.028658, 0.011045], [0.002129, 0.013717, 0.033362, 0.042955, 0.030747, 0.017725], [0.000573, 0.004648, 0.015112, 0.027588, 0.031017, 0.040774]], "Oeste / SP": [[0.053845, 0.0211, 0.004128, 0.000564, 6e-05, 1.2e-05], [0.053385, 0.103866, 0.036825, 0.00681, 0.0009, 7.8e-05], [0.026462, 0.092265, 0.098048, 0.031533, 0.00577, 0.000766], [0.008706, 0.04412, 0.079989, 0.060122, 0.018104, 0.003653], [0.00212, 0.014463, 0.036837, 0.045663, 0.027794, 0.009127], [0.000508, 0.0043, 0.015269, 0.028495, 0.03152, 0.032793]]}, "Paysandu / PA": {"Crici\u00fama / SC": [[0.107255, 0.064242, 0.019206, 0.003854, 0.000604, 8.5e-05], [0.092976, 0.13815, 0.066026, 0.018147, 0.003515, 0.000547], [0.040084, 0.09488, 0.081604, 0.033065, 0.008332, 0.001819], [0.011843, 0.038035, 0.04767, 0.030432, 0.010946, 0.003054], [0.002504, 0.010337, 0.01769, 0.01577, 0.00819, 0.003414], [0.000529, 0.002721, 0.005763, 0.007147, 0.005472, 0.004092]], "Luverdense / MT": [[0.126226, 0.041185, 0.006692, 0.000694, 5.8e-05, 2e-06], [0.100115, 0.152439, 0.044432, 0.006906, 0.00069, 8.8e-05], [0.039486, 0.108388, 0.090378, 0.023845, 0.003568, 0.000396], [0.010389, 0.041013, 0.058371, 0.034892, 0.008504, 0.001391], [0.00211, 0.010749, 0.021328, 0.020562, 0.009824, 0.002647], [0.000414, 0.002449, 0.006673, 0.009668, 0.007852, 0.005576]]}, "Mogi Mirim / SP": {"Santa Cruz / PE": [[0.02864, 0.041002, 0.029726, 0.014156, 0.00505, 0.001994], [0.017892, 0.068467, 0.08046, 0.052614, 0.024547, 0.011618], [0.005761, 0.034742, 0.075817, 0.07605, 0.047134, 0.030446], [0.001127, 0.009989, 0.033156, 0.053126, 0.047446, 0.044725], [0.000162, 0.002034, 0.008955, 0.020715, 0.027117, 0.041554], [2.7e-05, 0.000361, 0.001933, 0.006401, 0.012487, 0.042569]]}, "Vit\u00f3ria / BA": {"Cear\u00e1 / CE": [[0.081012, 0.02148, 0.002874, 0.000258, 1.9e-05, 1e-06], [0.145706, 0.074756, 0.014606, 0.001714, 0.00014, 9e-06], [0.131133, 0.100495, 0.030601, 0.004956, 0.000457, 3.6e-05], [0.07855, 0.079757, 0.033131, 0.007509, 0.00105, 0.00011], [0.035104, 0.044728, 0.023714, 0.007162, 0.001289, 0.000179], [0.017644, 0.028304, 0.020268, 0.0084, 0.002322, 0.000526]], "Luverdense / MT": [[0.069864, 0.016952, 0.002109, 0.000138, 1.4e-05, 1e-06], [0.091996, 0.100303, 0.021582, 0.002551, 0.000217, 1.3e-05], [0.05973, 0.116013, 0.069213, 0.013393, 0.001498, 0.000114], [0.026368, 0.072652, 0.073266, 0.031409, 0.005746, 0.000633], [0.008642, 0.030871, 0.044245, 0.030477, 0.010541, 0.001972], [0.002847, 0.013297, 0.026083, 0.028027, 0.01764, 0.009583]]}, "Maca\u00e9 / RJ": {"Boa / MG": [[0.054891, 0.037069, 0.012426, 0.002757, 0.000491, 8.4e-05], [0.075414, 0.097881, 0.048476, 0.014275, 0.002982, 0.000586], [0.051893, 0.099645, 0.075265, 0.030647, 0.008234, 0.001906], [0.02376, 0.060562, 0.062892, 0.035419, 0.012661, 0.003752], [0.00793, 0.025621, 0.034718, 0.025795, 0.01188, 0.004808], [0.002894, 0.011291, 0.019332, 0.019682, 0.013183, 0.008898]]}, "Am\u00e9rica / MG": {"Cear\u00e1 / CE": [[0.140434, 0.055805, 0.011318, 0.0015, 0.000134, 7e-06], [0.173239, 0.115484, 0.032432, 0.005476, 0.000654, 6.6e-05], [0.10673, 0.099855, 0.039111, 0.008776, 0.001322, 0.000163], [0.043303, 0.052987, 0.027322, 0.008036, 0.001571, 0.000243], [0.013268, 0.019861, 0.012699, 0.004656, 0.001189, 0.000228], [0.00414, 0.007641, 0.006191, 0.002925, 0.000992, 0.000242]]}, "N\u00e1utico / PE": {"CRB / AL": [[0.200066, 0.073956, 0.013735, 0.001692, 0.000155, 1.1e-05], [0.219451, 0.110357, 0.025976, 0.003878, 0.000406, 3.1e-05], [0.119552, 0.076213, 0.021962, 0.004026, 0.000464, 5.4e-05], [0.04327, 0.033316, 0.011634, 0.002557, 0.00041, 5e-05], [0.011774, 0.010758, 0.004296, 0.001088, 0.000179, 4e-05], [0.003034, 0.00339, 0.001622, 0.000475, 0.000107, 1.5e-05]], "Bahia / BA": [[0.234924, 0.083351, 0.014654, 0.001788, 0.000154, 1.5e-05], [0.202499, 0.126392, 0.031707, 0.004825, 0.000551, 3.4e-05], [0.087809, 0.077104, 0.02817, 0.005848, 0.000801, 8e-05], [0.025563, 0.029521, 0.014129, 0.003976, 0.000669, 9e-05], [0.005478, 0.007744, 0.004747, 0.001676, 0.00035, 4.7e-05], [0.00113, 0.001881, 0.001418, 0.000654, 0.00018, 4.1e-05]]}, "ABC / RN": {"Mogi Mirim / SP": [[0.150463, 0.02617, 0.002324, 0.000134, 4e-06, 0.0], [0.120628, 0.159145, 0.025741, 0.002133, 0.000115, 3e-06], [0.048449, 0.119293, 0.082872, 0.01261, 0.001059, 5.5e-05], [0.013075, 0.046632, 0.058938, 0.029283, 0.004141, 0.000344], [0.002734, 0.012533, 0.022422, 0.019072, 0.007396, 0.001116], [0.000469, 0.002995, 0.00745, 0.009436, 0.006941, 0.003825]], "Botafogo / RJ": [[0.163035, 0.138725, 0.059756, 0.016839, 0.003601, 0.000683], [0.107095, 0.141263, 0.080907, 0.029199, 0.007416, 0.001733], [0.035282, 0.062568, 0.047744, 0.02177, 0.006845, 0.002035], [0.007881, 0.017493, 0.016667, 0.009739, 0.003639, 0.001327], [0.001304, 0.003415, 0.0041, 0.002823, 0.001367, 0.000599], [0.000169, 0.000641, 0.000896, 0.00075, 0.000433, 0.000261]]}, "CRB / AL": {"Sampaio Corr\u00eaa / MA": [[0.121746, 0.064377, 0.016985, 0.002877, 0.000393, 4e-05], [0.105366, 0.141758, 0.060191, 0.014326, 0.002405, 0.000371], [0.046129, 0.099382, 0.077548, 0.027723, 0.006116, 0.001066], [0.013376, 0.039831, 0.045524, 0.026235, 0.008302, 0.002087], [0.002903, 0.011101, 0.016867, 0.01363, 0.006468, 0.002283], [0.000596, 0.002898, 0.005537, 0.006274, 0.004467, 0.002822]]}, "Bahia / BA": {"Atl\u00e9tico / GO": [[0.123999, 0.044167, 0.007755, 0.000925, 9.4e-05, 5e-06], [0.102577, 0.14891, 0.046329, 0.007902, 0.00085, 8.1e-05], [0.042292, 0.10786, 0.086858, 0.024311, 0.00381, 0.000509], [0.011698, 0.042474, 0.056503, 0.032803, 0.008315, 0.001393], [0.002444, 0.011305, 0.021148, 0.019615, 0.009103, 0.002505], [0.000459, 0.002786, 0.006816, 0.009314, 0.007225, 0.00486]]}, "Crici\u00fama / SC": {"CRB / AL": [[0.094323, 0.051317, 0.014078, 0.002602, 0.000386, 4.1e-05], [0.11196, 0.120558, 0.049248, 0.011836, 0.002109, 0.000253], [0.066487, 0.106732, 0.067076, 0.022652, 0.004879, 0.000916], [0.026105, 0.055893, 0.048652, 0.022751, 0.006722, 0.001583], [0.007682, 0.020643, 0.023321, 0.01444, 0.005669, 0.001778], [0.002271, 0.00764, 0.010949, 0.009079, 0.004861, 0.002508]]}, "Sampaio Corr\u00eaa / MA": {"Paran\u00e1 / PR": [[0.046594, 0.056529, 0.034469, 0.014119, 0.004215, 0.001324], [0.035261, 0.094127, 0.0876, 0.048431, 0.018565, 0.006924], [0.013262, 0.054811, 0.084611, 0.066553, 0.033793, 0.016702], [0.003349, 0.018718, 0.040937, 0.047387, 0.03258, 0.022339], [0.000645, 0.004406, 0.013034, 0.020264, 0.01912, 0.019326], [0.000108, 0.000893, 0.003548, 0.007433, 0.009901, 0.018122]]}, "Santa Cruz / PE": {"Vit\u00f3ria / BA": [[0.052017, 0.038487, 0.014435, 0.003573, 0.000624, 0.000113], [0.057676, 0.100333, 0.058907, 0.019642, 0.004639, 0.000967], [0.031538, 0.086986, 0.088178, 0.043638, 0.01379, 0.003718], [0.011576, 0.043531, 0.064577, 0.048639, 0.021186, 0.007802], [0.003244, 0.015328, 0.030163, 0.031025, 0.019128, 0.010244], [0.000855, 0.005246, 0.013223, 0.019444, 0.017778, 0.01775]]},