{"Fluminense / RJ": {"Sport / PE": [[0.040546, 0.057566, 0.03979, 0.018364, 0.006418, 0.002256], [0.072775, 0.102209, 0.071597, 0.033277, 0.011658, 0.004216], [0.066283, 0.092936, 0.064333, 0.030025, 0.010653, 0.003805], [0.03962, 0.055834, 0.038853, 0.018106, 0.00639, 0.002337], [0.018135, 0.02501, 0.017913, 0.008202, 0.002855, 0.001103], [0.009075, 0.012659, 0.008961, 0.004264, 0.001465, 0.000511]]}, "Flamengo / RJ": {"Santos / SP": [[0.179966, 0.154584, 0.066028, 0.01888, 0.003973, 0.000791], [0.154164, 0.132796, 0.056836, 0.015807, 0.003387, 0.000672], [0.066337, 0.056703, 0.024307, 0.006948, 0.001471, 0.000282], [0.018837, 0.016166, 0.006929, 0.002097, 0.000404, 7.2e-05], [0.004144, 0.003482, 0.001448, 0.000399, 8.6e-05, 1.6e-05], [0.000866, 0.000724, 0.000276, 0.0001, 1.9e-05, 3e-06]]}, "Palmeiras / SP": {"Botafogo / RJ": [[0.073597, 0.086245, 0.049806, 0.019227, 0.005632, 0.001614], [0.106297, 0.124242, 0.072032, 0.028107, 0.008038, 0.00229], [0.076518, 0.089695, 0.052173, 0.019996, 0.006008, 0.001647], [0.037016, 0.043014, 0.0249, 0.009657, 0.0028, 0.000826], [0.013278, 0.015661, 0.009048, 0.003461, 0.001015, 0.000279], [0.00504, 0.005627, 0.003406, 0.00135, 0.00037, 8.8e-05]]}, "Corinthians / SP": {"Atl\u00e9tico / MG": [[0.118062, 0.09257, 0.036538, 0.009595, 0.00188, 0.000365], [0.159597, 0.125749, 0.049194, 0.012898, 0.002542, 0.000429], [0.107938, 0.084177, 0.033332, 0.008691, 0.001669, 0.000349], [0.048212, 0.038336, 0.014779, 0.003938, 0.000796, 0.000137], [0.016579, 0.012737, 0.004972, 0.001308, 0.000263, 5.5e-05], [0.005608, 0.004405, 0.001754, 0.000447, 8.3e-05, 1.6e-05]]}, "Cruzeiro / MG": {"Vasco da Gama / RJ": [[0.117336, 0.099776, 0.042521, 0.012018, 0.002547, 0.000464], [0.151537, 0.128908, 0.055256, 0.015556, 0.003313, 0.000708], [0.098091, 0.083184, 0.035271, 0.010022, 0.002041, 0.00042], [0.041926, 0.036174, 0.015249, 0.004248, 0.000943, 0.000183], [0.013739, 0.011578, 0.004861, 0.001369, 0.000288, 6.5e-05], [0.004484, 0.003767, 0.001597, 0.00044, 0.000104, 1.6e-05]]}, "Coritiba / PR": {"S\u00e3o Paulo / SP": [[0.075507, 0.10271, 0.070158, 0.032164, 0.010825, 0.003785], [0.092149, 0.125283, 0.085892, 0.038943, 0.013188, 0.004584], [0.056205, 0.076415, 0.052488, 0.023666, 0.008162, 0.002876], [0.022935, 0.031198, 0.021123, 0.009646, 0.003325, 0.001135], [0.007062, 0.009538, 0.006487, 0.002919, 0.001055, 0.000349], [0.00213, 0.002889, 0.001956, 0.00086, 0.000294, 9.9e-05]]}, "Gr\u00eamio / RS": {"Atl\u00e9tico / GO": [[0.084084, 0.060992, 0.022122, 0.005367, 0.00099, 0.000171], [0.147402, 0.107148, 0.038722, 0.00936, 0.001754, 0.000269], [0.129473, 0.093542, 0.033872, 0.008176, 0.001476, 0.000223], [0.074637, 0.054369, 0.019449, 0.004678, 0.000927, 0.000143], [0.033022, 0.023823, 0.008607, 0.002139, 0.000363, 7.1e-05], [0.015743, 0.011474, 0.004163, 0.001017, 0.000208, 2.4e-05]]}, "Bahia / BA": {"Chapecoense / SC": [[0.058178, 0.07694, 0.050839, 0.022795, 0.007341, 0.002519], [0.088162, 0.116872, 0.0773, 0.033942, 0.01121, 0.003726], [0.067438, 0.089169, 0.059335, 0.025783, 0.008602, 0.002892], [0.034258, 0.045241, 0.029813, 0.012986, 0.00438, 0.001446], [0.013202, 0.017384, 0.011323, 0.00495, 0.001662, 0.000546], [0.005357, 0.006897, 0.004597, 0.002016, 0.000674, 0.000225]]}, "Ponte Preta / SP": {"Vit\u00f3ria / BA": [[0.076748, 0.105818, 0.072957, 0.033864, 0.011562, 0.004059], [0.091328, 0.125933, 0.086151, 0.040026, 0.013874, 0.00482], [0.054032, 0.074098, 0.0518, 0.023546, 0.008093, 0.002998], [0.02137, 0.029863, 0.020322, 0.009317, 0.003205, 0.001103], [0.006376, 0.008909, 0.006099, 0.002821, 0.000938, 0.000331], [0.0019, 0.002644, 0.001824, 0.000861, 0.000308, 0.000102]]}, "Ava\u00ed / SC": {"Athletico Paranaense / PR": [[0.142006, 0.174995, 0.107921, 0.044265, 0.013527, 0.004137], [0.102695, 0.12595, 0.077284, 0.031936, 0.009801, 0.002908], [0.036737, 0.045104, 0.027989, 0.011399, 0.00355, 0.001056], [0.008734, 0.011, 0.006755, 0.002756, 0.000787, 0.000258], [0.001521, 0.001993, 0.001256, 0.000534, 0.00015, 4.4e-05], [0.00027, 0.000342, 0.000199, 0.000103, 3e-05, 8e-06]]}, "Botafogo / RJ": {"Cruzeiro / MG": [[0.126973, 0.138204, 0.075077, 0.027648, 0.007471, 0.001951], [0.123212, 0.13459, 0.073439, 0.026694, 0.007357, 0.001951], [0.060585, 0.06599, 0.035558, 0.012936, 0.003617, 0.000905], [0.019761, 0.021298, 0.011747, 0.004195, 0.001206, 0.000313], [0.004703, 0.005174, 0.002833, 0.000947, 0.000259, 7.8e-05], [0.001134, 0.001205, 0.000678, 0.000227, 6.3e-05, 2.1e-05]]}, "Vasco da Gama / RJ": {"Ponte Preta / SP": [[0.122306, 0.122864, 0.061435, 0.020385, 0.005131, 0.001245], [0.13502, 0.13473, 0.067246, 0.022503, 0.005604, 0.00135], [0.074146, 0.074279, 0.037176, 0.012286, 0.002991, 0.000739], [0.026814, 0.026971, 0.013664, 0.004389, 0.001157, 0.00025], [0.007329, 0.007281, 0.003666, 0.001253, 0.000313, 8.8e-05], [0.001967, 0.001962, 0.001005, 0.000338, 9.4e-05, 2.3e-05]]}, "Santos / SP": {"Ava\u00ed / SC": [[0.196265, 0.099738, 0.025108, 0.004297, 0.000572, 7.1e-05], [0.2205, 0.111137, 0.028172, 0.004699, 0.000634, 6.3e-05], [0.123377, 0.062555, 0.015808, 0.002679, 0.000343, 3.4e-05], [0.046278, 0.023406, 0.005857, 0.001008, 0.00011, 1.8e-05], [0.012965, 0.006476, 0.001617, 0.000321, 3.4e-05, 4e-06], [0.003557, 0.001768, 0.000428, 8.8e-05, 1.1e-05, 2e-06]]}, "S\u00e3o Paulo / SP": {"Bahia / BA": [[0.058342, 0.086634, 0.065005, 0.032469, 0.012025, 0.004719], [0.078232, 0.117743, 0.088183, 0.043783, 0.016499, 0.006442], [0.052686, 0.079033, 0.059143, 0.029376, 0.01106, 0.004215], [0.023556, 0.03564, 0.026806, 0.013326, 0.004966, 0.001886], [0.008079, 0.011964, 0.00916, 0.004515, 0.001716, 0.000663], [0.002757, 0.004101, 0.003001, 0.001508, 0.00056, 0.000207]]}, "Atl\u00e9tico / MG": {"Gr\u00eamio / RS": [[0.096154, 0.138307, 0.09868, 0.047318, 0.01729, 0.006518], [0.086922, 0.125069, 0.089625, 0.043172, 0.015627, 0.005734], [0.039525, 0.056807, 0.040574, 0.019513, 0.006873, 0.002558], [0.011827, 0.017275, 0.012204, 0.00584, 0.002131, 0.000791], [0.002656, 0.003756, 0.002764, 0.001321, 0.0005, 0.000193], [0.000573, 0.000855, 0.000637, 0.000281, 9.9e-05, 3.1e-05]]}, "Athletico Paranaense / PR": {"Palmeiras / SP": [[0.065774, 0.103167, 0.081554, 0.042627, 0.016842, 0.007017], [0.075794, 0.118539, 0.093423, 0.049415, 0.019255, 0.008149], [0.043377, 0.067862, 0.053644, 0.027964, 0.011138, 0.004775], [0.016425, 0.026083, 0.020592, 0.010896, 0.004227, 0.001831], [0.004839, 0.007475, 0.005944, 0.003024, 0.001251, 0.000534], [0.00138, 0.002048, 0.001726, 0.000902, 0.000363, 0.000144]]}, "Sport / PE": {"Corinthians / SP": [[0.081671, 0.143727, 0.124534, 0.072208, 0.031664, 0.015159], [0.062176, 0.108123, 0.094012, 0.054822, 0.0242, 0.011559], [0.023492, 0.041004, 0.03603, 0.020821, 0.008936, 0.004418], [0.005984, 0.010378, 0.008885, 0.005237, 0.002255, 0.00116], [0.001147, 0.002022, 0.001656, 0.000986, 0.000438, 0.000209], [0.000196, 0.000341, 0.000274, 0.000149, 8.2e-05, 4.5e-05]]}, "Vit\u00f3ria / BA": {"Flamengo / RJ": [[0.073858, 0.116083, 0.09005, 0.047324, 0.018407, 0.007798], [0.076584, 0.120224, 0.094263, 0.049055, 0.019345, 0.008045], [0.039846, 0.062382, 0.049087, 0.025673, 0.010089, 0.004181], [0.013863, 0.021584, 0.016882, 0.008974, 0.003409, 0.001441], [0.003531, 0.005695, 0.004355, 0.002369, 0.000904, 0.000374], [0.000913, 0.001404, 0.001087, 0.000601, 0.000215, 0.000105]]}, "Atl\u00e9tico / GO": {"Fluminense / RJ": [[0.056663, 0.09754, 0.081653, 0.046696, 0.019711, 0.009192], [0.066498, 0.112743, 0.095851, 0.054523, 0.023105, 0.010693], [0.038669, 0.065784, 0.056016, 0.031689, 0.013422, 0.00622], [0.015033, 0.025638, 0.02191, 0.012211, 0.005112, 0.002337], [0.004483, 0.007483, 0.006419, 0.003588, 0.001545, 0.000708], [0.001284, 0.002154, 0.001808, 0.001009, 0.000389, 0.000221]]},