{"Ponte Preta / SP": {"Coritiba / PR": [[0.13652, 0.09864, 0.035552, 0.008563, 0.001603, 0.00025], [0.173025, 0.125405, 0.0451, 0.010719, 0.001969, 0.000336], [0.109692, 0.079849, 0.028583, 0.006972, 0.001272, 0.000196], [0.046269, 0.033766, 0.012181, 0.002963, 0.000514, 9.1e-05], [0.014798, 0.010566, 0.003912, 0.000968, 0.000192, 2.9e-05], [0.00466, 0.003347, 0.001173, 0.00027, 4.5e-05, 1e-05]]}, "Oeste / SP": {"Goi\u00e1s / GO": [[0.080874, 0.093739, 0.054153, 0.020617, 0.006066, 0.00163], [0.110405, 0.127051, 0.073207, 0.027785, 0.00808, 0.002359], [0.074699, 0.086616, 0.049467, 0.018892, 0.005479, 0.001567], [0.03406, 0.039383, 0.022537, 0.00867, 0.002421, 0.000716], [0.011671, 0.013362, 0.007793, 0.002869, 0.000826, 0.000255], [0.004063, 0.004589, 0.002641, 0.001089, 0.000289, 8e-05]]}, "Brasil / RS": {"Guarani / SP": [[0.146598, 0.128822, 0.05643, 0.016806, 0.003579, 0.000782], [0.152577, 0.133502, 0.059133, 0.017186, 0.003695, 0.00075], [0.079682, 0.070042, 0.030823, 0.008923, 0.001928, 0.000411], [0.027481, 0.024481, 0.010702, 0.003179, 0.000727, 0.00015], [0.007174, 0.006302, 0.00275, 0.000791, 0.000174, 3.5e-05], [0.001835, 0.001584, 0.000707, 0.000213, 3.6e-05, 1e-05]]}, "Figueirense / SC": {"Paysandu / PA": [[0.064828, 0.069772, 0.037716, 0.013525, 0.003777, 0.000923], [0.107571, 0.116373, 0.062706, 0.022315, 0.005992, 0.001607], [0.089421, 0.095807, 0.05201, 0.018732, 0.005088, 0.001305], [0.049151, 0.052753, 0.028469, 0.010293, 0.002735, 0.000733], [0.02035, 0.021967, 0.011745, 0.004226, 0.001109, 0.00028], [0.009091, 0.00982, 0.005298, 0.001842, 0.000524, 0.000146]]}, "Fortaleza / CE": {"Juventude / RS": [[0.136395, 0.06524, 0.015712, 0.002411, 0.00029, 2.2e-05], [0.206036, 0.098263, 0.023452, 0.003827, 0.00042, 4.7e-05], [0.156616, 0.074701, 0.017649, 0.002891, 0.000323, 3.8e-05], [0.079148, 0.03776, 0.009014, 0.001422, 0.00017, 1.2e-05], [0.030188, 0.014398, 0.003492, 0.000493, 6.2e-05, 9e-06], [0.012068, 0.005762, 0.001411, 0.000238, 1.8e-05, 2e-06]]}, "Vila Nova / GO": {"Crici\u00fama / SC": [[0.126247, 0.091611, 0.033224, 0.00795, 0.001406, 0.000221], [0.169958, 0.123457, 0.044303, 0.010967, 0.002021, 0.000319], [0.114118, 0.082857, 0.030001, 0.007263, 0.001243, 0.00022], [0.050918, 0.037109, 0.013485, 0.003195, 0.000607, 0.000112], [0.016999, 0.012331, 0.004468, 0.001092, 0.000193, 2.3e-05], [0.005876, 0.004264, 0.001465, 0.000397, 6.5e-05, 1.5e-05]]}, "Atl\u00e9tico / GO": {"S\u00e3o Bento / SP": [[0.066101, 0.081424, 0.049843, 0.020411, 0.006239, 0.001909], [0.097859, 0.119818, 0.074267, 0.030409, 0.009441, 0.002938], [0.073399, 0.090324, 0.055248, 0.023021, 0.006941, 0.002225], [0.036285, 0.044556, 0.027428, 0.011289, 0.003453, 0.00108], [0.013437, 0.01673, 0.010366, 0.004107, 0.001269, 0.000392], [0.005185, 0.006405, 0.003987, 0.001615, 0.000457, 0.000142]]}, "CSA / AL": {"Ava\u00ed / SC": [[0.101809, 0.112601, 0.061358, 0.022929, 0.006234, 0.001678], [0.121144, 0.132321, 0.073256, 0.026785, 0.00751, 0.002056], [0.071471, 0.078367, 0.042804, 0.015933, 0.004308, 0.001103], [0.027831, 0.030868, 0.016875, 0.006284, 0.001724, 0.000485], [0.008356, 0.009206, 0.004935, 0.001828, 0.000534, 0.000124], [0.002421, 0.002696, 0.001486, 0.000503, 0.000145, 3.2e-05]]}, "Londrina / PR": {"CRB / AL": [[0.147485, 0.104152, 0.036818, 0.00872, 0.001538, 0.000237], [0.177752, 0.126346, 0.044694, 0.010562, 0.001933, 0.000284], [0.107656, 0.075985, 0.026483, 0.006228, 0.001176, 0.000144], [0.043384, 0.030525, 0.010719, 0.002551, 0.000459, 6.7e-05], [0.012907, 0.009263, 0.003237, 0.000693, 0.000143, 2.2e-05], [0.003833, 0.002779, 0.000944, 0.00023, 4e-05, 1.1e-05]]}, "Sampaio Corr\u00eaa / MA": {"Boa / MG": [[0.169471, 0.108914, 0.034693, 0.007414, 0.001165, 0.000154], [0.192791, 0.123516, 0.039059, 0.008452, 0.001345, 0.000206], [0.108784, 0.069541, 0.022321, 0.004711, 0.000815, 0.000115], [0.041228, 0.026513, 0.008374, 0.001881, 0.000287, 4.2e-05], [0.011829, 0.007275, 0.002386, 0.000508, 6.5e-05, 1e-05], [0.003257, 0.002051, 0.000654, 0.000142, 3e-05, 1e-06]]}, "Guarani / SP": {"Londrina / PR": [[0.100366, 0.101236, 0.051597, 0.017495, 0.004364, 0.001096], [0.12869, 0.130812, 0.06632, 0.022418, 0.005631, 0.001349], [0.082555, 0.083854, 0.042834, 0.014413, 0.003668, 0.000908], [0.035492, 0.036231, 0.018356, 0.006178, 0.001522, 0.000384], [0.0115, 0.011531, 0.006107, 0.00207, 0.000499, 0.000127], [0.003731, 0.003894, 0.001921, 0.000633, 0.000175, 4.3e-05]]}, "S\u00e3o Bento / SP": {"Vila Nova / GO": [[0.165297, 0.140961, 0.060332, 0.017028, 0.003667, 0.000746], [0.156553, 0.133875, 0.057003, 0.016178, 0.003481, 0.000671], [0.074233, 0.063032, 0.026598, 0.007771, 0.001602, 0.00033], [0.023405, 0.019652, 0.008514, 0.002424, 0.000556, 9.8e-05], [0.00556, 0.004787, 0.00205, 0.000553, 0.000121, 2e-05], [0.00124, 0.001045, 0.000466, 0.000119, 2.9e-05, 3e-06]]}, "Juventude / RS": {"CSA / AL": [[0.1358, 0.160069, 0.094517, 0.037177, 0.010989, 0.003074], [0.110502, 0.131324, 0.077419, 0.030634, 0.008952, 0.002713], [0.04548, 0.05284, 0.031408, 0.01247, 0.003635, 0.001082], [0.012338, 0.014422, 0.008729, 0.003372, 0.000961, 0.000291], [0.002541, 0.003003, 0.001735, 0.000717, 0.000198, 5.3e-05], [0.000473, 0.000559, 0.000346, 0.000132, 3.7e-05, 8e-06]]}, "Ava\u00ed / SC": {"Ponte Preta / SP": [[0.138774, 0.108506, 0.042828, 0.011041, 0.002181, 0.000398], [0.165217, 0.129302, 0.050779, 0.013211, 0.002646, 0.00046], [0.09885, 0.077038, 0.030379, 0.00794, 0.001504, 0.000295], [0.038903, 0.03077, 0.012097, 0.003114, 0.000574, 0.000109], [0.011669, 0.009119, 0.003512, 0.000937, 0.000184, 4.3e-05], [0.003502, 0.002724, 0.001058, 0.000277, 4.9e-05, 1e-05]]}, "Crici\u00fama / SC": {"Sampaio Corr\u00eaa / MA": [[0.104861, 0.09053, 0.038795, 0.011055, 0.002346, 0.000452], [0.146543, 0.125553, 0.054334, 0.015606, 0.003353, 0.000708], [0.101792, 0.087699, 0.037796, 0.010802, 0.002328, 0.000455], [0.047179, 0.040964, 0.01751, 0.005114, 0.001042, 0.000219], [0.016618, 0.014198, 0.00606, 0.001766, 0.000399, 7.2e-05], [0.005833, 0.004953, 0.002249, 0.000643, 0.000145, 2.8e-05]]}, "Goi\u00e1s / GO": {"Brasil / RS": [[0.093794, 0.092346, 0.045794, 0.014937, 0.003856, 0.000855], [0.128683, 0.128311, 0.063463, 0.020829, 0.005077, 0.001186], [0.088706, 0.088007, 0.04402, 0.014223, 0.003544, 0.000815], [0.041007, 0.040542, 0.020001, 0.006528, 0.001582, 0.000374], [0.01401, 0.013948, 0.006934, 0.002335, 0.000553, 0.000136], [0.004969, 0.005043, 0.002502, 0.00084, 0.000203, 4.7e-05]]}, "Boa / MG": {"Oeste / SP": [[0.159438, 0.171309, 0.091522, 0.032597, 0.008709, 0.002256], [0.12264, 0.130211, 0.069627, 0.024994, 0.006691, 0.001689], [0.046869, 0.049743, 0.026582, 0.009594, 0.002547, 0.000653], [0.011772, 0.012723, 0.006704, 0.002418, 0.000695, 0.000143], [0.002289, 0.002438, 0.001323, 0.000488, 0.000119, 3.8e-05], [0.000403, 0.000426, 0.000221, 9.2e-05, 3e-05, 7e-06]]}, "CRB / AL": {"Figueirense / SC": [[0.115232, 0.120597, 0.063382, 0.022068, 0.005828, 0.001484], [0.128783, 0.134446, 0.070208, 0.024658, 0.006426, 0.001643], [0.071289, 0.074811, 0.038897, 0.013728, 0.003539, 0.000918], [0.02644, 0.027577, 0.0145, 0.005088, 0.001302, 0.000347], [0.007337, 0.007743, 0.004037, 0.001434, 0.000337, 9.6e-05], [0.002048, 0.002192, 0.001108, 0.000341, 0.000102, 3.4e-05]]}, "Coritiba / PR": {"Fortaleza / CE": [[0.105231, 0.132291, 0.082913, 0.034713, 0.010851, 0.003453], [0.105351, 0.131439, 0.082827, 0.034715, 0.010977, 0.003398], [0.051904, 0.065026, 0.040979, 0.017135, 0.005457, 0.001648], [0.01733, 0.021871, 0.013641, 0.005792, 0.001834, 0.000544], [0.004235, 0.005501, 0.003407, 0.001456, 0.000406, 0.000154], [0.000994, 0.001281, 0.000769, 0.00033, 0.000113, 3.4e-05]]},