{"Palmeiras / SP": {"Botafogo / RJ": [[0.09941, 0.085257, 0.036451, 0.010421, 0.002139, 0.00044], [0.133654, 0.125194, 0.058555, 0.017885, 0.004172, 0.0009], [0.089469, 0.091089, 0.045604, 0.015122, 0.003737, 0.000867], [0.040012, 0.044604, 0.02415, 0.008396, 0.002212, 0.000532], [0.013471, 0.016179, 0.009236, 0.003501, 0.000996, 0.000281], [0.004601, 0.005764, 0.003721, 0.001418, 0.000436, 0.000124]], "Chapecoense / SC": [[0.052749, 0.040807, 0.01617, 0.004246, 0.000825, 0.000148], [0.095948, 0.092342, 0.043385, 0.013213, 0.002949, 0.000636], [0.087808, 0.100975, 0.054764, 0.019403, 0.004745, 0.0012], [0.053187, 0.071177, 0.045102, 0.018089, 0.005103, 0.00139], [0.024322, 0.037099, 0.026685, 0.011966, 0.003799, 0.001214], [0.012533, 0.022133, 0.018636, 0.010043, 0.003806, 0.001403]]}, "Flamengo / RJ": {"Coritiba / PR": [[0.14067, 0.101394, 0.036779, 0.008824, 0.001569, 0.000261], [0.150869, 0.132047, 0.0563, 0.015529, 0.003217, 0.000615], [0.080891, 0.084085, 0.041363, 0.012832, 0.00295, 0.000655], [0.02872, 0.034411, 0.019361, 0.007031, 0.001778, 0.00047], [0.007758, 0.01046, 0.006663, 0.002806, 0.000764, 0.000193], [0.001993, 0.003045, 0.002172, 0.001089, 0.00033, 0.000106]], "Santos / SP": [[0.149296, 0.142932, 0.068636, 0.022043, 0.005336, 0.001198], [0.114674, 0.135282, 0.077498, 0.028793, 0.007856, 0.00194], [0.04504, 0.062572, 0.04174, 0.017672, 0.005369, 0.001612], [0.01164, 0.018532, 0.014202, 0.006971, 0.002408, 0.000771], [0.002315, 0.004151, 0.003613, 0.001917, 0.000767, 0.000287], [0.000403, 0.000832, 0.00084, 0.000548, 0.000204, 0.00011]]}, "Atl\u00e9tico / MG": {"Palmeiras / SP": [[0.040601, 0.076184, 0.071934, 0.046059, 0.021665, 0.011626], [0.052346, 0.100297, 0.094859, 0.060827, 0.029247, 0.015542], [0.034215, 0.065148, 0.063085, 0.040074, 0.019337, 0.010485], [0.014924, 0.028238, 0.027592, 0.017724, 0.008562, 0.004887], [0.00481, 0.009135, 0.009089, 0.005953, 0.002839, 0.001624], [0.001546, 0.003036, 0.003058, 0.001921, 0.00096, 0.000571]], "S\u00e3o Paulo / SP": [[0.099096, 0.108218, 0.058474, 0.021597, 0.005767, 0.001555], [0.120072, 0.130986, 0.072563, 0.026681, 0.007456, 0.00208], [0.072195, 0.080133, 0.044474, 0.016812, 0.004676, 0.001283], [0.029062, 0.032878, 0.01852, 0.006942, 0.001963, 0.000549], [0.008759, 0.010036, 0.005877, 0.002214, 0.000668, 0.000179], [0.002663, 0.002938, 0.001705, 0.000705, 0.00017, 5.4e-05]]}, "Coritiba / PR": {"Santa Cruz / PE": [[0.064677, 0.066361, 0.033683, 0.011426, 0.00288, 0.000683], [0.111036, 0.1132, 0.057927, 0.019931, 0.005004, 0.001173], [0.095028, 0.097652, 0.049811, 0.016902, 0.004292, 0.001024], [0.054417, 0.055579, 0.028456, 0.00975, 0.002469, 0.000591], [0.023601, 0.024076, 0.012244, 0.004212, 0.001026, 0.000248], [0.011014, 0.011297, 0.005759, 0.001971, 0.000475, 0.000125]], "Vit\u00f3ria / BA": [[0.089273, 0.089887, 0.044869, 0.015092, 0.003934, 0.000911], [0.10924, 0.126409, 0.072037, 0.026854, 0.007418, 0.001927], [0.066839, 0.087904, 0.05593, 0.023262, 0.007075, 0.002024], [0.027453, 0.039844, 0.027989, 0.012885, 0.004369, 0.001413], [0.008396, 0.013321, 0.010534, 0.005284, 0.00197, 0.000674], [0.002564, 0.004666, 0.004147, 0.002289, 0.00092, 0.000397]]}, "Botafogo / RJ": {"Chapecoense / SC": [[0.094608, 0.072671, 0.028114, 0.007034, 0.001399, 0.000226], [0.107275, 0.125262, 0.064335, 0.020387, 0.004804, 0.000956], [0.06202, 0.096014, 0.064992, 0.026589, 0.007274, 0.001818], [0.023342, 0.045808, 0.039105, 0.019528, 0.006864, 0.00211], [0.006667, 0.015542, 0.016206, 0.010087, 0.004061, 0.001528], [0.001859, 0.005292, 0.006912, 0.005191, 0.002688, 0.001432]], "Ponte Preta / SP": [[0.084642, 0.084117, 0.041441, 0.013755, 0.003468, 0.000831], [0.116141, 0.124446, 0.065781, 0.023561, 0.006212, 0.001499], [0.079377, 0.091064, 0.052027, 0.019364, 0.005512, 0.001472], [0.0364, 0.044434, 0.027083, 0.010749, 0.003257, 0.000916], [0.012418, 0.016023, 0.010384, 0.004464, 0.001369, 0.000438], [0.004344, 0.006073, 0.004156, 0.00188, 0.000681, 0.000221]]}, "Santa Cruz / PE": {"Atl\u00e9tico / MG": [[0.024124, 0.061048, 0.075726, 0.062579, 0.03867, 0.031405], [0.029605, 0.073965, 0.092206, 0.076954, 0.048021, 0.039374], [0.017843, 0.044867, 0.056103, 0.047329, 0.029746, 0.024423], [0.007268, 0.018287, 0.022934, 0.019586, 0.012151, 0.010103], [0.002201, 0.005492, 0.006923, 0.00577, 0.003747, 0.003042], [0.00064, 0.001635, 0.002205, 0.001825, 0.001196, 0.001007]], "Gr\u00eamio / RS": [[0.079626, 0.123575, 0.095777, 0.049522, 0.019001, 0.007971], [0.07677, 0.121073, 0.093954, 0.049123, 0.019398, 0.008032], [0.036903, 0.058168, 0.046263, 0.024596, 0.009715, 0.004131], [0.011764, 0.018964, 0.015181, 0.008157, 0.003294, 0.001409], [0.002828, 0.004704, 0.003681, 0.001975, 0.000804, 0.00037], [0.00064, 0.001068, 0.000826, 0.00045, 0.0002, 8.7e-05]]}, "Corinthians / SP": {"Internacional / RS": [[0.175467, 0.101314, 0.028904, 0.005479, 0.00079, 8.9e-05], [0.153001, 0.139749, 0.054787, 0.013401, 0.002291, 0.000329], [0.066564, 0.083577, 0.044848, 0.013889, 0.002989, 0.000541], [0.019084, 0.030502, 0.020795, 0.008253, 0.002256, 0.000503], [0.004263, 0.008171, 0.006713, 0.003344, 0.001086, 0.000336], [0.000802, 0.001882, 0.002039, 0.001252, 0.000507, 0.000203]], "Athletico Paranaense / PR": [[0.151039, 0.139283, 0.064737, 0.019687, 0.004516, 0.000985], [0.146297, 0.134852, 0.062296, 0.019042, 0.00435, 0.00099], [0.070501, 0.064717, 0.030202, 0.009136, 0.002194, 0.000462], [0.022988, 0.021116, 0.009688, 0.002927, 0.000654, 0.000133], [0.005554, 0.005218, 0.002308, 0.00072, 0.00018, 3.1e-05], [0.00129, 0.001163, 0.000537, 0.000165, 3.4e-05, 8e-06]]}, "Figueirense / SC": {"Corinthians / SP": [[0.159944, 0.171451, 0.09221, 0.033043, 0.008878, 0.002373], [0.079382, 0.127851, 0.090597, 0.040573, 0.013198, 0.004048], [0.019813, 0.041951, 0.039015, 0.022189, 0.008586, 0.003197], [0.003263, 0.008815, 0.010202, 0.006961, 0.003394, 0.001537], [0.000394, 0.001289, 0.001836, 0.001537, 0.000896, 0.000485], [4.4e-05, 0.000151, 0.00027, 0.000288, 0.000199, 0.00014]], "Fluminense / RJ": [[0.183383, 0.135232, 0.050096, 0.012235, 0.0023, 0.000344], [0.067385, 0.158108, 0.098219, 0.034152, 0.008038, 0.001723], [0.012453, 0.04886, 0.064774, 0.035401, 0.011605, 0.003204], [0.001526, 0.008337, 0.017488, 0.017136, 0.008321, 0.00323], [0.000148, 0.000971, 0.002812, 0.004154, 0.003254, 0.002014], [8e-06, 0.000117, 0.000368, 0.000761, 0.000856, 0.000987]]}, "Am\u00e9rica / MG": {"Flamengo / RJ": [[0.14648, 0.206979, 0.147745, 0.069785, 0.024692, 0.009075], [0.048892, 0.094377, 0.08415, 0.048046, 0.020187, 0.008718], [0.00814, 0.019761, 0.021843, 0.015109, 0.007512, 0.003877], [0.000841, 0.002655, 0.003694, 0.002961, 0.001647, 0.001058], [6.4e-05, 0.00026, 0.000383, 0.000407, 0.000259, 0.000225], [2e-06, 2e-05, 4.3e-05, 3.9e-05, 3e-05, 4.4e-05]], "Sport / PE": [[0.098232, 0.164221, 0.136186, 0.076142, 0.031535, 0.014441], [0.064104, 0.107133, 0.089068, 0.049663, 0.020476, 0.009401], [0.020967, 0.035023, 0.028708, 0.016247, 0.006719, 0.002971], [0.004532, 0.007679, 0.006422, 0.00356, 0.001408, 0.000686], [0.00076, 0.001221, 0.00101, 0.000572, 0.000261, 9.4e-05], [0.000117, 0.000152, 0.000137, 0.000107, 3e-05, 1.5e-05]]}, "Internacional / RS": {"Cruzeiro / MG": [[0.183808, 0.140391, 0.053893, 0.013773, 0.002591, 0.000444], [0.116541, 0.143538, 0.075506, 0.024569, 0.005674, 0.001218], [0.036853, 0.062444, 0.044943, 0.019042, 0.005553, 0.001525], [0.007775, 0.016824, 0.015767, 0.00826, 0.003102, 0.000999], [0.00121, 0.003317, 0.003677, 0.002468, 0.001098, 0.000471], [0.000193, 0.000553, 0.000758, 0.000654, 0.000362, 0.000206]], "Ponte Preta / SP": [[0.146803, 0.125154, 0.053684, 0.015349, 0.003367, 0.000615], [0.112135, 0.139568, 0.078812, 0.027882, 0.00694, 0.001716], [0.043326, 0.070717, 0.050701, 0.022224, 0.006802, 0.001908], [0.011059, 0.022647, 0.019868, 0.010596, 0.003952, 0.001408], [0.002095, 0.005083, 0.005319, 0.003506, 0.001468, 0.000681], [0.000391, 0.001038, 0.001338, 0.001013, 0.000533, 0.000302]]},