{"Gr\u00eamio / RS": {"S\u00e3o Paulo / SP": [[0.031445, 0.010317, 0.001707, 0.000196, 1.6e-05, 0.0], [0.062302, 0.056908, 0.015216, 0.002384, 0.00024, 1.7e-05], [0.060994, 0.091808, 0.048071, 0.011494, 0.001575, 0.000188], [0.039953, 0.084028, 0.0672, 0.026047, 0.00538, 0.000814], [0.019457, 0.053323, 0.057085, 0.032413, 0.010258, 0.00224], [0.011093, 0.039143, 0.060078, 0.052584, 0.028991, 0.015035]], "Cruzeiro / MG": [[0.042578, 0.010117, 0.001149, 9.7e-05, 2e-06, 0.0], [0.099983, 0.048543, 0.008674, 0.000859, 5.6e-05, 5e-06], [0.115446, 0.085663, 0.024273, 0.003637, 0.000369, 2.2e-05], [0.089507, 0.089733, 0.036066, 0.007629, 0.000972, 0.00011], [0.052327, 0.064842, 0.034066, 0.009792, 0.001675, 0.00019], [0.038238, 0.062431, 0.045084, 0.019195, 0.005417, 0.001253]]}, "Atl\u00e9tico / MG": {"Athletico Paranaense / PR": [[0.142606, 0.092415, 0.029999, 0.006607, 0.001046, 0.000159], [0.14486, 0.133988, 0.056852, 0.015359, 0.002902, 0.000494], [0.073513, 0.08838, 0.048015, 0.015675, 0.003612, 0.000733], [0.025109, 0.036698, 0.024747, 0.009939, 0.00273, 0.000664], [0.006482, 0.011177, 0.008713, 0.004182, 0.001315, 0.000421], [0.001571, 0.003222, 0.003062, 0.001771, 0.000716, 0.000266]], "Corinthians / SP": [[0.194945, 0.080509, 0.01669, 0.002245, 0.000241, 2e-05], [0.207133, 0.116139, 0.030761, 0.005134, 0.000625, 7.5e-05], [0.110035, 0.078694, 0.025454, 0.00502, 0.000699, 7.2e-05], [0.03907, 0.033539, 0.013338, 0.003199, 0.000533, 7e-05], [0.010203, 0.010665, 0.004794, 0.001418, 0.000271, 4.8e-05], [0.002697, 0.003143, 0.001744, 0.000606, 0.000147, 2.4e-05]], "Botafogo / RJ": [[0.283823, 0.055316, 0.005277, 0.000326, 1.6e-05, 1e-06], [0.302126, 0.059309, 0.005827, 0.000358, 1.8e-05, 0.0], [0.160568, 0.031197, 0.003071, 0.000198, 6e-06, 0.0], [0.056975, 0.011036, 0.001106, 6.9e-05, 2e-06, 0.0], [0.015305, 0.003034, 0.000272, 1.6e-05, 1e-06, 0.0], [0.003856, 0.000815, 7e-05, 5e-06, 1e-06, 0.0]]}, "Cear\u00e1 / CE": {"S\u00e3o Paulo / SP": [[0.114976, 0.03687, 0.00597, 0.000613, 4.9e-05, 2e-06], [0.129207, 0.124026, 0.032965, 0.004928, 0.000471, 4.4e-05], [0.072639, 0.115721, 0.06313, 0.014646, 0.00208, 0.000242], [0.027714, 0.060757, 0.051115, 0.020891, 0.004275, 0.000605], [0.007869, 0.022084, 0.025434, 0.015108, 0.004948, 0.001083], [0.002167, 0.007766, 0.011778, 0.010124, 0.005342, 0.002361]], "Athletico Paranaense / PR": [[0.118341, 0.068195, 0.019658, 0.003714, 0.000522, 8.1e-05], [0.133598, 0.127457, 0.051149, 0.01272, 0.002238, 0.000339], [0.076022, 0.100755, 0.056195, 0.018136, 0.003968, 0.000722], [0.028557, 0.049053, 0.035548, 0.014805, 0.004128, 0.000926], [0.008106, 0.016706, 0.015283, 0.007998, 0.002838, 0.000849], [0.002211, 0.005798, 0.006362, 0.004267, 0.001934, 0.000821]], "Corinthians / SP": [[0.162671, 0.059759, 0.010681, 0.001359, 0.00012, 4e-06], [0.186299, 0.117898, 0.030716, 0.004923, 0.000564, 5e-05], [0.106981, 0.095628, 0.035743, 0.007438, 0.000983, 0.000118], [0.040231, 0.047242, 0.023357, 0.006407, 0.001212, 0.000159], [0.011731, 0.016587, 0.01038, 0.003568, 0.000811, 0.000178], [0.003303, 0.005678, 0.004456, 0.001985, 0.000618, 0.000162]]}, "Palmeiras / SP": {"Gr\u00eamio / RS": [[0.049887, 0.06613, 0.044415, 0.019924, 0.006712, 0.002301], [0.04428, 0.097572, 0.090735, 0.052473, 0.021108, 0.00883], [0.019599, 0.060393, 0.078368, 0.058456, 0.029819, 0.015702], [0.005824, 0.022722, 0.039172, 0.037659, 0.023813, 0.01655], [0.001329, 0.006151, 0.012944, 0.01573, 0.012656, 0.011662], [0.00024, 0.001542, 0.003963, 0.006119, 0.006412, 0.008808]], "Flamengo / RJ": [[0.099767, 0.10929, 0.059273, 0.021553, 0.005784, 0.001594], [0.08301, 0.128463, 0.090574, 0.040653, 0.012981, 0.004041], [0.034767, 0.069327, 0.062379, 0.034168, 0.013208, 0.004931], [0.009449, 0.023882, 0.02637, 0.017718, 0.007948, 0.003706], [0.002014, 0.005843, 0.007656, 0.006139, 0.003245, 0.001902], [0.000419, 0.001388, 0.002166, 0.00201, 0.001365, 0.001017]], "Goi\u00e1s / GO": [[0.14441, 0.062687, 0.013642, 0.001931, 0.000212, 2e-05], [0.120692, 0.148855, 0.053165, 0.010623, 0.001435, 0.000169], [0.05013, 0.10239, 0.071355, 0.022169, 0.004136, 0.000673], [0.013919, 0.039254, 0.042641, 0.02205, 0.006105, 0.00129], [0.002902, 0.010713, 0.015681, 0.011529, 0.004978, 0.001545], [0.000606, 0.002506, 0.005013, 0.005266, 0.003422, 0.001886]]}, "S\u00e3o Paulo / SP": {"Internacional / RS": [[0.050332, 0.030402, 0.009169, 0.001823, 0.000296, 4.2e-05], [0.06538, 0.093939, 0.04545, 0.012477, 0.00229, 0.00038], [0.042871, 0.096565, 0.079746, 0.032386, 0.008245, 0.001704], [0.018656, 0.057564, 0.069823, 0.042707, 0.015332, 0.004473], [0.005984, 0.023757, 0.038172, 0.033204, 0.016517, 0.006811], [0.001973, 0.009805, 0.021045, 0.025538, 0.019701, 0.015441]], "Vasco da Gama / RJ": [[0.051623, 0.018885, 0.003529, 0.000447, 4.5e-05, 1e-06], [0.06862, 0.089682, 0.02897, 0.00511, 0.000569, 5.7e-05], [0.046458, 0.103773, 0.075617, 0.021257, 0.003535, 0.000455], [0.020873, 0.066346, 0.07724, 0.04121, 0.010464, 0.001962], [0.007115, 0.028611, 0.046586, 0.037804, 0.016275, 0.004571], [0.002405, 0.012606, 0.028093, 0.035005, 0.026182, 0.018019]]}, "Flamengo / RJ": {"Cear\u00e1 / CE": [[0.173909, 0.024701, 0.001759, 7.7e-05, 7e-06, 0.0], [0.22035, 0.090876, 0.010639, 0.000671, 3.2e-05, 1e-06], [0.139372, 0.095524, 0.022307, 0.002214, 0.000137, 6e-06], [0.058341, 0.05568, 0.020225, 0.003529, 0.000298, 2e-05], [0.018572, 0.022519, 0.011161, 0.002816, 0.00042, 4.4e-05], [0.005938, 0.00894, 0.006072, 0.002249, 0.000522, 7.2e-05]], "Vasco da Gama / RJ": [[0.055327, 0.016703, 0.00241, 0.00025, 1.6e-05, 1e-06], [0.095777, 0.077381, 0.018968, 0.002636, 0.000243, 2.6e-05], [0.081696, 0.108039, 0.049582, 0.010373, 0.001355, 0.000151], [0.046748, 0.086093, 0.059898, 0.020469, 0.003741, 0.000498], [0.020008, 0.046833, 0.0444, 0.021919, 0.006116, 0.001211], [0.009452, 0.028434, 0.037329, 0.027508, 0.013155, 0.005254]], "Ava\u00ed / SC": [[0.054664, 0.011874, 0.001278, 8.9e-05, 5e-06, 0.0], [0.13676, 0.040275, 0.005594, 0.000447, 2.8e-05, 0.0], [0.169549, 0.064006, 0.010975, 0.001126, 0.000105, 5e-06], [0.140821, 0.064176, 0.013247, 0.001723, 0.000165, 5e-06], [0.087236, 0.046871, 0.011404, 0.001684, 0.00017, 1.7e-05], [0.070871, 0.047224, 0.014428, 0.00278, 0.000356, 4.2e-05]]}, "Fluminense / RJ": {"Palmeiras / SP": [[0.055823, 0.065523, 0.03877, 0.015006, 0.004409, 0.001315], [0.060349, 0.105784, 0.083009, 0.040354, 0.014218, 0.00494], [0.032599, 0.076131, 0.078188, 0.048166, 0.020458, 0.008695], [0.012025, 0.034709, 0.044541, 0.033728, 0.017654, 0.009249], [0.003136, 0.011162, 0.017108, 0.016124, 0.00999, 0.0068], [0.00086, 0.003535, 0.006664, 0.007577, 0.005799, 0.005602]], "Fortaleza / CE": [[0.049791, 0.063349, 0.040633, 0.017171, 0.005524, 0.001769], [0.063999, 0.103281, 0.08049, 0.04011, 0.014569, 0.005447], [0.040913, 0.080319, 0.074938, 0.043278, 0.018469, 0.007764], [0.017245, 0.040249, 0.043664, 0.029276, 0.014271, 0.007371], [0.005515, 0.014856, 0.018047, 0.014157, 0.007983, 0.004675], [0.001779, 0.005527, 0.007986, 0.007261, 0.00478, 0.003544]]}, "Chapecoense / SC": {"Botafogo / RJ": [[0.264232, 0.063694, 0.007639, 0.000586, 3.7e-05, 2e-06], [0.176129, 0.154516, 0.031883, 0.003688, 0.000267, 1.9e-05], [0.05832, 0.088826, 0.04315, 0.008032, 0.000914, 7.7e-05], [0.013286, 0.028044, 0.02218, 0.007914, 0.001285, 0.000127], [0.002231, 0.006171, 0.006603, 0.003717, 0.001022, 0.000186], [0.000342, 0.001145, 0.00165, 0.001311, 0.000561, 0.000214]], "CSA / AL": [[0.212535, 0.014034, 0.000466, 1.3e-05, 0.0, 0.0], [0.161832, 0.163465, 0.01042, 0.000336, 1.1e-05, 0.0], [0.062327, 0.120285, 0.062815, 0.00387, 0.000127, 6e-06], [0.015937, 0.046004, 0.044794, 0.015859, 0.000947, 3.5e-05], [0.003021, 0.011726, 0.016934, 0.011224, 0.003043, 0.000173], [0.000536, 0.002623, 0.00517, 0.00532, 0.003004, 0.001108]]},