{"Flamengo / RJ": {"Cear\u00e1 / CE": [[0.072973, 0.063173, 0.027941, 0.008181, 0.001752, 0.0004], [0.127031, 0.110826, 0.048305, 0.014165, 0.003034, 0.000627], [0.11165, 0.096865, 0.042408, 0.01228, 0.002643, 0.000555], [0.064671, 0.05679, 0.024634, 0.00711, 0.001616, 0.000306], [0.028348, 0.024596, 0.010669, 0.003108, 0.000693, 0.000126], [0.013746, 0.01175, 0.00512, 0.001528, 0.000329, 5.1e-05]], "Santos / SP": [[0.071367, 0.05351, 0.020117, 0.005039, 0.000938, 0.000159], [0.134744, 0.100982, 0.03767, 0.009686, 0.001759, 0.0003], [0.127002, 0.095317, 0.036051, 0.008882, 0.001723, 0.000292], [0.080968, 0.060214, 0.022645, 0.005771, 0.001053, 0.000199], [0.037719, 0.028564, 0.010696, 0.002677, 0.000483, 0.00011], [0.020555, 0.015241, 0.005793, 0.001477, 0.00025, 4.7e-05]]}, "Corinthians / SP": {"Athletico Paranaense / PR": [[0.105157, 0.107308, 0.054435, 0.018351, 0.00461, 0.001164], [0.129972, 0.132564, 0.067067, 0.022686, 0.005728, 0.001394], [0.080135, 0.081246, 0.041568, 0.013847, 0.00352, 0.000839], [0.033147, 0.033547, 0.016969, 0.005751, 0.001473, 0.000394], [0.010267, 0.010405, 0.005291, 0.001784, 0.000452, 8.8e-05], [0.003151, 0.003271, 0.001695, 0.000547, 0.000137, 4e-05]], "Santos / SP": [[0.160057, 0.123902, 0.047987, 0.012517, 0.002444, 0.000406], [0.169442, 0.131588, 0.050966, 0.012953, 0.002525, 0.000481], [0.089161, 0.069372, 0.026526, 0.006978, 0.001369, 0.000244], [0.031437, 0.024284, 0.009453, 0.002443, 0.000458, 8.9e-05], [0.00846, 0.006391, 0.002552, 0.000704, 0.000122, 1.7e-05], [0.002112, 0.001693, 0.000645, 0.000186, 3e-05, 6e-06]], "Gr\u00eamio / RS": [[0.124917, 0.105754, 0.045, 0.012594, 0.002601, 0.000561], [0.153981, 0.130251, 0.055522, 0.015671, 0.003267, 0.000662], [0.094698, 0.080573, 0.033944, 0.009514, 0.002, 0.000375], [0.039031, 0.033173, 0.014083, 0.003949, 0.000883, 0.000158], [0.012059, 0.01022, 0.004296, 0.001226, 0.000269, 5.9e-05], [0.003705, 0.003162, 0.001366, 0.000384, 8e-05, 1.2e-05]]}, "S\u00e3o Paulo / SP": {"Athletico Paranaense / PR": [[0.143554, 0.147562, 0.075201, 0.025746, 0.006607, 0.001678], [0.13184, 0.135011, 0.06863, 0.023817, 0.006221, 0.001506], [0.060243, 0.061081, 0.031658, 0.010832, 0.00277, 0.000693], [0.018343, 0.018812, 0.009444, 0.0033, 0.000858, 0.000209], [0.004204, 0.004424, 0.002172, 0.000753, 0.000206, 5.5e-05], [0.000953, 0.000975, 0.000436, 0.000155, 3.8e-05, 1.3e-05]], "Sport / PE": [[0.30445, 0.168557, 0.046574, 0.008747, 0.001238, 0.000165], [0.19291, 0.106945, 0.029672, 0.005515, 0.000771, 0.000103], [0.06142, 0.034207, 0.009636, 0.001746, 0.000245, 3.9e-05], [0.013187, 0.007281, 0.002028, 0.000379, 4.5e-05, 4e-06], [0.00209, 0.00114, 0.000314, 5.9e-05, 4e-06, 0.0], [0.000289, 0.000183, 4.6e-05, 6e-06, 5e-06, 0.0]], "Juventude / RS": [[0.184832, 0.160135, 0.069429, 0.019967, 0.004223, 0.000836], [0.151776, 0.131581, 0.057084, 0.016386, 0.003467, 0.000748], [0.062563, 0.05407, 0.023629, 0.006768, 0.001478, 0.000302], [0.017268, 0.014841, 0.006371, 0.001827, 0.000389, 7.4e-05], [0.003458, 0.003148, 0.00134, 0.00038, 7.5e-05, 2.4e-05], [0.000608, 0.000608, 0.000231, 6.7e-05, 1.2e-05, 5e-06]]}, "Atl\u00e9tico Mineiro / MG": {"Fluminense / RJ": [[0.116378, 0.074588, 0.024096, 0.005122, 0.000883, 0.000112], [0.175398, 0.113421, 0.036518, 0.007848, 0.00125, 0.000182], [0.131799, 0.085095, 0.027559, 0.005823, 0.000905, 0.000128], [0.066628, 0.042488, 0.013987, 0.002938, 0.000466, 6.9e-05], [0.024978, 0.015966, 0.005222, 0.001115, 0.00017, 3.4e-05], [0.009881, 0.006411, 0.001978, 0.000467, 8.6e-05, 1.1e-05]], "Red Bull Bragantino / SP": [[0.062769, 0.060408, 0.028951, 0.009175, 0.002157, 0.000512], [0.112372, 0.109512, 0.052755, 0.016949, 0.004034, 0.000933], [0.102539, 0.098665, 0.047459, 0.015192, 0.003659, 0.000833], [0.061462, 0.059336, 0.029011, 0.009333, 0.002209, 0.000514], [0.027744, 0.026709, 0.012609, 0.004105, 0.000985, 0.00025], [0.01399, 0.013662, 0.006535, 0.002037, 0.000527, 0.000108]], "Juventude / RS": [[0.092357, 0.062362, 0.020986, 0.004845, 0.000777, 0.000135], [0.157821, 0.106809, 0.035948, 0.008227, 0.001333, 0.000197], [0.134598, 0.090768, 0.030988, 0.006934, 0.001206, 0.000177], [0.075984, 0.051485, 0.017544, 0.003914, 0.000694, 0.000117], [0.032451, 0.022191, 0.007522, 0.001624, 0.000284, 3.8e-05], [0.015191, 0.010123, 0.003426, 0.000791, 0.000131, 2.2e-05]]}, "Internacional / RS": {"Flamengo / RJ": [[0.056098, 0.103916, 0.095842, 0.059078, 0.027423, 0.014489], [0.058003, 0.107286, 0.099033, 0.06112, 0.028347, 0.014828], [0.029806, 0.055217, 0.050722, 0.031256, 0.014524, 0.00757], [0.010139, 0.01892, 0.017267, 0.010848, 0.004954, 0.002596], [0.002594, 0.00479, 0.004536, 0.002771, 0.00126, 0.000657], [0.000638, 0.001194, 0.00115, 0.000666, 0.000309, 0.000153]], "Santos / SP": [[0.121491, 0.106837, 0.04659, 0.013582, 0.00303, 0.000585], [0.149284, 0.132004, 0.05751, 0.016822, 0.003658, 0.000792], [0.092217, 0.080805, 0.035456, 0.010317, 0.002222, 0.000495], [0.037353, 0.032977, 0.014556, 0.004248, 0.000935, 0.000189], [0.011328, 0.010072, 0.00447, 0.001301, 0.000288, 6.3e-05], [0.00358, 0.003098, 0.001347, 0.00039, 8.4e-05, 2.4e-05]], "Atl\u00e9tico / GO": [[0.157633, 0.116699, 0.043534, 0.010793, 0.001999, 0.000338], [0.173815, 0.12958, 0.048269, 0.011886, 0.002132, 0.000359], [0.096521, 0.071507, 0.026352, 0.00657, 0.001197, 0.000206], [0.03531, 0.026337, 0.00989, 0.00241, 0.000413, 7.5e-05], [0.009928, 0.007258, 0.002669, 0.000656, 0.000102, 1.6e-05], [0.002661, 0.001958, 0.000705, 0.000188, 2.6e-05, 8e-06]]}, "Cear\u00e1 / CE": {"Corinthians / SP": [[0.153333, 0.14964, 0.072619, 0.023677, 0.005902, 0.001412], [0.137584, 0.134246, 0.066077, 0.021345, 0.005185, 0.001154], [0.062447, 0.060481, 0.029453, 0.009733, 0.002374, 0.000544], [0.018521, 0.018105, 0.008941, 0.002901, 0.00072, 0.000152], [0.004103, 0.004078, 0.002005, 0.000698, 0.000169, 2.9e-05], [0.000911, 0.000866, 0.000423, 0.000122, 4.5e-05, 5e-06]], "Am\u00e9rica / MG": [[0.144978, 0.142207, 0.069639, 0.022867, 0.00558, 0.001267], [0.137265, 0.135458, 0.065845, 0.021462, 0.005268, 0.001201], [0.065374, 0.064251, 0.031663, 0.010276, 0.002524, 0.00063], [0.02085, 0.02058, 0.010162, 0.00326, 0.000827, 0.000186], [0.004898, 0.004954, 0.002428, 0.000775, 0.000215, 5e-05], [0.001144, 0.001091, 0.000577, 0.00019, 4.6e-05, 1.2e-05]]}, "Bahia / BA": {"Cuiab\u00e1 / MT": [[0.120339, 0.141384, 0.082844, 0.032397, 0.009561, 0.002672], [0.113198, 0.133374, 0.078331, 0.030701, 0.008808, 0.002639], [0.05346, 0.062749, 0.036899, 0.014639, 0.004169, 0.001206], [0.016981, 0.019957, 0.011644, 0.004591, 0.001316, 0.000376], [0.003981, 0.004622, 0.002744, 0.001042, 0.000334, 8.7e-05], [0.000929, 0.001061, 0.000616, 0.00026, 6.8e-05, 2.1e-05]], "Fluminense / RJ": [[0.114689, 0.134159, 0.07765, 0.030495, 0.008669, 0.002549], [0.114944, 0.133682, 0.077736, 0.030071, 0.008748, 0.002597], [0.057532, 0.066698, 0.038829, 0.014999, 0.004282, 0.00123], [0.019228, 0.022517, 0.012987, 0.00495, 0.00146, 0.000411], [0.004686, 0.005566, 0.003221, 0.001232, 0.000353, 0.000118], [0.001204, 0.001345, 0.000776, 0.000272, 9e-05, 2.5e-05]], "Gr\u00eamio / RS": [[0.08482, 0.103748, 0.062846, 0.025053, 0.007624, 0.002294], [0.106302, 0.129466, 0.078508, 0.031147, 0.009715, 0.002979], [0.066573, 0.080325, 0.048734, 0.020069, 0.005948, 0.00187], [0.027759, 0.033801, 0.020555, 0.00823, 0.002498, 0.000712], [0.008782, 0.01056, 0.006379, 0.002705, 0.000766, 0.000249], [0.002669, 0.003261, 0.00193, 0.000814, 0.000227, 8.2e-05]]}, "Athletico Paranaense / PR": {"Cuiab\u00e1 / MT": [[0.117577, 0.129782, 0.071759, 0.026719, 0.007149, 0.001958], [0.122194, 0.135041, 0.074132, 0.027653, 0.007721, 0.002059], [0.062838, 0.069385, 0.038541, 0.01412, 0.00384, 0.001015], [0.021558, 0.023871, 0.013286, 0.004785, 0.001317, 0.000378], [0.005525, 0.006222, 0.003569, 0.001335, 0.000348, 8.6e-05], [0.001361, 0.001587, 0.000905, 0.000273, 8.6e-05, 2.5e-05]],