{"Palmeiras / SP": {"Cruzeiro / MG": [[0.086969, 0.077158, 0.033962, 0.010037, 0.00213, 0.000466], [0.135584, 0.119508, 0.053241, 0.015637, 0.003578, 0.000749], [0.105423, 0.092944, 0.041069, 0.012028, 0.002713, 0.00056], [0.055283, 0.048366, 0.021389, 0.006371, 0.001428, 0.000274], [0.02126, 0.018976, 0.008298, 0.002459, 0.000533, 9.9e-05], [0.008869, 0.00784, 0.003512, 0.001029, 0.00022, 3.8e-05]], "Vasco da Gama / RJ": [[0.041335, 0.023175, 0.006513, 0.001249, 0.000168, 1.5e-05], [0.1087, 0.060669, 0.016946, 0.003182, 0.000451, 6e-05], [0.142795, 0.080141, 0.021721, 0.00423, 0.000549, 7.6e-05], [0.125158, 0.069817, 0.019514, 0.003516, 0.000499, 6.4e-05], [0.081797, 0.045893, 0.012677, 0.00238, 0.000324, 4.1e-05], [0.072641, 0.040114, 0.011099, 0.002167, 0.000291, 3.3e-05]], "Coritiba / PR": [[0.082888, 0.045063, 0.012336, 0.002233, 0.000303, 4.5e-05], [0.161318, 0.087945, 0.024067, 0.004196, 0.0006, 5.8e-05], [0.156797, 0.085675, 0.022949, 0.004246, 0.000605, 6.8e-05], [0.101683, 0.055577, 0.01514, 0.002697, 0.000324, 4.5e-05], [0.049838, 0.02684, 0.00728, 0.001293, 0.000174, 2.5e-05], [0.027618, 0.0151, 0.004104, 0.000754, 0.000112, 4e-06]]}, "Chapecoense / SC": {"Goi\u00e1s / GO": [[0.194514, 0.109476, 0.030807, 0.005742, 0.000793, 9.8e-05], [0.197257, 0.12268, 0.037999, 0.007657, 0.001215, 0.000157], [0.099896, 0.06809, 0.022976, 0.005095, 0.000837, 0.00011], [0.033699, 0.025136, 0.009165, 0.002204, 0.000381, 5.8e-05], [0.008474, 0.006812, 0.002784, 0.000722, 0.000123, 2.6e-05], [0.002051, 0.001816, 0.000843, 0.000255, 4.4e-05, 8e-06]], "Internacional / RS": [[0.200024, 0.115851, 0.034097, 0.006624, 0.000932, 0.000146], [0.192638, 0.125026, 0.040215, 0.008367, 0.001373, 0.000184], [0.092817, 0.066501, 0.02341, 0.005464, 0.000866, 0.00013], [0.029361, 0.023404, 0.009138, 0.002203, 0.000408, 8.5e-05], [0.007028, 0.006143, 0.002603, 0.000697, 0.000135, 3.4e-05], [0.001595, 0.001531, 0.000711, 0.0002, 4.8e-05, 1.1e-05]]}, "Fluminense / RJ": {"Chapecoense / SC": [[0.169239, 0.079454, 0.018658, 0.002988, 0.000333, 3.3e-05], [0.204044, 0.113646, 0.030518, 0.005421, 0.000713, 7.6e-05], [0.119894, 0.080077, 0.025186, 0.005095, 0.000812, 8.6e-05], [0.046557, 0.036765, 0.013565, 0.00315, 0.000508, 7.2e-05], [0.013299, 0.012202, 0.005209, 0.001396, 0.000257, 3.6e-05], [0.003716, 0.004028, 0.002181, 0.000601, 0.000155, 3e-05]], "Ava\u00ed / SC": [[0.093693, 0.056241, 0.016889, 0.003429, 0.000502, 6.6e-05], [0.159496, 0.101892, 0.032564, 0.006799, 0.001077, 0.000152], [0.135253, 0.091913, 0.031116, 0.006948, 0.001199, 0.000191], [0.076509, 0.054976, 0.019772, 0.004685, 0.000816, 0.000129], [0.032317, 0.025007, 0.009423, 0.002449, 0.000429, 7.1e-05], [0.014766, 0.012389, 0.005074, 0.001414, 0.000299, 5.5e-05]], "Internacional / RS": [[0.152908, 0.100079, 0.032641, 0.007074, 0.001146, 0.000165], [0.176158, 0.125859, 0.045455, 0.01057, 0.001857, 0.000289], [0.101192, 0.07887, 0.030459, 0.007742, 0.001448, 0.00025], [0.038624, 0.03294, 0.013685, 0.003702, 0.00075, 0.00015], [0.011088, 0.010243, 0.004583, 0.001302, 0.000302, 5.8e-05], [0.003095, 0.003163, 0.001511, 0.0005, 0.000118, 2.4e-05]]}, "S\u00e3o Paulo / SP": {"Atl\u00e9tico / MG": [[0.051694, 0.068014, 0.045478, 0.019836, 0.00663, 0.002221], [0.084175, 0.111927, 0.074317, 0.033066, 0.010825, 0.003621], [0.069591, 0.091805, 0.060995, 0.026764, 0.008987, 0.002983], [0.037973, 0.050242, 0.033033, 0.014755, 0.004925, 0.001641], [0.015349, 0.020586, 0.0136, 0.006118, 0.001964, 0.000668], [0.007027, 0.009229, 0.00603, 0.002691, 0.000919, 0.000321]], "Figueirense / SC": [[0.09457, 0.058831, 0.018572, 0.003883, 0.000579, 9.3e-05], [0.157769, 0.104995, 0.034668, 0.007744, 0.001249, 0.000191], [0.130887, 0.092791, 0.032504, 0.0075, 0.001311, 0.000203], [0.072743, 0.054452, 0.0203, 0.004959, 0.000886, 0.00013], [0.029697, 0.024024, 0.009444, 0.002583, 0.000469, 8.9e-05], [0.01347, 0.011724, 0.005022, 0.001311, 0.000309, 4.8e-05]]}, "Cruzeiro / MG": {"S\u00e3o Paulo / SP": [[0.135091, 0.093759, 0.032493, 0.007436, 0.001273, 0.00019], [0.177268, 0.122363, 0.042304, 0.009902, 0.001662, 0.000295], [0.115845, 0.080548, 0.027709, 0.006326, 0.001054, 0.000193], [0.050641, 0.034907, 0.012138, 0.002783, 0.000503, 9.2e-05], [0.016281, 0.011144, 0.003938, 0.000888, 0.000156, 1.3e-05], [0.00536, 0.003743, 0.001329, 0.000315, 4.7e-05, 1.1e-05]], "Sport / PE": [[0.143717, 0.104003, 0.037125, 0.009021, 0.001646, 0.000289], [0.164026, 0.130228, 0.05137, 0.013039, 0.002545, 0.00044], [0.0927, 0.080028, 0.034004, 0.009487, 0.001982, 0.000373], [0.035498, 0.032393, 0.015091, 0.004592, 0.000984, 0.000182], [0.009894, 0.010249, 0.004864, 0.001615, 0.000365, 7.7e-05], [0.002739, 0.003109, 0.001595, 0.000548, 0.000144, 3.8e-05]], "Joinville / SC": [[0.202185, 0.055072, 0.007359, 0.000688, 4.7e-05, 1e-06], [0.263985, 0.076133, 0.010864, 0.001105, 6e-05, 2e-06], [0.170959, 0.053923, 0.008145, 0.000846, 5.5e-05, 4e-06], [0.072875, 0.025169, 0.004308, 0.000476, 3.8e-05, 2e-06], [0.023267, 0.008936, 0.001719, 0.000219, 1.5e-05, 2e-06], [0.007541, 0.003227, 0.000664, 9.5e-05, 1.2e-05, 2e-06]]}, "Athletico Paranaense / PR": {"Palmeiras / SP": [[0.065416, 0.087465, 0.057555, 0.025423, 0.008524, 0.002886], [0.084303, 0.119188, 0.084312, 0.039507, 0.013772, 0.004852], [0.054226, 0.08149, 0.06045, 0.029896, 0.01118, 0.004232], [0.023036, 0.036705, 0.028754, 0.01512, 0.006009, 0.002391], [0.007411, 0.012474, 0.010214, 0.005736, 0.002343, 0.001037], [0.002342, 0.004295, 0.003863, 0.002228, 0.000899, 0.000466]], "Ava\u00ed / SC": [[0.099336, 0.060776, 0.018234, 0.003634, 0.000531, 7.3e-05], [0.164141, 0.10461, 0.033152, 0.007066, 0.001162, 0.000173], [0.135569, 0.090563, 0.030287, 0.006733, 0.001022, 0.000169], [0.073745, 0.052382, 0.018216, 0.004237, 0.000736, 0.000116], [0.030648, 0.02228, 0.008515, 0.001986, 0.000393, 6.1e-05], [0.013286, 0.010557, 0.004241, 0.001126, 0.000213, 3.1e-05]], "Flamengo / RJ": [[0.083447, 0.075402, 0.033695, 0.010164, 0.002235, 0.000479], [0.12572, 0.120002, 0.056581, 0.017963, 0.004152, 0.000904], [0.094557, 0.094681, 0.047308, 0.015716, 0.003792, 0.000856], [0.047235, 0.050298, 0.026488, 0.009389, 0.002415, 0.000547], [0.017449, 0.019471, 0.010879, 0.003915, 0.001062, 0.000291], [0.007004, 0.008245, 0.004906, 0.002018, 0.000569, 0.000165]]}, "Sport / PE": {"Athletico Paranaense / PR": [[0.107523, 0.054915, 0.013945, 0.002214, 0.000316, 3.6e-05], [0.175189, 0.098894, 0.027395, 0.005051, 0.000697, 8.2e-05], [0.140693, 0.090031, 0.027865, 0.005526, 0.000882, 9.5e-05], [0.073726, 0.054174, 0.019133, 0.004224, 0.000675, 0.000105], [0.02888, 0.023897, 0.009708, 0.002373, 0.000462, 6.1e-05], [0.011798, 0.011744, 0.005558, 0.001712, 0.000355, 6.6e-05]], "Gr\u00eamio / RS": [[0.115806, 0.085805, 0.03153, 0.007652, 0.001452, 0.000239], [0.150738, 0.124503, 0.05101, 0.013834, 0.002812, 0.000514], [0.098106, 0.090278, 0.04078, 0.012064, 0.002595, 0.000515], [0.041526, 0.04252, 0.021339, 0.006812, 0.00167, 0.000395], [0.013298, 0.015021, 0.008405, 0.002979, 0.000754, 0.000184], [0.004317, 0.005438, 0.003374, 0.001272, 0.000382, 8.1e-05]], "Corinthians / SP": [[0.107193, 0.112363, 0.059298, 0.020912, 0.005468, 0.001346], [0.100606, 0.13185, 0.082995, 0.033807, 0.010111, 0.002978], [0.047341, 0.074317, 0.054732, 0.025598, 0.008734, 0.002936], [0.015261, 0.027267, 0.023177, 0.012502, 0.00481, 0.00194], [0.003585, 0.007256, 0.007117, 0.004398, 0.001924, 0.000832], [0.000769, 0.001887, 0.002115, 0.001438, 0.000752, 0.000385]]}, "Vasco da Gama / RJ": {"Corinthians / SP": [[0.046568, 0.103408, 0.11593, 0.085802, 0.047676, 0.031995], [0.035151, 0.081205, 0.095922, 0.075078, 0.043775, 0.031819], [0.013229, 0.032023, 0.039506, 0.032085, 0.019764, 0.015562], [0.003384, 0.008475, 0.011001, 0.009161, 0.005789, 0.005035], [0.00061, 0.001643, 0.002141, 0.001971, 0.001352, 0.001227], [0.000106, 0.000281, 0.00041, 0.000387, 0.000275, 0.000254]],