{"Cear\u00e1 / CE": {"Vila Nova / GO": [[0.125555, 0.123751, 0.060771, 0.020124, 0.004942, 0.001115], [0.136947, 0.134809, 0.066483, 0.021515, 0.005285, 0.001276], [0.074634, 0.073534, 0.036288, 0.011852, 0.002944, 0.000638], [0.02708, 0.026675, 0.01334, 0.004208, 0.001061, 0.000222], [0.007393, 0.007202, 0.003554, 0.001149, 0.000308, 8.1e-05], [0.002013, 0.001897, 0.000945, 0.000311, 8e-05, 1.8e-05]], "Paran\u00e1 / PR": [[0.105593, 0.057519, 0.01533, 0.002798, 0.000381, 3.6e-05], [0.180992, 0.097684, 0.026428, 0.004791, 0.000655, 7.2e-05], [0.153879, 0.082783, 0.022541, 0.00411, 0.000546, 7.9e-05], [0.087511, 0.047501, 0.012613, 0.002255, 0.000332, 2.9e-05], [0.037166, 0.020008, 0.005354, 0.000967, 0.000135, 1.7e-05], [0.017415, 0.009346, 0.002576, 0.000482, 6.5e-05, 1.1e-05]]}, "Bahia / BA": {"Sampaio Corr\u00eaa / MA": [[0.078526, 0.020782, 0.002818, 0.000231, 1.7e-05, 1e-06], [0.17974, 0.047247, 0.006201, 0.000556, 3.9e-05, 2e-06], [0.204564, 0.054014, 0.007145, 0.000591, 2.4e-05, 2e-06], [0.155325, 0.040953, 0.005325, 0.00046, 2.8e-05, 1e-06], [0.088022, 0.023346, 0.003102, 0.000268, 1.7e-05, 1e-06], [0.061788, 0.0165, 0.002174, 0.000174, 1.6e-05, 0.0]], "Red Bull Bragantino / SP": [[0.056032, 0.017337, 0.002726, 0.000309, 2.5e-05, 3e-06], [0.143694, 0.044963, 0.006991, 0.000721, 5.8e-05, 2e-06], [0.184395, 0.057704, 0.009157, 0.00093, 7.9e-05, 5e-06], [0.158355, 0.049701, 0.00785, 0.000772, 5.8e-05, 2e-06], [0.102496, 0.031667, 0.004869, 0.000558, 3e-05, 4e-06], [0.086802, 0.027069, 0.004208, 0.000392, 3.3e-05, 3e-06]]}, "Sampaio Corr\u00eaa / MA": {"Londrina / PR": [[0.123386, 0.182369, 0.132708, 0.064945, 0.023591, 0.008936], [0.077139, 0.113729, 0.083314, 0.0402, 0.014903, 0.005513], [0.024142, 0.03493, 0.025948, 0.012575, 0.0046, 0.00181], [0.00492, 0.007211, 0.005318, 0.002616, 0.000915, 0.00037], [0.000767, 0.001147, 0.00087, 0.000417, 0.000149, 6.3e-05], [0.0001, 0.000181, 0.000119, 7.1e-05, 2.1e-05, 7e-06]], "Atl\u00e9tico / GO": [[0.132836, 0.181575, 0.124421, 0.056998, 0.019422, 0.006909], [0.086258, 0.118058, 0.08084, 0.036961, 0.012863, 0.004602], [0.027856, 0.038116, 0.026267, 0.011958, 0.004161, 0.001524], [0.006036, 0.008377, 0.005701, 0.002626, 0.000886, 0.000307], [0.000982, 0.001309, 0.000937, 0.000461, 0.000139, 5.9e-05], [0.000135, 0.000202, 0.000143, 4.5e-05, 2.3e-05, 7e-06]]}, "Oeste / SP": {"Joinville / SC": [[0.189579, 0.144757, 0.05435, 0.013892, 0.002757, 0.000432], [0.170971, 0.130394, 0.049694, 0.012827, 0.002398, 0.000391], [0.077344, 0.058301, 0.022165, 0.005686, 0.001121, 0.000185], [0.023333, 0.01744, 0.006644, 0.0016, 0.000288, 4.5e-05], [0.005102, 0.003934, 0.001534, 0.000384, 7.8e-05, 1e-05], [0.001097, 0.000857, 0.000306, 8.9e-05, 1.1e-05, 4e-06]], "Ava\u00ed / SC": [[0.200508, 0.147793, 0.054009, 0.013412, 0.002487, 0.000429], [0.174343, 0.128576, 0.047644, 0.011606, 0.002119, 0.000332], [0.075781, 0.055662, 0.020786, 0.005155, 0.000924, 0.000161], [0.022057, 0.016468, 0.005948, 0.001497, 0.000273, 5.2e-05], [0.004743, 0.003515, 0.001261, 0.000299, 5.7e-05, 1e-05], [0.00098, 0.000723, 0.000282, 8.9e-05, 1.8e-05, 1e-06]]}, "Vila Nova / GO": {"Brasil / RS": [[0.157535, 0.152379, 0.07364, 0.023873, 0.005896, 0.001295], [0.138539, 0.134788, 0.064782, 0.020775, 0.005154, 0.001158], [0.060912, 0.058995, 0.028744, 0.009049, 0.002193, 0.00054], [0.018021, 0.01749, 0.00827, 0.002736, 0.000622, 0.000134], [0.003823, 0.00391, 0.001836, 0.00061, 0.000144, 2.5e-05], [0.000856, 0.000752, 0.000396, 9.5e-05, 2.7e-05, 6e-06]], "Paysandu / PA": [[0.155019, 0.146829, 0.069506, 0.022005, 0.00522, 0.001168], [0.14243, 0.135083, 0.063785, 0.019912, 0.004871, 0.001033], [0.065371, 0.061356, 0.029133, 0.009197, 0.002178, 0.000496], [0.01986, 0.01868, 0.008777, 0.002816, 0.000685, 0.000142], [0.004647, 0.004356, 0.002049, 0.000661, 0.000136, 3.1e-05], [0.000981, 0.000982, 0.000426, 0.000145, 3e-05, 4e-06]]}, "Luverdense / MT": {"Bahia / BA": [[0.08914, 0.088192, 0.043718, 0.014251, 0.003559, 0.000817], [0.126942, 0.125449, 0.061941, 0.020369, 0.005143, 0.001197], [0.091624, 0.090097, 0.044634, 0.014591, 0.003548, 0.000837], [0.04322, 0.042914, 0.02136, 0.007086, 0.001717, 0.00041], [0.015534, 0.015354, 0.00761, 0.002519, 0.000647, 0.000119], [0.005701, 0.005693, 0.002873, 0.000912, 0.000226, 5.6e-05]], "Goi\u00e1s / GO": [[0.059647, 0.05412, 0.024464, 0.007345, 0.001697, 0.00035], [0.114569, 0.103066, 0.046956, 0.014143, 0.003112, 0.000599], [0.1094, 0.099319, 0.044512, 0.01337, 0.003033, 0.000668], [0.070128, 0.062828, 0.028587, 0.008489, 0.001848, 0.000426], [0.033574, 0.030188, 0.013419, 0.004168, 0.000898, 0.000183], [0.017975, 0.016378, 0.007561, 0.002326, 0.000543, 0.000111]]}, "Tupi / MG": {"N\u00e1utico / PE": [[0.104188, 0.109269, 0.056679, 0.019935, 0.005107, 0.001299], [0.12638, 0.133208, 0.069385, 0.02408, 0.006351, 0.001504], [0.077296, 0.08057, 0.04186, 0.014843, 0.003654, 0.00093], [0.03111, 0.032477, 0.017121, 0.005852, 0.001533, 0.00037], [0.009545, 0.009856, 0.005126, 0.001796, 0.00047, 0.000107], [0.002857, 0.002966, 0.001496, 0.000587, 0.000158, 3.5e-05]], "CRB / AL": [[0.053604, 0.086094, 0.068535, 0.036502, 0.014613, 0.006271], [0.071268, 0.114285, 0.090998, 0.048174, 0.019448, 0.00827], [0.047317, 0.075452, 0.060289, 0.031949, 0.012691, 0.005367], [0.021065, 0.03351, 0.026513, 0.014045, 0.005665, 0.002472], [0.006968, 0.011033, 0.008852, 0.004511, 0.001934, 0.000824], [0.002277, 0.003776, 0.002912, 0.001608, 0.000666, 0.000242]]}, "Brasil / RS": {"Oeste / SP": [[0.133203, 0.073218, 0.020127, 0.003535, 0.000531, 7.2e-05], [0.195272, 0.107767, 0.029505, 0.005425, 0.000688, 9.2e-05], [0.142794, 0.07861, 0.021475, 0.003955, 0.000513, 6.7e-05], [0.070159, 0.038265, 0.01077, 0.001874, 0.000279, 2.6e-05], [0.0258, 0.014262, 0.003925, 0.000707, 9.1e-05, 1.4e-05], [0.009828, 0.005386, 0.001444, 0.000271, 4.4e-05, 6e-06]], "CRB / AL": [[0.064246, 0.07578, 0.04467, 0.017676, 0.005151, 0.001504], [0.100272, 0.11809, 0.069735, 0.027415, 0.008251, 0.002415], [0.078915, 0.092662, 0.054576, 0.021733, 0.00631, 0.001849], [0.040926, 0.048741, 0.028771, 0.011394, 0.003351, 0.000969], [0.016174, 0.01902, 0.011335, 0.004311, 0.001381, 0.000379], [0.006813, 0.007932, 0.004696, 0.001853, 0.000552, 0.000152]]}, "Londrina / PR": {"Atl\u00e9tico / GO": [[0.318416, 0.172005, 0.046746, 0.008286, 0.001174, 0.000151], [0.192123, 0.103976, 0.028412, 0.005209, 0.000717, 8.1e-05], [0.057943, 0.031058, 0.008489, 0.001488, 0.000204, 2.8e-05], [0.011635, 0.006348, 0.001747, 0.000326, 4.3e-05, 2e-06], [0.001746, 0.000937, 0.000264, 5.4e-05, 2e-06, 0.0], [0.000223, 0.00012, 3.9e-05, 8e-06, 0.0, 0.0]], "Ava\u00ed / SC": [[0.301683, 0.109649, 0.01977, 0.002353, 0.000226, 1.7e-05], [0.252425, 0.091268, 0.016757, 0.001985, 0.000193, 1.4e-05], [0.105324, 0.038104, 0.006928, 0.00085, 6.9e-05, 5e-06], [0.029227, 0.010579, 0.001913, 0.000219, 2.1e-05, 0.0], [0.006054, 0.002286, 0.000382, 4e-05, 4e-06, 2e-06], [0.001143, 0.000425, 8e-05, 5e-06, 0.0, 0.0]]}, "Crici\u00fama / SC": {"Cear\u00e1 / CE": [[0.023952, 0.037621, 0.029712, 0.015784, 0.006257, 0.002722], [0.050869, 0.081217, 0.064441, 0.033862, 0.013456, 0.005812], [0.054669, 0.087552, 0.069263, 0.036875, 0.014363, 0.00628], [0.039484, 0.062871, 0.049646, 0.026365, 0.010535, 0.004376], [0.021419, 0.033844, 0.026944, 0.014189, 0.005541, 0.002463], [0.01364, 0.022075, 0.017273, 0.009293, 0.003757, 0.001578]], "Vasco da Gama / RJ": [[0.051551, 0.083461, 0.067624, 0.036405, 0.014784, 0.006469], [0.069257, 0.112363, 0.091464, 0.049158, 0.019859, 0.00881], [0.04667, 0.07542, 0.061072, 0.033191, 0.013532, 0.005763], [0.021057, 0.03374, 0.027515, 0.014623, 0.005998, 0.002584], [0.007054, 0.01138, 0.009242, 0.00506, 0.00203, 0.000857], [0.002324, 0.003952, 0.003085, 0.001666, 0.000669, 0.000311]]},