{"Vasco da Gama / RJ": {"Cruzeiro / MG": [[0.050483, 0.10048, 0.09905, 0.064193, 0.030723, 0.016817], [0.040914, 0.090682, 0.100129, 0.072023, 0.038996, 0.024544], [0.016635, 0.040518, 0.048998, 0.039899, 0.023655, 0.017505], [0.004385, 0.011941, 0.015971, 0.014125, 0.009234, 0.008005], [0.000948, 0.002716, 0.003801, 0.003604, 0.002586, 0.002587], [0.000186, 0.000512, 0.000837, 0.000829, 0.000666, 0.000823]], "N\u00e1utico / PE": [[0.088138, 0.046011, 0.011965, 0.002083, 0.000275, 3.2e-05], [0.164654, 0.089469, 0.024594, 0.004411, 0.000608, 7.2e-05], [0.152069, 0.087382, 0.024885, 0.00492, 0.000659, 9.2e-05], [0.092928, 0.056843, 0.01754, 0.003447, 0.000503, 7.1e-05], [0.042695, 0.028043, 0.009078, 0.001986, 0.00031, 5.4e-05], [0.021361, 0.015564, 0.005661, 0.001311, 0.000248, 3.8e-05]]}, "Fluminense / RJ": {"Atl\u00e9tico / MG": [[0.229977, 0.077888, 0.01326, 0.001493, 0.000111, 4e-06], [0.251595, 0.093448, 0.01718, 0.001969, 0.000204, 1.8e-05], [0.137197, 0.056442, 0.011289, 0.001455, 0.000163, 1.1e-05], [0.049889, 0.022582, 0.004951, 0.000695, 6.7e-05, 7e-06], [0.013434, 0.006585, 0.001716, 0.000255, 2.9e-05, 1e-06], [0.003529, 0.001881, 0.00056, 0.000101, 1.3e-05, 1e-06]]}, "Corinthians / SP": {"Internacional / RS": [[0.295062, 0.085378, 0.012279, 0.001189, 8.2e-05, 1e-06], [0.266262, 0.085545, 0.013817, 0.001419, 9.8e-05, 5e-06], [0.11911, 0.043066, 0.007669, 0.000864, 8e-05, 8e-06], [0.035188, 0.014524, 0.002854, 0.000351, 2e-05, 7e-06], [0.00788, 0.00363, 0.000756, 0.000122, 1.8e-05, 0.0], [0.00162, 0.000844, 0.000213, 3.4e-05, 5e-06, 0.0]]}, "Vit\u00f3ria / BA": {"Flamengo / RJ": [[0.131945, 0.100954, 0.039138, 0.010051, 0.001958, 0.000328], [0.155216, 0.129128, 0.054293, 0.01506, 0.003101, 0.000601], [0.090663, 0.08325, 0.037401, 0.010935, 0.002504, 0.000487], [0.03515, 0.035088, 0.017005, 0.005256, 0.001235, 0.000301], [0.010205, 0.010968, 0.005765, 0.001888, 0.000501, 0.000132], [0.003125, 0.003374, 0.002002, 0.000724, 0.000211, 5.7e-05]]}, "Gr\u00eamio / RS": {"Goi\u00e1s / GO": [[0.153932, 0.105208, 0.035707, 0.008084, 0.001393, 0.000223], [0.174781, 0.127576, 0.046131, 0.011087, 0.002082, 0.000345], [0.09962, 0.077136, 0.029465, 0.007218, 0.001446, 0.00025], [0.037651, 0.030901, 0.012744, 0.003396, 0.000662, 0.000107], [0.010813, 0.009196, 0.004071, 0.001148, 0.000242, 4e-05], [0.002918, 0.00278, 0.001169, 0.000375, 8.7e-05, 1.6e-05]]}, "Ponte Preta / SP": {"Gr\u00eamio / RS": [[0.107358, 0.139162, 0.089272, 0.038276, 0.012135, 0.004018], [0.095313, 0.128796, 0.086449, 0.03887, 0.013167, 0.004396], [0.04272, 0.059864, 0.041608, 0.019239, 0.006728, 0.002429], [0.012788, 0.018415, 0.013488, 0.006527, 0.002328, 0.000874], [0.002761, 0.004243, 0.003328, 0.001688, 0.000617, 0.000236], [0.00058, 0.000994, 0.000741, 0.000394, 0.000142, 5.6e-05]], "Portuguesa / SP": [[0.099984, 0.111819, 0.062992, 0.023575, 0.006654, 0.001726], [0.100113, 0.130923, 0.083046, 0.034854, 0.010946, 0.00333], [0.049793, 0.073823, 0.054082, 0.025171, 0.008579, 0.002911], [0.0164, 0.027314, 0.022343, 0.011422, 0.004369, 0.001659], [0.004102, 0.007674, 0.006921, 0.003972, 0.001635, 0.000669], [0.000943, 0.002121, 0.001969, 0.00128, 0.000601, 0.000285]]}, "Crici\u00fama / SC": {"Vit\u00f3ria / BA": [[0.024247, 0.047746, 0.04635, 0.030094, 0.014788, 0.008225], [0.038601, 0.07989, 0.081912, 0.056191, 0.028558, 0.017029], [0.030914, 0.066538, 0.071932, 0.051502, 0.027713, 0.017299], [0.016357, 0.037292, 0.042033, 0.031629, 0.017545, 0.012206], [0.006445, 0.015397, 0.018447, 0.014408, 0.00841, 0.006217], [0.002723, 0.007054, 0.00889, 0.007318, 0.004568, 0.003532]], "S\u00e3o Paulo / SP": [[0.095798, 0.12584, 0.082697, 0.036404, 0.012158, 0.004017], [0.098574, 0.130165, 0.085474, 0.037677, 0.01237, 0.004205], [0.050438, 0.066332, 0.044101, 0.019382, 0.006294, 0.002151], [0.017428, 0.023002, 0.015186, 0.006587, 0.00218, 0.000675], [0.004425, 0.005849, 0.003892, 0.001748, 0.000558, 0.000193], [0.001105, 0.001482, 0.001031, 0.000402, 0.000143, 3.7e-05]]}, "Cruzeiro / MG": {"Bahia / BA": [[0.04005, 0.023561, 0.006769, 0.001379, 0.000216, 2.8e-05], [0.103969, 0.062084, 0.018445, 0.003692, 0.000543, 5.8e-05], [0.134341, 0.083289, 0.025609, 0.005226, 0.000845, 0.0001], [0.113654, 0.074735, 0.024221, 0.005209, 0.000734, 0.000118], [0.072479, 0.050073, 0.016839, 0.00374, 0.000643, 8.4e-05], [0.060233, 0.045196, 0.016722, 0.004228, 0.000769, 0.000119]]}, "Coritiba / PR": {"Botafogo / RJ": [[0.078776, 0.084374, 0.045006, 0.015837, 0.004323, 0.001131], [0.095164, 0.122476, 0.076831, 0.031417, 0.009637, 0.002799], [0.057071, 0.086003, 0.062368, 0.029123, 0.009995, 0.003332], [0.02287, 0.03991, 0.032884, 0.017155, 0.006568, 0.002489], [0.007064, 0.013555, 0.012413, 0.007457, 0.003212, 0.001385], [0.002141, 0.004526, 0.004954, 0.003305, 0.001607, 0.000842]]}, "Santos / SP": {"Fluminense / RJ": [[0.183433, 0.088523, 0.021722, 0.003431, 0.000421, 4.7e-05], [0.212568, 0.112639, 0.029855, 0.005207, 0.00069, 6.2e-05], [0.122655, 0.071273, 0.02044, 0.003826, 0.000511, 5.7e-05], [0.046989, 0.02967, 0.009093, 0.001906, 0.000274, 3.4e-05], [0.013555, 0.009223, 0.003073, 0.000629, 0.000113, 2.2e-05], [0.003819, 0.002863, 0.001055, 0.000269, 4.4e-05, 9e-06]], "Athletico Paranaense / PR": [[0.077878, 0.065958, 0.027779, 0.007911, 0.001639, 0.000318], [0.124372, 0.113031, 0.051525, 0.015591, 0.003518, 0.000773], [0.100601, 0.097833, 0.04656, 0.014657, 0.003566, 0.000811], [0.054272, 0.055715, 0.028429, 0.009434, 0.002393, 0.00056], [0.021719, 0.023914, 0.012947, 0.004555, 0.001194, 0.000297], [0.009355, 0.011041, 0.006456, 0.002532, 0.000685, 0.000181]]}, "Botafogo / RJ": {"Crici\u00fama / SC": [[0.052227, 0.047631, 0.02195, 0.006685, 0.001552, 0.000347], [0.100914, 0.097617, 0.046885, 0.014982, 0.003639, 0.000768], [0.097592, 0.100012, 0.050267, 0.017037, 0.004218, 0.001065], [0.062932, 0.068397, 0.036269, 0.012714, 0.003389, 0.000853], [0.030243, 0.034358, 0.019291, 0.007254, 0.002051, 0.000546], [0.016654, 0.020321, 0.012452, 0.005015, 0.001451, 0.000422]]}, "Flamengo / RJ": {"Corinthians / SP": [[0.23651, 0.156769, 0.052424, 0.011502, 0.001934, 0.000294], [0.184049, 0.122287, 0.040919, 0.00901, 0.001486, 0.000224], [0.071108, 0.047681, 0.015552, 0.003422, 0.000581, 6.9e-05], [0.018494, 0.012362, 0.004136, 0.000893, 0.000166, 3e-05], [0.003557, 0.002338, 0.000748, 0.000178, 2.9e-05, 6e-06], [0.000631, 0.000441, 0.00013, 3.1e-05, 9e-06, 0.0]], "Cruzeiro / MG": [[0.06241, 0.110883, 0.097342, 0.056697, 0.024997, 0.011953], [0.057103, 0.107175, 0.099054, 0.061473, 0.028446, 0.014799], [0.025815, 0.051164, 0.050384, 0.033085, 0.016136, 0.008977], [0.007962, 0.016358, 0.016981, 0.011613, 0.005969, 0.003559], [0.00178, 0.003973, 0.004219, 0.003093, 0.001679, 0.001088], [0.000379, 0.000886, 0.001032, 0.000798, 0.000436, 0.000302]]}, "S\u00e3o Paulo / SP": {"Coritiba / PR": [[0.133148, 0.091608, 0.031354, 0.007058, 0.001363, 0.000182], [0.167215, 0.125093, 0.046344, 0.011404, 0.00201, 0.000347], [0.104483, 0.084189, 0.033871, 0.00883, 0.001697, 0.000312], [0.043499, 0.037781, 0.016359, 0.004682, 0.000956, 0.000156], [0.013592, 0.012747, 0.00595, 0.001768, 0.000401, 6.7e-05], [0.004197, 0.004298, 0.002079, 0.000726, 0.000188, 4.6e-05]], "Botafogo / RJ": [[0.0794, 0.100977, 0.063956, 0.027428, 0.008637, 0.002795], [0.090027, 0.124641, 0.085641, 0.038839, 0.013422, 0.004591], [0.051263, 0.076003, 0.056627, 0.027264, 0.010048, 0.00372], [0.019357, 0.031318, 0.024555, 0.012903, 0.004994, 0.001978], [0.005557, 0.009489, 0.008129, 0.004405, 0.001834, 0.00078], [0.001556, 0.002817, 0.002584, 0.001493, 0.000668, 0.000304]]},