{"Oeste / SP": {"Oper\u00e1rio / PR": [[0.197809, 0.104418, 0.02718, 0.004789, 0.000636, 6.7e-05], [0.143137, 0.148348, 0.058948, 0.013658, 0.002264, 0.000305], [0.051637, 0.079631, 0.04887, 0.015913, 0.00338, 0.000581], [0.01259, 0.025972, 0.021521, 0.009718, 0.002808, 0.000629], [0.002261, 0.005852, 0.006279, 0.003765, 0.001315, 0.000424], [0.000343, 0.001131, 0.001622, 0.001279, 0.000653, 0.000267]]}, "Am\u00e9rica / MG": {"Ava\u00ed / SC": [[0.072659, 0.055279, 0.020842, 0.005286, 0.001024, 0.000175], [0.107726, 0.109394, 0.052482, 0.016181, 0.003478, 0.000674], [0.078967, 0.102019, 0.059644, 0.022042, 0.005637, 0.001317], [0.03849, 0.059805, 0.042478, 0.018469, 0.005697, 0.001518], [0.014335, 0.025954, 0.021351, 0.010987, 0.003872, 0.001307], [0.005516, 0.011871, 0.011682, 0.007374, 0.003166, 0.001302]]}, "Figueirense / SC": {"Ponte Preta / SP": [[0.099298, 0.047988, 0.011921, 0.001868, 0.000232, 2.6e-05], [0.078866, 0.139911, 0.058319, 0.013838, 0.002148, 0.000282], [0.031771, 0.097051, 0.095317, 0.035515, 0.007734, 0.001352], [0.008559, 0.0367, 0.058649, 0.041955, 0.014118, 0.003479], [0.00177, 0.009582, 0.021236, 0.023425, 0.01367, 0.005261], [0.000327, 0.002216, 0.006617, 0.010249, 0.010006, 0.008744]]}, "CRB / AL": {"Cuiab\u00e1 / MT": [[0.069344, 0.070302, 0.035741, 0.012242, 0.00318, 0.000801], [0.07092, 0.115511, 0.081102, 0.035213, 0.010704, 0.00313], [0.036682, 0.081818, 0.077878, 0.043247, 0.016241, 0.005956], [0.012574, 0.035498, 0.043298, 0.031145, 0.014648, 0.006663], [0.003235, 0.010937, 0.016909, 0.014816, 0.008598, 0.00504], [0.000758, 0.003334, 0.006122, 0.006907, 0.005142, 0.004364]]}, "Guarani / SP": {"Juventude / RS": [[0.049204, 0.045753, 0.021345, 0.006585, 0.001474, 0.000367], [0.071396, 0.098101, 0.059901, 0.022997, 0.006461, 0.001611], [0.051779, 0.092729, 0.074212, 0.035445, 0.011925, 0.00376], [0.024888, 0.055603, 0.055787, 0.032973, 0.01362, 0.005147], [0.008817, 0.024359, 0.028552, 0.020736, 0.009852, 0.004743], [0.003484, 0.010848, 0.016103, 0.014631, 0.008848, 0.005964]]}, "Botafogo / SP": {"Oper\u00e1rio / PR": [[0.211509, 0.066591, 0.010483, 0.00114, 7.9e-05, 7e-06], [0.182435, 0.137429, 0.034039, 0.0051, 0.000447, 4.2e-05], [0.078754, 0.092937, 0.040474, 0.008557, 0.001068, 0.000127], [0.022407, 0.036798, 0.023386, 0.007568, 0.001347, 0.000214], [0.004895, 0.010115, 0.008271, 0.003886, 0.001023, 0.000175], [0.00095, 0.002515, 0.002675, 0.00169, 0.000652, 0.000215]]}, "Paran\u00e1 / PR": {"Cruzeiro / MG": [[0.083562, 0.096728, 0.055353, 0.021631, 0.006389, 0.001813], [0.076512, 0.122915, 0.090927, 0.042927, 0.014663, 0.005015], [0.034417, 0.071688, 0.066468, 0.038374, 0.015631, 0.006371], [0.010554, 0.026422, 0.030247, 0.021013, 0.009955, 0.004898], [0.002368, 0.006976, 0.009432, 0.00795, 0.004505, 0.002737], [0.000492, 0.001806, 0.00291, 0.002846, 0.001915, 0.00159]]}, "Brasil / RS": {"Vit\u00f3ria / BA": [[0.184482, 0.120071, 0.039258, 0.008512, 0.001414, 0.000196], [0.172996, 0.131259, 0.048869, 0.011847, 0.00216, 0.000346], [0.081249, 0.07009, 0.029662, 0.008029, 0.001593, 0.000293], [0.025494, 0.024847, 0.011533, 0.003475, 0.000793, 0.000168], [0.005841, 0.00639, 0.003349, 0.001084, 0.000264, 5.8e-05], [0.001339, 0.001605, 0.000957, 0.000363, 9.5e-05, 1.9e-05]]}, "N\u00e1utico / PE": {"CSA / AL": [[0.149226, 0.091765, 0.028467, 0.005762, 0.000858, 0.00012], [0.152288, 0.133204, 0.053426, 0.013543, 0.002385, 0.000429], [0.077414, 0.088769, 0.045357, 0.013861, 0.003089, 0.000568], [0.026385, 0.036784, 0.023346, 0.008675, 0.002277, 0.000506], [0.006686, 0.011078, 0.008218, 0.003791, 0.001147, 0.000305], [0.001635, 0.003224, 0.003021, 0.001572, 0.000608, 0.000211]]}, "Sampaio Corr\u00eaa / MA": {"Oeste / SP": [[0.063771, 0.040619, 0.012944, 0.002669, 0.000411, 6.2e-05], [0.083689, 0.103889, 0.048982, 0.013711, 0.002682, 0.000489], [0.055365, 0.102646, 0.07426, 0.028896, 0.007423, 0.001592], [0.024218, 0.059927, 0.05994, 0.032532, 0.010981, 0.003068], [0.008028, 0.024526, 0.031831, 0.022818, 0.010218, 0.003829], [0.002628, 0.010205, 0.017355, 0.016546, 0.010527, 0.006723]]}, "Chapecoense / SC": {"Confian\u00e7a / SE": [[0.107723, 0.064642, 0.02016, 0.004117, 0.000637, 6.1e-05], [0.098089, 0.135347, 0.064246, 0.017706, 0.003442, 0.000544], [0.044992, 0.097354, 0.077966, 0.030993, 0.007869, 0.001643], [0.013792, 0.040308, 0.046572, 0.027698, 0.009632, 0.00274], [0.003238, 0.011596, 0.01771, 0.014445, 0.007038, 0.002732], [0.000679, 0.003171, 0.006165, 0.006941, 0.004792, 0.00322]]}}