{"Ponte Preta / SP": {"Brasil / RS": [[0.181429, 0.108428, 0.032554, 0.006409, 0.000965, 0.000145], [0.144782, 0.141907, 0.059401, 0.015075, 0.00274, 0.000429], [0.058397, 0.080019, 0.04609, 0.015233, 0.003469, 0.000688], [0.015665, 0.027283, 0.020406, 0.008737, 0.002454, 0.00058], [0.003152, 0.006696, 0.006339, 0.003259, 0.001212, 0.000344], [0.000598, 0.001545, 0.001679, 0.001163, 0.000517, 0.000211]]}, "Red Bull Bragantino / SP": {"CRB / AL": [[0.050631, 0.047383, 0.021712, 0.007053, 0.00155, 0.000335], [0.104322, 0.096517, 0.045256, 0.013813, 0.003281, 0.000715], [0.106783, 0.099146, 0.046049, 0.014376, 0.003279, 0.00074], [0.072967, 0.067774, 0.031443, 0.00968, 0.002226, 0.0005], [0.037557, 0.034968, 0.016256, 0.004991, 0.001162, 0.000241], [0.02254, 0.021056, 0.009895, 0.002974, 0.000683, 0.000146]]}, "Oeste / SP": {"Crici\u00fama / SC": [[0.165209, 0.119544, 0.043515, 0.010449, 0.001848, 0.000295], [0.142932, 0.137981, 0.0632, 0.018339, 0.003996, 0.00074], [0.061072, 0.075142, 0.042008, 0.014604, 0.003737, 0.000802], [0.017414, 0.02585, 0.017357, 0.007183, 0.002137, 0.000575], [0.003812, 0.006606, 0.005168, 0.002487, 0.0008, 0.000289], [0.000737, 0.001493, 0.001399, 0.000827, 0.00033, 0.000123]]}, "Atl\u00e9tico / GO": {"Sport / PE": [[0.230556, 0.13895, 0.041464, 0.00835, 0.001225, 0.00017], [0.09407, 0.163109, 0.079549, 0.0224, 0.004396, 0.000699], [0.019446, 0.054804, 0.0534, 0.022719, 0.005976, 0.001233], [0.002689, 0.010246, 0.015794, 0.0114, 0.004185, 0.001316], [0.000256, 0.001397, 0.002709, 0.002998, 0.001773, 0.000745], [2.5e-05, 0.00014, 0.000404, 0.000553, 0.000474, 0.00038]]}, "Paran\u00e1 / PR": {"Botafogo / SP": [[0.257131, 0.171032, 0.057245, 0.012542, 0.002168, 0.000304], [0.17789, 0.118024, 0.039446, 0.008782, 0.001477, 0.000227], [0.061835, 0.041282, 0.013849, 0.003033, 0.000541, 8.1e-05], [0.014111, 0.009482, 0.0032, 0.000727, 0.000125, 1.4e-05], [0.002421, 0.00162, 0.000531, 0.00011, 2.1e-05, 2e-06], [0.000371, 0.000261, 8.5e-05, 2.3e-05, 6e-06, 1e-06]]}, "Londrina / PR": {"Guarani / SP": [[0.177786, 0.159089, 0.070629, 0.021366, 0.004745, 0.000985], [0.124166, 0.135076, 0.071184, 0.024387, 0.005921, 0.001447], [0.042777, 0.055461, 0.034368, 0.013428, 0.003741, 0.001007], [0.010297, 0.014828, 0.010323, 0.004628, 0.001454, 0.000435], [0.001762, 0.002889, 0.002352, 0.001188, 0.000401, 0.000153], [0.000273, 0.000525, 0.0005, 0.000274, 0.000112, 4.3e-05]]}, "Figueirense / SC": {"Oper\u00e1rio / PR": [[0.261534, 0.146871, 0.041286, 0.007629, 0.001025, 0.000122], [0.164011, 0.132056, 0.048508, 0.010859, 0.001879, 0.000283], [0.051457, 0.053531, 0.025106, 0.007159, 0.001516, 0.000256], [0.010745, 0.014, 0.008067, 0.00285, 0.000666, 0.00014], [0.001706, 0.002566, 0.001849, 0.000759, 0.00021, 5.4e-05], [0.000263, 0.000421, 0.000386, 0.000161, 5.1e-05, 1.8e-05]]}, "Am\u00e9rica / MG": {"S\u00e3o Bento / SP": [[0.095295, 0.075725, 0.029887, 0.00782, 0.001544, 0.000289], [0.126984, 0.122257, 0.057008, 0.01729, 0.003893, 0.00077], [0.084425, 0.095918, 0.051857, 0.018141, 0.004539, 0.001074], [0.036902, 0.048687, 0.030501, 0.01202, 0.00343, 0.000913], [0.012395, 0.018218, 0.0128, 0.005872, 0.001791, 0.000538], [0.0041, 0.007036, 0.005725, 0.002905, 0.001057, 0.000394]]}, "Vit\u00f3ria / BA": {"Coritiba / PR": [[0.121749, 0.136363, 0.076145, 0.028498, 0.007938, 0.00221], [0.075419, 0.129661, 0.097118, 0.045619, 0.015542, 0.004993], [0.023044, 0.053977, 0.053763, 0.032181, 0.013114, 0.00538], [0.00469, 0.013816, 0.017613, 0.013104, 0.006641, 0.003299], [0.000733, 0.002582, 0.00397, 0.003743, 0.002277, 0.00145], [0.0001, 0.000392, 0.000727, 0.000902, 0.000661, 0.000586]]}, "Cuiab\u00e1 / MT": {"Vila Nova / GO": [[0.163348, 0.11023, 0.037457, 0.00852, 0.001475, 0.00021], [0.183005, 0.12628, 0.043419, 0.009921, 0.001663, 0.000286], [0.10268, 0.072201, 0.025254, 0.005955, 0.001019, 0.00017], [0.038589, 0.027356, 0.009688, 0.002424, 0.000377, 6.5e-05], [0.010779, 0.007855, 0.002855, 0.000665, 0.000131, 2.6e-05], [0.002902, 0.002181, 0.000789, 0.000188, 3.5e-05, 2e-06]], "Figueirense / SC": [[0.210937, 0.131583, 0.040607, 0.00864, 0.001305, 0.000171], [0.16147, 0.13639, 0.053092, 0.013493, 0.002459, 0.000362], [0.062016, 0.065857, 0.031576, 0.009536, 0.002134, 0.000413], [0.015707, 0.020249, 0.01161, 0.004119, 0.001067, 0.000229], [0.002936, 0.004475, 0.00314, 0.001264, 0.00035, 8e-05], [0.000487, 0.000956, 0.00078, 0.000334, 0.000128, 4.8e-05]]}}