{"Cruzeiro / MG": {"Oper\u00e1rio / PR": [[0.215733, 0.107974, 0.026992, 0.004563, 0.00059, 6e-05], [0.211463, 0.117756, 0.032163, 0.005904, 0.000785, 8.4e-05], [0.10316, 0.063047, 0.018961, 0.003818, 0.000518, 7.7e-05], [0.033297, 0.022648, 0.00733, 0.001634, 0.000252, 3.3e-05], [0.008118, 0.005997, 0.002198, 0.000498, 8.6e-05, 1.3e-05], [0.001867, 0.001579, 0.000617, 0.000156, 2.4e-05, 5e-06]], "N\u00e1utico / PE": [[0.145176, 0.077391, 0.020606, 0.003557, 0.000483, 5.6e-05], [0.186024, 0.115607, 0.035468, 0.006858, 0.001018, 0.000152], [0.116558, 0.086595, 0.030052, 0.006657, 0.001134, 0.000166], [0.04857, 0.04211, 0.016997, 0.004439, 0.000768, 0.000139], [0.015056, 0.01487, 0.006928, 0.001982, 0.000441, 6.6e-05], [0.004483, 0.005257, 0.003014, 0.001049, 0.00021, 6.3e-05]]}, "Ava\u00ed / SC": {"Juventude / RS": [[0.058649, 0.098026, 0.079818, 0.043418, 0.017955, 0.00793], [0.062993, 0.110506, 0.096407, 0.056185, 0.024175, 0.011703], [0.033714, 0.06299, 0.058044, 0.035602, 0.016253, 0.008195], [0.011938, 0.023465, 0.023326, 0.015113, 0.007224, 0.003963], [0.003208, 0.006711, 0.00692, 0.004591, 0.002312, 0.001381], [0.000817, 0.00185, 0.001967, 0.001405, 0.000742, 0.000504]], "Guarani / SP": [[0.103998, 0.117993, 0.067182, 0.025822, 0.007185, 0.0021], [0.105588, 0.131198, 0.08154, 0.033548, 0.010201, 0.00317], [0.052993, 0.072741, 0.049077, 0.02158, 0.007087, 0.002341], [0.018068, 0.026356, 0.019059, 0.009037, 0.003201, 0.001168], [0.004597, 0.007141, 0.005602, 0.002888, 0.001103, 0.000399], [0.001111, 0.001906, 0.001661, 0.000875, 0.000341, 0.000143]]}, "CSA / AL": {"Ava\u00ed / SC": [[0.061801, 0.061718, 0.030295, 0.009991, 0.002423, 0.000587], [0.11088, 0.109839, 0.054676, 0.018014, 0.004422, 0.001066], [0.099325, 0.097664, 0.048569, 0.016037, 0.004009, 0.000976], [0.059444, 0.058695, 0.029254, 0.009542, 0.002391, 0.000544], [0.026669, 0.02635, 0.01302, 0.004325, 0.001059, 0.000261], [0.013426, 0.013411, 0.006418, 0.002224, 0.000538, 0.000137]], "Brasil / RS": [[0.132077, 0.072927, 0.020362, 0.00375, 0.000559, 6.9e-05], [0.185714, 0.111125, 0.033176, 0.006509, 0.000989, 0.000132], [0.130693, 0.084394, 0.0265, 0.005642, 0.000867, 0.000124], [0.061701, 0.042563, 0.014505, 0.003176, 0.000533, 5.8e-05], [0.021354, 0.015835, 0.005717, 0.001435, 0.000251, 4.6e-05], [0.007648, 0.006212, 0.002536, 0.000652, 0.000145, 2.4e-05]]}, "Ponte Preta / SP": {"CRB / AL": [[0.038471, 0.049556, 0.031496, 0.013479, 0.004227, 0.001407], [0.071837, 0.096375, 0.064872, 0.029194, 0.009515, 0.003135], [0.065158, 0.093226, 0.066297, 0.031369, 0.010942, 0.004011], [0.03987, 0.05961, 0.044943, 0.021945, 0.008132, 0.003139], [0.018265, 0.028736, 0.022595, 0.011747, 0.004486, 0.001884], [0.009351, 0.015814, 0.01328, 0.007389, 0.002915, 0.001332]], "N\u00e1utico / PE": [[0.074426, 0.065961, 0.028393, 0.00836, 0.001858, 0.000389], [0.120909, 0.113247, 0.052704, 0.016509, 0.003801, 0.000865], [0.0985, 0.098267, 0.048139, 0.015791, 0.003923, 0.00092], [0.052961, 0.055984, 0.029199, 0.00996, 0.002551, 0.000622], [0.021139, 0.024001, 0.013345, 0.00491, 0.001295, 0.000326], [0.009133, 0.011309, 0.006627, 0.002673, 0.000802, 0.000201]]}, "Oeste / SP": {"Oper\u00e1rio / PR": [[0.224617, 0.181222, 0.073237, 0.019395, 0.004055, 0.000768], [0.153451, 0.124302, 0.050598, 0.013713, 0.002729, 0.000527], [0.052814, 0.042906, 0.017376, 0.004697, 0.000931, 0.000176], [0.012029, 0.009663, 0.004061, 0.001057, 0.00023, 4.1e-05], [0.002065, 0.001711, 0.000709, 0.000168, 3.9e-05, 4e-06], [0.000313, 0.000262, 0.000101, 2.3e-05, 9e-06, 1e-06]], "Confian\u00e7a / SE": [[0.115459, 0.158789, 0.109307, 0.050407, 0.017185, 0.006081], [0.084849, 0.121916, 0.087955, 0.041864, 0.015042, 0.005622], [0.03168, 0.046939, 0.03524, 0.017396, 0.006503, 0.002531], [0.007743, 0.012023, 0.009454, 0.004808, 0.001918, 0.000828], [0.001438, 0.002271, 0.001862, 0.001017, 0.000397, 0.000178], [0.000245, 0.000413, 0.000348, 0.000173, 7.9e-05, 4e-05]], "Paran\u00e1 / PR": [[0.085159, 0.116861, 0.08072, 0.036594, 0.012464, 0.004324], [0.092937, 0.127429, 0.087647, 0.040201, 0.013549, 0.004738], [0.050837, 0.069592, 0.047558, 0.021778, 0.007305, 0.002597], [0.018285, 0.025443, 0.017316, 0.007878, 0.002755, 0.00097], [0.00504, 0.006816, 0.004818, 0.002123, 0.000761, 0.000262], [0.001298, 0.001816, 0.001275, 0.000579, 0.000198, 7.7e-05]]}, "Oper\u00e1rio / PR": {"CRB / AL": [[0.080366, 0.051967, 0.016762, 0.003549, 0.000577, 6.3e-05], [0.145342, 0.099228, 0.033421, 0.00749, 0.001276, 0.000165], [0.13163, 0.094296, 0.033839, 0.008039, 0.00137, 0.000228], [0.078838, 0.060122, 0.022876, 0.00566, 0.001129, 0.000183], [0.035236, 0.028705, 0.011647, 0.00307, 0.00059, 9.2e-05], [0.017641, 0.015391, 0.006849, 0.001873, 0.000412, 7.8e-05]], "Chapecoense / SC": [[0.161847, 0.157128, 0.076966, 0.02543, 0.006053, 0.001402], [0.132613, 0.133973, 0.066684, 0.022367, 0.005584, 0.001377], [0.054889, 0.057059, 0.029037, 0.010097, 0.002594, 0.000608], [0.01483, 0.015977, 0.008421, 0.003043, 0.000821, 0.000212], [0.003085, 0.003386, 0.001789, 0.00069, 0.000164, 5.1e-05], [0.000578, 0.000658, 0.000388, 0.000152, 3.5e-05, 1.2e-05]]}, "Juventude / RS": {"Cruzeiro / MG": [[0.197598, 0.13153, 0.044017, 0.009806, 0.001716, 0.000233], [0.155907, 0.137045, 0.056254, 0.014988, 0.002949, 0.000561], [0.061246, 0.066819, 0.033848, 0.010559, 0.002417, 0.000467], [0.016123, 0.020878, 0.012583, 0.004565, 0.001193, 0.00032], [0.003141, 0.00485, 0.0034, 0.001458, 0.000436, 0.000117], [0.0006, 0.000949, 0.000824, 0.00041, 0.00013, 6.3e-05]], "Figueirense / SC": [[0.101723, 0.049152, 0.011869, 0.001905, 0.000269, 3e-05], [0.173273, 0.093489, 0.025336, 0.00451, 0.000565, 6e-05], [0.144869, 0.089355, 0.026898, 0.005201, 0.000697, 8.3e-05], [0.08004, 0.057232, 0.019592, 0.004114, 0.00065, 8.6e-05], [0.031999, 0.026805, 0.010555, 0.002607, 0.000421, 6.8e-05], [0.013578, 0.013685, 0.006711, 0.002057, 0.000435, 8.1e-05]]}, "Vit\u00f3ria / BA": {"Botafogo / SP": [[0.285017, 0.089605, 0.014142, 0.001413, 0.000155, 5e-06], [0.25854, 0.091088, 0.015728, 0.001822, 0.000155, 1.4e-05], [0.116327, 0.045884, 0.008717, 0.001155, 0.000107, 1.2e-05], [0.034968, 0.015643, 0.003276, 0.000463, 5.1e-05, 2e-06], [0.008041, 0.003856, 0.000885, 0.000123, 1.2e-05, 0.0], [0.001624, 0.000892, 0.000235, 3.5e-05, 8e-06, 0.0]], "Chapecoense / SC": [[0.151106, 0.176137, 0.101919, 0.039319, 0.011212, 0.003126], [0.096036, 0.124989, 0.081004, 0.034789, 0.011154, 0.003438], [0.030659, 0.044158, 0.031625, 0.014872, 0.005118, 0.001831], [0.006262, 0.010177, 0.007959, 0.004243, 0.001644, 0.000634], [0.001026, 0.00179, 0.001521, 0.000873, 0.000343, 0.000143], [0.000139, 0.00026, 0.000244, 0.000164, 6.7e-05, 1.9e-05]]}, "Confian\u00e7a / SE": {"Am\u00e9rica / MG": [[0.238845, 0.24813, 0.127279, 0.042717, 0.011, 0.002552], [0.079958, 0.096432, 0.058874, 0.023439, 0.006979, 0.001928], [0.013524, 0.018804, 0.012945, 0.005889, 0.002015, 0.000694], [0.001518, 0.002342, 0.001852, 0.000958, 0.000371, 0.000151], [0.000112, 0.000224, 0.000199, 0.000111, 5.7e-05, 2.4e-05], [1.1e-05, 2e-05, 2.2e-05, 1.7e-05, 5e-06, 2e-06]], "Sampaio Corr\u00eaa / MA": [[0.050041, 0.091968, 0.084904, 0.051696, 0.023834, 0.012277], [0.054821, 0.103768, 0.097999, 0.061989, 0.02916, 0.015703], [0.029713, 0.057971, 0.056793, 0.037228, 0.018011, 0.010074], [0.01095, 0.021803, 0.022253, 0.01475, 0.007447, 0.004461], [0.002938, 0.006175, 0.006586, 0.004317, 0.002233, 0.001342], [0.000792, 0.001708, 0.001805, 0.001349, 0.000704, 0.000437]]}, "Cuiab\u00e1 / MT": {"Guarani / SP": [[0.123339, 0.060912, 0.014919, 0.002422, 0.000296, 3.3e-05], [0.188839, 0.101288, 0.026822, 0.00486, 0.000605, 6.8e-05], [0.143187, 0.085169, 0.024674, 0.004662, 0.000659, 7.9e-05], [0.071762, 0.047635, 0.015282, 0.003149, 0.000499, 7.9e-05], [0.026878, 0.019516, 0.006909, 0.001622, 0.00023, 3.9e-05], [0.010297, 0.008676, 0.003517, 0.000868, 0.000179, 3e-05]],