{"Flamengo / RJ": {"Crici\u00fama / SC": [[0.110249, 0.049305, 0.011076, 0.001721, 0.000164, 2e-05], [0.193029, 0.086293, 0.019537, 0.002912, 0.000326, 3e-05], [0.170026, 0.076167, 0.01725, 0.002618, 0.000306, 3.9e-05], [0.100093, 0.044555, 0.01003, 0.001557, 0.000169, 1.4e-05], [0.043802, 0.019826, 0.004384, 0.000674, 6.3e-05, 6e-06], [0.021545, 0.009654, 0.002201, 0.000327, 2.7e-05, 5e-06]], "Vit\u00f3ria / BA": [[0.072263, 0.061656, 0.026315, 0.007578, 0.001592, 0.000333], [0.127852, 0.109486, 0.046938, 0.013433, 0.002845, 0.000555], [0.113073, 0.096531, 0.041573, 0.01205, 0.002567, 0.000494], [0.067206, 0.057535, 0.024804, 0.007047, 0.001553, 0.000302], [0.029554, 0.025539, 0.010955, 0.003195, 0.00068, 0.000143], [0.014523, 0.01264, 0.005294, 0.001556, 0.000294, 4.6e-05]]}, "Fluminense / RJ": {"Chapecoense / SC": [[0.115692, 0.055003, 0.013124, 0.002072, 0.000207, 2.5e-05], [0.193092, 0.092664, 0.021989, 0.00344, 0.000396, 5.1e-05], [0.163867, 0.07754, 0.018516, 0.002934, 0.000375, 3.3e-05], [0.091735, 0.043965, 0.010467, 0.001632, 0.000208, 1.7e-05], [0.039175, 0.018286, 0.004341, 0.000667, 8e-05, 1.1e-05], [0.017563, 0.008506, 0.001981, 0.000309, 3.4e-05, 3e-06]], "Corinthians / SP": [[0.117728, 0.088909, 0.033784, 0.008507, 0.001615, 0.000267], [0.160951, 0.123286, 0.047105, 0.011852, 0.002229, 0.000384], [0.112249, 0.085247, 0.032867, 0.008121, 0.001541, 0.000319], [0.052016, 0.039411, 0.015017, 0.003809, 0.00079, 0.000141], [0.017935, 0.013526, 0.005237, 0.001324, 0.000248, 5.8e-05], [0.006321, 0.004787, 0.00186, 0.000466, 8e-05, 1.3e-05]]}, "S\u00e3o Paulo / SP": {"Internacional / RS": [[0.051308, 0.051329, 0.026133, 0.00875, 0.002247, 0.000525], [0.101204, 0.101298, 0.050787, 0.017174, 0.004365, 0.00106], [0.099103, 0.099183, 0.050075, 0.016877, 0.004104, 0.001085], [0.064651, 0.064939, 0.032732, 0.010946, 0.00281, 0.000725], [0.031835, 0.031928, 0.016226, 0.00536, 0.001318, 0.000326], [0.018107, 0.018391, 0.009007, 0.00312, 0.000784, 0.000188]], "Figueirense / SC": [[0.048505, 0.034061, 0.011924, 0.002876, 0.000489, 7.7e-05], [0.11257, 0.079167, 0.027697, 0.006611, 0.001223, 0.000192], [0.130549, 0.091691, 0.032082, 0.00756, 0.001245, 0.000204], [0.101893, 0.071443, 0.02489, 0.005847, 0.001033, 0.000167], [0.059223, 0.041195, 0.014663, 0.003371, 0.000598, 0.0001], [0.042976, 0.030477, 0.010477, 0.002433, 0.00041, 8.1e-05]]}, "Santos / SP": {"S\u00e3o Paulo / SP": [[0.074769, 0.084918, 0.049026, 0.018412, 0.005386, 0.00152], [0.107659, 0.123678, 0.070759, 0.026947, 0.007622, 0.002211], [0.078339, 0.09018, 0.051499, 0.019532, 0.005655, 0.001583], [0.038057, 0.044001, 0.02484, 0.009473, 0.002752, 0.000815], [0.013937, 0.015835, 0.009082, 0.003457, 0.001012, 0.000278], [0.005245, 0.006187, 0.003518, 0.001365, 0.000348, 0.000103]], "Botafogo / RJ": [[0.127887, 0.05969, 0.013531, 0.002225, 0.000223, 3.5e-05], [0.203086, 0.094401, 0.021934, 0.003338, 0.000391, 4.8e-05], [0.162231, 0.075564, 0.01757, 0.002761, 0.00031, 2.3e-05], [0.086168, 0.03997, 0.009302, 0.001462, 0.000187, 1.8e-05], [0.034206, 0.015952, 0.003703, 0.000549, 7.8e-05, 3e-06], [0.014555, 0.006733, 0.001599, 0.00023, 3.4e-05, 3e-06]]}, "Athletico Paranaense / PR": {"Santos / SP": [[0.117022, 0.100268, 0.043436, 0.012304, 0.002706, 0.000565], [0.15065, 0.129328, 0.055907, 0.01608, 0.003602, 0.000667], [0.096379, 0.082618, 0.03578, 0.010348, 0.002265, 0.000463], [0.041432, 0.035876, 0.015212, 0.004497, 0.000964, 0.000183], [0.013186, 0.011471, 0.004833, 0.00141, 0.000326, 5e-05], [0.004319, 0.003633, 0.001658, 0.000442, 0.000102, 1.8e-05]], "Goi\u00e1s / GO": [[0.149065, 0.088363, 0.026288, 0.004995, 0.000757, 0.000109], [0.195308, 0.115774, 0.034427, 0.006915, 0.001028, 0.000125], [0.128005, 0.075531, 0.022697, 0.004557, 0.000673, 0.000111], [0.055917, 0.032911, 0.00993, 0.001916, 0.000308, 4.8e-05], [0.018375, 0.010877, 0.003288, 0.000633, 8.3e-05, 1.2e-05], [0.00603, 0.003649, 0.001073, 0.000188, 3.3e-05, 1e-06]]}, "Atl\u00e9tico / MG": {"Flamengo / RJ": [[0.083495, 0.060786, 0.022182, 0.005396, 0.000995, 0.000167], [0.146397, 0.106575, 0.038994, 0.009695, 0.001736, 0.000295], [0.128743, 0.093556, 0.034221, 0.008219, 0.001502, 0.000253], [0.074821, 0.055007, 0.020114, 0.004845, 0.000842, 0.000141], [0.032608, 0.024008, 0.008842, 0.002181, 0.000385, 6.7e-05], [0.015858, 0.011538, 0.004287, 0.001009, 0.000198, 4.2e-05]], "Coritiba / PR": [[0.104737, 0.064391, 0.019675, 0.003962, 0.0007, 9.7e-05], [0.170843, 0.106025, 0.032501, 0.006715, 0.001066, 0.000142], [0.140875, 0.086881, 0.02687, 0.005472, 0.000841, 9.3e-05], [0.077066, 0.047638, 0.014563, 0.003043, 0.00048, 6.4e-05], [0.032069, 0.019671, 0.005965, 0.001239, 0.000187, 2.8e-05], [0.013951, 0.008735, 0.002774, 0.000555, 7.9e-05, 7e-06]]}, "Bahia / BA": {"Athletico Paranaense / PR": [[0.134537, 0.114488, 0.048196, 0.013531, 0.002893, 0.000542], [0.155399, 0.13167, 0.055818, 0.015694, 0.003276, 0.000648], [0.091029, 0.076635, 0.032406, 0.00909, 0.001883, 0.000339], [0.035031, 0.029513, 0.012572, 0.003486, 0.000763, 0.000145], [0.010118, 0.008725, 0.00367, 0.001007, 0.000249, 4.5e-05], [0.002835, 0.002371, 0.001038, 0.000285, 5.9e-05, 1.4e-05]], "Gr\u00eamio / RS": [[0.224327, 0.148022, 0.048246, 0.010673, 0.001762, 0.000265], [0.187688, 0.124017, 0.040889, 0.008903, 0.001514, 0.000246], [0.078281, 0.051419, 0.016964, 0.003623, 0.000645, 7.7e-05], [0.021788, 0.014272, 0.004736, 0.00098, 0.000179, 2.5e-05], [0.004466, 0.003015, 0.000966, 0.000206, 4.2e-05, 3e-06], [0.000894, 0.000617, 0.0002, 4.4e-05, 6e-06, 0.0]]}, "Internacional / RS": {"Atl\u00e9tico / MG": [[0.085941, 0.093681, 0.051313, 0.018445, 0.004958, 0.001337], [0.117605, 0.127205, 0.069265, 0.025225, 0.007001, 0.001837], [0.080141, 0.087269, 0.047283, 0.017138, 0.004751, 0.001218], [0.036466, 0.039789, 0.021464, 0.007841, 0.0021, 0.00056], [0.012724, 0.013456, 0.007297, 0.00273, 0.000763, 0.000191], [0.00443, 0.004748, 0.002634, 0.0009, 0.000234, 6e-05]], "Palmeiras / SP": [[0.07055, 0.047713, 0.015975, 0.003614, 0.000621, 8.5e-05], [0.13942, 0.09344, 0.031913, 0.007171, 0.0012, 0.00019], [0.138035, 0.092978, 0.031568, 0.007088, 0.001224, 0.000188], [0.090529, 0.061506, 0.020577, 0.004695, 0.000788, 0.000111], [0.045349, 0.030178, 0.010179, 0.002293, 0.000371, 7e-05], [0.025845, 0.017176, 0.00582, 0.001284, 0.000223, 3.3e-05]]}, "Crici\u00fama / SC": {"Bahia / BA": [[0.173754, 0.134838, 0.052325, 0.013333, 0.0025, 0.00045], [0.169413, 0.131394, 0.050743, 0.012828, 0.002562, 0.000442], [0.082559, 0.06391, 0.025329, 0.006189, 0.00125, 0.000183], [0.026977, 0.02078, 0.00802, 0.001963, 0.000402, 7.4e-05], [0.00664, 0.005168, 0.001956, 0.000531, 0.00011, 1.8e-05], [0.001523, 0.001223, 0.000479, 0.000103, 2.8e-05, 3e-06]], "Sport / PE": [[0.165198, 0.125482, 0.047655, 0.012022, 0.002305, 0.000386], [0.173274, 0.130012, 0.049394, 0.012616, 0.002365, 0.000411], [0.089203, 0.068002, 0.025871, 0.006576, 0.001221, 0.00022], [0.031018, 0.023482, 0.008905, 0.002233, 0.000426, 8.2e-05], [0.008069, 0.006309, 0.002269, 0.000627, 0.000107, 3e-05], [0.001998, 0.001499, 0.000557, 0.000147, 2.7e-05, 2e-06]]}, "Chapecoense / SC": {"Botafogo / RJ": [[0.171013, 0.08946, 0.023613, 0.003977, 0.000551, 5.9e-05], [0.212588, 0.111664, 0.029035, 0.005044, 0.000699, 5.7e-05], [0.131805, 0.069615, 0.01805, 0.003037, 0.000391, 4.6e-05], [0.054429, 0.028718, 0.007533, 0.001299, 0.000155, 1.2e-05], [0.016772, 0.008778, 0.002363, 0.000364, 5.1e-05, 9e-06], [0.005254, 0.0027, 0.000704, 0.000139, 1.6e-05, 0.0]], "Cruzeiro / MG": [[0.089239, 0.11537, 0.074403, 0.031981, 0.01037, 0.003357], [0.100802, 0.129869, 0.083871, 0.035886, 0.011441, 0.00376], [0.056434, 0.072991, 0.047212, 0.019883, 0.006605, 0.002154], [0.021134, 0.027365, 0.017531, 0.00747, 0.002392, 0.000784], [0.00601, 0.007674, 0.00497, 0.002163, 0.000616, 0.000238], [0.001604, 0.002184, 0.001376, 0.000611, 0.00019, 6e-05]]},