{"Cruzeiro / MG": {"Oper\u00e1rio / PR": [[0.191369, 0.140519, 0.052053, 0.012908, 0.002294, 0.000388], [0.159661, 0.133628, 0.05474, 0.014903, 0.002995, 0.00055], [0.066589, 0.062779, 0.028392, 0.008535, 0.001853, 0.00038], [0.01846, 0.019078, 0.009566, 0.003253, 0.000789, 0.000178], [0.003909, 0.00429, 0.00236, 0.00082, 0.00022, 6.5e-05], [0.000748, 0.000909, 0.000523, 0.000216, 6.4e-05, 1.6e-05]], "N\u00e1utico / PE": [[0.187566, 0.105242, 0.02975, 0.005721, 0.000794, 8.8e-05], [0.182206, 0.128684, 0.043329, 0.009531, 0.001493, 0.000208], [0.088359, 0.075631, 0.030328, 0.007685, 0.001423, 0.000225], [0.028152, 0.028597, 0.013504, 0.003941, 0.000819, 0.000164], [0.006696, 0.007978, 0.004311, 0.001436, 0.000342, 7.6e-05], [0.001497, 0.002126, 0.001352, 0.000565, 0.000149, 3.2e-05]]}, "Ava\u00ed / SC": {"Juventude / RS": [[0.078957, 0.11788, 0.088433, 0.043863, 0.016509, 0.006326], [0.073968, 0.119019, 0.095179, 0.050589, 0.020135, 0.008458], [0.034744, 0.059655, 0.051363, 0.028574, 0.011996, 0.005582], [0.010699, 0.019862, 0.018157, 0.010736, 0.004859, 0.002349], [0.002573, 0.005017, 0.004819, 0.003114, 0.001475, 0.000781], [0.00057, 0.001194, 0.001195, 0.000769, 0.000369, 0.000232]], "Guarani / SP": [[0.07599, 0.10162, 0.068966, 0.030569, 0.01031, 0.003431], [0.093459, 0.125722, 0.084286, 0.037837, 0.012645, 0.004428], [0.058173, 0.078174, 0.052271, 0.023326, 0.007725, 0.002688], [0.024006, 0.03198, 0.021472, 0.009635, 0.003224, 0.001101], [0.007353, 0.009982, 0.006564, 0.002977, 0.001035, 0.000374], [0.002245, 0.003104, 0.001981, 0.000888, 0.000341, 0.000118]]}, "CSA / AL": {"Brasil / RS": [[0.17874, 0.120899, 0.040436, 0.008882, 0.001518, 0.000256], [0.173972, 0.130524, 0.048225, 0.011712, 0.002238, 0.000351], [0.085167, 0.06977, 0.02834, 0.007647, 0.00147, 0.00027], [0.02754, 0.024988, 0.010915, 0.003127, 0.000636, 0.000126], [0.006683, 0.00661, 0.003134, 0.001031, 0.00021, 4.7e-05], [0.001564, 0.001673, 0.000913, 0.000291, 7.9e-05, 1.6e-05]]}, "Ponte Preta / SP": {"CRB / AL": [[0.066581, 0.086533, 0.056317, 0.024548, 0.007892, 0.002535], [0.090751, 0.121179, 0.080605, 0.035883, 0.011875, 0.00408], [0.061497, 0.084946, 0.057649, 0.026154, 0.008913, 0.003181], [0.028041, 0.039293, 0.02752, 0.012951, 0.004459, 0.001627], [0.00961, 0.013835, 0.009793, 0.004809, 0.001661, 0.000617], [0.003267, 0.004965, 0.003691, 0.001831, 0.000664, 0.000247]]}, "Oeste / SP": {"Oper\u00e1rio / PR": [[0.115314, 0.168818, 0.124023, 0.060297, 0.021962, 0.008403], [0.080473, 0.117257, 0.086034, 0.042077, 0.01552, 0.005878], [0.027983, 0.04095, 0.029641, 0.014328, 0.005313, 0.002001], [0.006487, 0.009412, 0.006866, 0.00347, 0.001289, 0.000474], [0.001163, 0.001637, 0.001262, 0.000589, 0.000228, 8.5e-05], [0.000165, 0.000275, 0.00019, 9.1e-05, 3.2e-05, 1.3e-05]], "Paran\u00e1 / PR": [[0.086209, 0.123696, 0.088562, 0.042855, 0.015168, 0.005735], [0.087445, 0.125067, 0.090704, 0.043352, 0.015514, 0.005816], [0.044551, 0.063624, 0.045736, 0.022039, 0.008039, 0.002859], [0.015033, 0.021577, 0.015442, 0.007272, 0.002688, 0.000976], [0.003693, 0.005555, 0.004022, 0.00193, 0.000709, 0.000263], [0.000912, 0.001319, 0.000944, 0.000457, 0.000178, 5.9e-05]]}, "Oper\u00e1rio / PR": {"Chapecoense / SC": [[0.256076, 0.223178, 0.097822, 0.027591, 0.006095, 0.001269], [0.113976, 0.11086, 0.053635, 0.016963, 0.00413, 0.000889], [0.025581, 0.027574, 0.014368, 0.004972, 0.001228, 0.00031], [0.003746, 0.004325, 0.002506, 0.00092, 0.000257, 6.9e-05], [0.000418, 0.000528, 0.000339, 0.000159, 4.5e-05, 1e-05], [3.9e-05, 5.4e-05, 4.4e-05, 1.8e-05, 3e-06, 3e-06]]}, "Juventude / RS": {"Figueirense / SC": [[0.12518, 0.100738, 0.04038, 0.01072, 0.002179, 0.000383], [0.149055, 0.12979, 0.056641, 0.016216, 0.003424, 0.000626], [0.088913, 0.083759, 0.039524, 0.012099, 0.002753, 0.00059], [0.03496, 0.035893, 0.017967, 0.006054, 0.001408, 0.000321], [0.010366, 0.011212, 0.00617, 0.002069, 0.000539, 0.000157], [0.003047, 0.003575, 0.00222, 0.000793, 0.000211, 6.8e-05]]}, "Vit\u00f3ria / BA": {"Botafogo / SP": [[0.16535, 0.123083, 0.045808, 0.011255, 0.002103, 0.000333], [0.161728, 0.133088, 0.054043, 0.014806, 0.002907, 0.000554], [0.078322, 0.071707, 0.03199, 0.009398, 0.002169, 0.0004], [0.025499, 0.025606, 0.01224, 0.003914, 0.000884, 0.000208], [0.006126, 0.006668, 0.003573, 0.001232, 0.000311, 6e-05], [0.001423, 0.001718, 0.000949, 0.00041, 0.00011, 2.5e-05]]}, "Confian\u00e7a / SE": {"Am\u00e9rica / MG": [[0.163092, 0.198747, 0.120969, 0.049801, 0.015123, 0.004487], [0.087111, 0.115574, 0.076917, 0.033798, 0.011174, 0.003709], [0.023012, 0.033255, 0.023838, 0.0113, 0.004025, 0.001448], [0.004084, 0.006516, 0.004778, 0.002602, 0.00098, 0.000424], [0.00052, 0.000924, 0.000741, 0.000415, 0.000161, 7.1e-05], [6.3e-05, 0.000103, 0.000121, 7.1e-05, 2.8e-05, 1.8e-05]], "Sampaio Corr\u00eaa / MA": [[0.080268, 0.117444, 0.086879, 0.042174, 0.015628, 0.005975], [0.084784, 0.124546, 0.091282, 0.044661, 0.016583, 0.006394], [0.044408, 0.065135, 0.04793, 0.023863, 0.008656, 0.003278], [0.015294, 0.022754, 0.017084, 0.008315, 0.003033, 0.001139], [0.004088, 0.006125, 0.004457, 0.002133, 0.000781, 0.000286], [0.001091, 0.001582, 0.001116, 0.000559, 0.000211, 6.4e-05]]}, "Cuiab\u00e1 / MT": {"Sampaio Corr\u00eaa / MA": [[0.086324, 0.102008, 0.060116, 0.023697, 0.00702, 0.002072], [0.11004, 0.129595, 0.076932, 0.02984, 0.008743, 0.002565], [0.069167, 0.082298, 0.048077, 0.018936, 0.005604, 0.001641], [0.029288, 0.034583, 0.020558, 0.008024, 0.00236, 0.000681], [0.009419, 0.01085, 0.006507, 0.002585, 0.000756, 0.000229], [0.002882, 0.003406, 0.002056, 0.000797, 0.000269, 7.5e-05]]}, "Am\u00e9rica / MG": {"Ava\u00ed / SC": [[0.150428, 0.081302, 0.022292, 0.003947, 0.000539, 6.2e-05], [0.195843, 0.113641, 0.033411, 0.00639, 0.000965, 0.000133], [0.125806, 0.080126, 0.02504, 0.005177, 0.000797, 0.000115], [0.053845, 0.036606, 0.012324, 0.002788, 0.000474, 8.2e-05], [0.017106, 0.012606, 0.004553, 0.001135, 0.000199, 2.4e-05], [0.005493, 0.004457, 0.001717, 0.000475, 7.8e-05, 2.4e-05]]}, "Figueirense / SC": {"Ponte Preta / SP": [[0.100421, 0.1207, 0.070971, 0.028076, 0.00821, 0.002394], [0.111859, 0.132689, 0.078573, 0.03106, 0.009211, 0.0027], [0.062012, 0.073514, 0.043457, 0.016901, 0.004983, 0.001438], [0.02288, 0.026956, 0.016037, 0.006354, 0.00189, 0.000513], [0.006248, 0.007545, 0.004455, 0.001756, 0.000512, 0.00015], [0.001752, 0.001989, 0.001158, 0.000461, 0.000138, 3.7e-05]]}, "CRB / AL": {"Cuiab\u00e1 / MT": [[0.092685, 0.127521, 0.089318, 0.041191, 0.014317, 0.005152], [0.08916, 0.1263, 0.089484, 0.042407, 0.014894, 0.005577], [0.042572, 0.062063, 0.045153, 0.021993, 0.008014, 0.002961], [0.013506, 0.020259, 0.01511, 0.007611, 0.002926, 0.001049], [0.003397, 0.004963, 0.003926, 0.001943, 0.00073, 0.00031], [0.000751, 0.001161, 0.000892, 0.000441, 0.000201, 6.2e-05]], "Figueirense / SC": [[0.132661, 0.129671, 0.063596, 0.020682, 0.005132, 0.001182], [0.133411, 0.135855, 0.068374, 0.023284, 0.005843, 0.00139], [0.066669, 0.070316, 0.036673, 0.012847, 0.003311, 0.000885], [0.022319, 0.024562, 0.013154, 0.004841, 0.001273, 0.000342], [0.005561, 0.006465, 0.003548, 0.00134, 0.000368, 9e-05], [0.001394, 0.001545, 0.000925, 0.000353, 0.000104, 3.4e-05]]}, "Guarani / SP": {"Juventude / RS": [[0.076785, 0.11154, 0.081587, 0.039682, 0.014374, 0.005451], [0.076302, 0.120011, 0.094274, 0.049024, 0.018952, 0.0078], [0.037995, 0.06394, 0.053503, 0.029573, 0.012027, 0.005419], [0.012744, 0.022883, 0.020001, 0.011785, 0.005155, 0.002392], [0.003217, 0.006194, 0.005657, 0.003625, 0.001645, 0.000862], [0.00073, 0.001483, 0.001557, 0.001018, 0.000521, 0.000292]],