{"Botafogo / RJ": {"Cruzeiro / MG": [[0.115039, 0.113507, 0.056911, 0.018678, 0.004789, 0.001121], [0.11224, 0.133945, 0.077765, 0.029168, 0.008307, 0.002233], [0.054563, 0.076055, 0.050984, 0.021859, 0.006776, 0.002075], [0.017782, 0.028353, 0.021303, 0.01045, 0.003666, 0.001218], [0.004262, 0.007814, 0.006509, 0.003669, 0.001367, 0.000554], [0.000993, 0.002053, 0.001955, 0.001243, 0.000527, 0.000267]]}, "Vasco da Gama / RJ": {"Ponte Preta / SP": [[0.224516, 0.085016, 0.01615, 0.001953, 0.00019, 1.6e-05], [0.221642, 0.112468, 0.026725, 0.004051, 0.000453, 4.1e-05], [0.108962, 0.069988, 0.020723, 0.003725, 0.000506, 4.3e-05], [0.035823, 0.028011, 0.009742, 0.002074, 0.000338, 4.4e-05], [0.008711, 0.007981, 0.003323, 0.000844, 0.000152, 2.3e-05], [0.002116, 0.002211, 0.001052, 0.000303, 6.8e-05, 1.6e-05]]}, "Santos / SP": {"Ava\u00ed / SC": [[0.194235, 0.05053, 0.00659, 0.000573, 4e-05, 2e-06], [0.247992, 0.08429, 0.013347, 0.001397, 0.000106, 2e-06], [0.158056, 0.066536, 0.013087, 0.00152, 0.000139, 1.5e-05], [0.067783, 0.033371, 0.007713, 0.001103, 0.000109, 6e-06], [0.021621, 0.012577, 0.003327, 0.00055, 6.2e-05, 6e-06], [0.006887, 0.004721, 0.001388, 0.00027, 4.7e-05, 2e-06]]}, "S\u00e3o Paulo / SP": {"Bahia / BA": [[0.14161, 0.036684, 0.004752, 0.000405, 3e-05, 4e-06], [0.154448, 0.125864, 0.027518, 0.00338, 0.000284, 1.6e-05], [0.084021, 0.115526, 0.052887, 0.01004, 0.001158, 0.000103], [0.030755, 0.058471, 0.042457, 0.014301, 0.002607, 0.000296], [0.00829, 0.0208, 0.02045, 0.010292, 0.002854, 0.000506], [0.002175, 0.006846, 0.009394, 0.006722, 0.002998, 0.001056]]}, "Atl\u00e9tico / MG": {"Gr\u00eamio / RS": [[0.067042, 0.119765, 0.106555, 0.063364, 0.028486, 0.014051], [0.049962, 0.101304, 0.100419, 0.065107, 0.032003, 0.017966], [0.018947, 0.042214, 0.045859, 0.032913, 0.017489, 0.010669], [0.004902, 0.011606, 0.013881, 0.010891, 0.006094, 0.004217], [0.000911, 0.002405, 0.00308, 0.002565, 0.001529, 0.001226], [0.000136, 0.000503, 0.000655, 0.000534, 0.000427, 0.000323]]}, "Athletico Paranaense / PR": {"Palmeiras / SP": [[0.032539, 0.056485, 0.049407, 0.028399, 0.012367, 0.005894], [0.054979, 0.095683, 0.082817, 0.047961, 0.020752, 0.00999], [0.046183, 0.080414, 0.070163, 0.040418, 0.017756, 0.008425], [0.026139, 0.044885, 0.0395, 0.022845, 0.009757, 0.004708], [0.011069, 0.01888, 0.016702, 0.009536, 0.004197, 0.002028], [0.005068, 0.008994, 0.007712, 0.004409, 0.001967, 0.000972]]}, "Sport / PE": {"Corinthians / SP": [[0.17345, 0.177541, 0.09157, 0.031337, 0.008063, 0.001932], [0.125427, 0.129112, 0.066852, 0.022863, 0.005833, 0.001391], [0.045216, 0.047021, 0.024071, 0.008446, 0.002177, 0.00052], [0.010951, 0.011207, 0.005868, 0.001966, 0.000527, 0.000133], [0.001952, 0.002041, 0.001129, 0.000378, 0.000103, 2.2e-05], [0.000304, 0.000349, 0.000163, 7e-05, 1.2e-05, 3e-06]]}, "Vit\u00f3ria / BA": {"Flamengo / RJ": [[0.125966, 0.125199, 0.062361, 0.020359, 0.004921, 0.001208], [0.093581, 0.134942, 0.088345, 0.036118, 0.010677, 0.003002], [0.034626, 0.0659, 0.056007, 0.028038, 0.010139, 0.0034], [0.008526, 0.020554, 0.020966, 0.01325, 0.005694, 0.002356], [0.00159, 0.004471, 0.0055, 0.00419, 0.002113, 0.001127], [0.000227, 0.000834, 0.001341, 0.001233, 0.000719, 0.00052]]}, "Atl\u00e9tico / GO": {"Fluminense / RJ": [[0.088679, 0.112299, 0.071769, 0.0304, 0.009504, 0.003042], [0.083144, 0.124605, 0.091358, 0.043767, 0.015693, 0.005623], [0.038896, 0.067189, 0.056315, 0.030482, 0.012045, 0.005037], [0.012071, 0.023762, 0.022623, 0.013457, 0.006018, 0.00275], [0.002816, 0.006269, 0.006455, 0.004245, 0.002117, 0.00109], [0.00062, 0.001512, 0.001757, 0.001364, 0.000775, 0.000452]]}, "Chapecoense / SC": {"Coritiba / PR": [[0.064211, 0.077476, 0.045739, 0.018294, 0.005449, 0.001628], [0.098072, 0.118598, 0.071653, 0.028911, 0.008672, 0.002658], [0.075122, 0.091877, 0.056444, 0.022739, 0.006913, 0.002145], [0.038076, 0.047394, 0.029096, 0.011998, 0.003814, 0.001081], [0.014699, 0.018428, 0.011462, 0.004656, 0.001477, 0.00048], [0.005879, 0.007391, 0.004762, 0.001902, 0.000599, 0.000205]]}}