{"ABC / RN": {"Oeste / SP": [[0.281987, 0.194337, 0.066812, 0.015452, 0.002627, 0.000385], [0.146543, 0.117125, 0.045752, 0.011787, 0.002271, 0.000358], [0.038106, 0.034511, 0.015556, 0.004424, 0.000896, 0.000196], [0.006562, 0.006728, 0.003298, 0.00104, 0.000234, 5.5e-05], [0.000889, 0.000981, 0.00053, 0.00019, 4.5e-05, 8e-06], [0.000102, 0.000123, 5.8e-05, 2.4e-05, 5e-06, 3e-06]]}, "N\u00e1utico / PE": {"Vila Nova / GO": [[0.224836, 0.18871, 0.079214, 0.022406, 0.004744, 0.000913], [0.118739, 0.127365, 0.065588, 0.021795, 0.005203, 0.001298], [0.031189, 0.041328, 0.024954, 0.009743, 0.002767, 0.000674], [0.00539, 0.008425, 0.006206, 0.002807, 0.000871, 0.000261], [0.00071, 0.001278, 0.001115, 0.000574, 0.000211, 9.4e-05], [8.8e-05, 0.000171, 0.000165, 0.000105, 4.5e-05, 1.8e-05]]}, "Crici\u00fama / SC": {"N\u00e1utico / PE": [[0.136248, 0.068334, 0.017022, 0.00282, 0.000358, 4.6e-05], [0.140387, 0.133195, 0.049129, 0.010776, 0.001656, 0.000234], [0.072464, 0.101791, 0.05609, 0.016752, 0.003333, 0.000521], [0.02491, 0.046031, 0.034718, 0.01434, 0.003685, 0.000807], [0.006354, 0.01477, 0.014096, 0.007629, 0.002617, 0.000732], [0.001535, 0.004519, 0.005575, 0.003902, 0.001891, 0.000733]], "Cear\u00e1 / CE": [[0.09837, 0.121549, 0.075063, 0.031028, 0.009478, 0.003057], [0.073, 0.123583, 0.097452, 0.048207, 0.017702, 0.006497], [0.027415, 0.058707, 0.05702, 0.034336, 0.014578, 0.006575], [0.006796, 0.01769, 0.020782, 0.014914, 0.007794, 0.004034], [0.001289, 0.003843, 0.005334, 0.004471, 0.002656, 0.001712], [0.000229, 0.00076, 0.001207, 0.001269, 0.000871, 0.000732]]}, "Goi\u00e1s / GO": {"Internacional / RS": [[0.126117, 0.17082, 0.114755, 0.052326, 0.017706, 0.006124], [0.083904, 0.119817, 0.086008, 0.040665, 0.014642, 0.005376], [0.027615, 0.042053, 0.031623, 0.015667, 0.005959, 0.002207], [0.006129, 0.009821, 0.008025, 0.004089, 0.001522, 0.000708], [0.000961, 0.001731, 0.001479, 0.000761, 0.000315, 0.000162], [0.000164, 0.000259, 0.000253, 0.000141, 6.2e-05, 3.4e-05]]}, "Guarani / SP": {"Luverdense / MT": [[0.12399, 0.093525, 0.034942, 0.008674, 0.001571, 0.000292], [0.150728, 0.128842, 0.053827, 0.014806, 0.003042, 0.000573], [0.091176, 0.086946, 0.040313, 0.012265, 0.002907, 0.000578], [0.036989, 0.038731, 0.020022, 0.006617, 0.001638, 0.000375], [0.011125, 0.013023, 0.007083, 0.0027, 0.000747, 0.000157], [0.003354, 0.004262, 0.002703, 0.001092, 0.000292, 9.3e-05]]}, "Juventude / RS": {"Figueirense / SC": [[0.131715, 0.06664, 0.017101, 0.002834, 0.000376, 4.5e-05], [0.194903, 0.103614, 0.027777, 0.004899, 0.00063, 6.9e-05], [0.144769, 0.080396, 0.022399, 0.0042, 0.00057, 6.5e-05], [0.071697, 0.042057, 0.012395, 0.002267, 0.00034, 4.1e-05], [0.026524, 0.016138, 0.004907, 0.001009, 0.000157, 1.4e-05], [0.010227, 0.006592, 0.002114, 0.000437, 7.5e-05, 7e-06]]}, "Londrina / PR": {"Guarani / SP": [[0.03896, 0.042729, 0.023158, 0.008344, 0.002233, 0.000599], [0.084483, 0.091556, 0.050062, 0.017938, 0.004964, 0.00129], [0.090733, 0.098667, 0.053906, 0.019468, 0.005243, 0.001475], [0.06498, 0.070694, 0.038434, 0.013854, 0.003862, 0.000997], [0.034631, 0.037928, 0.021103, 0.007629, 0.002065, 0.000505], [0.022661, 0.024824, 0.013495, 0.004871, 0.00128, 0.000379]], "Am\u00e9rica / MG": [[0.086655, 0.133819, 0.102734, 0.052998, 0.020352, 0.008314], [0.078564, 0.121013, 0.093633, 0.047872, 0.018306, 0.007567], [0.035016, 0.054639, 0.041946, 0.021666, 0.008251, 0.003331], [0.010489, 0.016485, 0.012754, 0.006548, 0.002499, 0.001013], [0.002374, 0.003665, 0.002907, 0.001412, 0.000533, 0.000235], [0.000546, 0.000757, 0.000623, 0.000307, 0.000116, 6.1e-05]]}, "Boa / MG": {"Brasil / RS": [[0.066188, 0.041388, 0.013012, 0.002823, 0.000446, 6.2e-05], [0.125054, 0.091786, 0.032862, 0.007703, 0.001371, 0.000215], [0.118436, 0.098765, 0.039935, 0.010341, 0.002, 0.000338], [0.07549, 0.069831, 0.031232, 0.009232, 0.001953, 0.000378], [0.035772, 0.036901, 0.018049, 0.005836, 0.00128, 0.000292], [0.01939, 0.022622, 0.012828, 0.0047, 0.001216, 0.000273]]}, "Paysandu / PA": {"Santa Cruz / PE": [[0.20391, 0.095832, 0.022685, 0.003538, 0.000431, 4.6e-05], [0.164869, 0.140232, 0.048141, 0.009794, 0.001449, 0.000179], [0.066949, 0.08253, 0.041317, 0.01129, 0.002168, 0.000333], [0.018041, 0.029352, 0.019831, 0.007393, 0.001786, 0.000356], [0.003744, 0.007517, 0.006239, 0.002998, 0.000883, 0.000258], [0.000679, 0.001649, 0.001874, 0.001123, 0.000419, 0.000165]]}, "CRB / AL": {"Goi\u00e1s / GO": [[0.138149, 0.093492, 0.0317, 0.007233, 0.001249, 0.000182], [0.166811, 0.126289, 0.046836, 0.011511, 0.002133, 0.000362], [0.101513, 0.084135, 0.034045, 0.008995, 0.001789, 0.000347], [0.040784, 0.03678, 0.016183, 0.004858, 0.000979, 0.000182], [0.012492, 0.012197, 0.00584, 0.001746, 0.000393, 8.6e-05], [0.003794, 0.003952, 0.002056, 0.000708, 0.000165, 3.4e-05]], "Paran\u00e1 / PR": [[0.157987, 0.128782, 0.051853, 0.014198, 0.002823, 0.000565], [0.134303, 0.138317, 0.067727, 0.021629, 0.004999, 0.001126], [0.05771, 0.070139, 0.041398, 0.015351, 0.004102, 0.00098], [0.016263, 0.023322, 0.015795, 0.006877, 0.002032, 0.000601], [0.003481, 0.005703, 0.004467, 0.002253, 0.000741, 0.000254], [0.00067, 0.001337, 0.001175, 0.000657, 0.000275, 0.000108]]}, "Cear\u00e1 / CE": {"ABC / RN": [[0.105573, 0.062541, 0.018588, 0.003749, 0.000534, 6.4e-05], [0.174205, 0.103742, 0.030674, 0.006184, 0.000872, 0.00012], [0.144329, 0.085734, 0.02528, 0.00524, 0.00073, 8.3e-05], [0.07959, 0.047583, 0.014192, 0.002903, 0.000437, 5.3e-05], [0.032969, 0.019727, 0.005873, 0.001143, 0.000165, 2.1e-05], [0.01493, 0.008855, 0.002697, 0.000539, 6.9e-05, 1.2e-05]], "Paysandu / PA": [[0.07276, 0.092601, 0.058462, 0.024905, 0.007773, 0.002534], [0.094836, 0.124107, 0.080631, 0.035153, 0.011571, 0.003726], [0.061885, 0.083194, 0.05546, 0.025088, 0.008485, 0.002746], [0.026583, 0.036566, 0.025279, 0.011804, 0.003964, 0.001403], [0.008939, 0.012248, 0.008827, 0.004074, 0.001485, 0.000586], [0.002787, 0.00426, 0.002999, 0.001488, 0.00058, 0.000211]]}, "Santa Cruz / PE": {"Juventude / RS": [[0.173721, 0.101989, 0.029912, 0.005869, 0.00088, 0.000127], [0.156643, 0.137795, 0.053178, 0.012922, 0.002351, 0.000348], [0.071379, 0.082118, 0.041996, 0.012996, 0.002696, 0.000544], [0.021332, 0.030808, 0.019827, 0.007514, 0.001909, 0.000411], [0.004901, 0.008478, 0.006371, 0.002978, 0.000936, 0.000234], [0.001042, 0.002163, 0.001995, 0.00108, 0.000407, 0.00015]], "Paran\u00e1 / PR": [[0.172815, 0.121528, 0.042853, 0.010052, 0.00181, 0.000291], [0.120869, 0.146774, 0.072825, 0.022034, 0.004764, 0.000952], [0.041838, 0.072118, 0.05144, 0.020609, 0.005533, 0.001403], [0.009747, 0.021608, 0.020427, 0.010834, 0.003686, 0.001145], [0.001616, 0.004657, 0.005496, 0.003714, 0.001573, 0.000596], [0.00025, 0.000884, 0.001268, 0.001085, 0.0006, 0.000306]]}, "Figueirense / SC": {"Paysandu / PA": [[0.03778, 0.066467, 0.058982, 0.034774, 0.01539, 0.007532], [0.053532, 0.097866, 0.089502, 0.054595, 0.024802, 0.012729], [0.038117, 0.071936, 0.067858, 0.042753, 0.020037, 0.010751], [0.018109, 0.035046, 0.034485, 0.022518, 0.01082, 0.00605], [0.006463, 0.013068, 0.013182, 0.008698, 0.004264, 0.002562], [0.002464, 0.005167, 0.005183, 0.003537, 0.001855, 0.001126]]}, "Vila Nova / GO": {"Londrina / PR": [[0.067533, 0.074463, 0.041063, 0.015153, 0.004116, 0.001079], [0.108309, 0.118509, 0.06503, 0.024103, 0.006633, 0.001776], [0.085324, 0.094624, 0.051923, 0.019389, 0.005291, 0.001437], [0.045439, 0.050034, 0.027618, 0.009991, 0.002863, 0.000704], [0.018243, 0.019776, 0.010978, 0.004035, 0.001082, 0.000308], [0.007769, 0.008381, 0.004633, 0.001778, 0.000498, 0.000115]], "Figueirense / SC": [[0.102371, 0.066918, 0.021926, 0.004678, 0.000765, 9.8e-05], [0.163383, 0.109601, 0.037611, 0.008187, 0.001402, 0.000203], [0.129274, 0.090554, 0.031453, 0.007353, 0.00133, 0.000176], [0.068222, 0.049382, 0.017796, 0.004128, 0.000758, 0.000135], [0.02722, 0.020374, 0.007492, 0.001833, 0.00034, 5.1e-05], [0.011437, 0.008975, 0.003467, 0.000897, 0.000184, 2.6e-05]]},