{"Cruzeiro / MG": {"Oper\u00e1rio / PR": [[0.21852, 0.109102, 0.027736, 0.004636, 0.000597, 7.1e-05], [0.210518, 0.117696, 0.032431, 0.005864, 0.000787, 8.7e-05], [0.101536, 0.06261, 0.019003, 0.003704, 0.000622, 5.9e-05], [0.032679, 0.022129, 0.007379, 0.001646, 0.000261, 3.7e-05], [0.007733, 0.005911, 0.002095, 0.000474, 8e-05, 1.4e-05], [0.001723, 0.001469, 0.000607, 0.000152, 2.7e-05, 5e-06]], "N\u00e1utico / PE": [[0.152149, 0.074511, 0.017937, 0.002896, 0.000325, 5.1e-05], [0.196114, 0.111664, 0.030933, 0.005718, 0.000821, 7.3e-05], [0.12357, 0.083935, 0.027171, 0.005509, 0.000808, 0.000114], [0.051569, 0.041049, 0.015339, 0.003678, 0.000598, 8e-05], [0.015962, 0.01484, 0.006339, 0.00185, 0.000317, 5.1e-05], [0.004862, 0.005279, 0.002756, 0.000891, 0.000207, 3.4e-05]]}, "Ava\u00ed / SC": {"Juventude / RS": [[0.059354, 0.097886, 0.080686, 0.044897, 0.018326, 0.008086], [0.0624, 0.110398, 0.096325, 0.056637, 0.024848, 0.012012], [0.033171, 0.062015, 0.057525, 0.035403, 0.016397, 0.008422], [0.011635, 0.023188, 0.022696, 0.014841, 0.007245, 0.003999], [0.003074, 0.006403, 0.006586, 0.004526, 0.002386, 0.001439], [0.000762, 0.001738, 0.001916, 0.001491, 0.000763, 0.000524]], "Guarani / SP": [[0.095442, 0.105232, 0.058064, 0.02132, 0.00593, 0.001592], [0.106959, 0.13024, 0.078392, 0.030989, 0.009245, 0.002748], [0.060243, 0.079335, 0.051904, 0.022423, 0.007362, 0.002238], [0.022212, 0.032171, 0.02269, 0.010528, 0.003648, 0.001247], [0.006283, 0.009674, 0.007354, 0.003617, 0.00135, 0.000515], [0.001761, 0.002844, 0.002446, 0.001277, 0.000523, 0.000202]]}, "CSA / AL": {"Brasil / RS": [[0.118372, 0.063823, 0.017465, 0.003181, 0.000451, 6.6e-05], [0.181788, 0.104743, 0.030122, 0.005821, 0.000787, 0.000101], [0.139345, 0.086016, 0.026131, 0.005428, 0.000801, 0.000124], [0.070861, 0.047182, 0.01537, 0.003393, 0.000518, 7.2e-05], [0.026965, 0.01919, 0.006836, 0.00151, 0.00026, 3.7e-05], [0.01081, 0.008294, 0.003157, 0.000816, 0.000137, 2.7e-05]]}, "Ponte Preta / SP": {"CRB / AL": [[0.033511, 0.045263, 0.031137, 0.013472, 0.0046, 0.001673], [0.063907, 0.091023, 0.063941, 0.030689, 0.010828, 0.003981], [0.060328, 0.090882, 0.068155, 0.033769, 0.012569, 0.004729], [0.037816, 0.060688, 0.04736, 0.024785, 0.009704, 0.00384], [0.017967, 0.0304, 0.024714, 0.013529, 0.00548, 0.00236], [0.00978, 0.017384, 0.015166, 0.008935, 0.003875, 0.00176]]}, "Oeste / SP": {"Oper\u00e1rio / PR": [[0.236655, 0.19022, 0.076797, 0.020738, 0.004159, 0.000756], [0.150547, 0.120995, 0.048155, 0.013171, 0.002587, 0.000494], [0.048167, 0.038927, 0.015555, 0.004215, 0.000849, 0.000145], [0.01024, 0.007961, 0.003296, 0.000938, 0.000169, 2.7e-05], [0.001667, 0.001351, 0.000552, 0.000142, 3e-05, 2e-06], [0.000206, 0.00018, 8.7e-05, 1.9e-05, 1e-06, 0.0]], "Paran\u00e1 / PR": [[0.092321, 0.125315, 0.084781, 0.038808, 0.013439, 0.004524], [0.094177, 0.12775, 0.087375, 0.039562, 0.013409, 0.004662], [0.048361, 0.065681, 0.044774, 0.020521, 0.00686, 0.002366], [0.016526, 0.022372, 0.015535, 0.007097, 0.002448, 0.000778], [0.004249, 0.00577, 0.003872, 0.001782, 0.000608, 0.000237], [0.00103, 0.001417, 0.000954, 0.000453, 0.000144, 4.2e-05]]}, "Oper\u00e1rio / PR": {"Chapecoense / SC": [[0.158626, 0.161055, 0.082073, 0.02752, 0.006985, 0.001682], [0.124136, 0.133113, 0.07068, 0.024948, 0.006719, 0.001726], [0.048479, 0.054519, 0.030682, 0.011363, 0.0032, 0.000892], [0.012567, 0.015067, 0.008836, 0.00347, 0.001021, 0.00031], [0.002482, 0.003254, 0.00187, 0.000743, 0.000237, 5.8e-05], [0.000457, 0.000614, 0.000403, 0.000153, 4.7e-05, 1.3e-05]]}, "Juventude / RS": {"Figueirense / SC": [[0.100605, 0.050415, 0.012631, 0.002158, 0.00026, 3.1e-05], [0.174881, 0.093579, 0.024847, 0.004441, 0.000559, 6.7e-05], [0.150858, 0.086767, 0.024905, 0.004598, 0.000611, 7.6e-05], [0.085934, 0.053771, 0.016589, 0.003318, 0.000447, 6e-05], [0.036437, 0.024846, 0.008257, 0.00178, 0.000296, 4.5e-05], [0.016672, 0.012861, 0.004909, 0.001226, 0.000228, 3.5e-05]]}, "Vit\u00f3ria / BA": {"Botafogo / SP": [[0.30036, 0.097846, 0.015916, 0.001742, 0.000137, 1.3e-05], [0.252307, 0.093384, 0.016668, 0.001964, 0.000184, 5e-06], [0.10643, 0.043792, 0.008963, 0.001178, 9.5e-05, 6e-06], [0.029379, 0.01363, 0.003063, 0.000411, 4.8e-05, 3e-06], [0.006196, 0.003183, 0.000822, 0.000135, 1e-05, 1e-06], [0.001197, 0.000721, 0.000176, 3.3e-05, 2e-06, 0.0]]}, "Confian\u00e7a / SE": {"Am\u00e9rica / MG": [[0.237942, 0.250971, 0.128919, 0.043769, 0.010896, 0.002526], [0.074789, 0.095141, 0.060398, 0.025296, 0.007544, 0.002172], [0.011747, 0.01743, 0.013053, 0.006555, 0.002449, 0.000873], [0.001209, 0.002146, 0.001695, 0.001045, 0.000498, 0.000216], [0.000109, 0.000168, 0.000175, 0.000137, 5.4e-05, 3e-05], [3e-06, 1.1e-05, 1.7e-05, 8e-06, 6e-06, 3e-06]], "Sampaio Corr\u00eaa / MA": [[0.051381, 0.093486, 0.084819, 0.051423, 0.023059, 0.011532], [0.053431, 0.10293, 0.098573, 0.062612, 0.029783, 0.015922], [0.027864, 0.056505, 0.05666, 0.038699, 0.019148, 0.011082], [0.009525, 0.021035, 0.021866, 0.015633, 0.008063, 0.004939], [0.002572, 0.005568, 0.006252, 0.004679, 0.002669, 0.001669], [0.000644, 0.001514, 0.001707, 0.001425, 0.000743, 0.000588]]}, "Cuiab\u00e1 / MT": {"Sampaio Corr\u00eaa / MA": [[0.083036, 0.073764, 0.033428, 0.010014, 0.00227, 0.000497], [0.131362, 0.118559, 0.053019, 0.016115, 0.003577, 0.000701], [0.104711, 0.09487, 0.042391, 0.012501, 0.002814, 0.000598], [0.055634, 0.050248, 0.023002, 0.006619, 0.001467, 0.000312], [0.022281, 0.020305, 0.008927, 0.002705, 0.00059, 0.00013], [0.009504, 0.008606, 0.003923, 0.001191, 0.00027, 5.9e-05]]}, "Am\u00e9rica / MG": {"Ava\u00ed / SC": [[0.098071, 0.088816, 0.039767, 0.011932, 0.002644, 0.000558], [0.129849, 0.127128, 0.061425, 0.019687, 0.00471, 0.001098], [0.085618, 0.089843, 0.046794, 0.016146, 0.004201, 0.000945], [0.037669, 0.042095, 0.023537, 0.008573, 0.002339, 0.000607], [0.012417, 0.015026, 0.008605, 0.00348, 0.000999, 0.00028], [0.004232, 0.005412, 0.00344, 0.001465, 0.000439, 0.000153]]}, "Figueirense / SC": {"Ponte Preta / SP": [[0.174475, 0.121688, 0.042822, 0.009965, 0.001745, 0.000303], [0.179507, 0.128696, 0.045951, 0.011121, 0.001948, 0.000311], [0.092531, 0.067739, 0.024976, 0.006094, 0.001078, 0.000173], [0.031482, 0.023883, 0.00887, 0.002273, 0.000405, 4.7e-05], [0.008175, 0.006071, 0.002391, 0.000584, 0.000121, 1.9e-05], [0.002087, 0.001625, 0.000608, 0.000199, 3.2e-05, 5e-06]]}, "CRB / AL": {"Cuiab\u00e1 / MT": [[0.143285, 0.075955, 0.020156, 0.003474, 0.000454, 6e-05], [0.194909, 0.110825, 0.031208, 0.005865, 0.000795, 0.000107], [0.131789, 0.080707, 0.024521, 0.004933, 0.000691, 0.0001], [0.05945, 0.03939, 0.012961, 0.00265, 0.000422, 6.2e-05], [0.019915, 0.014209, 0.004877, 0.001171, 0.000209, 2e-05], [0.006732, 0.00539, 0.002062, 0.000529, 9.9e-05, 1.8e-05]], "Figueirense / SC": [[0.150601, 0.066803, 0.014807, 0.002158, 0.00026, 1.9e-05], [0.210091, 0.101589, 0.024285, 0.003978, 0.000448, 3.8e-05], [0.144668, 0.077165, 0.020324, 0.003443, 0.000424, 5.6e-05], [0.066394, 0.039276, 0.01117, 0.002071, 0.000268, 4.8e-05], [0.022789, 0.014796, 0.004641, 0.000957, 0.000124, 2.2e-05], [0.008003, 0.005659, 0.002037, 0.000475, 9.4e-05, 1.9e-05]]}, "Guarani / SP": {"Juventude / RS": [[0.063821, 0.070948, 0.039237, 0.014249, 0.004072, 0.001022], [0.087585, 0.114312, 0.073534, 0.030735, 0.009752, 0.002835], [0.059487, 0.090363, 0.06589, 0.030897, 0.010604, 0.003622], [0.027018, 0.046557, 0.03836, 0.020039, 0.00755, 0.003025], [0.009324, 0.017547, 0.016271, 0.009662, 0.004075, 0.001791], [0.003152, 0.006881, 0.007227, 0.004931, 0.002421, 0.001204]], "Vit\u00f3ria / BA": [[0.041849, 0.047062, 0.025882, 0.009627, 0.002672, 0.000723], [0.074255, 0.095548, 0.058992, 0.024253, 0.007599, 0.002323], [0.066629, 0.094581, 0.066049, 0.02985, 0.010035, 0.003406], [0.03911, 0.06219, 0.048219, 0.024096, 0.008646, 0.003252], [0.016803, 0.03009, 0.026037, 0.014371, 0.005676, 0.002297], [0.008256, 0.016743, 0.016041, 0.01007, 0.004558, 0.00221]]},