{"Vasco da Gama / RJ": {"Cruzeiro / MG": [[0.027694, 0.065262, 0.075282, 0.057717, 0.032799, 0.02254], [0.028154, 0.072185, 0.091961, 0.077539, 0.048679, 0.038098], [0.014161, 0.039712, 0.055136, 0.051231, 0.034841, 0.031873], [0.004792, 0.014349, 0.021726, 0.02153, 0.015957, 0.016948], [0.00129, 0.003904, 0.006328, 0.006717, 0.00552, 0.006634], [0.000265, 0.000979, 0.001763, 0.002065, 0.001779, 0.00259]], "N\u00e1utico / PE": [[0.045438, 0.024251, 0.00646, 0.001085, 0.000171, 1.7e-05], [0.115003, 0.06289, 0.017197, 0.003124, 0.000417, 5.2e-05], [0.143225, 0.081332, 0.023174, 0.004387, 0.000627, 8e-05], [0.118899, 0.070778, 0.021268, 0.004281, 0.000637, 8.8e-05], [0.073745, 0.046827, 0.014656, 0.003017, 0.000447, 7.9e-05], [0.058154, 0.040475, 0.013802, 0.003267, 0.000554, 9.6e-05]]}, "Fluminense / RJ": {"S\u00e3o Paulo / SP": [[0.137274, 0.11135, 0.044581, 0.012058, 0.002453, 0.000415], [0.149549, 0.133498, 0.058797, 0.017081, 0.003772, 0.000725], [0.08103, 0.079049, 0.037874, 0.011979, 0.002811, 0.00059], [0.029428, 0.031003, 0.016162, 0.005365, 0.001375, 0.000303], [0.007951, 0.009029, 0.004849, 0.001925, 0.000468, 0.000122], [0.002118, 0.00261, 0.001528, 0.000644, 0.000168, 6.6e-05]], "N\u00e1utico / PE": [[0.100164, 0.038685, 0.007362, 0.000939, 8.8e-05, 6e-06], [0.188776, 0.075917, 0.015, 0.002004, 0.000196, 1.5e-05], [0.177271, 0.075337, 0.015919, 0.002259, 0.000204, 2e-05], [0.109518, 0.04956, 0.011145, 0.0016, 0.000176, 2e-05], [0.050364, 0.024947, 0.005949, 0.000899, 0.000121, 1e-05], [0.026296, 0.014489, 0.003947, 0.0007, 8.6e-05, 1.1e-05]], "Atl\u00e9tico / MG": [[0.172617, 0.126755, 0.047257, 0.011608, 0.002104, 0.000345], [0.154956, 0.135021, 0.057321, 0.016185, 0.003212, 0.000613], [0.070067, 0.070141, 0.034222, 0.010619, 0.00241, 0.000532], [0.020798, 0.023967, 0.013167, 0.004499, 0.001121, 0.000281], [0.004612, 0.005976, 0.003737, 0.001386, 0.000421, 0.000116], [0.000983, 0.001377, 0.000971, 0.000419, 0.000141, 4.3e-05]]}, "Corinthians / SP": {"Vasco da Gama / RJ": [[0.20393, 0.077851, 0.014687, 0.001844, 0.000199, 8e-06], [0.238685, 0.098611, 0.020331, 0.002804, 0.000275, 2.2e-05], [0.139123, 0.063315, 0.013737, 0.001987, 0.000228, 2.7e-05], [0.053759, 0.026376, 0.006509, 0.000984, 0.000138, 1.1e-05], [0.015722, 0.008306, 0.002169, 0.000389, 4e-05, 6e-06], [0.004382, 0.002624, 0.000753, 0.000141, 2.3e-05, 4e-06]], "Internacional / RS": [[0.230779, 0.089527, 0.016981, 0.002162, 0.000211, 1.7e-05], [0.240202, 0.101708, 0.021176, 0.003035, 0.000302, 1.1e-05], [0.124581, 0.058204, 0.013396, 0.002029, 0.00024, 2e-05], [0.042783, 0.021801, 0.005461, 0.000935, 9.5e-05, 1.1e-05], [0.011084, 0.00622, 0.00168, 0.000307, 3.9e-05, 3e-06], [0.002653, 0.001702, 0.00053, 9.9e-05, 1.5e-05, 1e-06]]}, "Vit\u00f3ria / BA": {"Cruzeiro / MG": [[0.042607, 0.079318, 0.071403, 0.042554, 0.019335, 0.009261], [0.045769, 0.095132, 0.096332, 0.064768, 0.032275, 0.018071], [0.024669, 0.05594, 0.063388, 0.047112, 0.025815, 0.016513], [0.008653, 0.022066, 0.027433, 0.022397, 0.013562, 0.009791], [0.002275, 0.006412, 0.008773, 0.007731, 0.004998, 0.004141], [0.000609, 0.001781, 0.002705, 0.002652, 0.001877, 0.001882]], "Santos / SP": [[0.076185, 0.08165, 0.044469, 0.015913, 0.004319, 0.001188], [0.105141, 0.121974, 0.070611, 0.027284, 0.007907, 0.002121], [0.071778, 0.090318, 0.055927, 0.02298, 0.007027, 0.002152], [0.03338, 0.044548, 0.029299, 0.012639, 0.004142, 0.001352], [0.011534, 0.016442, 0.011533, 0.005349, 0.00181, 0.000612], [0.00404, 0.006121, 0.004741, 0.002322, 0.000874, 0.000318]], "Flamengo / RJ": [[0.081949, 0.072635, 0.032157, 0.009437, 0.002124, 0.000484], [0.123896, 0.117895, 0.055625, 0.017599, 0.004221, 0.000903], [0.094312, 0.095683, 0.048413, 0.016039, 0.004114, 0.000932], [0.04759, 0.05162, 0.027775, 0.009852, 0.002494, 0.00069], [0.017939, 0.02092, 0.011951, 0.00443, 0.001286, 0.000341], [0.007251, 0.008955, 0.005494, 0.002154, 0.000667, 0.000173]]}, "Gr\u00eamio / RS": {"Vasco da Gama / RJ": [[0.080354, 0.063665, 0.02555, 0.006665, 0.001365, 0.000246], [0.130958, 0.111022, 0.047281, 0.013257, 0.002797, 0.000491], [0.107647, 0.097184, 0.043777, 0.013149, 0.002852, 0.000618], [0.058373, 0.056774, 0.027009, 0.00848, 0.001964, 0.000415], [0.023861, 0.024703, 0.012339, 0.004159, 0.001035, 0.000266], [0.010547, 0.011852, 0.006297, 0.002306, 0.000605, 0.000137]], "Flamengo / RJ": [[0.146329, 0.094333, 0.030414, 0.006574, 0.001131, 0.000151], [0.186815, 0.119965, 0.038798, 0.008363, 0.001255, 0.000179], [0.119914, 0.077177, 0.024861, 0.005354, 0.000872, 0.000125], [0.050649, 0.032711, 0.010382, 0.002286, 0.000374, 5.6e-05], [0.016354, 0.010534, 0.003362, 0.000701, 9.4e-05, 2.2e-05], [0.005082, 0.003392, 0.001102, 0.000246, 4e-05, 3e-06]], "Goi\u00e1s / GO": [[0.148479, 0.10729, 0.038355, 0.009354, 0.001661, 0.000256], [0.16786, 0.128471, 0.049752, 0.012527, 0.002501, 0.000426], [0.095308, 0.077562, 0.032187, 0.008466, 0.001668, 0.000348], [0.035485, 0.03094, 0.013511, 0.003786, 0.000873, 0.000162], [0.010128, 0.009313, 0.004216, 0.001233, 0.000309, 5.6e-05], [0.002864, 0.002771, 0.001312, 0.000441, 0.000103, 2.6e-05]]}, "Ponte Preta / SP": {"Gr\u00eamio / RS": [[0.109775, 0.126546, 0.073214, 0.028135, 0.007955, 0.002271], [0.116126, 0.134028, 0.077033, 0.029834, 0.008414, 0.002408], [0.060846, 0.070938, 0.040555, 0.015556, 0.004437, 0.001243], [0.021583, 0.024759, 0.014378, 0.005527, 0.001615, 0.000444], [0.005673, 0.006501, 0.003758, 0.001428, 0.000406, 0.000148], [0.001361, 0.001645, 0.000972, 0.000359, 9.8e-05, 3.1e-05]], "Portuguesa / SP": [[0.074453, 0.093195, 0.058034, 0.024208, 0.007492, 0.002265], [0.090359, 0.122877, 0.082821, 0.037229, 0.01235, 0.004156], [0.054843, 0.080511, 0.058694, 0.028271, 0.009983, 0.003756], [0.022165, 0.035144, 0.027413, 0.013997, 0.005384, 0.00207], [0.006677, 0.011427, 0.009474, 0.005321, 0.002088, 0.000917], [0.002047, 0.003772, 0.003401, 0.001951, 0.000809, 0.000446]]}, "Crici\u00fama / SC": {"Vit\u00f3ria / BA": [[0.02967, 0.052587, 0.046427, 0.027303, 0.012135, 0.005895], [0.046926, 0.087538, 0.081815, 0.050887, 0.023992, 0.012533], [0.036616, 0.072711, 0.072499, 0.047789, 0.022977, 0.013047], [0.01936, 0.040571, 0.042208, 0.02954, 0.014856, 0.009012], [0.007547, 0.016823, 0.018557, 0.013063, 0.007162, 0.004707], [0.00331, 0.00766, 0.00893, 0.006754, 0.003865, 0.002728]], "S\u00e3o Paulo / SP": [[0.061535, 0.081724, 0.054488, 0.024331, 0.007984, 0.002732], [0.090076, 0.119573, 0.079304, 0.035367, 0.011855, 0.004009], [0.065476, 0.087382, 0.057365, 0.025535, 0.008513, 0.002899], [0.031767, 0.042001, 0.027971, 0.012508, 0.004137, 0.001373], [0.011496, 0.01541, 0.010081, 0.004561, 0.001519, 0.000499], [0.004449, 0.005716, 0.003855, 0.001756, 0.000595, 0.000158]], "Athletico Paranaense / PR": [[0.031211, 0.059521, 0.05728, 0.036719, 0.017658, 0.009539], [0.043205, 0.088291, 0.089968, 0.060106, 0.030344, 0.017817], [0.030411, 0.064845, 0.068865, 0.0488, 0.026008, 0.016061], [0.013912, 0.031541, 0.035494, 0.026178, 0.014595, 0.009862], [0.004873, 0.011453, 0.013539, 0.010417, 0.006144, 0.004268], [0.001779, 0.00444, 0.005425, 0.004542, 0.002703, 0.002186]]}, "Cruzeiro / MG": {"Ponte Preta / SP": [[0.038578, 0.019418, 0.004956, 0.000845, 0.000111, 1e-05], [0.104768, 0.054544, 0.014364, 0.00247, 0.000307, 3.6e-05], [0.141117, 0.0759, 0.020568, 0.003733, 0.000496, 6.4e-05], [0.125798, 0.071364, 0.020142, 0.003793, 0.000522, 5.9e-05], [0.083329, 0.050089, 0.014905, 0.002916, 0.000439, 5.3e-05], [0.074265, 0.049326, 0.016482, 0.0036, 0.000552, 8.1e-05]], "Bahia / BA": [[0.078849, 0.035036, 0.007697, 0.001091, 0.000109, 1.6e-05], [0.16132, 0.075488, 0.017778, 0.002695, 0.000354, 3.7e-05], [0.158641, 0.085071, 0.022138, 0.003645, 0.000445, 4.2e-05], [0.10213, 0.064144, 0.018587, 0.003572, 0.000469, 5.9e-05], [0.04873, 0.035476, 0.01199, 0.00263, 0.000372, 4.5e-05], [0.025689, 0.023082, 0.009537, 0.002484, 0.000475, 7.7e-05]]},