{"Palmeiras / SP": {"Botafogo / RJ": [[0.073218, 0.059286, 0.024333, 0.006481, 0.001362, 0.000265], [0.131465, 0.107383, 0.043549, 0.011741, 0.002403, 0.000478], [0.118328, 0.096797, 0.039446, 0.010852, 0.002125, 0.000428], [0.071551, 0.057778, 0.023812, 0.006473, 0.001291, 0.000237], [0.032292, 0.025935, 0.010691, 0.002889, 0.00061, 8.9e-05], [0.01617, 0.013141, 0.005314, 0.001465, 0.000281, 4.1e-05]], "Internacional / RS": [[0.068421, 0.049777, 0.017973, 0.004419, 0.000773, 0.000136], [0.132079, 0.09683, 0.035733, 0.008623, 0.001632, 0.000256], [0.130603, 0.095218, 0.034888, 0.008408, 0.001475, 0.000232], [0.085108, 0.062128, 0.022543, 0.00558, 0.00102, 0.000178], [0.041377, 0.030495, 0.011151, 0.002743, 0.000493, 7.5e-05], [0.023921, 0.017428, 0.006359, 0.001563, 0.000308, 5.4e-05]], "Chapecoense / SC": [[0.024794, 0.029786, 0.017721, 0.007129, 0.002055, 0.000647], [0.061915, 0.073702, 0.044269, 0.017558, 0.005281, 0.001559], [0.07804, 0.092545, 0.055359, 0.02197, 0.00647, 0.001949], [0.065057, 0.077308, 0.046515, 0.018295, 0.005665, 0.001582], [0.040431, 0.048743, 0.029005, 0.011394, 0.003467, 0.001033], [0.032853, 0.03948, 0.023401, 0.009384, 0.002779, 0.000859]]}, "Flamengo / RJ": {"Coritiba / PR": [[0.143113, 0.078954, 0.022012, 0.0041, 0.000588, 7.1e-05], [0.198628, 0.110705, 0.030579, 0.005554, 0.000773, 9.5e-05], [0.138401, 0.076287, 0.02124, 0.003961, 0.000549, 6.4e-05], [0.064221, 0.035538, 0.009651, 0.001888, 0.00024, 3.8e-05], [0.022392, 0.012319, 0.003313, 0.000672, 7.2e-05, 1.6e-05], [0.008033, 0.004454, 0.001217, 0.000227, 3.4e-05, 1e-06]], "Botafogo / RJ": [[0.099564, 0.082816, 0.034686, 0.00976, 0.002118, 0.000415], [0.146649, 0.122286, 0.05112, 0.014321, 0.002965, 0.000611], [0.107437, 0.090138, 0.037826, 0.010629, 0.002262, 0.000431], [0.052902, 0.044172, 0.018603, 0.005099, 0.001077, 0.000207], [0.019286, 0.016253, 0.006756, 0.001949, 0.000343, 9.4e-05], [0.007427, 0.00621, 0.002688, 0.000737, 0.000138, 2.5e-05]], "Santos / SP": [[0.086456, 0.095862, 0.053731, 0.019674, 0.00547, 0.001461], [0.116026, 0.12832, 0.071184, 0.026177, 0.007268, 0.002094], [0.077411, 0.085856, 0.047581, 0.017473, 0.004939, 0.001254], [0.034396, 0.038299, 0.021252, 0.007841, 0.002268, 0.000592], [0.011564, 0.012864, 0.007082, 0.002643, 0.000745, 0.000184], [0.003963, 0.004456, 0.002448, 0.000862, 0.000234, 7e-05]]}, "Atl\u00e9tico / MG": {"Palmeiras / SP": [[0.044249, 0.072069, 0.057292, 0.030927, 0.012511, 0.005333], [0.066955, 0.107489, 0.086617, 0.046448, 0.018732, 0.008201], [0.050168, 0.080725, 0.065075, 0.035166, 0.013968, 0.006024], [0.025331, 0.040537, 0.032601, 0.017726, 0.006945, 0.003065], [0.009365, 0.014892, 0.0122, 0.006612, 0.002705, 0.001134], [0.003831, 0.006069, 0.004983, 0.002632, 0.000973, 0.00045]], "S\u00e3o Paulo / SP": [[0.075376, 0.06574, 0.028525, 0.008356, 0.001858, 0.000372], [0.128766, 0.112255, 0.049476, 0.01457, 0.003095, 0.000618], [0.110677, 0.09703, 0.042401, 0.012193, 0.002634, 0.000562], [0.062964, 0.054633, 0.024038, 0.007022, 0.001523, 0.000309], [0.02689, 0.023694, 0.01018, 0.003033, 0.000621, 0.000126], [0.012832, 0.010989, 0.004808, 0.001481, 0.000313, 4e-05]]}, "Coritiba / PR": {"Atl\u00e9tico / MG": [[0.040867, 0.056508, 0.03994, 0.018534, 0.006376, 0.002403], [0.074129, 0.102966, 0.071134, 0.033342, 0.011621, 0.004197], [0.065955, 0.09213, 0.064788, 0.030175, 0.010723, 0.003795], [0.04005, 0.055475, 0.038692, 0.018008, 0.006401, 0.002268], [0.017825, 0.025279, 0.017587, 0.008171, 0.002945, 0.00103], [0.00905, 0.012643, 0.008951, 0.004105, 0.001386, 0.000551]], "Santa Cruz / PE": [[0.028951, 0.034134, 0.020265, 0.00803, 0.002367, 0.000681], [0.068315, 0.080523, 0.048079, 0.018792, 0.005627, 0.001656], [0.080508, 0.095302, 0.05617, 0.022129, 0.0066, 0.001908], [0.06338, 0.074949, 0.044851, 0.017601, 0.005277, 0.001568], [0.036838, 0.044357, 0.026043, 0.010233, 0.00308, 0.000957], [0.027954, 0.032774, 0.019615, 0.007601, 0.00221, 0.000675]], "Vit\u00f3ria / BA": [[0.054351, 0.062224, 0.035927, 0.013603, 0.003978, 0.001151], [0.095694, 0.110163, 0.063259, 0.024455, 0.006936, 0.001936], [0.084471, 0.09678, 0.055825, 0.021511, 0.006267, 0.001763], [0.049662, 0.056605, 0.033113, 0.01269, 0.003612, 0.00099], [0.022076, 0.025159, 0.01444, 0.005608, 0.001566, 0.000446], [0.010589, 0.012339, 0.007067, 0.002728, 0.000806, 0.00021]]}, "Botafogo / RJ": {"Chapecoense / SC": [[0.043169, 0.050213, 0.029028, 0.01143, 0.003298, 0.000961], [0.085221, 0.099553, 0.057238, 0.022396, 0.006532, 0.001934], [0.083708, 0.098834, 0.057325, 0.022154, 0.006506, 0.001927], [0.056108, 0.064978, 0.037744, 0.01479, 0.004248, 0.001227], [0.027742, 0.032072, 0.01876, 0.007092, 0.002112, 0.000607], [0.016019, 0.0186, 0.010663, 0.004207, 0.001245, 0.000359]], "Ponte Preta / SP": [[0.068385, 0.045988, 0.015567, 0.0035, 0.00061, 9.7e-05], [0.138049, 0.092628, 0.030878, 0.00688, 0.001158, 0.000197], [0.137979, 0.093595, 0.031507, 0.006906, 0.001152, 0.000173], [0.09225, 0.062073, 0.021042, 0.004615, 0.000802, 0.000107], [0.046304, 0.03121, 0.010397, 0.002358, 0.000374, 6.2e-05], [0.027117, 0.0183, 0.006046, 0.001417, 0.000242, 3.5e-05]]}, "Santa Cruz / PE": {"Atl\u00e9tico / MG": [[0.037229, 0.074537, 0.074274, 0.049615, 0.025027, 0.014585], [0.048349, 0.096246, 0.096305, 0.064377, 0.032521, 0.018586], [0.030789, 0.061284, 0.061946, 0.041688, 0.020713, 0.012263], [0.013054, 0.026473, 0.026566, 0.017628, 0.009018, 0.005043], [0.004235, 0.008442, 0.008618, 0.005762, 0.002895, 0.001589], [0.001424, 0.002785, 0.002823, 0.001838, 0.00091, 0.000563]], "Am\u00e9rica / MG": [[0.077994, 0.073896, 0.035056, 0.011132, 0.002654, 0.00062], [0.124772, 0.1183, 0.056689, 0.01815, 0.004202, 0.000965], [0.099338, 0.095531, 0.045, 0.014358, 0.003474, 0.000776], [0.05341, 0.050497, 0.024125, 0.007721, 0.001819, 0.000388], [0.021286, 0.020413, 0.00955, 0.002957, 0.00074, 0.000169], [0.009308, 0.008718, 0.004251, 0.001337, 0.000315, 8.9e-05]], "Gr\u00eamio / RS": [[0.061812, 0.095237, 0.073573, 0.037745, 0.014549, 0.005917], [0.076508, 0.117943, 0.091775, 0.047072, 0.018131, 0.007463], [0.047339, 0.07343, 0.056673, 0.029206, 0.011365, 0.004534], [0.019713, 0.030673, 0.023532, 0.012042, 0.004558, 0.001879], [0.006078, 0.009363, 0.007301, 0.003747, 0.001437, 0.000594], [0.00185, 0.002921, 0.002296, 0.001107, 0.000457, 0.00018]]}, "Corinthians / SP": {"Internacional / RS": [[0.130302, 0.070925, 0.019135, 0.00339, 0.000482, 4.8e-05], [0.194884, 0.105146, 0.028503, 0.005101, 0.000722, 9.1e-05], [0.145977, 0.07895, 0.021485, 0.003858, 0.000533, 5.8e-05], [0.072748, 0.039463, 0.010764, 0.001953, 0.000256, 3.1e-05], [0.027306, 0.014672, 0.003936, 0.00077, 8.9e-05, 8e-06], [0.010712, 0.005787, 0.001598, 0.000274, 4.1e-05, 2e-06]], "Athletico Paranaense / PR": [[0.175232, 0.057691, 0.009656, 0.001036, 7.8e-05, 9e-06], [0.246524, 0.081232, 0.01346, 0.001514, 0.000134, 7e-06], [0.174659, 0.057678, 0.009585, 0.001072, 8.8e-05, 6e-06], [0.082274, 0.027377, 0.004696, 0.000471, 4.8e-05, 1e-06], [0.029102, 0.009705, 0.001583, 0.00018, 2e-05, 0.0], [0.010632, 0.003583, 0.000609, 5.1e-05, 6e-06, 1e-06]]}, "Figueirense / SC": {"Corinthians / SP": [[0.126568, 0.131315, 0.06793, 0.023374, 0.006091, 0.001526], [0.130397, 0.134834, 0.069833, 0.023912, 0.006265, 0.00156], [0.067419, 0.070346, 0.036059, 0.012307, 0.003198, 0.000804], [0.023173, 0.023899, 0.012487, 0.004238, 0.001088, 0.000285], [0.005959, 0.006247, 0.0032, 0.001071, 0.000265, 5.9e-05], [0.001523, 0.001585, 0.000832, 0.000264, 6.8e-05, 1.9e-05]], "Fluminense / RJ": [[0.228625, 0.179512, 0.07084, 0.018481, 0.003603, 0.00062], [0.156463, 0.12413, 0.049126, 0.012922, 0.002571, 0.000431], [0.054118, 0.043007, 0.016928, 0.004444, 0.00093, 0.000173], [0.012419, 0.009957, 0.003898, 0.001013, 0.000228, 3.2e-05], [0.002119, 0.001699, 0.0007, 0.000182, 3.8e-05, 7e-06], [0.00034, 0.000285, 0.000124, 3.1e-05, 4e-06, 0.0]]},