{"Oeste / SP": {"Figueirense / SC": [[0.065886, 0.100385, 0.076745, 0.039261, 0.014775, 0.006163], [0.07839, 0.119876, 0.091403, 0.047218, 0.017925, 0.007192], [0.046859, 0.071453, 0.054238, 0.027939, 0.010807, 0.004227], [0.018681, 0.028332, 0.021704, 0.011219, 0.004261, 0.001723], [0.005608, 0.008621, 0.006435, 0.003268, 0.001283, 0.000523], [0.001602, 0.00248, 0.001979, 0.001001, 0.000383, 0.000155]], "Atl\u00e9tico / GO": [[0.134215, 0.105288, 0.041381, 0.010797, 0.00208, 0.00041], [0.164648, 0.128482, 0.050863, 0.013098, 0.002567, 0.000473], [0.100416, 0.07867, 0.030875, 0.008036, 0.001563, 0.00029], [0.040981, 0.032314, 0.012502, 0.003314, 0.00065, 0.000105], [0.012586, 0.009835, 0.003936, 0.000954, 0.000209, 3.9e-05], [0.003862, 0.002997, 0.00117, 0.000314, 6.8e-05, 1.2e-05]]}, "Boa / MG": {"Sport / PE": [[0.078605, 0.108926, 0.075937, 0.034726, 0.012081, 0.00439], [0.091018, 0.125846, 0.087569, 0.040721, 0.014091, 0.005021], [0.052618, 0.072707, 0.050315, 0.023298, 0.008022, 0.002914], [0.020017, 0.028041, 0.019696, 0.008947, 0.003238, 0.00113], [0.005859, 0.008103, 0.00568, 0.002619, 0.000936, 0.00032], [0.001665, 0.002259, 0.001606, 0.000736, 0.000237, 0.000106]]}, "Figueirense / SC": {"ASA / AL": [[0.026291, 0.023111, 0.010278, 0.003103, 0.000649, 0.000136], [0.072133, 0.064495, 0.028429, 0.008379, 0.00183, 0.00039], [0.100293, 0.088391, 0.039168, 0.011285, 0.002529, 0.000582], [0.091602, 0.081408, 0.035725, 0.010545, 0.002306, 0.000493], [0.062721, 0.055991, 0.024713, 0.007121, 0.001602, 0.00032], [0.05939, 0.0527, 0.022976, 0.007062, 0.001546, 0.000307]]}, "Joinville / SC": {"Am\u00e9rica / MG": [[0.073699, 0.081729, 0.045819, 0.016815, 0.00476, 0.001318], [0.109949, 0.122912, 0.068301, 0.025488, 0.007098, 0.001857], [0.081259, 0.091685, 0.051423, 0.019071, 0.005343, 0.00143], [0.040939, 0.04589, 0.025097, 0.009564, 0.002626, 0.00072], [0.015347, 0.017032, 0.009562, 0.003635, 0.001019, 0.000282], [0.006007, 0.006649, 0.003769, 0.001378, 0.000405, 0.000123]]}, "Icasa / CE": {"Paysandu / PA": [[0.065326, 0.054719, 0.023094, 0.006405, 0.001381, 0.000268], [0.121734, 0.104224, 0.043493, 0.012283, 0.002569, 0.000503], [0.116109, 0.097831, 0.041066, 0.011432, 0.002417, 0.000471], [0.073892, 0.061562, 0.026002, 0.007301, 0.001539, 0.000309], [0.034608, 0.029103, 0.01238, 0.00345, 0.000723, 0.000129], [0.018866, 0.015779, 0.006682, 0.001877, 0.000402, 7.1e-05]], "Chapecoense / SC": [[0.075405, 0.093671, 0.058228, 0.024246, 0.007512, 0.002295], [0.100976, 0.126274, 0.078253, 0.032274, 0.009973, 0.003159], [0.067881, 0.08427, 0.052518, 0.021745, 0.006731, 0.00206], [0.030378, 0.037644, 0.023523, 0.009819, 0.003054, 0.000905], [0.010207, 0.012777, 0.007879, 0.003232, 0.001049, 0.0003], [0.003418, 0.004208, 0.002616, 0.001081, 0.000329, 0.00011]]}, "ABC / RN": {"ASA / AL": [[0.044152, 0.044524, 0.022388, 0.007561, 0.001941, 0.000444], [0.093764, 0.093862, 0.047189, 0.015744, 0.00399, 0.000961], [0.098347, 0.100081, 0.050117, 0.016661, 0.004196, 0.001031], [0.069342, 0.069455, 0.035336, 0.011758, 0.002916, 0.000708], [0.036385, 0.036764, 0.018558, 0.006267, 0.00158, 0.000393], [0.023208, 0.023486, 0.011691, 0.003969, 0.000977, 0.000254]], "Ava\u00ed / SC": [[0.042295, 0.058025, 0.040637, 0.018581, 0.006509, 0.002295], [0.075123, 0.104472, 0.072068, 0.032932, 0.01163, 0.00409], [0.067034, 0.093077, 0.064456, 0.029613, 0.01017, 0.003604], [0.03972, 0.055001, 0.037613, 0.017518, 0.006176, 0.002232], [0.017611, 0.02424, 0.017053, 0.007651, 0.002675, 0.001011], [0.0088, 0.012112, 0.008396, 0.003798, 0.001315, 0.000467]]}, "Palmeiras / SP": {"Boa / MG": [[0.133602, 0.040484, 0.006239, 0.000641, 5.9e-05, 2e-06], [0.228983, 0.069249, 0.010487, 0.00108, 8.2e-05, 5e-06], [0.19534, 0.059123, 0.00898, 0.000932, 5.9e-05, 3e-06], [0.111201, 0.033437, 0.00505, 0.000524, 3.2e-05, 2e-06], [0.04755, 0.014135, 0.002189, 0.000236, 1e-05, 1e-06], [0.022404, 0.006749, 0.001024, 9.8e-05, 8e-06, 0.0]], "Cear\u00e1 / CE": [[0.092632, 0.041124, 0.009002, 0.001343, 0.000153, 1.4e-05], [0.178555, 0.079662, 0.017842, 0.002624, 0.000279, 3.1e-05], [0.173158, 0.077017, 0.017308, 0.002472, 0.000273, 2.5e-05], [0.111948, 0.049785, 0.011008, 0.001612, 0.000164, 1.4e-05], [0.054332, 0.024131, 0.005354, 0.000838, 9.6e-05, 6e-06], [0.030245, 0.01347, 0.003, 0.000432, 4.7e-05, 4e-06]]}, "S\u00e3o Caetano / SP": {"Joinville / SC": [[0.076104, 0.106553, 0.074441, 0.034842, 0.01202, 0.004322], [0.08944, 0.125938, 0.087847, 0.040949, 0.014142, 0.005143], [0.052703, 0.073568, 0.051467, 0.023901, 0.008338, 0.002964], [0.020678, 0.028805, 0.020261, 0.009364, 0.003275, 0.001234], [0.006131, 0.008398, 0.00605, 0.002675, 0.001002, 0.000331], [0.001743, 0.002475, 0.001679, 0.000835, 0.000282, 0.0001]], "Am\u00e9rica / RN": [[0.071609, 0.084359, 0.048671, 0.01911, 0.005491, 0.001677], [0.10505, 0.122528, 0.072243, 0.02833, 0.008438, 0.002482], [0.076649, 0.089979, 0.052615, 0.020752, 0.006103, 0.00172], [0.037345, 0.04407, 0.025717, 0.01012, 0.002877, 0.000887], [0.013583, 0.016083, 0.009427, 0.003826, 0.001097, 0.000298], [0.005266, 0.005961, 0.003637, 0.001437, 0.000441, 0.000122]]}, "Guaratinguet\u00e1 / SP": {"Cear\u00e1 / CE": [[0.104924, 0.101963, 0.049938, 0.016185, 0.003878, 0.000895], [0.134346, 0.130824, 0.064143, 0.020518, 0.005045, 0.001106], [0.086488, 0.083662, 0.040881, 0.013304, 0.003225, 0.00075], [0.03658, 0.035682, 0.017219, 0.005654, 0.001383, 0.000298], [0.011783, 0.011547, 0.005527, 0.001803, 0.000442, 0.000104], [0.003759, 0.003644, 0.001792, 0.000567, 0.000119, 2.2e-05]], "Paran\u00e1 / PR": [[0.10385, 0.13226, 0.084431, 0.035884, 0.011251, 0.003576], [0.102878, 0.131107, 0.083411, 0.035188, 0.011227, 0.003571], [0.051237, 0.065515, 0.041305, 0.017367, 0.005639, 0.00167], [0.01683, 0.021259, 0.013592, 0.005876, 0.001926, 0.000595], [0.004201, 0.00536, 0.003367, 0.001462, 0.000436, 0.000164], [0.000999, 0.001266, 0.000799, 0.000324, 0.000133, 4.4e-05]]}, "Paysandu / PA": {"Red Bull Bragantino / SP": [[0.085768, 0.096398, 0.054699, 0.020448, 0.005623, 0.001563], [0.114678, 0.128742, 0.072322, 0.027139, 0.007492, 0.002111], [0.075853, 0.085079, 0.04803, 0.018128, 0.004945, 0.001372], [0.033488, 0.037652, 0.021556, 0.008135, 0.002322, 0.000627], [0.010985, 0.0125, 0.007067, 0.002645, 0.000779, 0.000213], [0.003852, 0.004233, 0.002338, 0.000873, 0.000262, 8.3e-05]]}, "ASA / AL": {"S\u00e3o Caetano / SP": [[0.036677, 0.063985, 0.055439, 0.031746, 0.013917, 0.006603], [0.057944, 0.100243, 0.08688, 0.050602, 0.02174, 0.010428], [0.045493, 0.078277, 0.068062, 0.039333, 0.017116, 0.008073], [0.023526, 0.040882, 0.035548, 0.020552, 0.008759, 0.004119], [0.009426, 0.015962, 0.013618, 0.008017, 0.003454, 0.001643], [0.00389, 0.006784, 0.005778, 0.003301, 0.001514, 0.000669]]}, "Am\u00e9rica / MG": {"ABC / RN": [[0.103661, 0.050384, 0.012177, 0.001984, 0.0002, 2.9e-05], [0.184885, 0.090058, 0.021917, 0.003519, 0.000376, 4.6e-05], [0.164612, 0.079532, 0.019189, 0.003206, 0.000404, 4.1e-05], [0.097597, 0.04742, 0.01142, 0.00188, 0.000209, 2.3e-05], [0.043531, 0.020936, 0.004997, 0.000841, 9.1e-05, 9e-06], [0.02127, 0.010537, 0.002548, 0.000415, 4.8e-05, 8e-06]], "Atl\u00e9tico / GO": [[0.105158, 0.065383, 0.020272, 0.00426, 0.00063, 9.5e-05], [0.172213, 0.106342, 0.032849, 0.006733, 0.001086, 0.000124], [0.139382, 0.087215, 0.02672, 0.00544, 0.000837, 0.000113], [0.076807, 0.047338, 0.014608, 0.00302, 0.000461, 7.8e-05], [0.030972, 0.01916, 0.005857, 0.001274, 0.000209, 3.3e-05], [0.01367, 0.008405, 0.002595, 0.000567, 7.7e-05, 1.7e-05]]}, "Ava\u00ed / SC": {"Boa / MG": [[0.117633, 0.078231, 0.025886, 0.005666, 0.00093, 0.000163], [0.173803, 0.115315, 0.03868, 0.008536, 0.001424, 0.000218], [0.128064, 0.084867, 0.028474, 0.006182, 0.00104, 0.000157], [0.062864, 0.041734, 0.013895, 0.00303, 0.000526, 7.4e-05], [0.023314, 0.015374, 0.00511, 0.001126, 0.000199, 2.2e-05], [0.009075, 0.005876, 0.001993, 0.000426, 8.3e-05, 1e-05]],