{"Fluminense / RJ": {"Ponte Preta / SP": [[0.107593, 0.073883, 0.025439, 0.00596, 0.000969, 0.00015], [0.158218, 0.116239, 0.042942, 0.010459, 0.001967, 0.0003], [0.115803, 0.091631, 0.036095, 0.009315, 0.001776, 0.000328], [0.056363, 0.047414, 0.019917, 0.005421, 0.001141, 0.000176], [0.020517, 0.018462, 0.008234, 0.002483, 0.000483, 9.9e-05], [0.007572, 0.007462, 0.003678, 0.00118, 0.000278, 5.3e-05]], "Sport / PE": [[0.050296, 0.053123, 0.028233, 0.009863, 0.002594, 0.000674], [0.091851, 0.102162, 0.057185, 0.02133, 0.005857, 0.001551], [0.083296, 0.098143, 0.058141, 0.022663, 0.006654, 0.001843], [0.050385, 0.062428, 0.038698, 0.016088, 0.004826, 0.001495], [0.022915, 0.029767, 0.019429, 0.008517, 0.002696, 0.000859], [0.011423, 0.016056, 0.011215, 0.005303, 0.001796, 0.000645]]}, "Flamengo / RJ": {"Corinthians / SP": [[0.152615, 0.10894, 0.039542, 0.009523, 0.001644, 0.000276], [0.164256, 0.130704, 0.051763, 0.013366, 0.002514, 0.000442], [0.089487, 0.07772, 0.033102, 0.009166, 0.001884, 0.000349], [0.032115, 0.030329, 0.014093, 0.004213, 0.000932, 0.000179], [0.008685, 0.008954, 0.004467, 0.001463, 0.000366, 7.6e-05], [0.002269, 0.002562, 0.001387, 0.000488, 0.000108, 2.1e-05]], "Santos / SP": [[0.168001, 0.085496, 0.022006, 0.003777, 0.000472, 7.4e-05], [0.204678, 0.113558, 0.031567, 0.00567, 0.000785, 0.000104], [0.124851, 0.074841, 0.022428, 0.004338, 0.000625, 6.4e-05], [0.050366, 0.033044, 0.010409, 0.002212, 0.000343, 3.5e-05], [0.015057, 0.0109, 0.003704, 0.000802, 0.00014, 2.1e-05], [0.004351, 0.00346, 0.001357, 0.000391, 5.9e-05, 1.4e-05]]}, "Palmeiras / SP": {"Botafogo / RJ": [[0.101606, 0.068382, 0.02297, 0.005116, 0.000826, 0.000131], [0.152816, 0.114051, 0.041909, 0.010261, 0.001789, 0.000325], [0.114234, 0.093811, 0.038276, 0.010203, 0.002007, 0.000376], [0.05684, 0.051449, 0.022986, 0.006666, 0.001439, 0.000269], [0.020854, 0.02123, 0.010262, 0.003275, 0.00078, 0.000171], [0.007904, 0.009306, 0.005076, 0.001851, 0.000446, 0.000107]]}, "Corinthians / SP": {"Atl\u00e9tico / MG": [[0.1077, 0.054808, 0.014203, 0.002381, 0.000295, 4.2e-05], [0.179078, 0.097603, 0.026443, 0.004782, 0.000633, 5.2e-05], [0.148801, 0.086283, 0.024624, 0.004638, 0.000605, 8.1e-05], [0.081681, 0.050639, 0.015254, 0.003026, 0.000463, 6.2e-05], [0.033676, 0.022348, 0.007333, 0.001538, 0.000229, 4.4e-05], [0.014893, 0.010775, 0.003882, 0.000939, 0.000137, 2.9e-05]]}, "Cruzeiro / MG": {"Vasco da Gama / RJ": [[0.11247, 0.078552, 0.027296, 0.006321, 0.001089, 0.000177], [0.155332, 0.12023, 0.045947, 0.011612, 0.002213, 0.00041], [0.106393, 0.092101, 0.038276, 0.010641, 0.002214, 0.000404], [0.048848, 0.045806, 0.021377, 0.006397, 0.001407, 0.000296], [0.016514, 0.017051, 0.008762, 0.002922, 0.000673, 0.000173], [0.005854, 0.0067, 0.003711, 0.001398, 0.000337, 9.6e-05]]}, "Coritiba / PR": {"S\u00e3o Paulo / SP": [[0.141952, 0.106708, 0.040548, 0.010044, 0.001911, 0.000326], [0.153767, 0.132288, 0.056472, 0.016153, 0.003283, 0.000603], [0.081625, 0.080873, 0.038082, 0.012141, 0.002798, 0.000524], [0.029063, 0.032064, 0.017199, 0.005923, 0.001516, 0.000367], [0.007878, 0.009715, 0.005578, 0.002128, 0.000579, 0.00016], [0.002059, 0.002786, 0.001834, 0.000747, 0.000252, 5.4e-05]]}, "Gr\u00eamio / RS": {"Atl\u00e9tico / GO": [[0.080035, 0.05111, 0.016425, 0.003508, 0.000582, 9e-05], [0.145049, 0.098824, 0.033277, 0.007363, 0.001234, 0.000186], [0.131405, 0.094596, 0.033745, 0.007891, 0.001414, 0.000221], [0.079828, 0.06036, 0.02293, 0.005643, 0.001056, 0.000191], [0.035536, 0.028912, 0.011611, 0.003155, 0.000599, 0.000104], [0.01767, 0.015907, 0.007, 0.002022, 0.000428, 9.3e-05]]}, "Bahia / BA": {"Chapecoense / SC": [[0.037666, 0.04848, 0.031236, 0.013292, 0.004316, 0.001408], [0.073444, 0.095883, 0.06243, 0.02688, 0.008802, 0.002938], [0.072933, 0.095379, 0.063028, 0.027117, 0.009056, 0.002968], [0.048134, 0.063576, 0.042111, 0.018476, 0.006083, 0.002023], [0.023946, 0.031781, 0.020993, 0.00952, 0.003038, 0.001046], [0.013307, 0.018232, 0.012277, 0.005624, 0.00187, 0.000707]]}, "Ponte Preta / SP": {"Vit\u00f3ria / BA": [[0.052535, 0.072832, 0.050022, 0.023329, 0.00795, 0.002781], [0.081172, 0.113434, 0.079132, 0.036616, 0.012778, 0.004571], [0.062748, 0.088269, 0.061877, 0.028673, 0.010194, 0.003805], [0.032, 0.045818, 0.032337, 0.015514, 0.005543, 0.0021], [0.012238, 0.017836, 0.012944, 0.00614, 0.002204, 0.000819], [0.005035, 0.007464, 0.005422, 0.002585, 0.000954, 0.000329]]}, "Ava\u00ed / SC": {"Palmeiras / SP": [[0.079231, 0.145357, 0.132791, 0.081095, 0.037153, 0.01893], [0.053323, 0.100549, 0.093894, 0.05853, 0.027561, 0.014664], [0.017973, 0.034062, 0.033175, 0.021124, 0.010223, 0.00559], [0.004036, 0.007867, 0.007828, 0.005134, 0.00259, 0.001477], [0.000652, 0.001296, 0.001364, 0.000924, 0.00051, 0.00029], [0.00011, 0.0002, 0.000224, 0.000158, 7.2e-05, 4.3e-05]], "Athletico Paranaense / PR": [[0.146502, 0.181447, 0.112276, 0.046155, 0.014529, 0.00439], [0.099814, 0.123514, 0.076674, 0.031908, 0.009647, 0.003032], [0.034284, 0.04251, 0.026269, 0.010661, 0.00333, 0.001022], [0.007735, 0.009811, 0.005908, 0.002429, 0.000736, 0.00022], [0.001275, 0.001621, 0.001029, 0.000413, 0.000142, 3.3e-05], [0.000206, 0.000236, 0.000142, 7.1e-05, 2.3e-05, 6e-06]]}, "Botafogo / RJ": {"Cruzeiro / MG": [[0.104718, 0.090717, 0.039528, 0.011435, 0.002465, 0.000487], [0.130884, 0.127963, 0.062319, 0.019752, 0.004682, 0.000962], [0.08126, 0.089159, 0.047588, 0.01692, 0.0043, 0.001027], [0.034004, 0.040679, 0.024161, 0.008968, 0.002554, 0.000697], [0.010531, 0.014129, 0.009054, 0.003736, 0.001159, 0.000332], [0.003317, 0.004837, 0.003377, 0.001596, 0.000531, 0.000172]]}, "Vasco da Gama / RJ": {"Ponte Preta / SP": [[0.183952, 0.103716, 0.029015, 0.005385, 0.000792, 9.5e-05], [0.195524, 0.122295, 0.037754, 0.007709, 0.001209, 0.000163], [0.10518, 0.071325, 0.024004, 0.005359, 0.000864, 0.000122], [0.037283, 0.027383, 0.009968, 0.002409, 0.000418, 5.8e-05], [0.009952, 0.007923, 0.003101, 0.000809, 0.000151, 2.5e-05], [0.002542, 0.002219, 0.000988, 0.000258, 4.4e-05, 6e-06]]}, "Santos / SP": {"Gr\u00eamio / RS": [[0.158976, 0.110305, 0.038572, 0.008783, 0.00153, 0.00023], [0.154626, 0.134269, 0.056363, 0.015297, 0.003147, 0.00054], [0.074989, 0.078891, 0.039189, 0.012406, 0.002804, 0.000612], [0.02433, 0.029895, 0.017013, 0.00619, 0.001608, 0.000353], [0.005674, 0.008314, 0.005627, 0.002171, 0.000632, 0.00017], [0.001339, 0.002287, 0.001694, 0.000815, 0.00026, 9.9e-05]], "Ava\u00ed / SC": [[0.158375, 0.057936, 0.010585, 0.001315, 0.00013, 7e-06], [0.228896, 0.089288, 0.017449, 0.002312, 0.000242, 2e-05], [0.162956, 0.068732, 0.014483, 0.001913, 0.000197, 1.4e-05], [0.078009, 0.035496, 0.007961, 0.001159, 0.000132, 1e-05], [0.027398, 0.013697, 0.003417, 0.000524, 6.7e-05, 9e-06], [0.009966, 0.005489, 0.001503, 0.000278, 2.9e-05, 6e-06]]}, "S\u00e3o Paulo / SP": {"Bahia / BA": [[0.075843, 0.061898, 0.025586, 0.006873, 0.00135, 0.000242], [0.125741, 0.110201, 0.048831, 0.014146, 0.003168, 0.000616], [0.104222, 0.09778, 0.045807, 0.014197, 0.003313, 0.000683], [0.057869, 0.057478, 0.028743, 0.009587, 0.002315, 0.000528], [0.023767, 0.025566, 0.013502, 0.004743, 0.001256, 0.000293], [0.01048, 0.012369, 0.007316, 0.002695, 0.000797, 0.000199]], "Botafogo / RJ": [[0.092608, 0.067234, 0.023897, 0.005714, 0.001034, 0.000176], [0.13885, 0.114824, 0.047006, 0.012376, 0.002528, 0.000487], [0.102304, 0.097926, 0.044748, 0.013452, 0.002999, 0.000613], [0.049507, 0.054525, 0.028308, 0.009524, 0.002226, 0.000463], [0.017586, 0.02245, 0.013367, 0.005042, 0.00123, 0.000337], [0.00658, 0.009455, 0.006521, 0.002923, 0.000906, 0.000274]]},