{"Vasco da Gama / RJ": {"Cruzeiro / MG": [[0.021783, 0.057467, 0.075891, 0.067359, 0.043837, 0.038669], [0.025746, 0.068684, 0.090069, 0.078928, 0.052501, 0.046126], [0.015258, 0.040273, 0.053538, 0.047222, 0.031104, 0.027511], [0.005996, 0.016213, 0.021003, 0.018662, 0.012328, 0.010984], [0.001801, 0.004744, 0.006414, 0.005468, 0.003613, 0.003385], [0.000516, 0.00143, 0.001836, 0.001607, 0.00108, 0.000954]], "N\u00e1utico / PE": [[0.046172, 0.021107, 0.004857, 0.000749, 7e-05, 1e-05], [0.120851, 0.055179, 0.012792, 0.001926, 0.00022, 2.7e-05], [0.158044, 0.072788, 0.016604, 0.002574, 0.000321, 2e-05], [0.137807, 0.063288, 0.014569, 0.002223, 0.00027, 2.1e-05], [0.089811, 0.041497, 0.009517, 0.001434, 0.00016, 1e-05], [0.079201, 0.036056, 0.008361, 0.001286, 0.000163, 1.5e-05]]}, "Fluminense / RJ": {"Atl\u00e9tico / MG": [[0.280471, 0.066622, 0.007974, 0.000583, 3.8e-05, 4e-06], [0.225733, 0.117488, 0.021936, 0.002289, 0.000188, 1e-05], [0.090803, 0.073038, 0.022008, 0.003375, 0.00032, 2.9e-05], [0.024629, 0.026642, 0.011599, 0.002614, 0.000316, 4e-05], [0.004958, 0.006871, 0.003896, 0.001168, 0.000219, 2.8e-05], [0.00092, 0.001479, 0.001123, 0.00046, 0.000109, 2e-05]]}, "Corinthians / SP": {"Internacional / RS": [[0.210338, 0.042469, 0.004152, 0.000275, 1.4e-05, 0.0], [0.165623, 0.152839, 0.027763, 0.00267, 0.000169, 4e-06], [0.065674, 0.108086, 0.054429, 0.008932, 0.000823, 5e-05], [0.016954, 0.040507, 0.034617, 0.012657, 0.001878, 0.000168], [0.003294, 0.010594, 0.012725, 0.007174, 0.002168, 0.000323], [0.000623, 0.002323, 0.003999, 0.003439, 0.001626, 0.000621]]}, "Vit\u00f3ria / BA": {"Flamengo / RJ": [[0.129109, 0.073656, 0.020858, 0.004042, 0.000569, 8.1e-05], [0.145079, 0.128397, 0.049705, 0.011872, 0.001998, 0.000286], [0.082084, 0.097418, 0.050566, 0.015334, 0.003208, 0.000603], [0.031081, 0.046083, 0.030057, 0.011587, 0.003014, 0.000655], [0.008871, 0.015495, 0.012539, 0.00585, 0.001832, 0.000484], [0.002424, 0.005197, 0.005232, 0.003045, 0.001221, 0.000468]]}, "Gr\u00eamio / RS": {"Goi\u00e1s / GO": [[0.221037, 0.10868, 0.026364, 0.004275, 0.000528, 5.6e-05], [0.173667, 0.136345, 0.045913, 0.009648, 0.001405, 0.000188], [0.06879, 0.073956, 0.034016, 0.009074, 0.001661, 0.000316], [0.01799, 0.024924, 0.014581, 0.005043, 0.001194, 0.000211], [0.003505, 0.005902, 0.004324, 0.001879, 0.000523, 0.000119], [0.000633, 0.001303, 0.001061, 0.000586, 0.000235, 6.8e-05]]}, "Ponte Preta / SP": {"Gr\u00eamio / RS": [[0.153638, 0.167317, 0.091791, 0.033607, 0.009049, 0.002432], [0.11911, 0.130781, 0.07173, 0.026059, 0.007128, 0.001838], [0.046806, 0.051686, 0.02816, 0.010161, 0.002895, 0.000756], [0.012247, 0.013406, 0.007379, 0.002704, 0.000742, 0.00022], [0.002388, 0.002624, 0.001429, 0.000477, 0.000144, 4.4e-05], [0.000435, 0.000459, 0.00025, 8.4e-05, 1.4e-05, 1e-05]], "Portuguesa / SP": [[0.165005, 0.10323, 0.033159, 0.006931, 0.00108, 0.000148], [0.147231, 0.138802, 0.057636, 0.015193, 0.00292, 0.000477], [0.066193, 0.082468, 0.045373, 0.015007, 0.003395, 0.000678], [0.019719, 0.030762, 0.021232, 0.008731, 0.002369, 0.000574], [0.004557, 0.008173, 0.006948, 0.003497, 0.001146, 0.000338], [0.000934, 0.001956, 0.002069, 0.001289, 0.000575, 0.000205]]}, "Crici\u00fama / SC": {"Vit\u00f3ria / BA": [[0.041648, 0.072225, 0.062333, 0.036453, 0.015614, 0.007567], [0.045725, 0.092938, 0.09374, 0.062121, 0.030016, 0.016347], [0.025186, 0.059393, 0.067964, 0.05017, 0.02691, 0.016915], [0.009082, 0.024585, 0.03164, 0.026191, 0.015553, 0.011379], [0.0025, 0.007427, 0.01078, 0.009739, 0.00646, 0.005483], [0.000678, 0.002201, 0.003629, 0.003754, 0.002805, 0.002849]], "S\u00e3o Paulo / SP": [[0.050231, 0.087072, 0.076339, 0.044073, 0.019308, 0.009242], [0.062755, 0.10968, 0.095083, 0.05513, 0.023868, 0.0115], [0.039503, 0.068605, 0.059341, 0.034613, 0.014884, 0.0071], [0.016605, 0.028375, 0.024827, 0.014249, 0.006234, 0.003107], [0.005087, 0.008927, 0.007717, 0.004479, 0.001982, 0.000961], [0.001573, 0.00281, 0.002481, 0.001326, 0.000639, 0.000294]]}, "Cruzeiro / MG": {"Bahia / BA": [[0.041695, 0.022996, 0.006351, 0.001185, 0.000155, 9e-06], [0.109317, 0.060123, 0.016552, 0.003083, 0.000425, 4.5e-05], [0.14381, 0.079019, 0.021822, 0.00389, 0.000546, 7.7e-05], [0.125816, 0.069188, 0.019182, 0.003493, 0.000516, 7.7e-05], [0.083008, 0.045413, 0.0127, 0.002342, 0.000368, 3.8e-05], [0.072626, 0.040362, 0.011325, 0.002122, 0.000279, 4.5e-05]]}, "Coritiba / PR": {"Botafogo / RJ": [[0.107775, 0.084016, 0.032257, 0.008469, 0.001606, 0.000275], [0.111163, 0.13143, 0.068173, 0.022203, 0.005115, 0.001109], [0.057927, 0.091011, 0.062906, 0.025645, 0.007363, 0.001897], [0.019905, 0.03942, 0.034751, 0.017669, 0.006201, 0.001974], [0.005175, 0.012254, 0.013038, 0.008142, 0.003271, 0.001347], [0.0013, 0.003647, 0.0048, 0.003778, 0.001946, 0.001042]]}, "Santos / SP": {"Fluminense / RJ": [[0.151244, 0.065603, 0.014233, 0.001985, 0.000241, 2.5e-05], [0.177836, 0.119753, 0.035048, 0.006336, 0.00085, 0.000102], [0.103834, 0.095557, 0.037533, 0.008598, 0.001372, 0.00019], [0.040412, 0.046895, 0.023605, 0.006989, 0.001381, 0.000256], [0.011974, 0.016547, 0.010284, 0.003765, 0.000966, 0.000176], [0.003342, 0.005854, 0.0044, 0.002058, 0.000605, 0.000151]], "Athletico Paranaense / PR": [[0.095996, 0.07558, 0.029786, 0.007873, 0.001567, 0.000307], [0.120322, 0.123553, 0.060024, 0.0188, 0.004338, 0.000861], [0.076328, 0.09574, 0.05625, 0.020566, 0.00549, 0.001304], [0.031977, 0.047511, 0.033196, 0.0141, 0.004228, 0.0012], [0.01003, 0.017415, 0.014072, 0.006935, 0.002397, 0.000813], [0.003186, 0.006478, 0.006178, 0.003542, 0.001458, 0.000599]]}, "Botafogo / RJ": {"Crici\u00fama / SC": [[0.022703, 0.029625, 0.018427, 0.007915, 0.002527, 0.000846], [0.057058, 0.072618, 0.046405, 0.019814, 0.006285, 0.002017], [0.071712, 0.091383, 0.058099, 0.024792, 0.007853, 0.002532], [0.060185, 0.076508, 0.048311, 0.020547, 0.00655, 0.002068], [0.03738, 0.047488, 0.030462, 0.012889, 0.004234, 0.001333], [0.030664, 0.039051, 0.024817, 0.010539, 0.003281, 0.001082]]}, "Flamengo / RJ": {"Corinthians / SP": [[0.309566, 0.148708, 0.035606, 0.005714, 0.000685, 7.5e-05], [0.21381, 0.10284, 0.025067, 0.00395, 0.000489, 4.9e-05], [0.074147, 0.036006, 0.008561, 0.001392, 0.000165, 2.4e-05], [0.017098, 0.008151, 0.00191, 0.000308, 4.7e-05, 6e-06], [0.003019, 0.001438, 0.000352, 4.7e-05, 5e-06, 2e-06], [0.000462, 0.000227, 6e-05, 1.4e-05, 0.0, 0.0]], "Cruzeiro / MG": [[0.067393, 0.109404, 0.089541, 0.048455, 0.019811, 0.008669], [0.072151, 0.116626, 0.095466, 0.051917, 0.021337, 0.009387], [0.038147, 0.062524, 0.051167, 0.028035, 0.011425, 0.005039], [0.013654, 0.022162, 0.018156, 0.01004, 0.00412, 0.00185], [0.003577, 0.005962, 0.004793, 0.002663, 0.001105, 0.000493], [0.000976, 0.001534, 0.001316, 0.000641, 0.000319, 0.000145]]}, "S\u00e3o Paulo / SP": {"Coritiba / PR": [[0.298198, 0.044739, 0.00337, 0.000167, 6e-06, 1e-06], [0.19217, 0.152617, 0.020872, 0.001466, 7.4e-05, 3e-06], [0.062406, 0.088968, 0.038168, 0.004791, 0.000337, 1.9e-05], [0.013441, 0.027536, 0.02073, 0.006277, 0.000722, 6.1e-05], [0.002189, 0.005856, 0.006204, 0.003095, 0.000791, 9.2e-05], [0.00033, 0.001042, 0.001481, 0.001145, 0.000497, 0.000139]], "Botafogo / RJ": [[0.132616, 0.146015, 0.080032, 0.029416, 0.007985, 0.002209], [0.121471, 0.134587, 0.074095, 0.02724, 0.007523, 0.002036], [0.055972, 0.061788, 0.033852, 0.012709, 0.003399, 0.000927], [0.017175, 0.018969, 0.010414, 0.003844, 0.001016, 0.000304], [0.003979, 0.004273, 0.002382, 0.000883, 0.000256, 6.7e-05], [0.00089, 0.000908, 0.000512, 0.000176, 6.5e-05, 1.5e-05]]}, "Bahia / BA": {"Fluminense / RJ": [[0.188717, 0.104695, 0.028639, 0.005258, 0.000702, 7.7e-05], [0.167465, 0.135214, 0.048947, 0.011335, 0.00175, 0.000259], [0.07452, 0.079306, 0.037129, 0.010694, 0.002065, 0.000342], [0.022139, 0.029156, 0.016971, 0.00591, 0.001426, 0.000311], [0.004794, 0.007784, 0.005455, 0.00232, 0.00067, 0.000144], [0.001026, 0.001901, 0.001637, 0.000821, 0.00032, 0.000101]],