{"Vasco da Gama / RJ": {"N\u00e1utico / PE": [[0.048674, 0.037178, 0.014091, 0.003484, 0.000687, 0.000108], [0.110047, 0.083177, 0.031783, 0.007994, 0.001546, 0.000275], [0.124801, 0.094844, 0.035566, 0.009254, 0.001752, 0.000304], [0.094147, 0.071489, 0.027057, 0.0069, 0.001266, 0.000236], [0.052864, 0.040499, 0.015487, 0.003891, 0.000734, 0.00013], [0.037304, 0.028338, 0.01082, 0.002736, 0.000469, 6.8e-05]]}, "Fluminense / RJ": {"Atl\u00e9tico / MG": [[0.13072, 0.158789, 0.095971, 0.038721, 0.011675, 0.003473], [0.107389, 0.130622, 0.078566, 0.031782, 0.009643, 0.002881], [0.044535, 0.053521, 0.03239, 0.013108, 0.003937, 0.001215], [0.012058, 0.014974, 0.008992, 0.003531, 0.00109, 0.000342], [0.002516, 0.003128, 0.001843, 0.000736, 0.000207, 8.1e-05], [0.000454, 0.000532, 0.000378, 0.000137, 5.2e-05, 1.1e-05]]}, "Corinthians / SP": {"Internacional / RS": [[0.220144, 0.142659, 0.046316, 0.010065, 0.001601, 0.000254], [0.190487, 0.123657, 0.03984, 0.008685, 0.001348, 0.000231], [0.081801, 0.053532, 0.017344, 0.003637, 0.000644, 8.3e-05], [0.023868, 0.015582, 0.004971, 0.001118, 0.000157, 2.6e-05], [0.005298, 0.003327, 0.001048, 0.000233, 4.4e-05, 1e-06], [0.001033, 0.000676, 0.000233, 5.2e-05, 3e-06, 2e-06]]}, "Vit\u00f3ria / BA": {"Flamengo / RJ": [[0.073193, 0.089748, 0.055552, 0.022927, 0.006972, 0.002116], [0.101726, 0.124918, 0.07662, 0.031346, 0.009599, 0.003045], [0.070157, 0.085992, 0.053073, 0.021641, 0.006742, 0.001986], [0.032423, 0.039888, 0.024691, 0.009891, 0.003082, 0.000992], [0.011152, 0.013555, 0.008381, 0.003454, 0.001065, 0.000333], [0.004084, 0.004955, 0.002924, 0.001293, 0.000387, 9.7e-05]]}, "Gr\u00eamio / RS": {"Goi\u00e1s / GO": [[0.128956, 0.132908, 0.068921, 0.023712, 0.006152, 0.001492], [0.130655, 0.135677, 0.069752, 0.024276, 0.006363, 0.001617], [0.066437, 0.068312, 0.035215, 0.012333, 0.003191, 0.000807], [0.022435, 0.023311, 0.012018, 0.004214, 0.001082, 0.000256], [0.005628, 0.00589, 0.003001, 0.001072, 0.000264, 5.8e-05], [0.0014, 0.001425, 0.000805, 0.000274, 7.3e-05, 1.8e-05]]}, "Ponte Preta / SP": {"Portuguesa / SP": [[0.068837, 0.109225, 0.087294, 0.046081, 0.018555, 0.007847], [0.074964, 0.119167, 0.094929, 0.050067, 0.020233, 0.008499], [0.040325, 0.064472, 0.050957, 0.027124, 0.010878, 0.004652], [0.014723, 0.0232, 0.018205, 0.009669, 0.003935, 0.001657], [0.003997, 0.006276, 0.004935, 0.002719, 0.001034, 0.000423], [0.00107, 0.001731, 0.001245, 0.000716, 0.000235, 0.000124]]}, "Crici\u00fama / SC": {"S\u00e3o Paulo / SP": [[0.072546, 0.107744, 0.078492, 0.038703, 0.014402, 0.005571], [0.083645, 0.122356, 0.090681, 0.044576, 0.016404, 0.006388], [0.048085, 0.070639, 0.052187, 0.025526, 0.00943, 0.003718], [0.018349, 0.026958, 0.019601, 0.009666, 0.003669, 0.00139], [0.005246, 0.007616, 0.005756, 0.002894, 0.001047, 0.00039], [0.001502, 0.002036, 0.001575, 0.000824, 0.000278, 0.00011]]}, "Cruzeiro / MG": {"Bahia / BA": [[0.068485, 0.050149, 0.018743, 0.004361, 0.000819, 0.000131], [0.13412, 0.097903, 0.036059, 0.008733, 0.001674, 0.000278], [0.129566, 0.095267, 0.035247, 0.008735, 0.001596, 0.000255], [0.083453, 0.062016, 0.02297, 0.005526, 0.000994, 0.000183], [0.040916, 0.030115, 0.011045, 0.002743, 0.000495, 8.3e-05], [0.022578, 0.016775, 0.006101, 0.001564, 0.000275, 4.7e-05]]}, "Coritiba / PR": {"Botafogo / RJ": [[0.09451, 0.133676, 0.093442, 0.043392, 0.015248, 0.005507], [0.090529, 0.126616, 0.0889, 0.041384, 0.014411, 0.005203], [0.042892, 0.060666, 0.042323, 0.019624, 0.006927, 0.002534], [0.01377, 0.01938, 0.013495, 0.006336, 0.002262, 0.000807], [0.00328, 0.004596, 0.00315, 0.001534, 0.000519, 0.000196], [0.000731, 0.001007, 0.000691, 0.000324, 0.000101, 3.7e-05]]}, "Santos / SP": {"Athletico Paranaense / PR": [[0.064527, 0.090835, 0.06293, 0.029199, 0.010264, 0.003612], [0.087013, 0.121329, 0.084344, 0.039094, 0.013669, 0.005099], [0.05817, 0.081174, 0.056763, 0.026351, 0.009153, 0.003302], [0.026264, 0.03617, 0.025623, 0.011838, 0.004239, 0.001448], [0.008701, 0.012393, 0.00856, 0.003914, 0.00139, 0.000498], [0.003075, 0.004194, 0.00291, 0.001355, 0.000445, 0.000155]]}, "Botafogo / RJ": {"Crici\u00fama / SC": [[0.043527, 0.052435, 0.031358, 0.012518, 0.00362, 0.001096], [0.084532, 0.101409, 0.06042, 0.024227, 0.007232, 0.00218], [0.081297, 0.097653, 0.058382, 0.023185, 0.006991, 0.001999], [0.052883, 0.063403, 0.037596, 0.014948, 0.004563, 0.00128], [0.025476, 0.030409, 0.018333, 0.007292, 0.002167, 0.000612], [0.01414, 0.016987, 0.010203, 0.004101, 0.001199, 0.000347]]}, "Flamengo / RJ": {"Cruzeiro / MG": [[0.060838, 0.117549, 0.11249, 0.072554, 0.035213, 0.019862], [0.052899, 0.101719, 0.098772, 0.063816, 0.030524, 0.017155], [0.022997, 0.044441, 0.042614, 0.027658, 0.013379, 0.007247], [0.006727, 0.012963, 0.012583, 0.00806, 0.00381, 0.00215], [0.001466, 0.002865, 0.002671, 0.001733, 0.000791, 0.000456], [0.000285, 0.000558, 0.000558, 0.000332, 0.000176, 8.9e-05]]}, "S\u00e3o Paulo / SP": {"Coritiba / PR": [[0.138265, 0.125476, 0.057627, 0.017459, 0.003984, 0.000835], [0.147148, 0.134095, 0.061296, 0.018758, 0.004299, 0.000942], [0.078488, 0.072152, 0.032912, 0.009941, 0.002239, 0.000513], [0.028147, 0.025422, 0.011852, 0.003564, 0.000802, 0.000142], [0.007588, 0.006826, 0.003086, 0.000994, 0.000227, 3.6e-05], [0.002003, 0.001795, 0.000799, 0.000229, 5.1e-05, 8e-06]]}, "Bahia / BA": {"Fluminense / RJ": [[0.14435, 0.14738, 0.074739, 0.025242, 0.006474, 0.001587], [0.132746, 0.134288, 0.068757, 0.023133, 0.005995, 0.00144], [0.060974, 0.061851, 0.03139, 0.01066, 0.002759, 0.0007], [0.018522, 0.018821, 0.009585, 0.003137, 0.000833, 0.000197], [0.004316, 0.004318, 0.002326, 0.000752, 0.000196, 4.3e-05], [0.000914, 0.000897, 0.000462, 0.000163, 3.9e-05, 1.4e-05]]}, "Internacional / RS": {"Ponte Preta / SP": [[0.054786, 0.066681, 0.040682, 0.016491, 0.004894, 0.001491], [0.092826, 0.112488, 0.068132, 0.027736, 0.008493, 0.00258], [0.077966, 0.095302, 0.057736, 0.023395, 0.006934, 0.002101], [0.043955, 0.053472, 0.032569, 0.01322, 0.004075, 0.001179], [0.01834, 0.022491, 0.013571, 0.005666, 0.001697, 0.000443], [0.008481, 0.010251, 0.00631, 0.002518, 0.000805, 0.000243]]}, "Goi\u00e1s / GO": {"Santos / SP": [[0.10546, 0.120727, 0.069084, 0.026299, 0.007425, 0.002111], [0.117016, 0.133206, 0.075497, 0.028809, 0.008171, 0.002393], [0.064845, 0.073872, 0.042196, 0.015952, 0.004593, 0.001295], [0.023571, 0.027527, 0.015593, 0.005762, 0.001719, 0.000472], [0.006641, 0.007541, 0.004236, 0.001734, 0.000478, 0.000136], [0.001831, 0.002051, 0.00117, 0.000429, 0.000113, 4.5e-05]]}, "N\u00e1utico / PE": {"Corinthians / SP": [[0.218099, 0.27186, 0.169802, 0.070978, 0.021853, 0.006796], [0.060252, 0.074825, 0.046538, 0.019653, 0.006, 0.001879], [0.008299, 0.010105, 0.00648, 0.002701, 0.000771, 0.00026], [0.000766, 0.000939, 0.000584, 0.000278, 8e-05, 2.4e-05], [5.6e-05, 6.3e-05, 3.5e-05, 1.3e-05, 4e-06, 2e-06], [4e-06, 0.0, 1e-06, 0.0, 0.0, 0.0]]}, "Atl\u00e9tico / MG": {"Vit\u00f3ria / BA": [[0.081123, 0.092039, 0.052429, 0.01927, 0.005573, 0.001546], [0.112714, 0.126808, 0.071757, 0.02679, 0.007649, 0.002081], [0.076931, 0.087211, 0.049692, 0.018262, 0.0052, 0.001429], [0.035508, 0.040276, 0.022424, 0.008355, 0.002425, 0.000667], [0.012557, 0.013877, 0.007918, 0.002912, 0.000831, 0.00025], [0.004322, 0.005018, 0.002732, 0.001083, 0.000272, 6.9e-05]]}, "Athletico Paranaense / PR": {"Vasco da Gama / RJ": [[0.029839, 0.042416, 0.030622, 0.014477, 0.005288, 0.001931], [0.061945, 0.088727, 0.063604, 0.030182, 0.01083, 0.004161], [0.064344, 0.09246, 0.06605, 0.031695, 0.011396, 0.004193], [0.044728, 0.064114, 0.046244, 0.021932, 0.007924, 0.002939], [0.023142, 0.033395, 0.02379, 0.011316, 0.004121, 0.001519], [0.014423, 0.020785, 0.014817, 0.007094, 0.002582, 0.000975]]},