{"Red Bull Bragantino / SP": {"Paran\u00e1 / PR": [[0.093338, 0.117055, 0.073981, 0.030885, 0.00971, 0.003111], [0.093169, 0.128203, 0.087289, 0.039415, 0.013213, 0.004612], [0.046711, 0.069229, 0.050839, 0.024864, 0.008998, 0.003312], [0.015708, 0.024894, 0.019588, 0.010027, 0.003783, 0.001511], [0.003924, 0.006516, 0.005496, 0.003221, 0.001242, 0.000501], [0.000935, 0.001749, 0.00153, 0.000878, 0.000367, 0.000196]]}, "Ponte Preta / SP": {"Am\u00e9rica / RN": [[0.070802, 0.058434, 0.023915, 0.006452, 0.001332, 0.000252], [0.121722, 0.107468, 0.046791, 0.013535, 0.003031, 0.000599], [0.104834, 0.099069, 0.046694, 0.014295, 0.003265, 0.000801], [0.059606, 0.060915, 0.03058, 0.009978, 0.002417, 0.000578], [0.025197, 0.027403, 0.014933, 0.005224, 0.001352, 0.000347], [0.011607, 0.013932, 0.008226, 0.003225, 0.000938, 0.000251]], "Am\u00e9rica / MG": [[0.07406, 0.081583, 0.044613, 0.016361, 0.00452, 0.001155], [0.102866, 0.121342, 0.07144, 0.027888, 0.008196, 0.002298], [0.070912, 0.090128, 0.056893, 0.023721, 0.007322, 0.002275], [0.033203, 0.044056, 0.029894, 0.013471, 0.004216, 0.00138], [0.011333, 0.016145, 0.011726, 0.005515, 0.001862, 0.000695], [0.004068, 0.006327, 0.004816, 0.00244, 0.000908, 0.000372]]}, "Vasco da Gama / RJ": {"Vila Nova / GO": [[0.0886, 0.05526, 0.017419, 0.003569, 0.000613, 8.9e-05], [0.158942, 0.099513, 0.031568, 0.006491, 0.001106, 0.000154], [0.14235, 0.089793, 0.028147, 0.006055, 0.000962, 0.000133], [0.08582, 0.054024, 0.016932, 0.003577, 0.000556, 6.9e-05], [0.038507, 0.024083, 0.007614, 0.001537, 0.000237, 4.2e-05], [0.01907, 0.012354, 0.003895, 0.000778, 0.000124, 1.7e-05]], "Icasa / CE": [[0.166125, 0.105591, 0.032993, 0.007061, 0.001121, 0.00018], [0.193134, 0.12241, 0.038523, 0.008251, 0.00132, 0.000165], [0.111891, 0.07138, 0.022495, 0.004759, 0.000709, 0.000111], [0.043298, 0.027352, 0.00852, 0.001893, 0.0003, 3.9e-05], [0.012567, 0.007886, 0.002512, 0.000519, 0.000105, 1.1e-05], [0.00355, 0.002372, 0.000699, 0.000131, 2.3e-05, 4e-06]]}, "Santa Cruz / PE": {"Sampaio Corr\u00eaa / MA": [[0.096287, 0.099499, 0.051105, 0.017805, 0.004436, 0.0011], [0.114567, 0.129244, 0.072762, 0.026807, 0.00746, 0.002051], [0.068597, 0.08402, 0.050567, 0.020517, 0.006071, 0.001841], [0.027044, 0.035838, 0.02359, 0.01006, 0.00325, 0.001087], [0.008129, 0.011621, 0.008199, 0.00377, 0.001252, 0.000449], [0.002367, 0.003734, 0.002759, 0.001397, 0.000546, 0.000172]], "Ava\u00ed / SC": [[0.106187, 0.102126, 0.050017, 0.015801, 0.00378, 0.000872], [0.135142, 0.131139, 0.063503, 0.020142, 0.004949, 0.001126], [0.085809, 0.083925, 0.040402, 0.013035, 0.00322, 0.000771], [0.036906, 0.035811, 0.017348, 0.005685, 0.001361, 0.000322], [0.011617, 0.011432, 0.00551, 0.001795, 0.000444, 0.000106], [0.003683, 0.003603, 0.001683, 0.000586, 0.000129, 3.3e-05]]}, "Sampaio Corr\u00eaa / MA": {"Atl\u00e9tico / GO": [[0.06337, 0.077422, 0.046988, 0.01897, 0.00577, 0.001709], [0.089864, 0.117054, 0.076204, 0.032825, 0.01058, 0.003434], [0.063153, 0.088717, 0.061689, 0.02813, 0.009744, 0.003333], [0.02921, 0.044493, 0.032999, 0.016066, 0.005756, 0.002149], [0.010148, 0.016508, 0.012874, 0.006737, 0.002567, 0.001012], [0.003687, 0.00651, 0.005464, 0.003072, 0.001228, 0.000564]]}, "Cear\u00e1 / CE": {"Portuguesa / SP": [[0.064195, 0.053104, 0.021837, 0.005995, 0.001303, 0.000262], [0.118105, 0.102744, 0.044893, 0.012804, 0.002808, 0.000585], [0.107772, 0.099592, 0.045681, 0.013703, 0.003224, 0.000648], [0.065079, 0.063795, 0.030829, 0.009839, 0.002391, 0.000524], [0.029529, 0.030853, 0.015594, 0.005456, 0.001293, 0.000285], [0.014857, 0.016655, 0.00921, 0.003379, 0.000943, 0.000234]]}, "Vila Nova / GO": {"ABC / RN": [[0.169154, 0.187259, 0.104275, 0.038775, 0.010699, 0.002945], [0.112997, 0.124747, 0.069739, 0.026038, 0.007113, 0.00198], [0.03755, 0.041512, 0.023362, 0.008684, 0.002354, 0.000653], [0.008321, 0.009203, 0.005208, 0.001905, 0.000512, 0.000141], [0.001331, 0.001628, 0.000874, 0.000283, 0.000106, 2.2e-05], [0.000212, 0.000225, 0.000127, 4.4e-05, 2e-05, 2e-06]]}, "Am\u00e9rica / RN": {"N\u00e1utico / PE": [[0.095457, 0.113877, 0.068504, 0.027099, 0.008177, 0.002365], [0.10554, 0.130012, 0.081027, 0.03332, 0.010365, 0.003165], [0.058409, 0.074829, 0.047817, 0.020411, 0.006629, 0.002094], [0.021697, 0.02823, 0.018979, 0.008363, 0.002778, 0.000957], [0.005785, 0.008059, 0.005617, 0.002497, 0.000888, 0.000311], [0.001641, 0.002314, 0.001634, 0.000814, 0.000251, 8.8e-05]]}, "Boa / MG": {"Oeste / SP": [[0.083393, 0.084246, 0.042658, 0.014326, 0.0036, 0.000839], [0.114015, 0.124228, 0.066727, 0.024033, 0.006487, 0.001689], [0.077597, 0.090868, 0.052755, 0.020233, 0.005745, 0.001624], [0.035213, 0.044221, 0.027417, 0.011109, 0.00333, 0.001021], [0.012059, 0.015978, 0.010421, 0.004735, 0.001514, 0.000451], [0.004119, 0.006107, 0.004278, 0.002051, 0.000659, 0.000254]], "Joinville / SC": [[0.078867, 0.12462, 0.098098, 0.051706, 0.020149, 0.008559], [0.075542, 0.120015, 0.094256, 0.049556, 0.019681, 0.008175], [0.036636, 0.057997, 0.045391, 0.024112, 0.009564, 0.003878], [0.011831, 0.018284, 0.0146, 0.007695, 0.002998, 0.001291], [0.002783, 0.004385, 0.00338, 0.001827, 0.000734, 0.000304], [0.000675, 0.000999, 0.000765, 0.00042, 0.000158, 6.9e-05]]}, "Oeste / SP": {"N\u00e1utico / PE": [[0.114637, 0.126358, 0.069618, 0.025633, 0.006974, 0.001902], [0.108238, 0.132788, 0.081302, 0.0323, 0.009799, 0.002835], [0.05064, 0.069329, 0.046127, 0.020441, 0.006668, 0.00208], [0.015611, 0.023787, 0.017362, 0.008391, 0.002966, 0.001015], [0.003678, 0.006031, 0.004822, 0.002537, 0.00096, 0.000373], [0.000862, 0.001435, 0.001304, 0.000754, 0.000308, 0.000135]], "Joinville / SC": [[0.10109, 0.156852, 0.120442, 0.061563, 0.023467, 0.009484], [0.068772, 0.112956, 0.092121, 0.050692, 0.020617, 0.009006], [0.023235, 0.040312, 0.035592, 0.020306, 0.008928, 0.004157], [0.005233, 0.009534, 0.008857, 0.005593, 0.002558, 0.001281], [0.000868, 0.001708, 0.00174, 0.001089, 0.00054, 0.000313], [0.000142, 0.000286, 0.000285, 0.000182, 0.00012, 7.9e-05]]}, "Portuguesa / SP": {"Vila Nova / GO": [[0.145528, 0.125908, 0.054272, 0.015909, 0.003438, 0.000702], [0.140692, 0.135221, 0.064926, 0.02049, 0.004913, 0.00106], [0.067816, 0.072077, 0.037953, 0.012917, 0.003252, 0.000755], [0.021759, 0.025784, 0.014431, 0.005397, 0.001471, 0.000406], [0.005212, 0.006702, 0.004029, 0.001631, 0.000487, 0.000137], [0.001212, 0.0017, 0.001119, 0.00049, 0.000157, 4.7e-05]]}, "Paran\u00e1 / PR": {"Am\u00e9rica / RN": [[0.117255, 0.107006, 0.049057, 0.014792, 0.00339, 0.000719], [0.129233, 0.133433, 0.068184, 0.022599, 0.005542, 0.001353], [0.070897, 0.081527, 0.045743, 0.016784, 0.004559, 0.001209], [0.025917, 0.032859, 0.020237, 0.008158, 0.002413, 0.000682], [0.007259, 0.009911, 0.006648, 0.002935, 0.000971, 0.00027], [0.001938, 0.002772, 0.002193, 0.001069, 0.000364, 0.000122]]}, "N\u00e1utico / PE": {"Ponte Preta / SP": [[0.083983, 0.131881, 0.102609, 0.053117, 0.020451, 0.008366], [0.068022, 0.114775, 0.097106, 0.053774, 0.022436, 0.01017], [0.027485, 0.050408, 0.045205, 0.027167, 0.011948, 0.00592], [0.007395, 0.014348, 0.013818, 0.008947, 0.004186, 0.00227], [0.001508, 0.003082, 0.003113, 0.002123, 0.001179, 0.000631], [0.000293, 0.000633, 0.000717, 0.000502, 0.000271, 0.000161]]}, "Luverdense / MT": {"Cear\u00e1 / CE": [[0.052938, 0.089601, 0.075246, 0.042418, 0.018298, 0.008289], [0.066002, 0.111025, 0.094712, 0.05312, 0.022288, 0.010347], [0.041392, 0.069671, 0.059273, 0.032798, 0.013973, 0.006556], [0.017372, 0.029276, 0.024693, 0.013851, 0.005845, 0.002625], [0.005472, 0.009172, 0.007635, 0.004299, 0.001839, 0.000856], [0.001674, 0.002865, 0.002334, 0.001397, 0.000567, 0.000281]],