{"Flamengo / RJ": {"Crici\u00fama / SC": [[0.168128, 0.065535, 0.012605, 0.001664, 0.000166, 1.8e-05], [0.235031, 0.091021, 0.017748, 0.002262, 0.000221, 1.3e-05], [0.163238, 0.063396, 0.01223, 0.001661, 0.000153, 1.3e-05], [0.07578, 0.029322, 0.005832, 0.000724, 7.3e-05, 9e-06], [0.026458, 0.010343, 0.001998, 0.000237, 2.6e-05, 4e-06], [0.009486, 0.003696, 0.000804, 9.3e-05, 1.2e-05, 0.0]], "Coritiba / PR": [[0.137927, 0.112919, 0.046037, 0.012656, 0.002505, 0.000473], [0.160599, 0.1315, 0.053962, 0.014541, 0.002936, 0.000547], [0.093602, 0.075769, 0.031076, 0.008385, 0.001774, 0.000299], [0.036229, 0.029435, 0.012163, 0.003275, 0.000725, 0.000123], [0.010486, 0.00864, 0.003529, 0.000989, 0.000184, 2.4e-05], [0.002912, 0.002433, 0.000996, 0.000279, 5.9e-05, 1.2e-05]], "Vit\u00f3ria / BA": [[0.08526, 0.066205, 0.025608, 0.006681, 0.001295, 0.00022], [0.143503, 0.112057, 0.043196, 0.011163, 0.002098, 0.000369], [0.121261, 0.093734, 0.036659, 0.00948, 0.001819, 0.000332], [0.067893, 0.053133, 0.020605, 0.005289, 0.001003, 0.000178], [0.028451, 0.02247, 0.008484, 0.002272, 0.000463, 7.6e-05], [0.013242, 0.010273, 0.003946, 0.001024, 0.000222, 3.6e-05]]}, "Fluminense / RJ": {"Chapecoense / SC": [[0.10007, 0.045223, 0.010186, 0.001554, 0.000182, 1.2e-05], [0.185238, 0.083908, 0.018929, 0.002823, 0.000339, 2.6e-05], [0.171266, 0.077694, 0.017586, 0.002501, 0.000293, 3.7e-05], [0.104943, 0.04793, 0.010887, 0.001618, 0.000162, 1.1e-05], [0.048707, 0.021962, 0.004988, 0.000751, 9.2e-05, 1.7e-05], [0.025686, 0.011349, 0.002604, 0.000379, 4.4e-05, 3e-06]], "Botafogo / RJ": [[0.073463, 0.027685, 0.005215, 0.000651, 4.6e-05, 4e-06], [0.165476, 0.06198, 0.011806, 0.001477, 0.000149, 1.2e-05], [0.183386, 0.069047, 0.012723, 0.001651, 0.000154, 9e-06], [0.136498, 0.051013, 0.009582, 0.001212, 9.5e-05, 8e-06], [0.076336, 0.028256, 0.005311, 0.000644, 7.4e-05, 5e-06], [0.052191, 0.019608, 0.003736, 0.000458, 3.9e-05, 0.0]], "Corinthians / SP": [[0.115134, 0.068309, 0.020507, 0.004071, 0.000571, 8.2e-05], [0.180849, 0.107154, 0.032104, 0.006513, 0.000972, 0.000116], [0.140807, 0.084363, 0.02517, 0.004876, 0.000756, 9.1e-05], [0.073576, 0.04365, 0.013127, 0.002602, 0.000378, 5e-05], [0.028786, 0.017153, 0.005008, 0.001032, 0.000163, 2e-05], [0.012147, 0.007145, 0.002198, 0.000456, 5.8e-05, 6e-06]]}, "S\u00e3o Paulo / SP": {"Internacional / RS": [[0.074452, 0.059762, 0.023548, 0.006193, 0.001222, 0.000245], [0.133665, 0.10733, 0.04276, 0.011483, 0.002291, 0.000408], [0.121126, 0.096045, 0.038297, 0.010194, 0.002018, 0.000369], [0.071899, 0.057718, 0.022946, 0.006038, 0.001177, 0.00024], [0.032201, 0.025818, 0.010354, 0.002807, 0.000571, 0.000107], [0.016527, 0.013224, 0.005257, 0.001389, 0.000272, 4.7e-05]], "Palmeiras / SP": [[0.037789, 0.029231, 0.010953, 0.002706, 0.000545, 9.6e-05], [0.095305, 0.072032, 0.02763, 0.007036, 0.001303, 0.000217], [0.120082, 0.090531, 0.034849, 0.008755, 0.001662, 0.000303], [0.100875, 0.075896, 0.028747, 0.007342, 0.001413, 0.00025], [0.063363, 0.047644, 0.018114, 0.004558, 0.000825, 0.000157], [0.05146, 0.039102, 0.014656, 0.003749, 0.000711, 0.000113]], "Figueirense / SC": [[0.046938, 0.033746, 0.012242, 0.002846, 0.000526, 9.3e-05], [0.109292, 0.079155, 0.028486, 0.006857, 0.001198, 0.000191], [0.12911, 0.09296, 0.033409, 0.008054, 0.001386, 0.000244], [0.099856, 0.072137, 0.02618, 0.006343, 0.001122, 0.000186], [0.058523, 0.042005, 0.015258, 0.003635, 0.000636, 0.000103], [0.042461, 0.030585, 0.010999, 0.00266, 0.000489, 8.9e-05]]}, "Santos / SP": {"S\u00e3o Paulo / SP": [[0.067665, 0.086637, 0.055954, 0.024057, 0.007621, 0.002423], [0.094806, 0.121697, 0.078606, 0.033835, 0.010884, 0.003529], [0.067328, 0.086103, 0.054961, 0.023583, 0.007691, 0.002363], [0.031838, 0.040654, 0.026147, 0.011236, 0.003625, 0.001192], [0.011341, 0.014489, 0.009363, 0.004012, 0.001237, 0.000388], [0.004136, 0.005242, 0.003291, 0.001466, 0.000445, 0.000155]], "Botafogo / RJ": [[0.139416, 0.051099, 0.009558, 0.001188, 0.000117, 1.1e-05], [0.22308, 0.082248, 0.015209, 0.001865, 0.000175, 1.5e-05], [0.178596, 0.065567, 0.012185, 0.001466, 0.000148, 1.3e-05], [0.096076, 0.035222, 0.006371, 0.000738, 6.9e-05, 6e-06], [0.038454, 0.014039, 0.002725, 0.0003, 3.3e-05, 3e-06], [0.016549, 0.006185, 0.001113, 0.000143, 1.6e-05, 2e-06]], "Cruzeiro / MG": [[0.085597, 0.086885, 0.044618, 0.014871, 0.003883, 0.000966], [0.123326, 0.125618, 0.063588, 0.021367, 0.005362, 0.001267], [0.089033, 0.090831, 0.045835, 0.015452, 0.003894, 0.000958], [0.042949, 0.043636, 0.021807, 0.007431, 0.001874, 0.000467], [0.015259, 0.015854, 0.0078, 0.002703, 0.000689, 0.000132], [0.005755, 0.006008, 0.002952, 0.001001, 0.000269, 6.3e-05]]}, "Athletico Paranaense / PR": {"Santos / SP": [[0.116827, 0.113103, 0.054645, 0.017753, 0.004158, 0.000984], [0.137558, 0.133524, 0.064148, 0.02087, 0.005072, 0.001183], [0.0813, 0.078582, 0.038274, 0.012206, 0.002939, 0.000667], [0.031858, 0.030743, 0.015134, 0.004878, 0.00119, 0.000289], [0.009568, 0.009128, 0.004368, 0.00139, 0.000355, 8.7e-05], [0.00277, 0.002626, 0.001275, 0.000409, 0.000111, 2.8e-05]], "Sport / PE": [[0.129057, 0.06696, 0.017772, 0.003111, 0.000434, 5.4e-05], [0.196345, 0.102583, 0.027, 0.004699, 0.000598, 5.8e-05], [0.149961, 0.078427, 0.020745, 0.003576, 0.000453, 5.4e-05], [0.07637, 0.03984, 0.010648, 0.001825, 0.000225, 3.2e-05], [0.029195, 0.015278, 0.003967, 0.000723, 0.000104, 1e-05], [0.011754, 0.006163, 0.001664, 0.000273, 3.9e-05, 3e-06]], "Goi\u00e1s / GO": [[0.190377, 0.085473, 0.019233, 0.002858, 0.00031, 4.3e-05], [0.229485, 0.10336, 0.02339, 0.003491, 0.000368, 2.7e-05], [0.139423, 0.062667, 0.01402, 0.002049, 0.000229, 1.9e-05], [0.056642, 0.02544, 0.005718, 0.00085, 9.3e-05, 7e-06], [0.016904, 0.007598, 0.001681, 0.000291, 3e-05, 4e-06], [0.00506, 0.002271, 0.000499, 8.2e-05, 8e-06, 0.0]]}, "Atl\u00e9tico / MG": {"Flamengo / RJ": [[0.120835, 0.092903, 0.035765, 0.009062, 0.001772, 0.000349], [0.16226, 0.124787, 0.047726, 0.012421, 0.002372, 0.000419], [0.108971, 0.084176, 0.032169, 0.008312, 0.001634, 0.000292], [0.049055, 0.037857, 0.014383, 0.003716, 0.000712, 0.000148], [0.016503, 0.012651, 0.004798, 0.001302, 0.000234, 4.9e-05], [0.00565, 0.004474, 0.001699, 0.000436, 9e-05, 1.8e-05]], "Coritiba / PR": [[0.161914, 0.10561, 0.034299, 0.007683, 0.001167, 0.000181], [0.188878, 0.123336, 0.040501, 0.008863, 0.001449, 0.000195], [0.110151, 0.072107, 0.023834, 0.005192, 0.000833, 0.000151], [0.042974, 0.028001, 0.009165, 0.002035, 0.000338, 4.6e-05], [0.012525, 0.00825, 0.002722, 0.00057, 9.7e-05, 1.2e-05], [0.00362, 0.002307, 0.000788, 0.000155, 4.5e-05, 6e-06]], "Figueirense / SC": [[0.097386, 0.054053, 0.014942, 0.002751, 0.000369, 5.3e-05], [0.172119, 0.096069, 0.026671, 0.004997, 0.000711, 9.6e-05], [0.152902, 0.08548, 0.02373, 0.004429, 0.000597, 8.2e-05], [0.090322, 0.050323, 0.014108, 0.002557, 0.000376, 4.6e-05], [0.040206, 0.022319, 0.00619, 0.001152, 0.000163, 1.6e-05], [0.019771, 0.011163, 0.00319, 0.000556, 9.4e-05, 1.1e-05]]}, "Bahia / BA": {"Athletico Paranaense / PR": [[0.203375, 0.17562, 0.076351, 0.02204, 0.004837, 0.000991], [0.147839, 0.128244, 0.055681, 0.015944, 0.003519, 0.000705], [0.053152, 0.046706, 0.020373, 0.005819, 0.001237, 0.000233], [0.013066, 0.011238, 0.004823, 0.00135, 0.000283, 5.9e-05], [0.002358, 0.002, 0.000904, 0.000239, 6.4e-05, 1.5e-05], [0.000393, 0.000338, 0.000147, 4.7e-05, 7e-06, 3e-06]], "Corinthians / SP": [[0.329984, 0.204704, 0.062989, 0.012898, 0.001954, 0.000305], [0.161953, 0.10005, 0.030856, 0.006534, 0.001005, 0.000137], [0.039344, 0.0245, 0.007527, 0.001527, 0.000239, 2.3e-05], [0.006331, 0.004012, 0.001263, 0.000254, 3.6e-05, 5e-06], [0.000769, 0.000481, 0.000148, 3e-05, 0.0, 1e-06], [7.2e-05, 5.2e-05, 1.4e-05, 2e-06, 1e-06, 0.0]],