{"Ponte Preta / SP": {"Boa / MG": [[0.231159, 0.050307, 0.005433, 0.000402, 3.2e-05, 2e-06], [0.265287, 0.081104, 0.011257, 0.000959, 5.6e-05, 3e-06], [0.151667, 0.059255, 0.010759, 0.001159, 8.1e-05, 3e-06], [0.05846, 0.027863, 0.005961, 0.00079, 8e-05, 1e-06], [0.016725, 0.009414, 0.002415, 0.000386, 3.9e-05, 2e-06], [0.004629, 0.00314, 0.000938, 0.000203, 2.4e-05, 5e-06]], "Coritiba / PR": [[0.149892, 0.09635, 0.030729, 0.006596, 0.001071, 0.000154], [0.151918, 0.134738, 0.054082, 0.014297, 0.002658, 0.000479], [0.076915, 0.086097, 0.044087, 0.013877, 0.00306, 0.000601], [0.025917, 0.035582, 0.021856, 0.008312, 0.002137, 0.000493], [0.006582, 0.010405, 0.007374, 0.003338, 0.001012, 0.000267], [0.001574, 0.002988, 0.002468, 0.001396, 0.000543, 0.000155]]}, "Oeste / SP": {"Londrina / PR": [[0.421416, 0.058613, 0.004034, 0.000168, 2e-06, 0.0], [0.147, 0.179097, 0.023319, 0.00158, 6e-05, 5e-06], [0.02577, 0.059192, 0.037514, 0.004601, 0.00031, 2.6e-05], [0.003035, 0.010197, 0.011761, 0.005151, 0.0006, 3.6e-05], [0.000263, 0.00115, 0.002025, 0.001541, 0.000552, 5.2e-05], [2.1e-05, 0.000112, 0.000257, 0.000293, 0.000178, 6.9e-05]], "Goi\u00e1s / GO": [[0.272717, 0.118894, 0.025624, 0.00371, 0.000421, 3.3e-05], [0.151663, 0.150457, 0.050976, 0.010089, 0.001361, 0.000146], [0.041922, 0.065007, 0.037425, 0.0106, 0.001954, 0.000278], [0.007743, 0.016232, 0.013403, 0.005856, 0.001486, 0.000275], [0.001062, 0.002811, 0.003164, 0.001897, 0.000621, 0.000162], [0.000153, 0.000424, 0.00061, 0.00049, 0.000233, 0.000101]]}, "Brasil / RS": {"Vila Nova / GO": [[0.145592, 0.15513, 0.083113, 0.029144, 0.007864, 0.00205], [0.12488, 0.133583, 0.071319, 0.025515, 0.006791, 0.001796], [0.054086, 0.05783, 0.03031, 0.010926, 0.002957, 0.000726], [0.015371, 0.016488, 0.008694, 0.003135, 0.00083, 0.000218], [0.003414, 0.003551, 0.001876, 0.000655, 0.000194, 4e-05], [0.000659, 0.000708, 0.000388, 0.000124, 3.3e-05, 1e-05]], "Guarani / SP": [[0.168683, 0.157982, 0.073917, 0.023311, 0.005414, 0.001198], [0.09756, 0.135849, 0.08455, 0.03271, 0.009184, 0.002492], [0.028345, 0.052191, 0.042436, 0.020801, 0.007041, 0.002286], [0.005561, 0.012647, 0.012827, 0.007722, 0.003167, 0.001222], [0.000797, 0.00224, 0.002704, 0.001898, 0.000951, 0.000507], [9.9e-05, 0.000331, 0.000508, 0.000439, 0.00026, 0.00017]]}, "Figueirense / SC": {"Guarani / SP": [[0.081668, 0.113581, 0.078779, 0.036424, 0.012513, 0.00451], [0.070375, 0.118597, 0.097012, 0.051633, 0.020444, 0.008327], [0.029495, 0.059557, 0.057066, 0.034654, 0.015374, 0.007211], [0.008516, 0.019699, 0.021343, 0.014783, 0.007467, 0.004042], [0.001832, 0.00485, 0.005789, 0.004455, 0.002573, 0.001558], [0.000374, 0.00107, 0.001504, 0.001375, 0.000874, 0.000676]], "Paysandu / PA": [[0.216033, 0.047004, 0.005075, 0.00039, 2.1e-05, 2e-06], [0.21572, 0.115296, 0.019962, 0.00203, 0.000121, 6e-06], [0.10753, 0.091987, 0.027913, 0.004239, 0.000388, 3e-05], [0.035582, 0.042188, 0.01907, 0.004294, 0.000575, 5.2e-05], [0.008835, 0.013428, 0.007966, 0.002552, 0.000529, 5.7e-05], [0.002095, 0.00386, 0.003253, 0.001437, 0.00039, 9e-05]]}, "Fortaleza / CE": {"CSA / AL": [[0.088715, 0.067033, 0.025333, 0.006357, 0.001234, 0.000225], [0.144909, 0.112624, 0.043517, 0.011354, 0.002164, 0.000405], [0.118063, 0.09418, 0.037226, 0.01038, 0.001974, 0.00034], [0.064293, 0.052432, 0.021517, 0.006031, 0.001227, 0.000243], [0.026124, 0.021975, 0.009339, 0.002683, 0.000505, 0.000102], [0.011372, 0.010105, 0.004426, 0.001263, 0.000273, 5.7e-05]], "Juventude / RS": [[0.230978, 0.082214, 0.014433, 0.001688, 0.00013, 1.3e-05], [0.206248, 0.124003, 0.031204, 0.004675, 0.000564, 4.4e-05], [0.090651, 0.077649, 0.027447, 0.005585, 0.000749, 8.9e-05], [0.026869, 0.029905, 0.01399, 0.003753, 0.00066, 8.1e-05], [0.006007, 0.008082, 0.004678, 0.001617, 0.000358, 6.3e-05], [0.001235, 0.002002, 0.001465, 0.000665, 0.000172, 3.4e-05]]}, "Vila Nova / GO": {"Figueirense / SC": [[0.387935, 0.07166, 0.006624, 0.00038, 2.8e-05, 0.0], [0.29581, 0.05434, 0.005074, 0.000331, 1.3e-05, 1e-06], [0.112574, 0.020858, 0.001945, 0.000116, 4e-06, 0.0], [0.028595, 0.005439, 0.000501, 2.7e-05, 3e-06, 0.0], [0.005477, 0.000991, 0.000105, 3e-06, 0.0, 0.0], [0.000951, 0.000199, 1.6e-05, 0.0, 0.0, 0.0]], "Crici\u00fama / SC": [[0.319393, 0.024051, 0.000942, 1.4e-05, 1e-06, 0.0], [0.254839, 0.105218, 0.007085, 0.000291, 5e-06, 0.0], [0.10104, 0.076328, 0.017166, 0.001045, 2.7e-05, 1e-06], [0.026911, 0.029201, 0.011303, 0.001898, 0.000117, 2e-06], [0.005229, 0.007631, 0.004283, 0.001138, 0.000136, 9e-06], [0.000935, 0.001762, 0.001299, 0.000543, 0.00014, 1.7e-05]]}, "Atl\u00e9tico / GO": {"S\u00e3o Bento / SP": [[0.04935, 0.062334, 0.039721, 0.016516, 0.00535, 0.001717], [0.074863, 0.105702, 0.073975, 0.034307, 0.01189, 0.004056], [0.056676, 0.088237, 0.068406, 0.034481, 0.013074, 0.005097], [0.028391, 0.049028, 0.041205, 0.022898, 0.009117, 0.003973], [0.010709, 0.020154, 0.018336, 0.011091, 0.004815, 0.002261], [0.004168, 0.008871, 0.008951, 0.005921, 0.002881, 0.001478]], "Ava\u00ed / SC": [[0.025368, 0.058702, 0.067575, 0.052127, 0.03009, 0.021662], [0.029001, 0.07253, 0.090441, 0.074223, 0.04594, 0.036365], [0.016854, 0.044637, 0.060044, 0.052366, 0.034279, 0.0294], [0.006396, 0.018337, 0.026285, 0.024645, 0.016903, 0.016063], [0.001855, 0.00565, 0.008465, 0.008295, 0.006129, 0.006424], [0.000535, 0.001697, 0.0028, 0.002934, 0.002326, 0.002657]]}, "CSA / AL": {"Atl\u00e9tico / GO": [[0.036436, 0.046235, 0.029321, 0.012659, 0.003897, 0.001248], [0.069949, 0.093619, 0.061696, 0.027163, 0.009, 0.003157], [0.067651, 0.093949, 0.065236, 0.029937, 0.010357, 0.003623], [0.042727, 0.063012, 0.045626, 0.021901, 0.007979, 0.002811], [0.020828, 0.031629, 0.023724, 0.011849, 0.004418, 0.001737], [0.011581, 0.018294, 0.014536, 0.007868, 0.003091, 0.001256]], "Ava\u00ed / SC": [[0.052863, 0.084869, 0.067974, 0.036296, 0.014398, 0.00619], [0.065861, 0.109683, 0.092097, 0.051826, 0.021356, 0.009798], [0.040528, 0.071615, 0.062885, 0.036523, 0.015948, 0.007634], [0.016929, 0.030886, 0.0281, 0.016832, 0.007631, 0.003866], [0.005261, 0.010158, 0.009616, 0.006102, 0.002737, 0.00151], [0.001603, 0.00331, 0.003405, 0.00208, 0.001058, 0.000572]]}, "Londrina / PR": {"Crici\u00fama / SC": [[0.088469, 0.042544, 0.01027, 0.001684, 0.000193, 1.9e-05], [0.131041, 0.103832, 0.034819, 0.007193, 0.00106, 0.000127], [0.096881, 0.107863, 0.050001, 0.013494, 0.002402, 0.000389], [0.047839, 0.067356, 0.041193, 0.014494, 0.003266, 0.000643], [0.017523, 0.030792, 0.023108, 0.010173, 0.00292, 0.000652], [0.006793, 0.014866, 0.013972, 0.007909, 0.003088, 0.001132]], "CRB / AL": [[0.169523, 0.033807, 0.003333, 0.000223, 1.6e-05, 1e-06], [0.222905, 0.089482, 0.013499, 0.001207, 6.4e-05, 2e-06], [0.144968, 0.088106, 0.020801, 0.002612, 0.000221, 1.2e-05], [0.062751, 0.051251, 0.017017, 0.002906, 0.000346, 1.9e-05], [0.020431, 0.020907, 0.00902, 0.002114, 0.000292, 2.5e-05], [0.006785, 0.008695, 0.004741, 0.001571, 0.0003, 4.7e-05]]}, "Sampaio Corr\u00eaa / MA": {"S\u00e3o Bento / SP": [[0.14461, 0.114725, 0.046356, 0.012448, 0.002503, 0.000437], [0.105194, 0.142969, 0.080221, 0.027913, 0.006737, 0.001533], [0.038691, 0.073411, 0.057755, 0.026559, 0.008134, 0.002327], [0.009338, 0.023388, 0.02432, 0.014378, 0.005395, 0.001958], [0.001683, 0.005239, 0.006777, 0.005157, 0.002545, 0.001089], [0.000319, 0.001066, 0.001639, 0.001512, 0.001029, 0.000645]], "Boa / MG": [[0.249854, 0.050474, 0.005147, 0.000364, 1.8e-05, 1e-06], [0.198189, 0.138223, 0.023715, 0.002268, 0.000141, 1.2e-05], [0.078005, 0.093353, 0.036627, 0.005652, 0.00053, 2.9e-05], [0.020847, 0.035046, 0.022034, 0.006286, 0.000846, 7.5e-05], [0.00398, 0.008973, 0.007747, 0.0034, 0.000823, 0.000127], [0.000687, 0.001985, 0.002354, 0.001555, 0.000498, 0.000135]]},