{"Guarani / SP": {"Oper\u00e1rio / PR": [[0.231139, 0.175822, 0.06767, 0.017102, 0.003377, 0.00059], [0.161903, 0.123918, 0.047258, 0.012079, 0.00225, 0.000429], [0.056656, 0.04352, 0.016683, 0.004203, 0.000865, 0.000143], [0.013152, 0.010164, 0.003935, 0.000978, 0.000191, 3.4e-05], [0.002398, 0.001831, 0.000703, 0.000166, 3.8e-05, 8e-06], [0.000365, 0.000289, 0.00011, 2.5e-05, 5e-06, 1e-06]], "Am\u00e9rica / MG": [[0.20721, 0.189237, 0.087311, 0.026883, 0.006088, 0.001342], [0.118428, 0.126119, 0.0658, 0.022696, 0.005675, 0.001363], [0.034376, 0.041382, 0.024003, 0.009399, 0.002606, 0.000691], [0.006587, 0.00886, 0.005891, 0.002396, 0.000781, 0.000222], [0.000954, 0.001388, 0.001007, 0.000459, 0.000167, 6e-05], [0.000125, 0.00022, 0.000151, 8.2e-05, 2.9e-05, 1.2e-05]]}, "Botafogo / SP": {"Sport / PE": [[0.205844, 0.172626, 0.07185, 0.020001, 0.004167, 0.000834], [0.079843, 0.140195, 0.089323, 0.033408, 0.008766, 0.002021], [0.015394, 0.041344, 0.04245, 0.022174, 0.007734, 0.002241], [0.002024, 0.007297, 0.010487, 0.007684, 0.003598, 0.001504], [0.000185, 0.000918, 0.001696, 0.001738, 0.001047, 0.000601], [1.8e-05, 7.9e-05, 0.000213, 0.000258, 0.000241, 0.000197]], "Cuiab\u00e1 / MT": [[0.120566, 0.129931, 0.070172, 0.025197, 0.006938, 0.001793], [0.124777, 0.135039, 0.07325, 0.02603, 0.007174, 0.00184], [0.064207, 0.069722, 0.037989, 0.013713, 0.003665, 0.000997], [0.022261, 0.024059, 0.013114, 0.004612, 0.001283, 0.000322], [0.005835, 0.006296, 0.0034, 0.001241, 0.000335, 7.8e-05], [0.001396, 0.001556, 0.000862, 0.000256, 7.5e-05, 1.9e-05]]}, "S\u00e3o Bento / SP": {"Brasil / RS": [[0.127598, 0.119074, 0.055269, 0.017446, 0.003993, 0.000913], [0.109769, 0.135896, 0.079464, 0.029661, 0.008083, 0.002112], [0.047058, 0.073825, 0.052135, 0.023424, 0.007436, 0.002306], [0.013452, 0.025113, 0.021397, 0.011486, 0.004081, 0.001496], [0.002838, 0.006266, 0.00628, 0.003861, 0.001669, 0.000676], [0.000545, 0.001471, 0.001739, 0.001226, 0.000615, 0.000327]], "Londrina / PR": [[0.106482, 0.097351, 0.044837, 0.013935, 0.003196, 0.000718], [0.100674, 0.13186, 0.07937, 0.030066, 0.008075, 0.001998], [0.048205, 0.081863, 0.062185, 0.02878, 0.009348, 0.002812], [0.01513, 0.032257, 0.029853, 0.016653, 0.006527, 0.002419], [0.003609, 0.009019, 0.010146, 0.006756, 0.003104, 0.001362], [0.000823, 0.002367, 0.003201, 0.002682, 0.001508, 0.000829]]}, "Vila Nova / GO": {"Guarani / SP": [[0.242393, 0.191128, 0.075504, 0.019786, 0.003981, 0.000708], [0.152161, 0.120154, 0.047608, 0.012512, 0.002476, 0.00045], [0.047752, 0.037574, 0.014962, 0.003969, 0.000778, 0.000142], [0.009953, 0.007881, 0.003175, 0.000854, 0.000143, 2.9e-05], [0.001586, 0.001227, 0.000459, 0.000128, 2.3e-05, 5e-06], [0.000235, 0.000179, 6.7e-05, 1.4e-05, 4e-06, 0.0]], "Oeste / SP": [[0.147542, 0.150584, 0.076926, 0.026341, 0.006735, 0.001703], [0.096889, 0.133917, 0.085928, 0.035322, 0.010751, 0.002949], [0.031907, 0.05493, 0.043821, 0.021959, 0.007749, 0.002641], [0.006794, 0.014444, 0.014018, 0.008239, 0.003482, 0.00142], [0.001153, 0.002766, 0.003161, 0.002143, 0.001054, 0.000501], [0.000145, 0.000459, 0.000687, 0.000484, 0.000298, 0.000158]]}, "Coritiba / PR": {"Red Bull Bragantino / SP": [[0.088816, 0.124988, 0.087859, 0.041127, 0.014467, 0.005252], [0.069787, 0.118251, 0.097661, 0.052374, 0.020967, 0.008701], [0.027509, 0.054542, 0.05198, 0.031937, 0.014026, 0.006708], [0.007197, 0.016309, 0.01767, 0.012342, 0.006102, 0.003331], [0.001371, 0.003664, 0.004433, 0.003491, 0.0019, 0.001255], [0.000248, 0.000771, 0.001065, 0.000891, 0.000587, 0.000421]], "Oeste / SP": [[0.110673, 0.079543, 0.028276, 0.006834, 0.001248, 0.000208], [0.112369, 0.132405, 0.066357, 0.020056, 0.00448, 0.00088], [0.057435, 0.093762, 0.064181, 0.025499, 0.006989, 0.001671], [0.019651, 0.040756, 0.03648, 0.018689, 0.006241, 0.001952], [0.004872, 0.012598, 0.013835, 0.008895, 0.003762, 0.001409], [0.00118, 0.003732, 0.005291, 0.004227, 0.002328, 0.001236]]}, "Oper\u00e1rio / PR": {"Red Bull Bragantino / SP": [[0.090871, 0.162019, 0.14432, 0.086149, 0.038267, 0.018997], [0.055466, 0.099625, 0.08848, 0.053017, 0.023411, 0.011904], [0.017354, 0.030735, 0.027291, 0.016345, 0.007218, 0.00354], [0.003551, 0.006349, 0.00572, 0.003376, 0.001499, 0.000745], [0.00056, 0.000989, 0.00085, 0.000527, 0.00022, 0.000119], [6.7e-05, 0.000151, 0.000125, 8.8e-05, 3e-05, 2.5e-05]], "Vit\u00f3ria / BA": [[0.145685, 0.13764, 0.064234, 0.020714, 0.004826, 0.001013], [0.132814, 0.135467, 0.06913, 0.023035, 0.005902, 0.001354], [0.060662, 0.066457, 0.03595, 0.012973, 0.003441, 0.000848], [0.018533, 0.021877, 0.012743, 0.004816, 0.001385, 0.000392], [0.004251, 0.005367, 0.003228, 0.001321, 0.000426, 0.000113], [0.000892, 0.001175, 0.000804, 0.000355, 0.000138, 3.9e-05]]}, "Crici\u00fama / SC": {"Paran\u00e1 / PR": [[0.317745, 0.20763, 0.067863, 0.01467, 0.002331, 0.000366], [0.116914, 0.115982, 0.051055, 0.013916, 0.002765, 0.000456], [0.021842, 0.028667, 0.016503, 0.005826, 0.001411, 0.000278], [0.002611, 0.004372, 0.003215, 0.001421, 0.000392, 9.2e-05], [0.00022, 0.000502, 0.000431, 0.000252, 7.2e-05, 2.2e-05], [2.8e-05, 5.3e-05, 5.4e-05, 2.6e-05, 1.2e-05, 5e-06]], "Londrina / PR": [[0.217604, 0.141823, 0.046185, 0.009858, 0.001614, 0.000236], [0.125757, 0.146465, 0.068525, 0.019198, 0.00387, 0.00067], [0.037046, 0.060818, 0.041589, 0.015678, 0.00391, 0.000862], [0.00714, 0.015322, 0.013933, 0.006882, 0.002276, 0.000665], [0.001059, 0.002656, 0.003164, 0.002097, 0.000862, 0.000296], [0.000132, 0.000395, 0.000571, 0.000464, 0.000259, 0.000119]]}, "Brasil / RS": {"Coritiba / PR": [[0.146818, 0.15306, 0.080004, 0.028141, 0.007194, 0.001824], [0.085214, 0.132084, 0.091395, 0.039412, 0.012384, 0.00365], [0.025133, 0.051048, 0.046223, 0.024756, 0.009379, 0.003459], [0.004835, 0.01247, 0.013707, 0.009281, 0.004235, 0.001887], [0.000723, 0.002175, 0.002924, 0.002414, 0.001333, 0.000735], [9.3e-05, 0.000311, 0.000569, 0.000548, 0.000346, 0.000236]], "Atl\u00e9tico / GO": [[0.201887, 0.186224, 0.085688, 0.026078, 0.006029, 0.001289], [0.094373, 0.130017, 0.079165, 0.030386, 0.008543, 0.002201], [0.021865, 0.040435, 0.032037, 0.01545, 0.005106, 0.001609], [0.003473, 0.007809, 0.007844, 0.00473, 0.001872, 0.000746], [0.000424, 0.001116, 0.001223, 0.000942, 0.000513, 0.000216], [4.6e-05, 0.00014, 0.00021, 0.000145, 0.000115, 5.4e-05]]}, "Sport / PE": {"Vila Nova / GO": [[0.192613, 0.052289, 0.007119, 0.000608, 3.6e-05, 3e-06], [0.19612, 0.122198, 0.025693, 0.003202, 0.000288, 1.4e-05], [0.100184, 0.09721, 0.03486, 0.006203, 0.000697, 5.6e-05], [0.033979, 0.044997, 0.023322, 0.006304, 0.001005, 0.00011], [0.008676, 0.014388, 0.01007, 0.003671, 0.00079, 0.000116], [0.002127, 0.004325, 0.003969, 0.001949, 0.000666, 0.000143]], "Ponte Preta / SP": [[0.223112, 0.065602, 0.00967, 0.000963, 6.6e-05, 3e-06], [0.129785, 0.176985, 0.046546, 0.00657, 0.000644, 3.9e-05], [0.038081, 0.092421, 0.068613, 0.016285, 0.002157, 0.000209], [0.00744, 0.025923, 0.032413, 0.017617, 0.003895, 0.000552], [0.001167, 0.004951, 0.008776, 0.007511, 0.003371, 0.000767], [0.000151, 0.000782, 0.001844, 0.002389, 0.001732, 0.000968]]}, "CRB / AL": {"Ponte Preta / SP": [[0.14896, 0.129861, 0.05663, 0.016598, 0.003608, 0.000781], [0.113998, 0.139052, 0.078292, 0.027671, 0.007064, 0.001679], [0.043573, 0.06864, 0.048198, 0.021141, 0.006416, 0.001822], [0.011052, 0.021261, 0.018471, 0.009608, 0.003445, 0.001206], [0.002158, 0.00484, 0.00492, 0.003139, 0.001299, 0.000534], [0.000363, 0.001018, 0.001189, 0.000857, 0.000427, 0.000229]], "Figueirense / SC": [[0.146614, 0.114812, 0.044431, 0.011484, 0.002232, 0.000372], [0.148537, 0.134255, 0.059454, 0.017351, 0.003626, 0.000784], [0.075909, 0.077695, 0.038665, 0.012377, 0.002991, 0.000695], [0.025688, 0.029265, 0.016395, 0.005658, 0.001526, 0.000358], [0.006338, 0.00824, 0.005049, 0.00202, 0.000571, 0.000183], [0.001553, 0.002243, 0.001623, 0.000701, 0.000225, 8e-05]]},