{"Guarani / SP": {"Oper\u00e1rio / PR": [[0.232818, 0.099743, 0.02147, 0.003135, 0.000355, 2.9e-05], [0.215853, 0.116302, 0.029798, 0.00498, 0.000614, 6e-05], [0.098783, 0.06572, 0.02007, 0.003792, 0.000575, 6.3e-05], [0.029609, 0.024041, 0.00884, 0.002054, 0.000317, 3.8e-05], [0.006726, 0.006468, 0.002732, 0.000721, 0.000143, 1.7e-05], [0.001368, 0.001561, 0.000865, 0.000276, 5.2e-05, 1.2e-05]], "Am\u00e9rica / MG": [[0.253193, 0.192547, 0.072365, 0.018141, 0.003488, 0.000546], [0.124741, 0.125119, 0.059423, 0.018247, 0.004061, 0.000746], [0.030913, 0.038606, 0.022436, 0.008124, 0.002151, 0.000514], [0.005074, 0.007484, 0.005258, 0.00227, 0.00071, 0.000202], [0.000634, 0.001087, 0.00086, 0.000426, 0.000133, 4.2e-05], [6.2e-05, 0.000112, 0.000142, 9.7e-05, 3.2e-05, 1.4e-05]]}, "Botafogo / SP": {"Sport / PE": [[0.140845, 0.147857, 0.076958, 0.026725, 0.006893, 0.001752], [0.111542, 0.134239, 0.078301, 0.030684, 0.008787, 0.002425], [0.044313, 0.060054, 0.039333, 0.016866, 0.005389, 0.001698], [0.011888, 0.01744, 0.01282, 0.006066, 0.002151, 0.000723], [0.002284, 0.003877, 0.003132, 0.001616, 0.000569, 0.000257], [0.00046, 0.000763, 0.000644, 0.000417, 0.000159, 7.3e-05]], "Cuiab\u00e1 / MT": [[0.16521, 0.137041, 0.05791, 0.016181, 0.00333, 0.000639], [0.155765, 0.133477, 0.05797, 0.016663, 0.00354, 0.000696], [0.072907, 0.064982, 0.028992, 0.008603, 0.001908, 0.000414], [0.022666, 0.020763, 0.009673, 0.002925, 0.000676, 0.00013], [0.005349, 0.005074, 0.002387, 0.000749, 0.000163, 3.6e-05], [0.001197, 0.001171, 0.000605, 0.000159, 3.7e-05, 1.2e-05]]}, "S\u00e3o Bento / SP": {"Brasil / RS": [[0.105768, 0.105676, 0.052889, 0.017948, 0.004445, 0.001088], [0.106604, 0.132033, 0.078441, 0.030303, 0.008621, 0.002314], [0.054416, 0.07941, 0.054774, 0.024378, 0.007995, 0.002447], [0.018584, 0.030878, 0.024614, 0.012288, 0.004541, 0.001665], [0.004688, 0.008832, 0.007942, 0.004635, 0.001977, 0.000761], [0.001098, 0.002455, 0.002619, 0.001706, 0.000764, 0.000403]], "Londrina / PR": [[0.092699, 0.09278, 0.04622, 0.015403, 0.003824, 0.000952], [0.10466, 0.128546, 0.075574, 0.028988, 0.008107, 0.0022], [0.05931, 0.085083, 0.058383, 0.025742, 0.008103, 0.002529], [0.021836, 0.037358, 0.028988, 0.0147, 0.005134, 0.001866], [0.006192, 0.011731, 0.010437, 0.005863, 0.002431, 0.000967], [0.001748, 0.003649, 0.003839, 0.002504, 0.001098, 0.000556]]}, "Vila Nova / GO": {"Guarani / SP": [[0.341219, 0.196261, 0.05627, 0.010684, 0.001481, 0.000203], [0.154039, 0.105463, 0.03498, 0.007675, 0.001208, 0.000152], [0.034443, 0.027704, 0.010655, 0.002603, 0.000436, 6.6e-05], [0.00527, 0.004708, 0.002047, 0.000558, 0.000121, 2.6e-05], [0.000541, 0.000601, 0.00029, 9.1e-05, 1.6e-05, 4e-06], [5.7e-05, 5.6e-05, 4.8e-05, 2e-05, 3e-06, 1e-06]], "Oeste / SP": [[0.134428, 0.174043, 0.111186, 0.048063, 0.015323, 0.004879], [0.086846, 0.121597, 0.084783, 0.039004, 0.013463, 0.004743], [0.028118, 0.042177, 0.031543, 0.015738, 0.005625, 0.00222], [0.006009, 0.009638, 0.007861, 0.004184, 0.001664, 0.000656], [0.000963, 0.001598, 0.001447, 0.000786, 0.000378, 0.000145], [0.000156, 0.000255, 0.00023, 0.000143, 7e-05, 3.8e-05]]}, "Coritiba / PR": {"Red Bull Bragantino / SP": [[0.122782, 0.125502, 0.064604, 0.021661, 0.005606, 0.001369], [0.118997, 0.134813, 0.075539, 0.027787, 0.007826, 0.002153], [0.057515, 0.071681, 0.043576, 0.017474, 0.005148, 0.001472], [0.018575, 0.025263, 0.016539, 0.007228, 0.002327, 0.000763], [0.004466, 0.006482, 0.00468, 0.002115, 0.000763, 0.00027], [0.001034, 0.00163, 0.001302, 0.000696, 0.000263, 9.9e-05]], "Oeste / SP": [[0.069753, 0.059055, 0.024772, 0.006907, 0.001423, 0.000257], [0.113768, 0.10893, 0.051543, 0.015958, 0.003672, 0.000776], [0.091654, 0.099977, 0.052801, 0.018629, 0.004642, 0.001072], [0.048322, 0.05977, 0.035484, 0.01372, 0.003751, 0.001017], [0.019119, 0.026774, 0.017801, 0.007534, 0.002312, 0.000695], [0.008137, 0.013002, 0.009734, 0.00487, 0.001745, 0.000624]]}, "Oper\u00e1rio / PR": {"Red Bull Bragantino / SP": [[0.158362, 0.142311, 0.063947, 0.019337, 0.004271, 0.001019], [0.13467, 0.136298, 0.067944, 0.022094, 0.005502, 0.001307], [0.05697, 0.063775, 0.035193, 0.012714, 0.003352, 0.000868], [0.016259, 0.019836, 0.011903, 0.004563, 0.001339, 0.000391], [0.003504, 0.004631, 0.00304, 0.001346, 0.000421, 0.000101], [0.000689, 0.000907, 0.000652, 0.000331, 0.000119, 3.4e-05]], "Vit\u00f3ria / BA": [[0.097322, 0.068061, 0.023705, 0.005324, 0.0009, 0.000143], [0.15225, 0.113196, 0.041699, 0.010297, 0.001914, 0.00034], [0.117841, 0.094043, 0.036814, 0.009618, 0.001815, 0.000331], [0.060732, 0.051386, 0.021727, 0.005857, 0.001206, 0.000219], [0.023495, 0.021278, 0.009532, 0.002781, 0.000596, 0.000115], [0.009707, 0.009259, 0.004613, 0.001481, 0.000336, 6.7e-05]]}, "Crici\u00fama / SC": {"Paran\u00e1 / PR": [[0.147163, 0.129072, 0.05662, 0.016848, 0.003738, 0.000734], [0.137961, 0.135173, 0.066602, 0.021498, 0.005114, 0.001125], [0.064837, 0.0705, 0.037509, 0.013411, 0.003507, 0.000819], [0.020246, 0.024276, 0.014169, 0.00548, 0.001571, 0.00039], [0.004815, 0.006216, 0.003964, 0.001663, 0.000498, 0.000153], [0.001091, 0.001481, 0.001059, 0.000484, 0.000163, 5e-05]], "Londrina / PR": [[0.14544, 0.10138, 0.035074, 0.008317, 0.001377, 0.000213], [0.154771, 0.132768, 0.054825, 0.014358, 0.002921, 0.000472], [0.081462, 0.083225, 0.040416, 0.012558, 0.002824, 0.00058], [0.028539, 0.034208, 0.019265, 0.00671, 0.001666, 0.000357], [0.007507, 0.010197, 0.006597, 0.002555, 0.000747, 0.000177], [0.001838, 0.003049, 0.002171, 0.001004, 0.000338, 9.4e-05]]}, "Brasil / RS": {"Coritiba / PR": [[0.218787, 0.157406, 0.057242, 0.013695, 0.002495, 0.000408], [0.141349, 0.134845, 0.06076, 0.017511, 0.003715, 0.000689], [0.046153, 0.054557, 0.029927, 0.010332, 0.002502, 0.000561], [0.00986, 0.014039, 0.009067, 0.003736, 0.001025, 0.000262], [0.00163, 0.002678, 0.002095, 0.000892, 0.000277, 0.000111], [0.000252, 0.000431, 0.000369, 0.000226, 8.4e-05, 3.2e-05]], "Atl\u00e9tico / GO": [[0.350644, 0.179213, 0.045552, 0.007948, 0.00101, 0.000106], [0.152756, 0.113298, 0.038346, 0.008169, 0.00128, 0.000151], [0.033169, 0.032235, 0.014189, 0.00362, 0.000683, 0.00011], [0.004867, 0.00589, 0.003156, 0.000999, 0.00023, 4.4e-05], [0.000507, 0.000811, 0.000516, 0.000194, 4.3e-05, 8e-06], [5.7e-05, 8.3e-05, 6.9e-05, 3.6e-05, 8e-06, 3e-06]]}, "Sport / PE": {"Vila Nova / GO": [[0.12049, 0.072426, 0.021674, 0.004266, 0.000634, 9.4e-05], [0.174595, 0.11305, 0.036211, 0.007712, 0.001196, 0.000159], [0.126436, 0.088021, 0.03002, 0.006738, 0.001092, 0.000164], [0.060955, 0.045277, 0.016538, 0.004082, 0.000691, 0.000103], [0.021806, 0.01732, 0.006744, 0.001731, 0.00036, 5.9e-05], [0.008251, 0.007029, 0.002982, 0.000873, 0.000188, 3.3e-05]], "Ponte Preta / SP": [[0.163102, 0.080637, 0.020208, 0.003342, 0.000409, 5.1e-05], [0.195886, 0.1159, 0.033287, 0.006358, 0.000861, 9.3e-05], [0.116222, 0.082296, 0.027315, 0.005788, 0.001007, 0.00011], [0.045339, 0.037865, 0.014481, 0.003627, 0.00059, 0.000105], [0.013049, 0.012865, 0.005928, 0.001644, 0.000327, 6.4e-05], [0.003623, 0.004253, 0.002293, 0.000831, 0.000208, 3.6e-05]]}, "CRB / AL": {"Ponte Preta / SP": [[0.156155, 0.138956, 0.062134, 0.01865, 0.00418, 0.000863], [0.133213, 0.135842, 0.068008, 0.022611, 0.005511, 0.001273], [0.057844, 0.065537, 0.03694, 0.013156, 0.003583, 0.000884], [0.016589, 0.020921, 0.012837, 0.005291, 0.001533, 0.000442], [0.003577, 0.004888, 0.003269, 0.001495, 0.000488, 0.000136], [0.000663, 0.001115, 0.00083, 0.000408, 0.000145, 3.3e-05]], "Figueirense / SC": [[0.224735, 0.172232, 0.065793, 0.01664, 0.003151, 0.000526], [0.145189, 0.129373, 0.05638, 0.016325, 0.003377, 0.000638], [0.047149, 0.047745, 0.023414, 0.007445, 0.001784, 0.000389], [0.010232, 0.011586, 0.006206, 0.002272, 0.000588, 0.000157], [0.00172, 0.002086, 0.001253, 0.000493, 0.000154, 4.4e-05], [0.000239, 0.00032, 0.000224, 9.7e-05, 3.7e-05, 7e-06]]},