{"Vit\u00f3ria / BA": {"Palmeiras / SP": [[0.069805, 0.089269, 0.056604, 0.024105, 0.007622, 0.002446], [0.077982, 0.11862, 0.087135, 0.042144, 0.015237, 0.005435], [0.043565, 0.07647, 0.064657, 0.035783, 0.014203, 0.005836], [0.016107, 0.031944, 0.031246, 0.018964, 0.008478, 0.004051], [0.00445, 0.010017, 0.010855, 0.00748, 0.003816, 0.001995], [0.001226, 0.003079, 0.003729, 0.002967, 0.001576, 0.001102]]}, "Fluminense / RJ": {"Internacional / RS": [[0.164317, 0.052983, 0.008708, 0.000948, 7.5e-05, 7e-06], [0.148642, 0.142986, 0.038191, 0.005724, 0.000641, 6.5e-05], [0.068038, 0.107733, 0.05815, 0.013636, 0.002004, 0.000211], [0.020553, 0.046001, 0.038035, 0.015216, 0.003219, 0.000503], [0.004566, 0.013221, 0.015513, 0.008979, 0.002844, 0.000623], [0.00101, 0.003564, 0.005396, 0.004422, 0.002331, 0.000945]]}, "Cruzeiro / MG": {"Corinthians / SP": [[0.103561, 0.08806, 0.037925, 0.010813, 0.002227, 0.000467], [0.137655, 0.125569, 0.057446, 0.017318, 0.004016, 0.000847], [0.091888, 0.090155, 0.04364, 0.013784, 0.003347, 0.000788], [0.041119, 0.042271, 0.021813, 0.007406, 0.001902, 0.000443], [0.013559, 0.01524, 0.008164, 0.002767, 0.000789, 0.000176], [0.004657, 0.005386, 0.003173, 0.001181, 0.000349, 9.9e-05]]}, "Santos / SP": {"Am\u00e9rica / MG": [[0.100376, 0.001271, 8e-06, 0.0, 0.0, 0.0], [0.178238, 0.053814, 0.000651, 4e-06, 0.0, 0.0], [0.157652, 0.093334, 0.014218, 0.000178, 3e-06, 0.0], [0.093198, 0.081562, 0.024394, 0.002471, 2.3e-05, 0.0], [0.041563, 0.048291, 0.021544, 0.004205, 0.000353, 5e-06], [0.020708, 0.032297, 0.020702, 0.007219, 0.001481, 0.000237]]}, "Athletico Paranaense / PR": {"Flamengo / RJ": [[0.122033, 0.073933, 0.022139, 0.004572, 0.000712, 8.4e-05], [0.114008, 0.138413, 0.061868, 0.016559, 0.003048, 0.000548], [0.053151, 0.096321, 0.068243, 0.025457, 0.006094, 0.001351], [0.016452, 0.040308, 0.039703, 0.020955, 0.006887, 0.001821], [0.003747, 0.011685, 0.014925, 0.010327, 0.004582, 0.001646], [0.000819, 0.003011, 0.00528, 0.004747, 0.002916, 0.001655]]}, "Chapecoense / SC": {"Atl\u00e9tico / MG": [[0.056384, 0.047421, 0.019742, 0.005551, 0.00119, 0.000236], [0.053437, 0.105256, 0.069989, 0.026716, 0.007184, 0.001759], [0.025493, 0.07914, 0.090931, 0.050931, 0.017947, 0.005762], [0.008237, 0.034841, 0.057463, 0.048866, 0.024145, 0.010348], [0.001919, 0.010508, 0.023322, 0.027559, 0.019164, 0.011791], [0.00046, 0.002937, 0.008506, 0.01391, 0.01422, 0.016735]]}, "S\u00e3o Paulo / SP": {"Santa Cruz / PE": [[0.102814, 0.051926, 0.013086, 0.00221, 0.000316, 3.3e-05], [0.165936, 0.100014, 0.029589, 0.005565, 0.000775, 7.7e-05], [0.135319, 0.09344, 0.03105, 0.006734, 0.001068, 0.000148], [0.071803, 0.057166, 0.021531, 0.005313, 0.00093, 0.000114], [0.029048, 0.025603, 0.0108, 0.002859, 0.000545, 0.00011], [0.013045, 0.012729, 0.005959, 0.001859, 0.000414, 7.2e-05]]}, "Gr\u00eamio / RS": {"Botafogo / RJ": [[0.148012, 0.083752, 0.023174, 0.004395, 0.000615, 8.5e-05], [0.139398, 0.138539, 0.05612, 0.013827, 0.002365, 0.000328], [0.064938, 0.093456, 0.054603, 0.017961, 0.003894, 0.000702], [0.020612, 0.038032, 0.02964, 0.012914, 0.003703, 0.000854], [0.004984, 0.011001, 0.010725, 0.006186, 0.002195, 0.000702], [0.001031, 0.002985, 0.003818, 0.002647, 0.001284, 0.000523]]}, "Ponte Preta / SP": {"Coritiba / PR": [[0.154915, 0.113037, 0.040711, 0.009963, 0.001825, 0.000315], [0.1732, 0.128538, 0.047916, 0.011875, 0.002167, 0.000381], [0.09742, 0.073681, 0.027954, 0.007118, 0.001315, 0.000232], [0.036514, 0.028137, 0.010874, 0.002824, 0.00054, 8.3e-05], [0.009974, 0.00801, 0.003261, 0.000876, 0.000165, 2.6e-05], [0.002801, 0.002238, 0.00082, 0.000228, 5.6e-05, 1e-05]]}, "Sport / PE": {"Figueirense / SC": [[0.129465, 0.044384, 0.007805, 0.000832, 6.5e-05, 8e-06], [0.127484, 0.136416, 0.039399, 0.006425, 0.000714, 5.8e-05], [0.062666, 0.112905, 0.068579, 0.017226, 0.002628, 0.000324], [0.020639, 0.051825, 0.049167, 0.02201, 0.004894, 0.000779], [0.005124, 0.016644, 0.021312, 0.01423, 0.00522, 0.001189], [0.001193, 0.004868, 0.008412, 0.00814, 0.004684, 0.002287]]}}