{"Coritiba / PR": {"Vasco da Gama / RJ": [[0.178957, 0.127589, 0.045789, 0.010933, 0.001983, 0.000299], [0.180124, 0.128515, 0.045948, 0.010696, 0.001822, 0.000313], [0.091096, 0.064507, 0.023078, 0.005514, 0.000979, 0.000145], [0.030483, 0.02172, 0.007869, 0.001876, 0.000337, 5.2e-05], [0.007705, 0.005397, 0.001922, 0.000487, 7.6e-05, 1.5e-05], [0.001804, 0.001342, 0.00048, 0.000116, 2.3e-05, 9e-06]]}, "Goi\u00e1s / GO": {"S\u00e3o Paulo / SP": [[0.067167, 0.104517, 0.081339, 0.041775, 0.016264, 0.006609], [0.077173, 0.119067, 0.093064, 0.048064, 0.018477, 0.007614], [0.044202, 0.068935, 0.053429, 0.027538, 0.010851, 0.004369], [0.017041, 0.026154, 0.020509, 0.010669, 0.004023, 0.001675], [0.004762, 0.007671, 0.005893, 0.003028, 0.00119, 0.000468], [0.001377, 0.002103, 0.001615, 0.000891, 0.000335, 0.000142]]}, "Corinthians / SP": {"Ava\u00ed / SC": [[0.037965, 0.027304, 0.009699, 0.002342, 0.000387, 6.9e-05], [0.097312, 0.069349, 0.024813, 0.005812, 0.001004, 0.000176], [0.12489, 0.088766, 0.031378, 0.007409, 0.001334, 0.000233], [0.10584, 0.075694, 0.026887, 0.00619, 0.001148, 0.000178], [0.06781, 0.048058, 0.017061, 0.004231, 0.000729, 0.000106], [0.057023, 0.040258, 0.014428, 0.003392, 0.00062, 0.000105]]}, "Flamengo / RJ": {"Palmeiras / SP": [[0.037913, 0.070861, 0.065967, 0.041101, 0.019499, 0.010161], [0.053217, 0.099478, 0.092462, 0.057822, 0.027021, 0.014279], [0.037485, 0.069257, 0.066042, 0.040448, 0.018817, 0.010083], [0.01755, 0.03278, 0.031034, 0.019, 0.008857, 0.004774], [0.006271, 0.011405, 0.010633, 0.006719, 0.003113, 0.001704], [0.00227, 0.004036, 0.003798, 0.002358, 0.001169, 0.000616]]}, "Santos / SP": {"Athletico Paranaense / PR": [[0.083494, 0.08815, 0.045869, 0.01603, 0.004182, 0.001009], [0.120395, 0.125781, 0.065635, 0.023087, 0.005962, 0.001569], [0.085881, 0.090111, 0.046795, 0.016439, 0.004393, 0.001094], [0.040861, 0.043365, 0.022612, 0.007717, 0.002059, 0.000521], [0.014546, 0.015211, 0.007952, 0.002808, 0.000716, 0.000173], [0.005471, 0.005659, 0.003019, 0.001082, 0.000274, 7.8e-05]]}, "Atl\u00e9tico / MG": {"Chapecoense / SC": [[0.076468, 0.076173, 0.038261, 0.01286, 0.003132, 0.000816], [0.119077, 0.120301, 0.060178, 0.020076, 0.005115, 0.001191], [0.094503, 0.093988, 0.047156, 0.015966, 0.003937, 0.000932], [0.049411, 0.049767, 0.024747, 0.008457, 0.002114, 0.000526], [0.01936, 0.019351, 0.009626, 0.003303, 0.000834, 0.000209], [0.008011, 0.008227, 0.004059, 0.001422, 0.000364, 8.2e-05]]}, "Joinville / SC": {"Gr\u00eamio / RS": [[0.152686, 0.208924, 0.143767, 0.065973, 0.022509, 0.007942], [0.077057, 0.106591, 0.073053, 0.033402, 0.011484, 0.003991], [0.019766, 0.026777, 0.018586, 0.008706, 0.002903, 0.001015], [0.003244, 0.004479, 0.003186, 0.001428, 0.000534, 0.000184], [0.000444, 0.000539, 0.000375, 0.000205, 5.5e-05, 2.6e-05], [3.8e-05, 6.4e-05, 4.2e-05, 1.5e-05, 6e-06, 4e-06]]}, "Ponte Preta / SP": {"Sport / PE": [[0.110978, 0.137386, 0.085786, 0.035423, 0.010974, 0.003323], [0.106293, 0.131815, 0.081733, 0.033779, 0.010613, 0.003181], [0.050962, 0.063007, 0.039113, 0.016285, 0.004965, 0.00159], [0.016354, 0.020296, 0.012477, 0.005098, 0.001621, 0.000489], [0.003776, 0.004956, 0.00292, 0.00126, 0.000398, 0.000116], [0.000873, 0.001071, 0.000711, 0.000272, 8.8e-05, 1.8e-05]]}, "Internacional / RS": {"Cruzeiro / MG": [[0.175047, 0.176493, 0.088065, 0.029522, 0.007551, 0.001752], [0.129055, 0.129611, 0.06497, 0.021733, 0.005367, 0.001338], [0.047618, 0.048176, 0.024174, 0.008126, 0.00209, 0.000449], [0.011856, 0.011649, 0.005916, 0.001996, 0.000455, 0.000128], [0.002151, 0.002144, 0.001116, 0.000365, 8.2e-05, 2.5e-05], [0.000348, 0.000362, 0.000205, 4.8e-05, 1.5e-05, 2e-06]]}, "Figueirense / SC": {"Fluminense / RJ": [[0.103776, 0.127419, 0.078488, 0.03222, 0.009805, 0.003159], [0.107407, 0.132425, 0.081172, 0.033192, 0.010075, 0.003136], [0.055621, 0.068333, 0.042357, 0.017224, 0.005275, 0.001643], [0.019249, 0.023657, 0.014611, 0.005757, 0.001885, 0.000552], [0.005098, 0.006181, 0.003877, 0.001537, 0.000502, 0.000131], [0.001221, 0.001519, 0.000968, 0.000384, 0.000102, 4.2e-05]]}}