{"Fluminense / RJ": {"Fortaleza / CE": [[0.120482, 0.099602, 0.041687, 0.011633, 0.002456, 0.000446], [0.154674, 0.127867, 0.053699, 0.014933, 0.00315, 0.000622], [0.099589, 0.083016, 0.034578, 0.009658, 0.002047, 0.000392], [0.042348, 0.035418, 0.014919, 0.004097, 0.000855, 0.000172], [0.01368, 0.011377, 0.004693, 0.001307, 0.000307, 4.3e-05], [0.004418, 0.003743, 0.001588, 0.000393, 8.3e-05, 2.8e-05]]}, "Vasco da Gama / RJ": {"Goi\u00e1s / GO": [[0.086738, 0.107589, 0.067288, 0.02786, 0.008686, 0.002606], [0.104735, 0.129604, 0.08045, 0.033454, 0.010228, 0.003241], [0.062607, 0.077861, 0.048201, 0.02013, 0.00618, 0.001843], [0.02527, 0.030958, 0.019389, 0.008096, 0.002377, 0.000763], [0.007346, 0.009443, 0.005838, 0.002485, 0.000696, 0.000235], [0.002203, 0.00281, 0.001799, 0.000696, 0.000229, 6.6e-05]]}, "S\u00e3o Paulo / SP": {"Flamengo / RJ": [[0.040926, 0.066144, 0.053513, 0.028588, 0.011384, 0.005062], [0.064507, 0.104313, 0.084419, 0.04536, 0.018303, 0.007917], [0.051317, 0.083029, 0.066446, 0.03624, 0.01439, 0.006329], [0.026785, 0.043553, 0.035358, 0.018846, 0.007671, 0.003223], [0.010614, 0.017214, 0.013861, 0.007445, 0.00296, 0.001304], [0.004538, 0.00738, 0.006042, 0.003118, 0.0013, 0.000601]]}, "Red Bull Bragantino / SP": {"Gr\u00eamio / RS": [[0.094671, 0.116672, 0.072351, 0.02984, 0.009312, 0.00294], [0.105604, 0.131212, 0.081505, 0.033681, 0.010243, 0.003136], [0.059074, 0.073805, 0.045711, 0.018846, 0.005792, 0.0018], [0.02203, 0.027437, 0.017084, 0.007021, 0.002176, 0.000748], [0.006167, 0.007718, 0.004886, 0.001967, 0.000579, 0.000181], [0.001707, 0.002126, 0.001259, 0.000525, 0.000141, 5.3e-05]]}, "Atl\u00e9tico / MG": {"Palmeiras / SP": [[0.070545, 0.096075, 0.065388, 0.029563, 0.010149, 0.003583], [0.091023, 0.124685, 0.084301, 0.038324, 0.013114, 0.004467], [0.058593, 0.079813, 0.054369, 0.024645, 0.00832, 0.002973], [0.025032, 0.034158, 0.023691, 0.010488, 0.00367, 0.001229], [0.007979, 0.011083, 0.007537, 0.00347, 0.001146, 0.000358], [0.002599, 0.003571, 0.002492, 0.001081, 0.000356, 0.00013]]}, "Internacional / RS": {"Corinthians / SP": [[0.078749, 0.073787, 0.034446, 0.010788, 0.002596, 0.000535], [0.126458, 0.118526, 0.055473, 0.016969, 0.003871, 0.000889], [0.101662, 0.095238, 0.044401, 0.013875, 0.003188, 0.000758], [0.054379, 0.050652, 0.023661, 0.007404, 0.001751, 0.000393], [0.021584, 0.020545, 0.009459, 0.003011, 0.000671, 0.000154], [0.009548, 0.008775, 0.00417, 0.001302, 0.000261, 7.1e-05]]}, "Bahia / BA": {"Santos / SP": [[0.04081, 0.075599, 0.069128, 0.041885, 0.019124, 0.010018], [0.055463, 0.10248, 0.093531, 0.057506, 0.026298, 0.013546], [0.038006, 0.069654, 0.063368, 0.038991, 0.017805, 0.009458], [0.017362, 0.031742, 0.028657, 0.017688, 0.008118, 0.004105], [0.005856, 0.010862, 0.010011, 0.006174, 0.002757, 0.001423], [0.002018, 0.003679, 0.003393, 0.00205, 0.00097, 0.000465]]}, "Athletico Paranaense / PR": {"Sport / PE": [[0.197377, 0.126431, 0.040415, 0.008699, 0.001354, 0.000177], [0.194307, 0.124267, 0.039831, 0.008273, 0.001342, 0.000201], [0.09522, 0.061087, 0.019622, 0.004044, 0.000702, 8.6e-05], [0.031089, 0.019903, 0.006304, 0.001356, 0.000218, 2.6e-05], [0.007669, 0.004738, 0.001593, 0.000313, 4.4e-05, 1e-05], [0.001801, 0.001072, 0.000338, 7.7e-05, 1.3e-05, 1e-06]]}, "Cear\u00e1 / CE": {"Botafogo / RJ": [[0.063304, 0.058697, 0.027107, 0.008308, 0.001912, 0.000421], [0.11627, 0.10755, 0.049918, 0.015509, 0.003533, 0.000742], [0.106086, 0.098254, 0.045821, 0.014383, 0.003316, 0.000746], [0.064662, 0.059763, 0.028107, 0.008744, 0.00196, 0.000505], [0.029754, 0.027882, 0.012757, 0.004002, 0.000912, 0.00021], [0.015308, 0.014314, 0.006644, 0.002031, 0.000455, 0.000113]]}, "Atl\u00e9tico / GO": {"Coritiba / PR": [[0.157518, 0.12068, 0.04622, 0.011859, 0.002266, 0.000349], [0.170525, 0.130525, 0.04967, 0.012718, 0.002383, 0.000404], [0.092479, 0.070897, 0.026761, 0.006905, 0.001331, 0.000214], [0.033464, 0.025539, 0.009607, 0.002494, 0.000479, 9.9e-05], [0.009038, 0.006966, 0.002679, 0.000729, 0.000135, 1.8e-05], [0.002341, 0.001784, 0.000678, 0.000198, 3.9e-05, 9e-06]]}}