{"Botafogo / RJ": {"Guarani / SP": [[0.087305, 0.077316, 0.034671, 0.010255, 0.002266, 0.000478], [0.135574, 0.120902, 0.053002, 0.015763, 0.003699, 0.000783], [0.104658, 0.093105, 0.041183, 0.01242, 0.002731, 0.000545], [0.054151, 0.048259, 0.021421, 0.006441, 0.001385, 0.000297], [0.020886, 0.018431, 0.008291, 0.00248, 0.000545, 8.7e-05], [0.008534, 0.007404, 0.003424, 0.001041, 0.000209, 5.8e-05]]}, "Goi\u00e1s / GO": {"Brusque / SC": [[0.085743, 0.060679, 0.021308, 0.00499, 0.000968, 0.000152], [0.15052, 0.106049, 0.037499, 0.008913, 0.001571, 0.000255], [0.130884, 0.092829, 0.032749, 0.007853, 0.001342, 0.00021], [0.076217, 0.054224, 0.019124, 0.004533, 0.00082, 0.000131], [0.033482, 0.023586, 0.008468, 0.001973, 0.000323, 5.3e-05], [0.016072, 0.011381, 0.003965, 0.000952, 0.000149, 3.3e-05]]}, "Ponte Preta / SP": {"Coritiba / PR": [[0.142884, 0.147237, 0.07509, 0.025762, 0.00679, 0.001629], [0.130851, 0.134402, 0.069695, 0.023739, 0.006094, 0.001507], [0.060014, 0.062187, 0.031635, 0.011024, 0.002825, 0.000693], [0.018523, 0.018868, 0.00973, 0.003328, 0.000863, 0.000191], [0.004244, 0.004392, 0.002228, 0.000737, 0.000203, 4.3e-05], [0.000917, 0.000962, 0.00048, 0.00017, 4.7e-05, 1.6e-05]]}, "Cruzeiro / MG": {"N\u00e1utico / PE": [[0.048818, 0.068409, 0.04835, 0.022555, 0.007966, 0.002865], [0.077964, 0.110337, 0.077737, 0.036555, 0.012996, 0.00473], [0.063347, 0.08905, 0.063008, 0.029327, 0.01044, 0.003847], [0.034291, 0.04824, 0.033963, 0.015926, 0.005715, 0.002102], [0.013749, 0.019547, 0.013658, 0.006588, 0.002262, 0.000833], [0.005993, 0.008668, 0.005924, 0.002894, 0.000981, 0.000365]]}, "Londrina / PR": {"Vasco da Gama / RJ": [[0.116561, 0.12519, 0.065946, 0.023378, 0.00632, 0.00167], [0.127056, 0.13438, 0.071674, 0.025453, 0.00682, 0.001724], [0.068004, 0.072833, 0.03907, 0.013811, 0.0036, 0.000951], [0.024717, 0.026257, 0.013839, 0.004812, 0.00132, 0.000328], [0.006678, 0.007137, 0.003682, 0.001341, 0.000367, 7.4e-05], [0.001725, 0.00183, 0.00099, 0.000347, 8.8e-05, 2.7e-05]]}, "CSA / AL": {"Brasil / RS": [[0.14534, 0.057413, 0.01134, 0.001509, 0.000147, 2e-05], [0.223474, 0.088047, 0.017323, 0.002203, 0.000211, 2.8e-05], [0.171121, 0.067272, 0.013213, 0.001783, 0.000181, 1.5e-05], [0.087452, 0.034731, 0.006849, 0.000939, 7.6e-05, 6e-06], [0.03326, 0.013069, 0.002577, 0.000371, 3e-05, 2e-06], [0.013489, 0.005322, 0.001034, 0.000125, 2.2e-05, 6e-06]]}, "Oper\u00e1rio / PR": {"CRB / AL": [[0.106672, 0.13465, 0.084757, 0.035523, 0.01118, 0.003653], [0.103289, 0.132178, 0.08274, 0.034944, 0.011132, 0.003529], [0.051066, 0.064038, 0.040618, 0.01711, 0.005434, 0.001714], [0.016268, 0.020725, 0.01332, 0.005571, 0.001819, 0.0005], [0.004109, 0.005129, 0.003134, 0.001382, 0.0004, 0.000142], [0.000955, 0.001147, 0.00075, 0.000294, 9.6e-05, 3.2e-05]]}, "Ava\u00ed / SC": {"Sampaio Corr\u00eaa / MA": [[0.133528, 0.100814, 0.03791, 0.009717, 0.001825, 0.000317], [0.167103, 0.127136, 0.047884, 0.012211, 0.002259, 0.000381], [0.105687, 0.080052, 0.030147, 0.007535, 0.001403, 0.000254], [0.044505, 0.033595, 0.012811, 0.003124, 0.000653, 0.000107], [0.013774, 0.010738, 0.003985, 0.001013, 0.000199, 3e-05], [0.004397, 0.003179, 0.001354, 0.000304, 6e-05, 9e-06]]}, "Vit\u00f3ria / BA": {"Vila Nova / GO": [[0.232542, 0.139717, 0.042313, 0.008336, 0.001361, 0.000171], [0.199596, 0.12072, 0.035808, 0.007313, 0.001143, 0.000154], [0.085175, 0.051113, 0.015487, 0.003123, 0.000452, 5e-05], [0.024125, 0.014457, 0.004374, 0.000899, 0.000134, 2e-05], [0.005178, 0.00316, 0.000972, 0.000183, 2.9e-05, 3e-06], [0.001057, 0.000597, 0.000184, 4.3e-05, 7e-06, 4e-06]]}, "Remo / PA": {"Confian\u00e7a / SE": [[0.127622, 0.105813, 0.043643, 0.012018, 0.002491, 0.000484], [0.156993, 0.129965, 0.053796, 0.014726, 0.003043, 0.000604], [0.09705, 0.080037, 0.03323, 0.0091, 0.001957, 0.000355], [0.039432, 0.032763, 0.013793, 0.003701, 0.000803, 0.000156], [0.012204, 0.010035, 0.004135, 0.001184, 0.000225, 4.8e-05], [0.003723, 0.003147, 0.001289, 0.000351, 6.6e-05, 1.8e-05]]}}