{"Palmeiras / SP": {"Botafogo / RJ": [[0.10122, 0.050413, 0.012848, 0.002171, 0.000281, 3.3e-05], [0.170402, 0.094965, 0.026388, 0.004864, 0.000669, 8.1e-05], [0.141887, 0.091462, 0.028013, 0.005617, 0.000858, 0.000102], [0.077211, 0.057479, 0.020193, 0.004478, 0.000749, 0.000113], [0.030889, 0.026801, 0.010674, 0.002759, 0.000508, 7.3e-05], [0.012874, 0.013416, 0.006827, 0.002143, 0.00046, 7.9e-05]], "Chapecoense / SC": [[0.04097, 0.033466, 0.013553, 0.003674, 0.000726, 0.000156], [0.090534, 0.080564, 0.035808, 0.010465, 0.00223, 0.000427], [0.099229, 0.09693, 0.046694, 0.014731, 0.003443, 0.000781], [0.070295, 0.077888, 0.041209, 0.01444, 0.003649, 0.000869], [0.037294, 0.045833, 0.027037, 0.010131, 0.002797, 0.000685], [0.023179, 0.033084, 0.022793, 0.010221, 0.003211, 0.001004]]}, "Flamengo / RJ": {"Coritiba / PR": [[0.170487, 0.063058, 0.011601, 0.001404, 0.000123, 1e-05], [0.226195, 0.095792, 0.01999, 0.002724, 0.000264, 1.8e-05], [0.146354, 0.074173, 0.01792, 0.002669, 0.000298, 2.8e-05], [0.061926, 0.037893, 0.010732, 0.001881, 0.000256, 2.4e-05], [0.019487, 0.014298, 0.004852, 0.000959, 0.000152, 1.6e-05], [0.006052, 0.005333, 0.002339, 0.000563, 0.000115, 1.4e-05]], "Santos / SP": [[0.158595, 0.114902, 0.041804, 0.009944, 0.001903, 0.000307], [0.148209, 0.136019, 0.059867, 0.016796, 0.003557, 0.000676], [0.069348, 0.077428, 0.040296, 0.013207, 0.003255, 0.000671], [0.021506, 0.028454, 0.017324, 0.006622, 0.001807, 0.000464], [0.005014, 0.007471, 0.005368, 0.0024, 0.000739, 0.000222], [0.001081, 0.002007, 0.001581, 0.000785, 0.000276, 9.5e-05]]}, "Atl\u00e9tico / MG": {"S\u00e3o Paulo / SP": [[0.073531, 0.057964, 0.023023, 0.006169, 0.001207, 0.000235], [0.127309, 0.107685, 0.045259, 0.012655, 0.00263, 0.000519], [0.109721, 0.098994, 0.043176, 0.013014, 0.002861, 0.000581], [0.063217, 0.059643, 0.028151, 0.008669, 0.002022, 0.000418], [0.026869, 0.027454, 0.013598, 0.004387, 0.001068, 0.000253], [0.012727, 0.0141, 0.007451, 0.002577, 0.000699, 0.000164]]}, "Coritiba / PR": {"Vit\u00f3ria / BA": [[0.077299, 0.060099, 0.023546, 0.006151, 0.001253, 0.000218], [0.123733, 0.110063, 0.048688, 0.014181, 0.002995, 0.000624], [0.097735, 0.09948, 0.049717, 0.015493, 0.003793, 0.000796], [0.050979, 0.059706, 0.032809, 0.011702, 0.002987, 0.000735], [0.019726, 0.025931, 0.016191, 0.00634, 0.001788, 0.000488], [0.008018, 0.012289, 0.008843, 0.003884, 0.001337, 0.000383]]}, "Botafogo / RJ": {"Ponte Preta / SP": [[0.108602, 0.063716, 0.01872, 0.003661, 0.00052, 7.2e-05], [0.170629, 0.10706, 0.033763, 0.00685, 0.001085, 0.000152], [0.133386, 0.089592, 0.029724, 0.006418, 0.001052, 0.000115], [0.069579, 0.049371, 0.017677, 0.004136, 0.000695, 0.000112], [0.027094, 0.02077, 0.0077, 0.001907, 0.000353, 7.3e-05], [0.01112, 0.00917, 0.003868, 0.001005, 0.000218, 3.5e-05]]}, "Santa Cruz / PE": {"Atl\u00e9tico / MG": [[0.058911, 0.096143, 0.076373, 0.041139, 0.016725, 0.007197], [0.062339, 0.11064, 0.09607, 0.055691, 0.024377, 0.011366], [0.033211, 0.062908, 0.059794, 0.037179, 0.017291, 0.008925], [0.011547, 0.024141, 0.023885, 0.016171, 0.008037, 0.004441], [0.003155, 0.006852, 0.007449, 0.005291, 0.002795, 0.001672], [0.000798, 0.001892, 0.002196, 0.001724, 0.000996, 0.000679]], "Gr\u00eamio / RS": [[0.1291, 0.154381, 0.092772, 0.036687, 0.010961, 0.003204], [0.094969, 0.128411, 0.085673, 0.037435, 0.012119, 0.00407], [0.035261, 0.053311, 0.038939, 0.018704, 0.006492, 0.002381], [0.008811, 0.014417, 0.011426, 0.00606, 0.00233, 0.000909], [0.001659, 0.002843, 0.002558, 0.001421, 0.00061, 0.000239], [0.000243, 0.000559, 0.000524, 0.000307, 0.00014, 7.4e-05]]}, "Corinthians / SP": {"Internacional / RS": [[0.138991, 0.075291, 0.020867, 0.003807, 0.000517, 6.9e-05], [0.189719, 0.111915, 0.032749, 0.006255, 0.000939, 0.000104], [0.129635, 0.08287, 0.026038, 0.005538, 0.000824, 9.4e-05], [0.05872, 0.040381, 0.013985, 0.003003, 0.000505, 7.7e-05], [0.019991, 0.01477, 0.005384, 0.001277, 0.000241, 3.9e-05], [0.006983, 0.005554, 0.002159, 0.000592, 0.000101, 1.6e-05]], "Athletico Paranaense / PR": [[0.209053, 0.102053, 0.024722, 0.004192, 0.000492, 5.2e-05], [0.224778, 0.109951, 0.026806, 0.004448, 0.000514, 5.1e-05], [0.121232, 0.059365, 0.01449, 0.002328, 0.000303, 3.1e-05], [0.043739, 0.021214, 0.005186, 0.000831, 0.0001, 1.2e-05], [0.011639, 0.005786, 0.001452, 0.000231, 1.9e-05, 7e-06], [0.003061, 0.001478, 0.000317, 5.7e-05, 1e-05, 0.0]]}, "Figueirense / SC": {"Fluminense / RJ": [[0.139073, 0.117186, 0.049385, 0.013981, 0.002921, 0.000577], [0.128216, 0.136794, 0.070112, 0.023563, 0.005641, 0.001274], [0.05875, 0.076389, 0.046433, 0.018092, 0.005075, 0.001318], [0.018025, 0.027503, 0.019528, 0.008788, 0.002883, 0.000878], [0.004072, 0.007168, 0.005898, 0.00304, 0.001086, 0.000347], [0.000872, 0.001829, 0.001728, 0.00099, 0.000419, 0.000166]]}, "Am\u00e9rica / MG": {"Sport / PE": [[0.169251, 0.163558, 0.079622, 0.025621, 0.006122, 0.001434], [0.122712, 0.133585, 0.070695, 0.024972, 0.006613, 0.001712], [0.04519, 0.052869, 0.030923, 0.011974, 0.003464, 0.000976], [0.010986, 0.01414, 0.008869, 0.003734, 0.001139, 0.000351], [0.002032, 0.002841, 0.001878, 0.000847, 0.000297, 8.8e-05], [0.000352, 0.000479, 0.000403, 0.000181, 7.1e-05, 1.9e-05]]}, "Internacional / RS": {"Cruzeiro / MG": [[0.11273, 0.101279, 0.045591, 0.013649, 0.003084, 0.000643], [0.133452, 0.131831, 0.063957, 0.020612, 0.005013, 0.001148], [0.078889, 0.084096, 0.044125, 0.015491, 0.004003, 0.000964], [0.031089, 0.03638, 0.020281, 0.007604, 0.002156, 0.000541], [0.00898, 0.011411, 0.007001, 0.002757, 0.000811, 0.000233], [0.00271, 0.003588, 0.002409, 0.001056, 0.000334, 0.000102]]}, "Vit\u00f3ria / BA": {"Palmeiras / SP": [[0.061894, 0.09525, 0.07304, 0.037014, 0.013931, 0.005538], [0.061762, 0.110379, 0.096447, 0.055293, 0.023486, 0.01045], [0.0308, 0.06248, 0.061596, 0.040113, 0.018865, 0.009822], [0.010397, 0.023289, 0.02583, 0.018567, 0.009669, 0.00577], [0.002547, 0.006449, 0.007891, 0.006206, 0.003591, 0.002431], [0.000636, 0.001763, 0.002249, 0.002106, 0.001405, 0.001044]], "Figueirense / SC": [[0.117274, 0.067322, 0.019366, 0.003683, 0.000527, 6.7e-05], [0.168606, 0.112647, 0.036303, 0.007903, 0.001282, 0.000188], [0.119519, 0.092735, 0.03421, 0.00816, 0.001395, 0.000208], [0.055571, 0.049837, 0.021549, 0.005724, 0.001135, 0.000186], [0.019478, 0.019629, 0.009699, 0.002936, 0.000694, 0.000123], [0.006723, 0.00819, 0.004813, 0.001734, 0.000466, 0.000118]]}, "Fluminense / RJ": {"Internacional / RS": [[0.135851, 0.082668, 0.025254, 0.005241, 0.000808, 0.000105], [0.168066, 0.122633, 0.043502, 0.010002, 0.001778, 0.000255], [0.103755, 0.088454, 0.036337, 0.009426, 0.001834, 0.00031], [0.042321, 0.042026, 0.019888, 0.005945, 0.00125, 0.000232], [0.012753, 0.014411, 0.007836, 0.002659, 0.000662, 0.000141], [0.003665, 0.005088, 0.003123, 0.001235, 0.000387, 9.9e-05]]}, "Cruzeiro / MG": {"Corinthians / SP": [[0.088912, 0.111408, 0.07033, 0.029516, 0.009337, 0.002953], [0.103436, 0.129996, 0.081757, 0.034233, 0.010789, 0.003305], [0.060269, 0.075724, 0.047109, 0.019968, 0.006345, 0.002028], [0.023312, 0.029207, 0.018539, 0.007671, 0.002431, 0.000786], [0.006754, 0.008504, 0.005349, 0.002276, 0.000681, 0.000212], [0.001933, 0.002497, 0.00155, 0.000599, 0.000217, 6.7e-05]], "Santos / SP": [[0.101939, 0.136159, 0.091011, 0.040522, 0.013434, 0.004542], [0.086989, 0.125447, 0.090543, 0.043216, 0.015347, 0.00568], [0.037164, 0.057195, 0.044421, 0.022955, 0.008615, 0.003394], [0.010629, 0.017903, 0.014417, 0.007822, 0.003157, 0.001365], [0.002301, 0.004005, 0.003548, 0.002029, 0.000853, 0.000417], [0.000489, 0.00088, 0.000802, 0.00046, 0.000228, 0.000122]]},