{"Palmeiras / SP": {"Botafogo / RJ": [[0.083853, 0.061849, 0.022871, 0.005624, 0.001039, 0.000177], [0.138852, 0.109621, 0.0432, 0.011086, 0.002253, 0.000411], [0.114433, 0.096052, 0.0407, 0.011259, 0.002294, 0.000393], [0.062805, 0.057078, 0.02556, 0.007399, 0.001666, 0.000355], [0.025644, 0.024707, 0.011937, 0.003765, 0.000822, 0.000182], [0.011321, 0.011928, 0.006098, 0.002138, 0.000511, 0.000117]], "Internacional / RS": [[0.076096, 0.049549, 0.016078, 0.003373, 0.00053, 8.3e-05], [0.141588, 0.096505, 0.032949, 0.007497, 0.001295, 0.000179], [0.130725, 0.095388, 0.034891, 0.008123, 0.00151, 0.000241], [0.079993, 0.062205, 0.0238, 0.006213, 0.001093, 0.000162], [0.036411, 0.030576, 0.012586, 0.003384, 0.000637, 0.00012], [0.018705, 0.017005, 0.007618, 0.002329, 0.000488, 7.5e-05]], "Chapecoense / SC": [[0.028547, 0.030986, 0.016508, 0.005966, 0.001539, 0.000418], [0.067791, 0.076114, 0.042481, 0.01607, 0.004625, 0.001207], [0.07871, 0.093821, 0.055648, 0.021537, 0.006213, 0.001792], [0.06159, 0.077218, 0.047385, 0.019359, 0.005878, 0.001686], [0.036085, 0.046855, 0.030164, 0.012847, 0.004183, 0.0013], [0.025991, 0.036652, 0.025693, 0.011693, 0.004052, 0.001396]]}, "Flamengo / RJ": {"Coritiba / PR": [[0.160872, 0.072114, 0.016055, 0.002321, 0.000297, 3.1e-05], [0.205745, 0.10826, 0.027609, 0.00458, 0.000592, 5.9e-05], [0.129727, 0.080918, 0.023696, 0.004645, 0.000597, 8.1e-05], [0.053713, 0.039571, 0.013635, 0.00298, 0.000484, 5.6e-05], [0.016328, 0.014137, 0.005681, 0.001424, 0.000241, 4e-05], [0.004995, 0.005102, 0.002474, 0.000739, 0.000168, 3.3e-05]], "Botafogo / RJ": [[0.119793, 0.082015, 0.028052, 0.006336, 0.001083, 0.000195], [0.153963, 0.124051, 0.04894, 0.012547, 0.002441, 0.000432], [0.096716, 0.091603, 0.041408, 0.012293, 0.002621, 0.000514], [0.04009, 0.044119, 0.023107, 0.007726, 0.001766, 0.000408], [0.012403, 0.015692, 0.009215, 0.003451, 0.000949, 0.000221], [0.003933, 0.005656, 0.003868, 0.001714, 0.000512, 0.000167]], "Santos / SP": [[0.113452, 0.09794, 0.042203, 0.011972, 0.002636, 0.0005], [0.124528, 0.132248, 0.067308, 0.022144, 0.005519, 0.001263], [0.06884, 0.086119, 0.051304, 0.019348, 0.005296, 0.00147], [0.024965, 0.036204, 0.025037, 0.010884, 0.003345, 0.00099], [0.006839, 0.011326, 0.008858, 0.004358, 0.001508, 0.000497], [0.001896, 0.003393, 0.003048, 0.001767, 0.000708, 0.000287]]}, "Atl\u00e9tico / MG": {"Palmeiras / SP": [[0.05343, 0.075546, 0.054052, 0.025767, 0.009187, 0.003421], [0.071589, 0.110857, 0.085823, 0.043066, 0.016431, 0.006662], [0.048084, 0.080068, 0.065748, 0.035992, 0.014753, 0.006492], [0.0216, 0.038756, 0.033983, 0.019788, 0.008377, 0.004005], [0.007219, 0.013807, 0.013011, 0.008075, 0.003701, 0.00184], [0.002507, 0.005147, 0.005139, 0.003386, 0.00174, 0.000951]], "S\u00e3o Paulo / SP": [[0.081789, 0.063111, 0.024315, 0.006246, 0.001187, 0.000222], [0.135337, 0.110762, 0.045236, 0.012418, 0.002594, 0.00044], [0.110601, 0.097206, 0.042407, 0.012278, 0.002543, 0.000501], [0.060492, 0.056315, 0.025942, 0.007824, 0.001781, 0.00039], [0.024755, 0.024538, 0.012106, 0.003862, 0.000883, 0.000209], [0.010753, 0.011871, 0.006304, 0.00212, 0.000531, 0.000131]]}, "Coritiba / PR": {"Atl\u00e9tico / MG": [[0.056256, 0.062667, 0.034509, 0.012756, 0.003463, 0.000946], [0.08426, 0.109193, 0.069176, 0.028425, 0.008947, 0.002646], [0.062951, 0.09272, 0.065991, 0.030814, 0.01042, 0.003519], [0.031107, 0.051991, 0.041539, 0.021327, 0.008282, 0.003046], [0.011558, 0.021492, 0.018943, 0.010766, 0.004451, 0.001954], [0.004456, 0.009553, 0.009495, 0.006059, 0.002914, 0.001408]], "Santa Cruz / PE": [[0.033604, 0.036842, 0.019924, 0.00706, 0.001927, 0.000486], [0.073528, 0.084056, 0.048343, 0.018214, 0.005245, 0.001493], [0.080655, 0.096197, 0.05723, 0.022322, 0.006679, 0.00189], [0.058361, 0.073018, 0.045448, 0.018898, 0.005842, 0.001751], [0.031732, 0.04175, 0.026902, 0.011531, 0.00381, 0.001272], [0.020586, 0.02935, 0.020189, 0.009439, 0.003276, 0.00115]], "Vit\u00f3ria / BA": [[0.067732, 0.066138, 0.031873, 0.010376, 0.002492, 0.000563], [0.100083, 0.113597, 0.063175, 0.023129, 0.006305, 0.00156], [0.074491, 0.096061, 0.060374, 0.024618, 0.007337, 0.002067], [0.03628, 0.053401, 0.037592, 0.016945, 0.00566, 0.001793], [0.013151, 0.022027, 0.017233, 0.008704, 0.003152, 0.001113], [0.005091, 0.009571, 0.008458, 0.004903, 0.002027, 0.000928]]}, "Botafogo / RJ": {"Chapecoense / SC": [[0.056927, 0.052564, 0.024597, 0.007755, 0.001736, 0.000379], [0.096868, 0.103306, 0.053826, 0.018641, 0.00481, 0.001152], [0.081706, 0.099791, 0.058119, 0.022102, 0.006318, 0.001749], [0.046519, 0.063127, 0.041044, 0.017148, 0.005344, 0.001604], [0.01966, 0.029677, 0.021488, 0.010008, 0.003318, 0.001125], [0.008782, 0.01533, 0.012961, 0.006851, 0.002623, 0.001045]], "Ponte Preta / SP": [[0.074917, 0.045568, 0.013659, 0.002757, 0.000367, 6.3e-05], [0.14462, 0.091517, 0.029437, 0.006353, 0.000916, 0.00014], [0.137938, 0.093335, 0.030919, 0.006965, 0.001139, 0.000176], [0.087896, 0.062853, 0.021979, 0.005173, 0.000803, 0.000126], [0.041857, 0.03182, 0.011592, 0.002929, 0.000514, 9.3e-05], [0.022738, 0.018555, 0.007656, 0.002076, 0.000456, 9.8e-05]]}, "Santa Cruz / PE": {"Atl\u00e9tico / MG": [[0.042711, 0.078976, 0.072539, 0.044482, 0.019953, 0.010478], [0.050569, 0.098947, 0.095713, 0.062026, 0.029729, 0.016323], [0.029923, 0.061234, 0.063636, 0.04269, 0.021942, 0.012784], [0.011648, 0.025218, 0.027674, 0.019747, 0.010261, 0.006559], [0.003387, 0.007767, 0.008974, 0.006757, 0.003723, 0.002515], [0.001, 0.002381, 0.003023, 0.002326, 0.00136, 0.001025]], "Am\u00e9rica / MG": [[0.074689, 0.071358, 0.034474, 0.011079, 0.002736, 0.000585], [0.122321, 0.117084, 0.056136, 0.01816, 0.004306, 0.001021], [0.099804, 0.09558, 0.046176, 0.014823, 0.003548, 0.000801], [0.054316, 0.052152, 0.024963, 0.007945, 0.00199, 0.000473], [0.022144, 0.021394, 0.010167, 0.003318, 0.000775, 0.000184], [0.009678, 0.009391, 0.004519, 0.001504, 0.000351, 5.5e-05]], "Gr\u00eamio / RS": [[0.066824, 0.0964, 0.069648, 0.033791, 0.012197, 0.00454], [0.076023, 0.118097, 0.091585, 0.04699, 0.018066, 0.00735], [0.042773, 0.071731, 0.059088, 0.032487, 0.013177, 0.005756], [0.01599, 0.028703, 0.025337, 0.014947, 0.006387, 0.003003], [0.00471, 0.008665, 0.008107, 0.004809, 0.002329, 0.00113], [0.001313, 0.002551, 0.002526, 0.001635, 0.00084, 0.000495]]}, "Corinthians / SP": {"Internacional / RS": [[0.138022, 0.06655, 0.015904, 0.002604, 0.000315, 3.7e-05], [0.199551, 0.103438, 0.026519, 0.004417, 0.000559, 6.5e-05], [0.143965, 0.080406, 0.022201, 0.003883, 0.000553, 6.6e-05], [0.069256, 0.041131, 0.012089, 0.002403, 0.00037, 5e-05], [0.024858, 0.01584, 0.005126, 0.001113, 0.000165, 2.8e-05], [0.009139, 0.006467, 0.002269, 0.000543, 8.5e-05, 1.3e-05]], "Athletico Paranaense / PR": [[0.166968, 0.055618, 0.009361, 0.001036, 7.6e-05, 4e-06], [0.243064, 0.08143, 0.01371, 0.001499, 0.000127, 6e-06], [0.176933, 0.059143, 0.010009, 0.001112, 8.8e-05, 4e-06], [0.085327, 0.028815, 0.004798, 0.000547, 4e-05, 4e-06], [0.031111, 0.01061, 0.001763, 0.000179, 2e-05, 1e-06], [0.011878, 0.003958, 0.00068, 7.1e-05, 1e-05, 0.0]]}, "Figueirense / SC": {"Corinthians / SP": [[0.142288, 0.131993, 0.061861, 0.019109, 0.004521, 0.000948], [0.130302, 0.136098, 0.070031, 0.024185, 0.00601, 0.001463], [0.059729, 0.06924, 0.0391, 0.014479, 0.004037, 0.001034], [0.018034, 0.022967, 0.014477, 0.005725, 0.001737, 0.000502], [0.004035, 0.005761, 0.003901, 0.001683, 0.000548, 0.00017], [0.000942, 0.001364, 0.001021, 0.000481, 0.000167, 5.7e-05]], "Fluminense / RJ": [[0.2743, 0.171587, 0.053811, 0.011054, 0.001767, 0.000253], [0.146235, 0.128201, 0.051639, 0.01307, 0.002362, 0.00039], [0.039471, 0.044278, 0.022473, 0.007011, 0.001507, 0.000307], [0.006978, 0.009565, 0.00595, 0.002246, 0.000584, 0.000144], [0.000971, 0.001508, 0.001048, 0.00048, 0.000156, 3.9e-05], [0.000105, 0.000192, 0.000179, 9.6e-05, 3.1e-05, 1.2e-05]]},