{"Guarani / SP": {"Oper\u00e1rio / PR": [[0.266143, 0.139352, 0.036271, 0.006278, 0.000843, 0.0001], [0.192839, 0.121078, 0.03679, 0.007253, 0.001079, 0.000148], [0.070322, 0.051068, 0.018003, 0.003995, 0.00067, 9e-05], [0.016967, 0.014141, 0.005548, 0.001453, 0.000282, 4.4e-05], [0.00312, 0.00298, 0.001284, 0.000372, 6.2e-05, 1.1e-05], [0.000535, 0.000513, 0.000265, 7.8e-05, 1.9e-05, 4e-06]], "Am\u00e9rica / MG": [[0.201315, 0.163785, 0.066682, 0.018257, 0.003755, 0.000677], [0.141853, 0.132394, 0.060649, 0.018285, 0.004184, 0.000786], [0.050688, 0.052521, 0.026945, 0.008862, 0.002209, 0.000482], [0.011902, 0.013824, 0.00754, 0.002906, 0.00073, 0.000184], [0.002033, 0.002673, 0.001642, 0.000676, 0.000206, 5.1e-05], [0.00032, 0.000452, 0.000345, 0.000118, 5.7e-05, 1.2e-05]]}, "Botafogo / SP": {"Sport / PE": [[0.217994, 0.146272, 0.049265, 0.010765, 0.0018, 0.00027], [0.100252, 0.152901, 0.080015, 0.024159, 0.00517, 0.000951], [0.023071, 0.054912, 0.048402, 0.021126, 0.005994, 0.001371], [0.003539, 0.011411, 0.014654, 0.009602, 0.003747, 0.00118], [0.000378, 0.00162, 0.002742, 0.002619, 0.001358, 0.000619], [2.6e-05, 0.000193, 0.000438, 0.000523, 0.000408, 0.000253]], "Cuiab\u00e1 / MT": [[0.113786, 0.111244, 0.053711, 0.017687, 0.004349, 0.001025], [0.136022, 0.132971, 0.064792, 0.021447, 0.005098, 0.001177], [0.08121, 0.080065, 0.03853, 0.012576, 0.003062, 0.000751], [0.03269, 0.031691, 0.01572, 0.00509, 0.001246, 0.000299], [0.009755, 0.009537, 0.004787, 0.001543, 0.000375, 6.9e-05], [0.002956, 0.002748, 0.001366, 0.00048, 0.00012, 2.5e-05]]}, "S\u00e3o Bento / SP": {"Brasil / RS": [[0.118636, 0.102564, 0.04475, 0.013272, 0.002785, 0.000584], [0.119409, 0.134168, 0.070688, 0.024515, 0.006111, 0.001424], [0.060378, 0.0829, 0.053318, 0.02136, 0.006317, 0.001768], [0.020205, 0.033347, 0.024905, 0.011718, 0.003959, 0.001231], [0.005137, 0.009611, 0.008346, 0.004521, 0.001754, 0.000693], [0.001245, 0.002695, 0.002708, 0.001807, 0.0008, 0.000371]], "Londrina / PR": [[0.113404, 0.079817, 0.028277, 0.006692, 0.001131, 0.000176], [0.119546, 0.131452, 0.062962, 0.019114, 0.003997, 0.000802], [0.062509, 0.094121, 0.06082, 0.023147, 0.006034, 0.001399], [0.022294, 0.042134, 0.034396, 0.016683, 0.005384, 0.00153], [0.005835, 0.013369, 0.013491, 0.007965, 0.003091, 0.001099], [0.001467, 0.004158, 0.005062, 0.003824, 0.001877, 0.000941]]}, "Vila Nova / GO": {"Guarani / SP": [[0.237893, 0.145044, 0.04431, 0.009006, 0.001406, 0.000188], [0.18921, 0.122208, 0.039552, 0.008386, 0.001408, 0.000212], [0.075344, 0.051768, 0.017663, 0.004028, 0.000693, 9.6e-05], [0.020229, 0.014585, 0.005152, 0.001246, 0.000213, 3.7e-05], [0.00397, 0.002937, 0.001125, 0.000304, 6e-05, 9e-06], [0.000756, 0.00061, 0.000257, 7.4e-05, 1.8e-05, 3e-06]], "Oeste / SP": [[0.138556, 0.128023, 0.058492, 0.018283, 0.004187, 0.000928], [0.111318, 0.136996, 0.079236, 0.029187, 0.007999, 0.001916], [0.04459, 0.068982, 0.049441, 0.021761, 0.006926, 0.002086], [0.012001, 0.022438, 0.018843, 0.009975, 0.0037, 0.001278], [0.0025, 0.005283, 0.005306, 0.003183, 0.001361, 0.000594], [0.000419, 0.00117, 0.001303, 0.000964, 0.0005, 0.000275]]}, "Coritiba / PR": {"Red Bull Bragantino / SP": [[0.103052, 0.119191, 0.068606, 0.026403, 0.00768, 0.002093], [0.089643, 0.129413, 0.088424, 0.040196, 0.013121, 0.004329], [0.039289, 0.066967, 0.054902, 0.028262, 0.010631, 0.004016], [0.011327, 0.022855, 0.021914, 0.012883, 0.005475, 0.002395], [0.002383, 0.005625, 0.00597, 0.004143, 0.002014, 0.000996], [0.000469, 0.001311, 0.001652, 0.001224, 0.000737, 0.000409]], "Oeste / SP": [[0.119478, 0.065437, 0.018196, 0.003328, 0.000463, 5.6e-05], [0.128311, 0.13062, 0.052349, 0.012732, 0.002069, 0.000319], [0.06875, 0.102509, 0.060811, 0.019655, 0.004291, 0.000852], [0.024569, 0.047729, 0.038793, 0.01728, 0.00497, 0.001157], [0.006585, 0.015852, 0.016559, 0.00949, 0.003441, 0.001053], [0.001643, 0.005206, 0.006702, 0.005112, 0.002553, 0.00108]]}, "Oper\u00e1rio / PR": {"Red Bull Bragantino / SP": [[0.111538, 0.16715, 0.12429, 0.061333, 0.022891, 0.008931], [0.073293, 0.114214, 0.088952, 0.046052, 0.017602, 0.007313], [0.024067, 0.038953, 0.031644, 0.017278, 0.006995, 0.002934], [0.005354, 0.008959, 0.007508, 0.004324, 0.00176, 0.000774], [0.000883, 0.001582, 0.001332, 0.000749, 0.000343, 0.000154], [0.000131, 0.000247, 0.000232, 0.000145, 6.2e-05, 3.1e-05]], "Vit\u00f3ria / BA": [[0.176069, 0.12665, 0.04484, 0.010494, 0.001899, 0.000289], [0.155416, 0.135778, 0.057525, 0.015575, 0.003032, 0.000563], [0.067995, 0.070765, 0.034676, 0.010919, 0.002554, 0.000451], [0.020158, 0.023657, 0.013684, 0.004946, 0.001278, 0.000305], [0.004334, 0.006026, 0.003941, 0.001512, 0.000443, 0.000131], [0.00087, 0.001432, 0.001089, 0.000491, 0.000163, 5e-05]]}, "Crici\u00fama / SC": {"Paran\u00e1 / PR": [[0.330018, 0.166103, 0.041491, 0.006977, 0.000852, 9.3e-05], [0.135942, 0.132385, 0.049587, 0.011003, 0.001696, 0.000211], [0.02792, 0.040269, 0.023079, 0.007026, 0.001509, 0.000248], [0.00379, 0.007341, 0.005727, 0.002495, 0.000662, 0.000146], [0.000356, 0.000926, 0.000965, 0.000534, 0.000187, 5.7e-05], [4.1e-05, 0.000108, 0.000119, 6.6e-05, 5.1e-05, 2e-05]], "Londrina / PR": [[0.25149, 0.107178, 0.022294, 0.003222, 0.000312, 2.7e-05], [0.136993, 0.162039, 0.056304, 0.010759, 0.001405, 0.000149], [0.037518, 0.072125, 0.048561, 0.014559, 0.002525, 0.000364], [0.006752, 0.018032, 0.018867, 0.009192, 0.002431, 0.000447], [0.000946, 0.003135, 0.004565, 0.003192, 0.001308, 0.000384], [0.0001, 0.000453, 0.000837, 0.000844, 0.000464, 0.000227]]}, "Brasil / RS": {"Coritiba / PR": [[0.145764, 0.130291, 0.058763, 0.017485, 0.003959, 0.000852], [0.106025, 0.139074, 0.081702, 0.030708, 0.008195, 0.002021], [0.038667, 0.066124, 0.051105, 0.023687, 0.007635, 0.002358], [0.009379, 0.0198, 0.018878, 0.010773, 0.004286, 0.00158], [0.001703, 0.004409, 0.004872, 0.003451, 0.001591, 0.000757], [0.000274, 0.000815, 0.001189, 0.00095, 0.000544, 0.000334]], "Atl\u00e9tico / GO": [[0.207408, 0.152446, 0.055937, 0.013907, 0.00257, 0.000414], [0.128114, 0.14, 0.067968, 0.021068, 0.004688, 0.00094], [0.039483, 0.05706, 0.036137, 0.014017, 0.003759, 0.000919], [0.008122, 0.014493, 0.011851, 0.00551, 0.001822, 0.000536], [0.001315, 0.002779, 0.002609, 0.001517, 0.000605, 0.000232], [0.000179, 0.000468, 0.000506, 0.000379, 0.000157, 8.5e-05]]}, "Sport / PE": {"Vila Nova / GO": [[0.191784, 0.028303, 0.002001, 7.5e-05, 1e-06, 0.0], [0.213747, 0.106162, 0.01328, 0.00089, 4.4e-05, 3e-06], [0.118974, 0.100841, 0.028356, 0.003004, 0.000204, 1.3e-05], [0.04399, 0.053301, 0.023687, 0.004677, 0.000486, 3e-05], [0.012308, 0.01918, 0.01179, 0.00368, 0.000612, 5.5e-05], [0.003301, 0.006484, 0.005456, 0.00247, 0.000672, 0.000139]], "Ponte Preta / SP": [[0.229236, 0.03052, 0.002011, 9.1e-05, 4e-06, 0.0], [0.151747, 0.175827, 0.022051, 0.001448, 6.6e-05, 3e-06], [0.04963, 0.11008, 0.067472, 0.007771, 0.000488, 2.8e-05], [0.011116, 0.035326, 0.039352, 0.017141, 0.00182, 0.000134], [0.001766, 0.007585, 0.012451, 0.009331, 0.003184, 0.000373], [0.000271, 0.001399, 0.003248, 0.00368, 0.002381, 0.000969]]}, "CRB / AL": {"Ponte Preta / SP": [[0.154802, 0.108665, 0.038361, 0.009096, 0.001603, 0.000249], [0.135576, 0.139871, 0.064771, 0.01909, 0.004016, 0.000754], [0.058998, 0.080458, 0.048276, 0.017588, 0.004482, 0.001013], [0.017433, 0.029082, 0.021803, 0.009864, 0.003012, 0.000804], [0.003698, 0.007637, 0.006807, 0.003725, 0.001371, 0.000446], [0.00075, 0.001728, 0.002007, 0.001283, 0.000616, 0.000265]], "Figueirense / SC": [[0.115052, 0.087666, 0.033382, 0.008478, 0.001568, 0.000288], [0.153408, 0.124154, 0.050379, 0.013671, 0.002749, 0.000508], [0.102829, 0.08792, 0.037415, 0.010661, 0.002278, 0.000496], [0.046086, 0.041534, 0.018331, 0.005466, 0.00126, 0.000243], [0.015488, 0.014654, 0.00704, 0.002153, 0.000454, 0.000123], [0.005228, 0.005335, 0.002594, 0.000865, 0.000194, 5e-05]]},