{"Cruzeiro / MG": {"Oper\u00e1rio / PR": [[0.163776, 0.069425, 0.014701, 0.00213, 0.000214, 1.6e-05], [0.204303, 0.108927, 0.027884, 0.004575, 0.000592, 5.5e-05], [0.127594, 0.081685, 0.024946, 0.004707, 0.000657, 7.3e-05], [0.053351, 0.040099, 0.014193, 0.003167, 0.000509, 6.5e-05], [0.016764, 0.01427, 0.005824, 0.001459, 0.000255, 3.3e-05], [0.005338, 0.005104, 0.002446, 0.000678, 0.000142, 4.3e-05]], "N\u00e1utico / PE": [[0.121517, 0.051147, 0.010984, 0.001511, 0.00018, 2.3e-05], [0.190628, 0.094803, 0.023054, 0.003602, 0.000392, 4.5e-05], [0.149296, 0.085438, 0.023472, 0.004116, 0.00058, 6.9e-05], [0.077995, 0.050669, 0.015702, 0.003208, 0.00042, 6.2e-05], [0.030625, 0.022169, 0.007714, 0.001735, 0.000264, 2.6e-05], [0.01273, 0.010495, 0.004092, 0.001036, 0.000175, 2.6e-05]]}, "Ava\u00ed / SC": {"Juventude / RS": [[0.101551, 0.092328, 0.042551, 0.012854, 0.0029, 0.000589], [0.109828, 0.130417, 0.072557, 0.026081, 0.006993, 0.001696], [0.059516, 0.086291, 0.058544, 0.025315, 0.007468, 0.0022], [0.021307, 0.036887, 0.029455, 0.014759, 0.005149, 0.001775], [0.005919, 0.011623, 0.010517, 0.006159, 0.002424, 0.001], [0.001504, 0.003625, 0.003775, 0.002569, 0.001252, 0.000622]], "Guarani / SP": [[0.090677, 0.085764, 0.040202, 0.012626, 0.002994, 0.000682], [0.103211, 0.126216, 0.072553, 0.027049, 0.007495, 0.001901], [0.060042, 0.088, 0.061813, 0.027266, 0.008439, 0.002542], [0.022758, 0.039881, 0.032558, 0.016946, 0.006003, 0.002155], [0.006355, 0.013153, 0.012634, 0.00729, 0.002982, 0.001284], [0.001841, 0.004235, 0.004638, 0.003319, 0.001675, 0.000821]]}, "CSA / AL": {"Brasil / RS": [[0.137692, 0.053509, 0.010251, 0.001257, 0.000133, 5e-06], [0.191759, 0.102188, 0.025326, 0.004015, 0.000436, 4.9e-05], [0.132967, 0.090676, 0.028202, 0.005436, 0.000686, 8.1e-05], [0.061624, 0.05098, 0.019251, 0.00434, 0.000738, 0.00011], [0.021577, 0.02091, 0.009518, 0.00253, 0.000459, 7.7e-05], [0.007653, 0.008879, 0.004636, 0.001631, 0.000345, 7.4e-05]]}, "Ponte Preta / SP": {"CRB / AL": [[0.139605, 0.081018, 0.023372, 0.004597, 0.000676, 9.1e-05], [0.133476, 0.137086, 0.057515, 0.014364, 0.002663, 0.000395], [0.063786, 0.094575, 0.0575, 0.019402, 0.004438, 0.000799], [0.020379, 0.039554, 0.03239, 0.014506, 0.004203, 0.001059], [0.004848, 0.011585, 0.012027, 0.006972, 0.002526, 0.000813], [0.001106, 0.003107, 0.004063, 0.00323, 0.001534, 0.00074]]}, "Oeste / SP": {"Oper\u00e1rio / PR": [[0.193743, 0.148211, 0.056272, 0.014419, 0.002752, 0.000473], [0.127578, 0.140399, 0.069518, 0.021973, 0.004867, 0.001031], [0.041628, 0.059918, 0.038098, 0.014778, 0.004063, 0.00098], [0.009359, 0.016258, 0.012911, 0.005967, 0.001978, 0.000573], [0.001447, 0.003224, 0.003027, 0.00161, 0.000645, 0.000254], [0.000225, 0.00054, 0.000583, 0.000415, 0.000198, 8.5e-05]], "Paran\u00e1 / PR": [[0.114639, 0.135356, 0.080176, 0.031481, 0.009355, 0.00279], [0.094465, 0.130467, 0.088251, 0.038833, 0.012716, 0.004159], [0.038967, 0.060621, 0.046578, 0.022696, 0.008377, 0.003109], [0.010728, 0.018725, 0.016005, 0.008676, 0.003514, 0.001373], [0.002182, 0.004382, 0.00396, 0.00243, 0.001091, 0.000495], [0.000418, 0.000947, 0.000952, 0.000638, 0.000299, 0.000149]]}, "Oper\u00e1rio / PR": {"Chapecoense / SC": [[0.159807, 0.137149, 0.05858, 0.016822, 0.00359, 0.000698], [0.147069, 0.134941, 0.061168, 0.018838, 0.004304, 0.000918], [0.066957, 0.066679, 0.032527, 0.010314, 0.002542, 0.000559], [0.020771, 0.021648, 0.01141, 0.003774, 0.00098, 0.000213], [0.004726, 0.005214, 0.002831, 0.00105, 0.000257, 6.7e-05], [0.001056, 0.001343, 0.000807, 0.000298, 7.6e-05, 1.7e-05]]}, "Juventude / RS": {"Figueirense / SC": [[0.128265, 0.052869, 0.010887, 0.001529, 0.000163, 1.5e-05], [0.183068, 0.103135, 0.026915, 0.004523, 0.000552, 6e-05], [0.129675, 0.093565, 0.03044, 0.006137, 0.000897, 0.000112], [0.061962, 0.053904, 0.020946, 0.0051, 0.000812, 0.000113], [0.021988, 0.022596, 0.010406, 0.002907, 0.000587, 0.0001], [0.008058, 0.009778, 0.005501, 0.00191, 0.000445, 8e-05]]}, "Vit\u00f3ria / BA": {"Botafogo / SP": [[0.187292, 0.051575, 0.007151, 0.000637, 4.4e-05, 2e-06], [0.144509, 0.157753, 0.037723, 0.005077, 0.000474, 4.3e-05], [0.055729, 0.106008, 0.064272, 0.013818, 0.001723, 0.000153], [0.014358, 0.038497, 0.03863, 0.016994, 0.003403, 0.000424], [0.002734, 0.009538, 0.013459, 0.009477, 0.003264, 0.000725], [0.000544, 0.002218, 0.004087, 0.004079, 0.002501, 0.001085]]}, "Confian\u00e7a / SE": {"Am\u00e9rica / MG": [[0.168115, 0.100268, 0.029731, 0.005956, 0.000886, 0.000122], [0.129982, 0.147117, 0.06436, 0.016686, 0.003194, 0.00052], [0.050833, 0.083507, 0.054902, 0.019824, 0.004826, 0.000921], [0.012987, 0.028554, 0.026136, 0.012884, 0.00402, 0.001077], [0.002464, 0.006733, 0.00797, 0.00515, 0.002097, 0.000721], [0.000465, 0.001412, 0.002204, 0.001892, 0.001011, 0.000473]], "Sampaio Corr\u00eaa / MA": [[0.103943, 0.105543, 0.053105, 0.017941, 0.004547, 0.001109], [0.099085, 0.131703, 0.081622, 0.032472, 0.009581, 0.002711], [0.047883, 0.077556, 0.05865, 0.028091, 0.009355, 0.003195], [0.015292, 0.029288, 0.026447, 0.014603, 0.005734, 0.002217], [0.003572, 0.008108, 0.008453, 0.005406, 0.002397, 0.001127], [0.000806, 0.002163, 0.002622, 0.002039, 0.001068, 0.000566]]}, "Cuiab\u00e1 / MT": {"Sampaio Corr\u00eaa / MA": [[0.146073, 0.096253, 0.031916, 0.006965, 0.001166, 0.000165], [0.16561, 0.129094, 0.048403, 0.012143, 0.002208, 0.000356], [0.093776, 0.083706, 0.036137, 0.010034, 0.002084, 0.000374], [0.034966, 0.035564, 0.017348, 0.005145, 0.001135, 0.000233], [0.010014, 0.011152, 0.005903, 0.00198, 0.000503, 0.000117], [0.002883, 0.003455, 0.002087, 0.000765, 0.000217, 7e-05]]}, "Am\u00e9rica / MG": {"Ava\u00ed / SC": [[0.13938, 0.047092, 0.007928, 0.000943, 7.2e-05, 3e-06], [0.189334, 0.102104, 0.023901, 0.003294, 0.000351, 3e-05], [0.129314, 0.095053, 0.030296, 0.005431, 0.000664, 7.2e-05], [0.058403, 0.054619, 0.022056, 0.005245, 0.0008, 9.3e-05], [0.020067, 0.022633, 0.011299, 0.003256, 0.000597, 9.5e-05], [0.006994, 0.009786, 0.005882, 0.002235, 0.000557, 0.000121]]}, "Figueirense / SC": {"Ponte Preta / SP": [[0.140052, 0.094416, 0.032561, 0.007229, 0.001225, 0.000172], [0.137727, 0.135945, 0.060521, 0.017063, 0.003408, 0.000689], [0.06775, 0.087948, 0.050348, 0.017839, 0.004277, 0.000928], [0.022228, 0.035591, 0.025441, 0.010826, 0.00313, 0.000842], [0.005498, 0.010503, 0.008957, 0.004665, 0.001537, 0.000515], [0.001277, 0.002845, 0.003016, 0.001868, 0.000825, 0.000338]]}, "CRB / AL": {"Cuiab\u00e1 / MT": [[0.19308, 0.109083, 0.030811, 0.005763, 0.000849, 0.000102], [0.147636, 0.144068, 0.05793, 0.014121, 0.002419, 0.000346], [0.056462, 0.078344, 0.045008, 0.014721, 0.003051, 0.000603], [0.014257, 0.026049, 0.019682, 0.008457, 0.002294, 0.000578], [0.0027, 0.006066, 0.005757, 0.003219, 0.001137, 0.000338], [0.000459, 0.001253, 0.001536, 0.001104, 0.000505, 0.000212]], "Figueirense / SC": [[0.210655, 0.085194, 0.017391, 0.00229, 0.000227, 3e-05], [0.187308, 0.131058, 0.038088, 0.006688, 0.000817, 7.2e-05], [0.083006, 0.083319, 0.034513, 0.007914, 0.001238, 0.000157], [0.02464, 0.031903, 0.017521, 0.005192, 0.001092, 0.000147], [0.005311, 0.008583, 0.00603, 0.002326, 0.000557, 0.00013], [0.001097, 0.002255, 0.001927, 0.000934, 0.000308, 8.2e-05]]}, "Guarani / SP": {"Juventude / RS": [[0.163069, 0.111869, 0.038211, 0.008724, 0.001506, 0.000225], [0.131419, 0.142796, 0.06707, 0.019471, 0.004057, 0.000716], [0.05297, 0.079182, 0.049412, 0.018638, 0.004753, 0.001064], [0.014456, 0.026628, 0.021699, 0.010219, 0.003281, 0.000858], [0.002888, 0.00658, 0.006497, 0.003878, 0.001462, 0.000493], [0.00053, 0.001436, 0.001806, 0.001272, 0.000595, 0.00027]],