{"ABC / RN": {"Crici\u00fama / SC": [[0.144763, 0.17826, 0.109224, 0.044851, 0.013612, 0.004209], [0.091116, 0.122113, 0.081841, 0.036599, 0.011903, 0.003798], [0.028772, 0.042052, 0.030611, 0.014361, 0.005054, 0.001897], [0.006124, 0.009707, 0.007366, 0.003856, 0.001399, 0.000568], [0.000931, 0.001698, 0.001334, 0.000746, 0.000296, 0.000139], [0.000143, 0.000268, 0.000198, 0.000108, 5.6e-05, 2.7e-05]], "Oeste / SP": [[0.14096, 0.202489, 0.145392, 0.069336, 0.024584, 0.009293], [0.073849, 0.106289, 0.075979, 0.036551, 0.012915, 0.004853], [0.019278, 0.027832, 0.019938, 0.009517, 0.003407, 0.001243], [0.003286, 0.004953, 0.003496, 0.001638, 0.000616, 0.00022], [0.000459, 0.000629, 0.000446, 0.000221, 8e-05, 2.9e-05], [5e-05, 7.2e-05, 5.8e-05, 3.4e-05, 5e-06, 3e-06]]}, "N\u00e1utico / PE": {"Londrina / PR": [[0.06525, 0.113348, 0.097513, 0.056422, 0.024112, 0.011342], [0.058753, 0.107939, 0.099196, 0.060414, 0.027686, 0.013879], [0.026229, 0.051224, 0.049965, 0.032197, 0.015637, 0.008376], [0.007822, 0.016485, 0.016613, 0.011348, 0.005774, 0.003423], [0.001786, 0.00384, 0.004148, 0.003082, 0.001563, 0.001002], [0.000385, 0.000851, 0.000984, 0.000712, 0.000415, 0.000285]], "Vila Nova / GO": [[0.189063, 0.208091, 0.11405, 0.041601, 0.011281, 0.002932], [0.092253, 0.116374, 0.072129, 0.029821, 0.00911, 0.002639], [0.022405, 0.031396, 0.02194, 0.010338, 0.003517, 0.001199], [0.003529, 0.0057, 0.00439, 0.002257, 0.000849, 0.000341], [0.000474, 0.000751, 0.000709, 0.000349, 0.00016, 5.7e-05], [4.1e-05, 0.0001, 7.2e-05, 5.2e-05, 2.2e-05, 8e-06]]}, "Crici\u00fama / SC": {"N\u00e1utico / PE": [[0.140856, 0.092525, 0.03046, 0.006728, 0.001118, 0.000184], [0.161106, 0.128375, 0.049575, 0.012321, 0.002352, 0.000416], [0.091156, 0.085955, 0.038914, 0.011211, 0.00231, 0.000441], [0.034332, 0.03767, 0.019776, 0.00655, 0.00148, 0.000339], [0.009649, 0.012297, 0.007455, 0.002772, 0.000742, 0.000165], [0.002576, 0.003832, 0.002676, 0.001188, 0.000384, 0.000114]], "Cear\u00e1 / CE": [[0.12067, 0.144058, 0.086244, 0.034075, 0.009945, 0.003031], [0.099716, 0.130236, 0.084493, 0.03637, 0.011355, 0.003803], [0.041296, 0.058757, 0.041351, 0.01902, 0.006433, 0.002217], [0.011589, 0.01739, 0.013365, 0.006538, 0.002338, 0.00092], [0.002414, 0.003999, 0.003163, 0.001651, 0.000699, 0.00026], [0.000469, 0.000776, 0.000697, 0.000404, 0.00016, 9.8e-05]]}, "Goi\u00e1s / GO": {"Cear\u00e1 / CE": [[0.111015, 0.154561, 0.106736, 0.049283, 0.017088, 0.006088], [0.090396, 0.124807, 0.086343, 0.039562, 0.013904, 0.004859], [0.03676, 0.050707, 0.034904, 0.016202, 0.005637, 0.001984], [0.009938, 0.013798, 0.009565, 0.004316, 0.001504, 0.00053], [0.002054, 0.00273, 0.001914, 0.000884, 0.000293, 9.9e-05], [0.000388, 0.000551, 0.000349, 0.000171, 6.3e-05, 1.7e-05]], "Internacional / RS": [[0.118993, 0.176221, 0.129237, 0.063013, 0.023377, 0.008789], [0.07042, 0.110746, 0.087878, 0.045718, 0.017993, 0.007575], [0.020678, 0.035004, 0.029264, 0.016242, 0.006931, 0.003188], [0.003942, 0.007314, 0.00654, 0.003849, 0.001725, 0.000848], [0.000539, 0.001128, 0.001065, 0.000668, 0.000341, 0.00019], [8.2e-05, 0.000151, 0.000154, 0.000101, 6.1e-05, 3.5e-05]]}, "Guarani / SP": {"CRB / AL": [[0.096562, 0.106637, 0.058532, 0.021505, 0.005888, 0.001565], [0.119962, 0.131243, 0.072496, 0.0265, 0.00733, 0.001927], [0.073692, 0.081214, 0.044341, 0.016385, 0.00454, 0.00121], [0.030452, 0.03348, 0.018425, 0.006681, 0.001877, 0.000498], [0.009372, 0.01035, 0.005714, 0.002091, 0.000589, 0.000172], [0.002921, 0.003138, 0.001813, 0.000684, 0.000179, 3.5e-05]], "Luverdense / MT": [[0.12111, 0.133285, 0.073982, 0.026864, 0.007509, 0.002045], [0.110261, 0.133647, 0.080515, 0.031965, 0.00944, 0.002761], [0.049768, 0.06599, 0.0432, 0.018226, 0.005834, 0.001835], [0.015128, 0.02193, 0.014953, 0.006979, 0.002437, 0.000833], [0.00349, 0.005297, 0.004001, 0.001945, 0.000732, 0.00027], [0.000735, 0.001178, 0.001026, 0.000513, 0.000211, 0.000105]]}, "Juventude / RS": {"Figueirense / SC": [[0.105532, 0.108403, 0.056339, 0.019374, 0.005064, 0.001319], [0.128321, 0.133038, 0.068227, 0.023615, 0.006155, 0.001573], [0.077845, 0.080345, 0.041496, 0.014485, 0.003728, 0.000958], [0.031702, 0.032683, 0.01683, 0.005941, 0.001545, 0.000356], [0.009505, 0.009892, 0.005124, 0.001768, 0.000461, 9.6e-05], [0.002935, 0.003029, 0.001591, 0.000564, 0.000129, 3.2e-05]], "Oeste / SP": [[0.16567, 0.174549, 0.091917, 0.031873, 0.00844, 0.002117], [0.123206, 0.129774, 0.068757, 0.023895, 0.006386, 0.00164], [0.045946, 0.048395, 0.025328, 0.008831, 0.002348, 0.000574], [0.011546, 0.012268, 0.006534, 0.00224, 0.000584, 0.000162], [0.002118, 0.002167, 0.001163, 0.000441, 0.000104, 2.1e-05], [0.000354, 0.000332, 0.000211, 8.2e-05, 2.6e-05, 1e-06]]}, "Londrina / PR": {"Guarani / SP": [[0.046725, 0.059399, 0.038091, 0.016065, 0.005233, 0.00166], [0.083609, 0.106434, 0.06814, 0.028848, 0.009177, 0.002856], [0.074979, 0.095395, 0.060881, 0.025626, 0.008341, 0.002707], [0.044366, 0.056771, 0.036175, 0.015321, 0.004865, 0.001632], [0.019897, 0.025274, 0.016405, 0.006967, 0.002179, 0.000646], [0.009847, 0.012578, 0.008035, 0.003459, 0.001051, 0.000366]], "Am\u00e9rica / MG": [[0.085218, 0.123482, 0.088806, 0.043323, 0.015522, 0.005856], [0.077695, 0.121428, 0.094437, 0.048484, 0.018789, 0.007557], [0.035539, 0.059163, 0.049004, 0.027131, 0.010975, 0.004822], [0.010913, 0.019084, 0.016986, 0.009775, 0.00417, 0.001967], [0.002425, 0.004663, 0.004374, 0.002682, 0.001235, 0.000647], [0.00055, 0.001071, 0.001064, 0.000647, 0.000334, 0.000182]]}, "Boa / MG": {"Santa Cruz / PE": [[0.115496, 0.117908, 0.06055, 0.020882, 0.005456, 0.001311], [0.131114, 0.133927, 0.068885, 0.023546, 0.006048, 0.001453], [0.074321, 0.076326, 0.039104, 0.013226, 0.003351, 0.000807], [0.028133, 0.028884, 0.014541, 0.005045, 0.001282, 0.000321], [0.007808, 0.008097, 0.004133, 0.001466, 0.000353, 8.1e-05], [0.002227, 0.002215, 0.001181, 0.000402, 9.5e-05, 2.5e-05]], "Brasil / RS": [[0.115988, 0.11828, 0.060778, 0.020943, 0.005273, 0.001257], [0.131108, 0.134335, 0.06878, 0.02347, 0.005973, 0.001505], [0.074278, 0.075755, 0.038665, 0.013055, 0.003489, 0.000788], [0.028269, 0.028711, 0.014679, 0.004936, 0.001292, 0.000286], [0.007977, 0.008057, 0.004078, 0.001437, 0.000382, 0.0001], [0.002186, 0.002251, 0.001118, 0.000393, 0.000108, 2e-05]]}, "Paysandu / PA": {"Santa Cruz / PE": [[0.127709, 0.104619, 0.04318, 0.011983, 0.002406, 0.000476], [0.149676, 0.131104, 0.057267, 0.01688, 0.003647, 0.000739], [0.087562, 0.081582, 0.03741, 0.011542, 0.002733, 0.000552], [0.034338, 0.034026, 0.016703, 0.005296, 0.001282, 0.000275], [0.010046, 0.010558, 0.005339, 0.001778, 0.000447, 0.000128], [0.002889, 0.003242, 0.001709, 0.000654, 0.000187, 3.6e-05]], "Brasil / RS": [[0.128421, 0.105644, 0.043066, 0.011874, 0.0024, 0.000424], [0.150296, 0.131179, 0.05718, 0.016536, 0.003644, 0.000739], [0.087835, 0.081767, 0.037589, 0.011342, 0.002481, 0.000543], [0.034094, 0.033518, 0.016328, 0.005118, 0.001209, 0.000314], [0.009984, 0.010241, 0.005322, 0.001815, 0.000423, 0.000115], [0.002911, 0.003132, 0.00169, 0.000609, 0.000172, 4.5e-05]]}, "CRB / AL": {"Goi\u00e1s / GO": [[0.107289, 0.126028, 0.074792, 0.029449, 0.008452, 0.002455], [0.112563, 0.133852, 0.077932, 0.030849, 0.009006, 0.00265], [0.059722, 0.070218, 0.041081, 0.016236, 0.004752, 0.001404], [0.021313, 0.024721, 0.014517, 0.005782, 0.001701, 0.000486], [0.005616, 0.006602, 0.003797, 0.001488, 0.000437, 0.000139], [0.001461, 0.001675, 0.000999, 0.000385, 0.000117, 3.4e-05]], "Paran\u00e1 / PR": [[0.099802, 0.160176, 0.128969, 0.068852, 0.027737, 0.012068], [0.069941, 0.111698, 0.090183, 0.047733, 0.019173, 0.008345], [0.024325, 0.039316, 0.031189, 0.017129, 0.006702, 0.002939], [0.005705, 0.009143, 0.007315, 0.003822, 0.001507, 0.000638], [0.000966, 0.001563, 0.001212, 0.000686, 0.000286, 0.000104], [0.000151, 0.00026, 0.000217, 0.0001, 3.5e-05, 1.3e-05]]},