{"Flamengo / RJ": {"Corinthians / SP": [[0.048452, 0.062059, 0.040061, 0.017161, 0.00547, 0.001736], [0.084889, 0.108498, 0.069791, 0.029872, 0.00952, 0.00315], [0.07383, 0.094592, 0.060608, 0.025787, 0.008224, 0.002634], [0.042421, 0.054859, 0.035247, 0.015065, 0.004872, 0.001592], [0.018792, 0.023737, 0.015361, 0.006509, 0.002141, 0.000699], [0.009002, 0.011374, 0.007475, 0.003124, 0.001049, 0.000347]], "Vasco da Gama / RJ": [[0.04071, 0.045948, 0.026331, 0.009877, 0.002773, 0.000763], [0.08338, 0.095129, 0.054343, 0.020514, 0.005835, 0.001595], [0.086841, 0.09873, 0.056385, 0.021541, 0.005964, 0.001712], [0.059778, 0.067987, 0.038725, 0.014628, 0.004199, 0.001093], [0.03082, 0.035172, 0.019919, 0.007578, 0.002048, 0.00057], [0.019048, 0.021446, 0.012145, 0.004723, 0.001352, 0.000398]], "Internacional / RS": [[0.038801, 0.072934, 0.06791, 0.042117, 0.019664, 0.010238], [0.054047, 0.099873, 0.094023, 0.057696, 0.027171, 0.014083], [0.036953, 0.069305, 0.064433, 0.040176, 0.018618, 0.009782], [0.01712, 0.032073, 0.029962, 0.018426, 0.008653, 0.004493], [0.005929, 0.010918, 0.010304, 0.006381, 0.00288, 0.00161], [0.002145, 0.00388, 0.003548, 0.002289, 0.001039, 0.000526]]}, "Botafogo / RJ": {"Gr\u00eamio / RS": [[0.104143, 0.165162, 0.131416, 0.069586, 0.027685, 0.011924], [0.070363, 0.111226, 0.088528, 0.046726, 0.018467, 0.008012], [0.023665, 0.037533, 0.02975, 0.015769, 0.00621, 0.002745], [0.005405, 0.008427, 0.006605, 0.003645, 0.001394, 0.000607], [0.0009, 0.00144, 0.001127, 0.000558, 0.000244, 9.5e-05], [0.000127, 0.000211, 0.000169, 9e-05, 3.3e-05, 1.3e-05]], "Sport / PE": [[0.151784, 0.147288, 0.071364, 0.023053, 0.00562, 0.00126], [0.138553, 0.134933, 0.06562, 0.020996, 0.005054, 0.001145], [0.063271, 0.061667, 0.030221, 0.009734, 0.00243, 0.000554], [0.019484, 0.018842, 0.009105, 0.002975, 0.000707, 0.000162], [0.004388, 0.004278, 0.002084, 0.000694, 0.000174, 3.3e-05], [0.000938, 0.000946, 0.000462, 0.000141, 2.7e-05, 1.3e-05]], "S\u00e3o Paulo / SP": [[0.063183, 0.125597, 0.123767, 0.081108, 0.040378, 0.023301], [0.049284, 0.098593, 0.096444, 0.063968, 0.031545, 0.018063], [0.019284, 0.0383, 0.038043, 0.025217, 0.012281, 0.007], [0.00504, 0.00985, 0.009799, 0.006444, 0.003238, 0.001808], [0.000969, 0.001995, 0.001959, 0.001265, 0.000593, 0.000388], [0.000175, 0.000371, 0.000352, 0.000223, 0.000109, 6.6e-05]]}, "Palmeiras / SP": {"Fortaleza / CE": [[0.172311, 0.113876, 0.037748, 0.008216, 0.001453, 0.000181], [0.189207, 0.125038, 0.041109, 0.009019, 0.001459, 0.000215], [0.103681, 0.069009, 0.022441, 0.004937, 0.000797, 0.000116], [0.037895, 0.025119, 0.008226, 0.001816, 0.000327, 5.9e-05], [0.010487, 0.006872, 0.002311, 0.000542, 8.4e-05, 1e-05], [0.002829, 0.00188, 0.000574, 0.000134, 2.2e-05, 0.0]], "Atl\u00e9tico / GO": [[0.132225, 0.103966, 0.04098, 0.010853, 0.002093, 0.000378], [0.163314, 0.128462, 0.050582, 0.013428, 0.002677, 0.000464], [0.100827, 0.079906, 0.031661, 0.008173, 0.001628, 0.000306], [0.041374, 0.032503, 0.012801, 0.003424, 0.0007, 0.000119], [0.012865, 0.010301, 0.003996, 0.001024, 0.000201, 3.7e-05], [0.003927, 0.003188, 0.00122, 0.000312, 7e-05, 1.5e-05]]}, "Santos / SP": {"Coritiba / PR": [[0.097754, 0.087375, 0.039159, 0.011695, 0.002604, 0.000517], [0.139588, 0.125289, 0.056017, 0.016607, 0.003745, 0.000795], [0.099699, 0.089753, 0.039809, 0.012046, 0.002614, 0.000569], [0.047541, 0.043226, 0.01908, 0.005808, 0.001234, 0.000271], [0.016854, 0.015176, 0.006778, 0.002118, 0.000474, 8e-05], [0.006458, 0.005683, 0.0026, 0.000754, 0.000183, 4.7e-05]], "Fluminense / RJ": [[0.053651, 0.084301, 0.06569, 0.034108, 0.013197, 0.005551], [0.073428, 0.114253, 0.088689, 0.046353, 0.018134, 0.007398], [0.04992, 0.078264, 0.060491, 0.031656, 0.012435, 0.005202], [0.022815, 0.03537, 0.027379, 0.01441, 0.005607, 0.002344], [0.007712, 0.011959, 0.009514, 0.004837, 0.001925, 0.000776], [0.00269, 0.004154, 0.003155, 0.001713, 0.000638, 0.000281]]}, "Corinthians / SP": {"Vasco da Gama / RJ": [[0.097223, 0.096852, 0.048071, 0.016047, 0.004047, 0.000888], [0.129091, 0.128425, 0.064264, 0.021603, 0.005513, 0.001254], [0.085888, 0.086803, 0.043217, 0.014389, 0.003651, 0.000838], [0.038514, 0.038895, 0.019254, 0.006312, 0.001605, 0.00038], [0.01297, 0.012987, 0.006465, 0.002195, 0.000554, 0.000135], [0.004303, 0.004293, 0.002154, 0.000717, 0.000164, 3.9e-05]], "Athletico Paranaense / PR": [[0.174791, 0.153553, 0.067155, 0.019613, 0.004329, 0.000909], [0.152506, 0.13313, 0.057904, 0.016877, 0.003631, 0.000775], [0.065794, 0.057748, 0.025057, 0.007371, 0.001626, 0.000333], [0.0188, 0.016467, 0.007259, 0.002178, 0.000449, 9e-05], [0.004082, 0.003503, 0.001523, 0.000442, 9.9e-05, 2.3e-05], [0.000817, 0.000705, 0.000337, 9.7e-05, 2e-05, 7e-06]], "Cear\u00e1 / CE": [[0.071433, 0.098645, 0.067756, 0.031225, 0.010852, 0.003707], [0.090127, 0.123773, 0.08557, 0.039683, 0.013613, 0.004815], [0.056636, 0.078678, 0.053657, 0.024825, 0.00867, 0.002998], [0.023815, 0.032633, 0.022573, 0.010386, 0.003564, 0.001252], [0.007625, 0.010228, 0.007048, 0.003275, 0.001101, 0.000412], [0.002432, 0.003232, 0.002267, 0.00104, 0.000343, 0.000111]]}, "Gr\u00eamio / RS": {"Santos / SP": [[0.087629, 0.093989, 0.050029, 0.017723, 0.004704, 0.001181], [0.119637, 0.128219, 0.06774, 0.024384, 0.006433, 0.001684], [0.082257, 0.087158, 0.046473, 0.016641, 0.004452, 0.001184], [0.037491, 0.039477, 0.021399, 0.007555, 0.001979, 0.000541], [0.012718, 0.013685, 0.007236, 0.002575, 0.000675, 0.000179], [0.004451, 0.004765, 0.002492, 0.000959, 0.000257, 4.9e-05]], "S\u00e3o Paulo / SP": [[0.091651, 0.112885, 0.069428, 0.028741, 0.008905, 0.002778], [0.105865, 0.130264, 0.08112, 0.033346, 0.010344, 0.003268], [0.060741, 0.075393, 0.046426, 0.019191, 0.006049, 0.001836], [0.023717, 0.029163, 0.018042, 0.007411, 0.002272, 0.000722], [0.006933, 0.008557, 0.005225, 0.002083, 0.000699, 0.000206], [0.001938, 0.002432, 0.001495, 0.000608, 0.000194, 7.2e-05]], "Athletico Paranaense / PR": [[0.190784, 0.135408, 0.04799, 0.011314, 0.002, 0.000336], [0.180815, 0.128626, 0.045324, 0.010791, 0.001941, 0.000292], [0.085587, 0.060641, 0.021812, 0.005056, 0.000904, 0.000153], [0.026679, 0.01914, 0.006737, 0.001585, 0.000256, 4.9e-05], [0.006338, 0.004521, 0.001567, 0.000383, 6.9e-05, 7e-06], [0.001399, 0.001027, 0.000371, 8e-05, 1.1e-05, 7e-06]]}, "Sport / PE": {"Red Bull Bragantino / SP": [[0.108332, 0.160165, 0.118985, 0.058265, 0.021341, 0.00835], [0.080629, 0.118473, 0.08825, 0.043614, 0.016008, 0.006201], [0.030014, 0.044377, 0.032777, 0.016111, 0.005957, 0.002374], [0.007483, 0.011014, 0.008225, 0.004057, 0.001434, 0.000571], [0.001348, 0.002011, 0.001489, 0.000757, 0.00028, 0.000121], [0.000222, 0.00033, 0.000246, 0.000125, 5.3e-05, 1.1e-05]], "Atl\u00e9tico / MG": [[0.067779, 0.129223, 0.12145, 0.077045, 0.036407, 0.019799], [0.054253, 0.102378, 0.096729, 0.061324, 0.028743, 0.015799], [0.021675, 0.040609, 0.038515, 0.024198, 0.011519, 0.006164], [0.005771, 0.010625, 0.010148, 0.006488, 0.00291, 0.001634], [0.001181, 0.002125, 0.001932, 0.001248, 0.000606, 0.00033], [0.000234, 0.000414, 0.000373, 0.000221, 9.9e-05, 5.2e-05]]}, "Coritiba / PR": {"Palmeiras / SP": [[0.125127, 0.177485, 0.126771, 0.059841, 0.021218, 0.007852], [0.082138, 0.116725, 0.082939, 0.039254, 0.014174, 0.005151], [0.026912, 0.03869, 0.027274, 0.013034, 0.004648, 0.001667], [0.005764, 0.008425, 0.006001, 0.002891, 0.000963, 0.000351], [0.00105, 0.00133, 0.001009, 0.000448, 0.000181, 7.1e-05], [0.000163, 0.000191, 0.000148, 7.5e-05, 3e-05, 9e-06]], "Cear\u00e1 / CE": [[0.090853, 0.135398, 0.101855, 0.050967, 0.019136, 0.007618], [0.081744, 0.122921, 0.09169, 0.046214, 0.01736, 0.00673], [0.036545, 0.055122, 0.041424, 0.020651, 0.00788, 0.002993], [0.01082, 0.016831, 0.012588, 0.006158, 0.00228, 0.000962], [0.002404, 0.003738, 0.002743, 0.001397, 0.000485, 0.000171], [0.000551, 0.000777, 0.000584, 0.000265, 0.000105, 4e-05]]},