{"Coritiba / PR": {"Vasco da Gama / RJ": [[0.149278, 0.0767, 0.01992, 0.003392, 0.000449, 5.1e-05], [0.207625, 0.106702, 0.027356, 0.004698, 0.000575, 7.6e-05], [0.143384, 0.073872, 0.018968, 0.003286, 0.000403, 3.4e-05], [0.066469, 0.03396, 0.008746, 0.001534, 0.000183, 2.6e-05], [0.023155, 0.011954, 0.003008, 0.00052, 5.3e-05, 5e-06], [0.008173, 0.004173, 0.00106, 0.000174, 3.4e-05, 4e-06]]}, "Goi\u00e1s / GO": {"S\u00e3o Paulo / SP": [[0.071633, 0.083131, 0.048425, 0.018631, 0.005321, 0.001568], [0.106135, 0.122641, 0.071641, 0.027662, 0.008146, 0.002187], [0.078171, 0.089522, 0.052696, 0.020403, 0.005807, 0.001704], [0.038554, 0.044474, 0.025686, 0.01004, 0.002885, 0.000824], [0.013924, 0.016263, 0.009474, 0.003732, 0.001102, 0.000279], [0.005477, 0.006264, 0.003655, 0.001423, 0.000408, 0.000112]]}, "Corinthians / SP": {"Ava\u00ed / SC": [[0.035418, 0.01497, 0.003137, 0.000426, 4.2e-05, 6e-06], [0.103011, 0.043637, 0.009076, 0.001359, 0.00012, 1.5e-05], [0.151285, 0.063886, 0.013534, 0.00188, 0.000181, 2.1e-05], [0.146184, 0.062075, 0.01305, 0.001827, 0.000205, 2.2e-05], [0.107168, 0.045166, 0.009537, 0.001354, 0.000137, 8e-06], [0.112198, 0.04744, 0.010032, 0.001406, 0.000176, 1.1e-05]]}, "Flamengo / RJ": {"Palmeiras / SP": [[0.031478, 0.054784, 0.04751, 0.027926, 0.011947, 0.005784], [0.053775, 0.093347, 0.081446, 0.04744, 0.020473, 0.010022], [0.046387, 0.080955, 0.069889, 0.040761, 0.017814, 0.008553], [0.026932, 0.046497, 0.040765, 0.023598, 0.010149, 0.004989], [0.011538, 0.020184, 0.017611, 0.010161, 0.004403, 0.002069], [0.005415, 0.009501, 0.008018, 0.004795, 0.002084, 0.001]]}, "Santos / SP": {"Athletico Paranaense / PR": [[0.096706, 0.067988, 0.024295, 0.005662, 0.000999, 0.00015], [0.157142, 0.11121, 0.03939, 0.009132, 0.001703, 0.000249], [0.127474, 0.090897, 0.032421, 0.007648, 0.00132, 0.000204], [0.069494, 0.04971, 0.017642, 0.004092, 0.000762, 0.000119], [0.028626, 0.020176, 0.007153, 0.001659, 0.000323, 5.6e-05], [0.012564, 0.008958, 0.003195, 0.00073, 0.000131, 2e-05]]}, "Atl\u00e9tico / MG": {"Chapecoense / SC": [[0.067498, 0.049346, 0.01787, 0.004254, 0.00078, 0.000111], [0.1334, 0.096813, 0.035108, 0.00842, 0.001519, 0.000253], [0.130437, 0.095092, 0.034801, 0.008226, 0.001496, 0.000259], [0.085651, 0.062231, 0.022644, 0.005386, 0.001, 0.000173], [0.042414, 0.030913, 0.011096, 0.002657, 0.00047, 8.5e-05], [0.0239, 0.017532, 0.0063, 0.001521, 0.000292, 5.2e-05]]}, "Joinville / SC": {"Gr\u00eamio / RS": [[0.157928, 0.157666, 0.078538, 0.026412, 0.00654, 0.00157], [0.133587, 0.1337, 0.06664, 0.022323, 0.00551, 0.001311], [0.056857, 0.056524, 0.028286, 0.009326, 0.002258, 0.000524], [0.015938, 0.01612, 0.008197, 0.002619, 0.000597, 0.000157], [0.00336, 0.003312, 0.001649, 0.000595, 0.000133, 3.6e-05], [0.000663, 0.000665, 0.000333, 9.5e-05, 2.9e-05, 2e-06]]}, "Ponte Preta / SP": {"Sport / PE": [[0.117107, 0.109691, 0.051533, 0.015913, 0.003847, 0.000882], [0.14166, 0.132475, 0.062274, 0.019475, 0.004476, 0.001017], [0.085741, 0.079731, 0.037487, 0.011748, 0.002752, 0.000646], [0.033966, 0.032137, 0.014921, 0.004839, 0.001092, 0.000226], [0.010412, 0.009764, 0.004509, 0.001358, 0.000322, 7.9e-05], [0.003122, 0.002876, 0.001385, 0.00042, 9.8e-05, 1.9e-05]]}, "Internacional / RS": {"Cruzeiro / MG": [[0.191933, 0.126248, 0.041251, 0.009104, 0.00145, 0.000208], [0.190255, 0.125393, 0.041392, 0.009092, 0.001517, 0.000199], [0.094774, 0.062088, 0.020533, 0.004443, 0.00075, 0.000126], [0.031417, 0.020435, 0.006989, 0.001487, 0.000244, 2.6e-05], [0.007829, 0.005207, 0.001656, 0.000358, 6.2e-05, 4e-06], [0.00184, 0.001182, 0.000386, 9.9e-05, 2e-05, 3e-06]]}, "Figueirense / SC": {"Fluminense / RJ": [[0.097427, 0.090766, 0.041993, 0.012912, 0.002982, 0.000685], [0.135408, 0.126844, 0.05898, 0.018357, 0.004298, 0.000926], [0.09514, 0.089083, 0.041359, 0.012993, 0.002923, 0.000686], [0.043838, 0.041161, 0.019609, 0.006022, 0.001359, 0.000312], [0.015663, 0.014557, 0.006794, 0.002104, 0.000485, 0.000121], [0.005543, 0.005201, 0.002481, 0.000765, 0.000177, 4.6e-05]]}}