{"Atl\u00e9tico Mineiro / MG": {"Botafogo / RJ": [[0.04445, 0.032808, 0.012086, 0.002926, 0.000518, 9.8e-05], [0.064931, 0.088476, 0.04723, 0.015258, 0.00354, 0.000673], [0.04733, 0.094526, 0.075532, 0.032808, 0.009489, 0.00238], [0.023332, 0.060438, 0.065185, 0.039199, 0.014891, 0.0049], [0.00854, 0.027473, 0.038282, 0.029151, 0.01445, 0.006107], [0.003355, 0.013052, 0.023202, 0.024507, 0.016721, 0.012156]], "Juventude / RS": [[0.010866, 0.003131, 0.00047, 4.3e-05, 3e-06, 0.0], [0.03416, 0.021799, 0.004856, 0.000607, 6.9e-05, 2e-06], [0.053337, 0.052749, 0.019399, 0.003723, 0.000445, 3.6e-05], [0.056514, 0.074836, 0.039342, 0.010854, 0.001691, 0.000238], [0.044764, 0.0741, 0.051466, 0.019254, 0.004375, 0.000712], [0.052592, 0.121118, 0.123628, 0.075617, 0.03103, 0.012174]], "Cuiab\u00e1 / MT": [[0.022416, 0.033696, 0.025367, 0.013002, 0.004933, 0.001922], [0.036921, 0.07007, 0.063769, 0.037604, 0.016385, 0.007725], [0.030386, 0.069578, 0.07504, 0.051118, 0.025317, 0.013952], [0.016664, 0.044749, 0.055885, 0.044299, 0.024813, 0.015863], [0.006909, 0.021123, 0.030337, 0.027205, 0.017363, 0.012979], [0.003115, 0.011296, 0.018508, 0.0198, 0.015202, 0.014689]]}, "Fluminense / RJ": {"S\u00e3o Paulo / SP": [[0.033909, 0.02961, 0.013035, 0.003845, 0.0008, 0.000163], [0.051568, 0.078625, 0.048916, 0.018335, 0.004988, 0.001247], [0.03991, 0.085407, 0.075688, 0.037898, 0.012975, 0.004043], [0.020272, 0.056306, 0.066651, 0.044053, 0.019063, 0.007379], [0.007884, 0.026537, 0.039792, 0.033117, 0.018345, 0.009142], [0.003227, 0.013528, 0.025387, 0.028811, 0.021389, 0.018155]], "Goi\u00e1s / GO": [[0.021921, 0.043325, 0.042258, 0.027866, 0.013834, 0.00773], [0.023787, 0.063653, 0.079362, 0.062694, 0.036098, 0.025118], [0.012679, 0.043574, 0.067303, 0.064601, 0.043707, 0.037295], [0.00449, 0.018896, 0.035194, 0.04048, 0.032444, 0.034289], [0.001251, 0.006039, 0.013215, 0.017924, 0.016249, 0.022172], [0.000318, 0.001938, 0.004889, 0.007744, 0.008817, 0.016846]]}, "S\u00e3o Paulo / SP": {"Atl\u00e9tico Mineiro / MG": [[0.151053, 0.071319, 0.016516, 0.00259, 0.000324, 2.5e-05], [0.095133, 0.16455, 0.06686, 0.01476, 0.002241, 0.000267], [0.029774, 0.08962, 0.086009, 0.030728, 0.006558, 0.001127], [0.006174, 0.026537, 0.041173, 0.028955, 0.009642, 0.002285], [0.001015, 0.005454, 0.011693, 0.01296, 0.007205, 0.002559], [0.000141, 0.000912, 0.002753, 0.004276, 0.003825, 0.002987]], "Atl\u00e9tico / GO": [[0.242334, 0.059951, 0.00732, 0.00061, 3.8e-05, 1e-06], [0.120265, 0.192718, 0.044195, 0.005334, 0.000437, 2e-05], [0.029879, 0.088296, 0.076288, 0.016156, 0.001921, 0.000153], [0.004934, 0.021106, 0.032498, 0.019959, 0.003879, 0.000462], [0.000561, 0.003424, 0.007632, 0.007871, 0.003882, 0.000821], [7.4e-05, 0.0005, 0.001371, 0.002167, 0.001793, 0.00115]], "Internacional / RS": [[0.16474, 0.072118, 0.015898, 0.002265, 0.00025, 1.9e-05], [0.1084, 0.163898, 0.061189, 0.012721, 0.001812, 0.000218], [0.036194, 0.091878, 0.078229, 0.025997, 0.005083, 0.00077], [0.008062, 0.028774, 0.038935, 0.023973, 0.007221, 0.001574], [0.001329, 0.006064, 0.011519, 0.010591, 0.005511, 0.001783], [0.000202, 0.001136, 0.002904, 0.003757, 0.003033, 0.001953]]}, "Palmeiras / SP": {"Fortaleza / CE": [[0.074356, 0.084538, 0.047853, 0.018191, 0.005132, 0.001387], [0.034392, 0.113372, 0.106786, 0.056366, 0.020486, 0.007119], [0.008047, 0.043542, 0.081255, 0.06682, 0.032565, 0.015771], [0.001241, 0.009538, 0.02709, 0.037175, 0.027022, 0.0186], [0.000138, 0.001427, 0.005472, 0.011142, 0.012507, 0.013622], [1.5e-05, 0.00016, 0.000888, 0.002499, 0.004173, 0.009313]], "Am\u00e9rica / MG": [[0.054109, 0.06072, 0.034685, 0.012971, 0.003627, 0.000982], [0.037404, 0.101543, 0.09066, 0.046666, 0.016707, 0.006012], [0.012934, 0.055727, 0.086628, 0.065882, 0.031405, 0.014236], [0.00296, 0.017579, 0.04081, 0.047227, 0.031258, 0.020104], [0.000538, 0.003942, 0.011799, 0.019182, 0.018303, 0.01772], [7.1e-05, 0.000746, 0.002969, 0.006575, 0.008963, 0.016356]]}, "Botafogo / RJ": {"Red Bull Bragantino / SP": [[0.071015, 0.124208, 0.108515, 0.064053, 0.02795, 0.013568], [0.027551, 0.084311, 0.104626, 0.079807, 0.043193, 0.026489], [0.005323, 0.022792, 0.041847, 0.041911, 0.028527, 0.022714], [0.00064, 0.003867, 0.009256, 0.012435, 0.01065, 0.011641], [7.2e-05, 0.000431, 0.001396, 0.002379, 0.002685, 0.003878], [6e-06, 3.9e-05, 0.000161, 0.000409, 0.000515, 0.00114]], "Santos / SP": [[0.149827, 0.059125, 0.011625, 0.001564, 0.000146, 1.9e-05], [0.0665, 0.185533, 0.067838, 0.013068, 0.001687, 0.000178], [0.014464, 0.07523, 0.113525, 0.038927, 0.007398, 0.001092], [0.002156, 0.016416, 0.043605, 0.045946, 0.014982, 0.003198], [0.000241, 0.002413, 0.009071, 0.016623, 0.013693, 0.005072], [1.9e-05, 0.000301, 0.001435, 0.003871, 0.00589, 0.007322]], "Cuiab\u00e1 / MT": [[0.115326, 0.151002, 0.09942, 0.043319, 0.014147, 0.004739], [0.05272, 0.113906, 0.104761, 0.058601, 0.02345, 0.009706], [0.012262, 0.036526, 0.04647, 0.033862, 0.016745, 0.008637], [0.001818, 0.007277, 0.011716, 0.011047, 0.006869, 0.004652], [0.000196, 0.001019, 0.002006, 0.002378, 0.001884, 0.001662], [1.7e-05, 9.6e-05, 0.000323, 0.000476, 0.000423, 0.000542]]}, "Juventude / RS": {"Coritiba / PR": [[0.045642, 0.041894, 0.01941, 0.005874, 0.001374, 0.00031], [0.039528, 0.094787, 0.071078, 0.030311, 0.008793, 0.002472], [0.017171, 0.067329, 0.092848, 0.059098, 0.023108, 0.008482], [0.005117, 0.027309, 0.055998, 0.057912, 0.03276, 0.015924], [0.001188, 0.007656, 0.021106, 0.030817, 0.025697, 0.019511], [0.000212, 0.001898, 0.007174, 0.014276, 0.017804, 0.028132]], "Flamengo / RJ": [[0.125993, 0.040991, 0.006688, 0.000694, 5.2e-05, 3e-06], [0.0774, 0.168582, 0.050375, 0.007945, 0.00085, 8.3e-05], [0.023803, 0.094718, 0.110163, 0.030655, 0.004659, 0.000586], [0.004895, 0.028509, 0.0589, 0.04793, 0.012787, 0.002095], [0.000783, 0.005869, 0.017192, 0.023909, 0.015463, 0.004494], [7.8e-05, 0.001012, 0.003956, 0.008476, 0.009891, 0.009521]]}, "Fortaleza / CE": {"Atl\u00e9tico / GO": [[0.100575, 0.026922, 0.003583, 0.000335, 3.2e-05, 1e-06], [0.099792, 0.131055, 0.031319, 0.004072, 0.000371, 2.9e-05], [0.049714, 0.117301, 0.083332, 0.018411, 0.002292, 0.000212], [0.016371, 0.055989, 0.067805, 0.034555, 0.0071, 0.000928], [0.004093, 0.018075, 0.031136, 0.026267, 0.010744, 0.00231], [0.000962, 0.005409, 0.012884, 0.016396, 0.012346, 0.007282]], "Coritiba / PR": [[0.016635, 0.023538, 0.016992, 0.00802, 0.00281, 0.001021], [0.021581, 0.053872, 0.054656, 0.033558, 0.014819, 0.006698], [0.014407, 0.05032, 0.071898, 0.059228, 0.032657, 0.01872], [0.00622, 0.028334, 0.054175, 0.058137, 0.040926, 0.031152], [0.002007, 0.011405, 0.027492, 0.037957, 0.033238, 0.034913], [0.000677, 0.00467, 0.014223, 0.02549, 0.030932, 0.056622]], "Red Bull Bragantino / SP": [[0.026753, 0.047493, 0.042393, 0.025449, 0.011173, 0.005553], [0.029346, 0.0718, 0.081588, 0.059272, 0.030914, 0.018785], [0.016168, 0.049946, 0.07154, 0.063243, 0.038965, 0.028927], [0.005919, 0.022608, 0.038754, 0.040624, 0.03013, 0.027043], [0.001598, 0.007265, 0.015005, 0.018226, 0.015935, 0.018157], [0.000413, 0.002418, 0.005699, 0.008376, 0.008584, 0.013938]]}, "Atl\u00e9tico / GO": {"Santos / SP": [[0.140725, 0.040851, 0.005829, 0.0006, 3.2e-05, 5e-06], [0.066596, 0.188065, 0.051495, 0.007318, 0.00069, 6.5e-05], [0.015551, 0.083995, 0.124854, 0.032756, 0.004618, 0.000446], [0.002453, 0.019553, 0.053382, 0.055247, 0.013682, 0.002107], [0.000307, 0.003158, 0.012243, 0.022586, 0.018069, 0.005059], [2.8e-05, 0.000394, 0.002083, 0.005913, 0.00899, 0.010255]], "Athletico Paranaense / PR": [[0.114511, 0.046791, 0.00954, 0.001224, 0.000125, 1.4e-05], [0.087098, 0.149222, 0.054047, 0.010637, 0.001401, 0.000144], [0.033194, 0.100262, 0.094786, 0.031062, 0.005838, 0.000842], [0.00843, 0.036799, 0.057662, 0.039648, 0.011656, 0.002438], [0.001612, 0.009289, 0.020264, 0.022084, 0.01192, 0.00396], [0.000268, 0.001927, 0.006028, 0.009609, 0.008664, 0.007004]]},