{"ASA / AL": {"S\u00e3o Caetano / SP": [[0.044858, 0.07149, 0.056805, 0.03102, 0.012296, 0.005279], [0.067178, 0.10786, 0.086409, 0.046266, 0.018765, 0.008091], [0.050598, 0.08121, 0.065, 0.034683, 0.014007, 0.006014], [0.02526, 0.04032, 0.032657, 0.017461, 0.006987, 0.002931], [0.009628, 0.015335, 0.012234, 0.006651, 0.002722, 0.001109], [0.003809, 0.006019, 0.004903, 0.002615, 0.001061, 0.000469]]}, "Am\u00e9rica / MG": {"ABC / RN": [[0.072503, 0.055914, 0.021646, 0.005525, 0.001063, 0.0002], [0.135087, 0.103459, 0.039998, 0.010308, 0.002062, 0.000352], [0.124346, 0.09612, 0.037263, 0.009418, 0.001865, 0.0003], [0.076803, 0.059077, 0.022606, 0.005833, 0.001171, 0.000186], [0.0356, 0.027532, 0.010425, 0.002652, 0.000468, 8.6e-05], [0.018469, 0.014309, 0.005592, 0.001446, 0.000269, 4.7e-05]]}, "Ava\u00ed / SC": {"Boa / MG": [[0.124002, 0.077123, 0.024018, 0.005017, 0.000827, 9.9e-05], [0.181271, 0.112991, 0.03531, 0.007463, 0.001148, 0.00017], [0.132162, 0.083299, 0.02614, 0.005316, 0.000856, 0.000102], [0.064928, 0.040293, 0.012681, 0.002637, 0.000393, 7e-05], [0.023916, 0.014779, 0.004707, 0.000993, 0.000145, 2e-05], [0.009069, 0.005801, 0.001815, 0.000375, 5.6e-05, 8e-06]]}, "Chapecoense / SC": {"Palmeiras / SP": [[0.125729, 0.124039, 0.061693, 0.02007, 0.004854, 0.00116], [0.13668, 0.134902, 0.066213, 0.021713, 0.005368, 0.001324], [0.074637, 0.073286, 0.036182, 0.011778, 0.002894, 0.00072], [0.027056, 0.026473, 0.013004, 0.004388, 0.001048, 0.00023], [0.007169, 0.00722, 0.003557, 0.001146, 0.000289, 7.6e-05], [0.001949, 0.001856, 0.000919, 0.000301, 6.6e-05, 1.1e-05]]}, "Cear\u00e1 / CE": {"Joinville / SC": [[0.054452, 0.064868, 0.038645, 0.015311, 0.004594, 0.001317], [0.094279, 0.111623, 0.066518, 0.026007, 0.007839, 0.002207], [0.080933, 0.095968, 0.057307, 0.022621, 0.006631, 0.001974], [0.045911, 0.055031, 0.032527, 0.012774, 0.00389, 0.001091], [0.019725, 0.023675, 0.014094, 0.005666, 0.001642, 0.000495], [0.009015, 0.011214, 0.006613, 0.002551, 0.000756, 0.000236]]}, "Am\u00e9rica / RN": {"Oeste / SP": [[0.065289, 0.068496, 0.03599, 0.012366, 0.003246, 0.000856], [0.109567, 0.115205, 0.0604, 0.021072, 0.005384, 0.001373], [0.092441, 0.096558, 0.050519, 0.017666, 0.004604, 0.001197], [0.051691, 0.054697, 0.028485, 0.010013, 0.002621, 0.000683], [0.021537, 0.022539, 0.011957, 0.004144, 0.001135, 0.000239], [0.009819, 0.010234, 0.00538, 0.00192, 0.000518, 0.000159]]}, "Paran\u00e1 / PR": {"Icasa / CE": [[0.075762, 0.056213, 0.020939, 0.005014, 0.000943, 0.000151], [0.139606, 0.103242, 0.03826, 0.009356, 0.001788, 0.000307], [0.128875, 0.094656, 0.035181, 0.008476, 0.001537, 0.000264], [0.078528, 0.057932, 0.021667, 0.005247, 0.001003, 0.000178], [0.036198, 0.026801, 0.009815, 0.002471, 0.00047, 9.7e-05], [0.018587, 0.013887, 0.005054, 0.001218, 0.00024, 3.7e-05]]}, "Atl\u00e9tico / GO": {"Guaratinguet\u00e1 / SP": [[0.099842, 0.094934, 0.04501, 0.014138, 0.00338, 0.000743], [0.135376, 0.128241, 0.060849, 0.019041, 0.004578, 0.001017], [0.091792, 0.086922, 0.041056, 0.01294, 0.003149, 0.000676], [0.041722, 0.038927, 0.019033, 0.005944, 0.00136, 0.000322], [0.014113, 0.013239, 0.006309, 0.002027, 0.000498, 0.000115], [0.004915, 0.004679, 0.002182, 0.000693, 0.000207, 3.1e-05]]}, "Red Bull Bragantino / SP": {"Figueirense / SC": [[0.086322, 0.097088, 0.054635, 0.020353, 0.005737, 0.001628], [0.113656, 0.128585, 0.072753, 0.027276, 0.007694, 0.002162], [0.07608, 0.08517, 0.047752, 0.018009, 0.005019, 0.001423], [0.033409, 0.037737, 0.021221, 0.007808, 0.002241, 0.000621], [0.010982, 0.012405, 0.007067, 0.002559, 0.000765, 0.000194], [0.003765, 0.004214, 0.002436, 0.000908, 0.000251, 7.5e-05]]}, "Sport / PE": {"Paysandu / PA": [[0.040002, 0.038014, 0.017796, 0.005764, 0.001366, 0.000296], [0.091767, 0.086009, 0.040424, 0.012862, 0.003038, 0.000677], [0.1036, 0.097917, 0.046484, 0.014544, 0.003436, 0.000718], [0.077632, 0.0745, 0.034847, 0.0111, 0.002626, 0.000586], [0.044024, 0.041754, 0.019873, 0.006187, 0.001493, 0.000327], [0.031084, 0.029657, 0.013976, 0.004343, 0.001049, 0.000228]]}}