{"Flamengo / RJ": {"Cear\u00e1 / CE": [[0.117032, 0.063707, 0.017435, 0.003177, 0.000428, 5.1e-05], [0.180497, 0.104722, 0.030306, 0.005787, 0.000787, 9.9e-05], [0.139157, 0.086873, 0.026568, 0.00536, 0.000801, 0.000104], [0.071134, 0.047421, 0.015547, 0.003351, 0.000544, 7.7e-05], [0.026826, 0.01957, 0.006866, 0.001642, 0.000279, 3.8e-05], [0.01093, 0.008529, 0.003359, 0.000832, 0.000145, 1.9e-05]], "Santos / SP": [[0.087052, 0.04887, 0.013964, 0.002626, 0.000357, 4.9e-05], [0.163685, 0.092055, 0.025942, 0.00491, 0.000655, 7.2e-05], [0.154197, 0.086268, 0.023875, 0.004518, 0.00068, 8.4e-05], [0.096096, 0.054123, 0.015278, 0.002744, 0.000397, 4e-05], [0.045026, 0.025407, 0.007111, 0.001364, 0.000227, 1.8e-05], [0.023989, 0.013705, 0.003787, 0.000724, 9.4e-05, 1.1e-05]]}, "Corinthians / SP": {"Athletico Paranaense / PR": [[0.091743, 0.079234, 0.034078, 0.009857, 0.002182, 0.000448], [0.131985, 0.12201, 0.056275, 0.017274, 0.003917, 0.000866], [0.093972, 0.093773, 0.046037, 0.01513, 0.003475, 0.000844], [0.044778, 0.047458, 0.024854, 0.00854, 0.002206, 0.000547], [0.015943, 0.017815, 0.010146, 0.003759, 0.000989, 0.000243], [0.005797, 0.007194, 0.00433, 0.00166, 0.000501, 0.00014]], "Santos / SP": [[0.153882, 0.083421, 0.022862, 0.004105, 0.000554, 6.7e-05], [0.195193, 0.115167, 0.034121, 0.006544, 0.000944, 0.000119], [0.123563, 0.07885, 0.024893, 0.005206, 0.000764, 0.000105], [0.051823, 0.036205, 0.012396, 0.002781, 0.000458, 5.9e-05], [0.01638, 0.012274, 0.004434, 0.001061, 0.000203, 3.1e-05], [0.00514, 0.004203, 0.001687, 0.000415, 7.8e-05, 1.2e-05]], "Gr\u00eamio / RS": [[0.147528, 0.063533, 0.014016, 0.00204, 0.00021, 2.1e-05], [0.204794, 0.10226, 0.024904, 0.004036, 0.000466, 4.9e-05], [0.139214, 0.082288, 0.023351, 0.004079, 0.000534, 5.9e-05], [0.062459, 0.043285, 0.01415, 0.002898, 0.000416, 6e-05], [0.020511, 0.016738, 0.006409, 0.00153, 0.000286, 2.1e-05], [0.006868, 0.006726, 0.003167, 0.000878, 0.000183, 3.3e-05]]}, "S\u00e3o Paulo / SP": {"Athletico Paranaense / PR": [[0.152156, 0.134905, 0.059557, 0.017737, 0.003922, 0.000869], [0.136523, 0.136027, 0.067247, 0.021904, 0.005301, 0.001213], [0.061263, 0.06802, 0.036738, 0.013084, 0.00337, 0.000853], [0.018304, 0.022354, 0.013329, 0.004955, 0.001453, 0.000412], [0.004163, 0.005307, 0.003496, 0.001403, 0.000493, 0.00014], [0.000844, 0.001228, 0.00085, 0.000403, 0.000135, 4.2e-05]], "Sport / PE": [[0.348843, 0.152292, 0.033094, 0.004909, 0.000571, 4.8e-05], [0.176693, 0.115262, 0.03353, 0.006083, 0.000788, 9.2e-05], [0.045026, 0.039025, 0.014927, 0.003379, 0.000541, 6.5e-05], [0.0076, 0.008183, 0.003908, 0.001116, 0.000251, 3.5e-05], [0.000958, 0.00123, 0.000761, 0.000241, 5.4e-05, 1.8e-05], [0.000127, 0.00017, 0.000106, 5.1e-05, 2.3e-05, 0.0]], "Juventude / RS": [[0.220892, 0.14345, 0.046632, 0.010017, 0.00164, 0.000246], [0.15377, 0.136676, 0.05536, 0.014499, 0.002815, 0.000489], [0.053896, 0.060137, 0.031051, 0.009537, 0.002155, 0.000413], [0.012377, 0.016642, 0.01059, 0.003885, 0.00102, 0.000236], [0.002174, 0.003416, 0.002575, 0.001058, 0.000345, 9.4e-05], [0.000384, 0.000621, 0.00051, 0.000267, 9.1e-05, 4e-05]]}, "Atl\u00e9tico Mineiro / MG": {"Fluminense / RJ": [[0.092064, 0.031624, 0.005399, 0.000648, 5e-05, 2e-06], [0.185723, 0.066426, 0.011896, 0.001447, 0.000134, 9e-06], [0.179286, 0.074073, 0.014344, 0.001912, 0.000186, 1.3e-05], [0.113788, 0.055498, 0.012865, 0.001911, 0.000186, 1.9e-05], [0.052738, 0.031336, 0.008352, 0.001411, 0.000167, 2.1e-05], [0.026959, 0.020981, 0.006907, 0.001384, 0.000209, 3.2e-05]], "Red Bull Bragantino / SP": [[0.046466, 0.035192, 0.013533, 0.003442, 0.000664, 0.000105], [0.10445, 0.082493, 0.032273, 0.008576, 0.001616, 0.000276], [0.116321, 0.095803, 0.039593, 0.010845, 0.002329, 0.000401], [0.085035, 0.074502, 0.032204, 0.009262, 0.001982, 0.000371], [0.047189, 0.043067, 0.01968, 0.005903, 0.001395, 0.000291], [0.031385, 0.031548, 0.015359, 0.004911, 0.001227, 0.000311]], "Juventude / RS": [[0.068633, 0.030368, 0.006858, 0.001002, 0.000116, 1.4e-05], [0.150178, 0.070029, 0.016268, 0.002585, 0.000318, 3.3e-05], [0.158964, 0.083143, 0.021243, 0.003687, 0.000454, 4.9e-05], [0.10886, 0.066941, 0.019179, 0.003664, 0.000508, 5.1e-05], [0.055125, 0.039574, 0.01308, 0.002632, 0.000402, 6.9e-05], [0.031737, 0.029003, 0.01173, 0.002854, 0.00057, 7.9e-05]]}, "Internacional / RS": {"Flamengo / RJ": [[0.043417, 0.079183, 0.073168, 0.044234, 0.020187, 0.010434], [0.051182, 0.098835, 0.095959, 0.0617, 0.029681, 0.016418], [0.03019, 0.062035, 0.062762, 0.042254, 0.021236, 0.012508], [0.01198, 0.025347, 0.027506, 0.019394, 0.010335, 0.006489], [0.003486, 0.007903, 0.008725, 0.006538, 0.003546, 0.002548], [0.00094, 0.002396, 0.002879, 0.002335, 0.001319, 0.000951]], "Santos / SP": [[0.117004, 0.076655, 0.025053, 0.005399, 0.000884, 0.00013], [0.16647, 0.116662, 0.040787, 0.009517, 0.0017, 0.000255], [0.117965, 0.088963, 0.033442, 0.008356, 0.001486, 0.000273], [0.055593, 0.044951, 0.018073, 0.004776, 0.000937, 0.000162], [0.019646, 0.017002, 0.00736, 0.002036, 0.000381, 7e-05], [0.007088, 0.00659, 0.00309, 0.000991, 0.000204, 4.9e-05]], "Atl\u00e9tico / GO": [[0.12729, 0.082646, 0.026872, 0.005856, 0.00095, 0.00014], [0.171026, 0.120085, 0.042161, 0.00978, 0.001642, 0.000272], [0.114119, 0.086638, 0.032354, 0.007998, 0.001495, 0.000245], [0.050899, 0.040894, 0.016395, 0.00442, 0.000811, 0.000159], [0.016875, 0.014718, 0.006339, 0.001812, 0.000349, 7.7e-05], [0.005703, 0.005456, 0.002547, 0.000753, 0.000178, 4.6e-05]]}, "Cear\u00e1 / CE": {"Corinthians / SP": [[0.184014, 0.09743, 0.025857, 0.004525, 0.000613, 8e-05], [0.190905, 0.124148, 0.039322, 0.008106, 0.001218, 0.000148], [0.09779, 0.077053, 0.028596, 0.00666, 0.001159, 0.000181], [0.032845, 0.031077, 0.013255, 0.003656, 0.000701, 0.000121], [0.008317, 0.009082, 0.004598, 0.001355, 0.000311, 5.8e-05], [0.001973, 0.002613, 0.001477, 0.000575, 0.000148, 3.3e-05]], "Am\u00e9rica / MG": [[0.1416, 0.108432, 0.041518, 0.010662, 0.001983, 0.000362], [0.152239, 0.132782, 0.056866, 0.015919, 0.003474, 0.000671], [0.08195, 0.079971, 0.038289, 0.011882, 0.002725, 0.000585], [0.029279, 0.03185, 0.016702, 0.00574, 0.001439, 0.000361], [0.007791, 0.009311, 0.005296, 0.002039, 0.000597, 0.00016], [0.0021, 0.00272, 0.001697, 0.000716, 0.000225, 6.7e-05]]}, "Bahia / BA": {"Cuiab\u00e1 / MT": [[0.120774, 0.105541, 0.046861, 0.013621, 0.00297, 0.000623], [0.122161, 0.133448, 0.07077, 0.024077, 0.006198, 0.001464], [0.062543, 0.082028, 0.050783, 0.019892, 0.005817, 0.001532], [0.021079, 0.032448, 0.023252, 0.010577, 0.003434, 0.001008], [0.005401, 0.009408, 0.00769, 0.003984, 0.001436, 0.000544], [0.001252, 0.002608, 0.002442, 0.001468, 0.000615, 0.000251]], "Fluminense / RJ": [[0.139874, 0.09805, 0.034725, 0.008012, 0.001417, 0.00022], [0.151886, 0.131766, 0.054761, 0.014828, 0.002931, 0.000547], [0.082677, 0.085395, 0.041491, 0.01296, 0.002884, 0.000621], [0.029785, 0.035778, 0.020152, 0.007144, 0.00182, 0.00045], [0.007979, 0.011382, 0.007016, 0.00283, 0.000808, 0.000208], [0.002093, 0.003282, 0.002487, 0.001209, 0.000402, 0.00013]], "Gr\u00eamio / RS": [[0.117137, 0.073646, 0.022872, 0.004939, 0.000713, 0.000109], [0.161022, 0.118455, 0.041903, 0.009801, 0.001775, 0.000251], [0.108833, 0.092996, 0.038012, 0.010023, 0.001955, 0.000359], [0.048828, 0.047807, 0.022437, 0.006666, 0.001412, 0.000273], [0.016242, 0.018167, 0.009667, 0.003334, 0.000722, 0.000182], [0.005434, 0.007227, 0.00449, 0.001691, 0.000503, 0.000117]]}, "Athletico Paranaense / PR": {"Cuiab\u00e1 / MT": [[0.127554, 0.125881, 0.062212, 0.020449, 0.005013, 0.001208], [0.122741, 0.134394, 0.073728, 0.026687, 0.007136, 0.001859], [0.05953, 0.071657, 0.042677, 0.016904, 0.00487, 0.001356], [0.018963, 0.025425, 0.016337, 0.006927, 0.002021, 0.000642], [0.004698, 0.006514, 0.004734, 0.002136, 0.000676, 0.00027], [0.000997, 0.001646, 0.001208, 0.000635, 0.000221, 9.4e-05]],