{"Red Bull Bragantino / SP": {"Paran\u00e1 / PR": [[0.124619, 0.099981, 0.039959, 0.010698, 0.002169, 0.000387], [0.129331, 0.133424, 0.066049, 0.020936, 0.004923, 0.000985], [0.067066, 0.085252, 0.050772, 0.018928, 0.00501, 0.001256], [0.022954, 0.034638, 0.024307, 0.010611, 0.003219, 0.000995], [0.006121, 0.010473, 0.008623, 0.004141, 0.001515, 0.000499], [0.001458, 0.00312, 0.002874, 0.001707, 0.000714, 0.000286]]}, "Ponte Preta / SP": {"Am\u00e9rica / RN": [[0.074792, 0.032955, 0.007152, 0.001027, 0.000124, 9e-06], [0.141413, 0.08188, 0.022332, 0.003984, 0.000525, 5.3e-05], [0.132748, 0.0956, 0.032629, 0.006616, 0.001037, 0.000127], [0.083388, 0.072186, 0.028952, 0.007131, 0.001277, 0.000191], [0.038913, 0.040164, 0.018498, 0.00535, 0.001082, 0.000191], [0.020979, 0.025429, 0.01461, 0.005111, 0.001253, 0.000292]], "Am\u00e9rica / MG": [[0.090657, 0.052233, 0.015049, 0.002792, 0.000432, 5.5e-05], [0.140301, 0.105556, 0.037369, 0.00871, 0.001412, 0.000222], [0.108806, 0.101012, 0.043559, 0.011846, 0.002292, 0.000351], [0.056613, 0.062582, 0.031558, 0.010187, 0.002291, 0.000483], [0.022215, 0.028158, 0.016684, 0.005969, 0.001543, 0.000347], [0.008971, 0.013855, 0.009728, 0.004399, 0.001362, 0.000401]]}, "Vasco da Gama / RJ": {"Vila Nova / GO": [[0.086464, 0.034679, 0.006969, 0.00092, 9.6e-05, 1e-05], [0.176461, 0.070538, 0.014188, 0.001937, 0.000223, 1.8e-05], [0.181179, 0.072759, 0.014561, 0.001914, 0.000182, 3.1e-05], [0.123814, 0.049604, 0.010139, 0.001333, 0.000131, 1.1e-05], [0.063625, 0.025315, 0.004952, 0.000706, 6.2e-05, 5e-06], [0.038391, 0.015249, 0.003065, 0.000426, 3.8e-05, 5e-06]], "Icasa / CE": [[0.179809, 0.069396, 0.013165, 0.001682, 0.000149, 1.1e-05], [0.239212, 0.09191, 0.017533, 0.00218, 0.000212, 2.4e-05], [0.159494, 0.061676, 0.011686, 0.0015, 0.000154, 1.1e-05], [0.070923, 0.027051, 0.00515, 0.000657, 5.5e-05, 6e-06], [0.023724, 0.008902, 0.001605, 0.000217, 2.9e-05, 0.0], [0.008139, 0.003088, 0.000564, 8e-05, 5e-06, 1e-06]]}, "Santa Cruz / PE": {"Sampaio Corr\u00eaa / MA": [[0.149824, 0.048543, 0.007631, 0.000846, 6.9e-05, 3e-06], [0.147889, 0.136145, 0.036001, 0.005223, 0.000543, 5.8e-05], [0.072809, 0.110555, 0.058064, 0.013322, 0.001884, 0.000235], [0.023801, 0.050813, 0.04083, 0.015843, 0.003175, 0.000457], [0.00594, 0.015978, 0.017711, 0.010014, 0.003103, 0.000643], [0.001411, 0.004636, 0.006638, 0.005536, 0.002738, 0.001089]], "Ava\u00ed / SC": [[0.158098, 0.055266, 0.009554, 0.001148, 0.000108, 5e-06], [0.184239, 0.11613, 0.029403, 0.004438, 0.00052, 3.8e-05], [0.107715, 0.098037, 0.036276, 0.007625, 0.001004, 0.000114], [0.041662, 0.04977, 0.025014, 0.006947, 0.001183, 0.000174], [0.012166, 0.018324, 0.011481, 0.00401, 0.000916, 0.000159], [0.003454, 0.006482, 0.005232, 0.002402, 0.000709, 0.000197]]}, "Sampaio Corr\u00eaa / MA": {"Atl\u00e9tico / GO": [[0.081526, 0.064015, 0.025147, 0.006588, 0.001266, 0.000228], [0.119187, 0.114437, 0.053259, 0.016193, 0.0035, 0.000744], [0.087069, 0.099255, 0.053779, 0.01862, 0.004704, 0.001066], [0.042877, 0.056237, 0.034705, 0.01375, 0.003895, 0.00098], [0.0154, 0.023628, 0.016384, 0.007247, 0.002338, 0.000715], [0.005882, 0.010369, 0.008441, 0.004325, 0.001637, 0.000607]]}, "Cear\u00e1 / CE": {"Portuguesa / SP": [[0.049298, 0.035703, 0.013017, 0.003255, 0.00061, 8e-05], [0.110939, 0.082345, 0.030245, 0.007573, 0.001351, 0.000235], [0.125091, 0.094101, 0.035458, 0.00873, 0.001657, 0.000295], [0.094762, 0.071429, 0.027619, 0.006884, 0.001368, 0.000219], [0.053532, 0.041254, 0.015801, 0.004046, 0.000778, 0.000144], [0.037511, 0.0294, 0.011599, 0.003014, 0.000552, 0.000105]]}, "Vila Nova / GO": {"ABC / RN": [[0.203963, 0.147311, 0.053454, 0.012814, 0.002321, 0.000376], [0.177193, 0.127438, 0.046579, 0.011181, 0.002067, 0.000301], [0.076205, 0.055643, 0.0198, 0.004695, 0.000849, 0.000147], [0.022137, 0.016076, 0.00582, 0.001373, 0.000248, 4e-05], [0.004798, 0.003506, 0.001297, 0.000346, 4.4e-05, 1e-05], [0.000947, 0.000717, 0.000237, 6e-05, 6e-06, 1e-06]]}, "Am\u00e9rica / RN": {"N\u00e1utico / PE": [[0.073737, 0.083696, 0.047391, 0.017971, 0.005, 0.001394], [0.108557, 0.123501, 0.070028, 0.026357, 0.007574, 0.002202], [0.07981, 0.090729, 0.05169, 0.01949, 0.005477, 0.001477], [0.03887, 0.044343, 0.025274, 0.009582, 0.002783, 0.000753], [0.014416, 0.016311, 0.00924, 0.003607, 0.001009, 0.000297], [0.005671, 0.006322, 0.003618, 0.001355, 0.000366, 0.000102]]}, "Boa / MG": {"Oeste / SP": [[0.08267, 0.055232, 0.018859, 0.004274, 0.000709, 8.5e-05], [0.13913, 0.104918, 0.03926, 0.009706, 0.001782, 0.00028], [0.115976, 0.098052, 0.04036, 0.011006, 0.002248, 0.000393], [0.064922, 0.060366, 0.027458, 0.008089, 0.001746, 0.000354], [0.027472, 0.027671, 0.013622, 0.004298, 0.001034, 0.000209], [0.012565, 0.014043, 0.007701, 0.002629, 0.000707, 0.000174]], "Joinville / SC": [[0.098217, 0.121458, 0.074791, 0.030513, 0.009481, 0.002824], [0.097357, 0.129169, 0.085794, 0.037685, 0.012471, 0.004112], [0.048348, 0.068408, 0.048662, 0.022707, 0.007941, 0.002859], [0.015852, 0.0244, 0.018472, 0.009166, 0.003268, 0.001315], [0.003994, 0.006303, 0.005131, 0.002701, 0.001115, 0.000425], [0.000882, 0.001679, 0.001336, 0.000745, 0.000288, 0.000131]]}, "Oeste / SP": {"N\u00e1utico / PE": [[0.11431, 0.104941, 0.04842, 0.014917, 0.003374, 0.000701], [0.126496, 0.132502, 0.068349, 0.023166, 0.005796, 0.001397], [0.070159, 0.082299, 0.047253, 0.017878, 0.004849, 0.001255], [0.025889, 0.034091, 0.02143, 0.008807, 0.002712, 0.000778], [0.007137, 0.010225, 0.007012, 0.003223, 0.001015, 0.000334], [0.002047, 0.003046, 0.002417, 0.001195, 0.000404, 0.000176]], "Joinville / SC": [[0.128493, 0.14, 0.075903, 0.028061, 0.007553, 0.001962], [0.092397, 0.131513, 0.089061, 0.038396, 0.01206, 0.003767], [0.033178, 0.058889, 0.04827, 0.024602, 0.009198, 0.003356], [0.008001, 0.016981, 0.016042, 0.009817, 0.004083, 0.001836], [0.001502, 0.003544, 0.003895, 0.002613, 0.001367, 0.000627], [0.000254, 0.000624, 0.00087, 0.000694, 0.000366, 0.000225]]}, "Portuguesa / SP": {"Vila Nova / GO": [[0.121643, 0.089399, 0.032755, 0.008049, 0.00141, 0.000227], [0.16646, 0.123066, 0.044778, 0.011138, 0.002091, 0.000383], [0.113878, 0.084163, 0.031045, 0.00742, 0.001396, 0.000225], [0.052613, 0.038522, 0.014105, 0.003544, 0.000606, 0.000107], [0.018097, 0.013228, 0.004901, 0.00115, 0.000234, 2.2e-05], [0.006396, 0.00467, 0.001735, 0.000458, 7.3e-05, 1.3e-05]]}, "Paran\u00e1 / PR": {"Am\u00e9rica / RN": [[0.137993, 0.075447, 0.020415, 0.00376, 0.000495, 5.6e-05], [0.164665, 0.123781, 0.042521, 0.009297, 0.001502, 0.000203], [0.098217, 0.093661, 0.04018, 0.010906, 0.001937, 0.000334], [0.038809, 0.044997, 0.023814, 0.007579, 0.001615, 0.000336], [0.011499, 0.015759, 0.009766, 0.003653, 0.000955, 0.000216], [0.003349, 0.005502, 0.004115, 0.00186, 0.000625, 0.000181]]}, "N\u00e1utico / PE": {"Ponte Preta / SP": [[0.089512, 0.111782, 0.068914, 0.02892, 0.009117, 0.002693], [0.080186, 0.123962, 0.092296, 0.044695, 0.01584, 0.005804], [0.035788, 0.066749, 0.058669, 0.032827, 0.013176, 0.005576], [0.010618, 0.023112, 0.023476, 0.015067, 0.006989, 0.00336], [0.002404, 0.005893, 0.006856, 0.004902, 0.002571, 0.001324], [0.000477, 0.001398, 0.001853, 0.001565, 0.000947, 0.000682]]}, "Luverdense / MT": {"Cear\u00e1 / CE": [[0.05529, 0.082608, 0.06174, 0.030541, 0.011562, 0.004629], [0.075985, 0.115059, 0.087019, 0.043613, 0.016672, 0.006618], [0.052848, 0.079987, 0.061694, 0.031074, 0.011922, 0.004816], [0.023851, 0.037245, 0.028803, 0.014721, 0.00574, 0.002372], [0.008145, 0.012763, 0.010313, 0.005222, 0.002113, 0.000811], [0.002895, 0.004628, 0.00363, 0.001954, 0.000797, 0.00032]],