{"Palmeiras / SP": {"Botafogo / RJ": [[0.096694, 0.08429, 0.037233, 0.010926, 0.002314, 0.000515], [0.140838, 0.123452, 0.054026, 0.015572, 0.003481, 0.000689], [0.10339, 0.09024, 0.039723, 0.01172, 0.002485, 0.000506], [0.050035, 0.044262, 0.01944, 0.005664, 0.001184, 0.00026], [0.018501, 0.016201, 0.006899, 0.002006, 0.000426, 0.000107], [0.006977, 0.006176, 0.002819, 0.000756, 0.000152, 4.1e-05]], "Chapecoense / SC": [[0.044327, 0.045121, 0.02298, 0.007804, 0.002039, 0.000515], [0.093103, 0.095361, 0.048397, 0.016349, 0.004255, 0.00107], [0.097694, 0.099392, 0.050207, 0.017132, 0.004445, 0.00109], [0.067566, 0.069205, 0.035492, 0.011985, 0.003111, 0.000756], [0.035811, 0.036158, 0.018451, 0.006222, 0.001657, 0.000387], [0.022412, 0.022682, 0.011612, 0.003977, 0.000996, 0.000239]]}, "Flamengo / RJ": {"Coritiba / PR": [[0.128041, 0.112949, 0.049251, 0.01445, 0.003243, 0.000678], [0.150355, 0.133243, 0.058455, 0.017091, 0.003805, 0.000758], [0.087993, 0.07791, 0.034337, 0.009946, 0.002247, 0.000478], [0.034655, 0.030264, 0.013369, 0.003965, 0.000855, 0.000181], [0.010229, 0.008821, 0.00396, 0.001165, 0.000248, 5e-05], [0.002883, 0.002543, 0.001141, 0.000353, 7.2e-05, 1.6e-05]], "Santos / SP": [[0.10689, 0.133235, 0.083284, 0.034823, 0.010688, 0.003298], [0.10566, 0.131577, 0.081971, 0.034471, 0.010476, 0.003297], [0.052257, 0.06566, 0.040675, 0.017052, 0.00531, 0.001697], [0.017294, 0.02154, 0.013275, 0.005431, 0.001695, 0.000507], [0.00425, 0.005084, 0.003162, 0.001335, 0.000421, 0.000149], [0.000994, 0.001277, 0.00079, 0.000354, 9e-05, 3.1e-05]]}, "Atl\u00e9tico / MG": {"S\u00e3o Paulo / SP": [[0.084364, 0.098297, 0.057368, 0.022208, 0.00647, 0.001862], [0.110428, 0.128358, 0.074853, 0.028933, 0.008422, 0.002478], [0.071804, 0.084171, 0.048993, 0.019099, 0.00551, 0.001555], [0.031374, 0.036957, 0.021457, 0.008254, 0.002421, 0.00068], [0.010409, 0.011761, 0.006901, 0.002613, 0.000789, 0.000252], [0.003444, 0.004052, 0.002318, 0.000866, 0.00021, 6.9e-05]]}, "Coritiba / PR": {"Vit\u00f3ria / BA": [[0.082726, 0.093654, 0.053205, 0.020135, 0.005846, 0.001607], [0.111665, 0.127373, 0.072527, 0.027528, 0.007804, 0.002222], [0.076246, 0.086563, 0.04951, 0.018808, 0.005297, 0.001479], [0.034125, 0.039312, 0.022197, 0.008399, 0.002448, 0.000641], [0.011623, 0.013193, 0.00749, 0.002838, 0.0008, 0.000229], [0.004021, 0.004532, 0.002621, 0.000985, 0.000269, 8.2e-05]]}, "Botafogo / RJ": {"Ponte Preta / SP": [[0.080112, 0.089719, 0.050013, 0.018821, 0.005305, 0.001389], [0.112568, 0.126071, 0.070505, 0.026523, 0.007338, 0.001941], [0.079233, 0.088054, 0.049632, 0.018314, 0.005227, 0.001403], [0.037031, 0.041665, 0.023483, 0.008746, 0.002312, 0.000657], [0.012932, 0.014428, 0.007959, 0.003019, 0.000897, 0.000256], [0.004807, 0.005336, 0.00286, 0.001034, 0.000317, 9.3e-05]]}, "Santa Cruz / PE": {"Atl\u00e9tico / MG": [[0.028971, 0.068827, 0.08128, 0.063913, 0.037736, 0.028433], [0.034184, 0.08064, 0.095849, 0.074847, 0.044431, 0.033133], [0.020041, 0.047526, 0.056041, 0.043957, 0.025915, 0.01941], [0.007906, 0.018545, 0.021857, 0.017326, 0.010213, 0.007636], [0.002346, 0.005338, 0.006469, 0.005047, 0.002994, 0.00221], [0.000639, 0.001588, 0.001807, 0.001421, 0.000825, 0.000699]], "Gr\u00eamio / RS": [[0.084711, 0.129197, 0.09814, 0.049397, 0.018624, 0.007519], [0.080289, 0.122345, 0.09275, 0.046785, 0.017884, 0.007184], [0.038302, 0.057914, 0.044014, 0.022242, 0.008202, 0.003386], [0.011982, 0.018357, 0.013979, 0.006861, 0.002655, 0.001102], [0.002924, 0.004332, 0.0033, 0.001683, 0.000624, 0.000268], [0.000656, 0.001017, 0.000764, 0.0004, 0.000155, 5.6e-05]]}, "Corinthians / SP": {"Internacional / RS": [[0.130936, 0.113664, 0.048861, 0.013996, 0.002914, 0.000608], [0.15335, 0.132366, 0.057034, 0.016546, 0.003492, 0.000694], [0.089507, 0.07703, 0.033613, 0.009546, 0.002029, 0.000421], [0.034493, 0.029846, 0.013008, 0.003816, 0.000773, 0.000169], [0.010347, 0.008823, 0.003772, 0.001044, 0.000248, 3.6e-05], [0.002927, 0.002541, 0.001152, 0.000316, 6.9e-05, 1.3e-05]], "Athletico Paranaense / PR": [[0.150257, 0.140253, 0.06566, 0.019967, 0.004665, 0.00104], [0.144682, 0.135198, 0.063005, 0.019367, 0.004543, 0.00094], [0.069732, 0.065042, 0.030035, 0.009341, 0.002213, 0.000461], [0.022249, 0.020865, 0.009749, 0.003089, 0.000689, 0.00016], [0.005427, 0.005036, 0.002379, 0.000776, 0.000157, 2.9e-05], [0.001153, 0.001083, 0.000542, 0.000163, 4.2e-05, 1.1e-05]]}, "Figueirense / SC": {"Fluminense / RJ": [[0.118566, 0.154656, 0.100507, 0.043628, 0.014149, 0.004737], [0.098255, 0.127796, 0.083966, 0.03649, 0.012136, 0.003971], [0.04056, 0.053241, 0.034434, 0.01488, 0.004773, 0.001687], [0.011372, 0.014486, 0.009653, 0.004208, 0.001326, 0.000471], [0.002325, 0.002965, 0.00194, 0.000861, 0.000279, 8.5e-05], [0.000422, 0.000569, 0.000376, 0.000162, 4.8e-05, 2e-05]]}, "Am\u00e9rica / MG": {"Sport / PE": [[0.101841, 0.159181, 0.125689, 0.066108, 0.025995, 0.010969], [0.072416, 0.113801, 0.089385, 0.047054, 0.018669, 0.007715], [0.02616, 0.04061, 0.032084, 0.016828, 0.006668, 0.002829], [0.006049, 0.00974, 0.007672, 0.004091, 0.00154, 0.000622], [0.001141, 0.001715, 0.001403, 0.000745, 0.000279, 0.00012], [0.000176, 0.00031, 0.000219, 0.000114, 3.9e-05, 2.3e-05]]}, "Internacional / RS": {"Cruzeiro / MG": [[0.122585, 0.136912, 0.076261, 0.028506, 0.008, 0.002199], [0.120247, 0.134363, 0.074831, 0.027742, 0.007785, 0.002172], [0.059267, 0.065903, 0.03737, 0.013552, 0.003924, 0.001042], [0.019337, 0.021759, 0.011927, 0.004527, 0.00131, 0.00033], [0.004798, 0.005379, 0.002984, 0.001106, 0.000349, 7.6e-05], [0.001184, 0.00126, 0.000676, 0.000256, 6.3e-05, 1.8e-05]]}, "Vit\u00f3ria / BA": {"Palmeiras / SP": [[0.050743, 0.101088, 0.102246, 0.068415, 0.03425, 0.020165], [0.049491, 0.099157, 0.099191, 0.066946, 0.033408, 0.019853], [0.023907, 0.04861, 0.048894, 0.032202, 0.016497, 0.009397], [0.007879, 0.015492, 0.015766, 0.010734, 0.005152, 0.003155], [0.001905, 0.003881, 0.003837, 0.002483, 0.001259, 0.000708], [0.00045, 0.00092, 0.000907, 0.000548, 0.000285, 0.000179]], "Figueirense / SC": [[0.094747, 0.097384, 0.049742, 0.016883, 0.004249, 0.00101], [0.12612, 0.129424, 0.065929, 0.022594, 0.005658, 0.001452], [0.08425, 0.086187, 0.043974, 0.014953, 0.003838, 0.000952], [0.037715, 0.038179, 0.019684, 0.006626, 0.001704, 0.000406], [0.012398, 0.012719, 0.006566, 0.002204, 0.000598, 0.000154], [0.004229, 0.004287, 0.002184, 0.000751, 0.000203, 4.7e-05]]}, "Fluminense / RJ": {"Internacional / RS": [[0.125205, 0.115466, 0.052855, 0.016264, 0.003815, 0.000821], [0.143184, 0.133751, 0.061945, 0.01901, 0.004463, 0.000963], [0.083526, 0.077295, 0.035428, 0.010978, 0.002541, 0.000572], [0.032375, 0.029898, 0.013776, 0.004307, 0.001001, 0.000216], [0.009292, 0.008641, 0.004016, 0.001234, 0.000314, 6.9e-05], [0.00273, 0.002457, 0.001147, 0.00036, 7.6e-05, 9e-06]]}, "Cruzeiro / MG": {"Corinthians / SP": [[0.085748, 0.114516, 0.076946, 0.034068, 0.011347, 0.003938], [0.096471, 0.127967, 0.085406, 0.038139, 0.012932, 0.00433], [0.054089, 0.071645, 0.047956, 0.021369, 0.006932, 0.00235], [0.020088, 0.026881, 0.01793, 0.008098, 0.002699, 0.000978], [0.00557, 0.007552, 0.00493, 0.002225, 0.00078, 0.000262], [0.00151, 0.002092, 0.001362, 0.000605, 0.000209, 8e-05]], "Santos / SP": [[0.07712, 0.127472, 0.106493, 0.058752, 0.024585, 0.010932], [0.069211, 0.116146, 0.096248, 0.053101, 0.021856, 0.009955], [0.031511, 0.05186, 0.042982, 0.024024, 0.009862, 0.004516], [0.009377, 0.01588, 0.013086, 0.007175, 0.002983, 0.001324], [0.002088, 0.003524, 0.002979, 0.001648, 0.000645, 0.000321], [0.00045, 0.00071, 0.000626, 0.000337, 0.000146, 7.5e-05]]},