{"Vit\u00f3ria / BA": {"Palmeiras / SP": [[0.049175, 0.094896, 0.091381, 0.058954, 0.028269, 0.015871], [0.053365, 0.102544, 0.098626, 0.063793, 0.030752, 0.016955], [0.028973, 0.055818, 0.053824, 0.034438, 0.01639, 0.009388], [0.010429, 0.020125, 0.019597, 0.012259, 0.006034, 0.003327], [0.002959, 0.005454, 0.005272, 0.00344, 0.001644, 0.000897], [0.000747, 0.001499, 0.001328, 0.000887, 0.000442, 0.000248]]}, "Fluminense / RJ": {"Internacional / RS": [[0.086491, 0.084998, 0.04231, 0.013925, 0.003452, 0.00081], [0.125788, 0.124428, 0.06142, 0.020287, 0.004916, 0.001155], [0.091935, 0.091187, 0.044839, 0.014974, 0.0036, 0.000918], [0.045272, 0.044815, 0.021911, 0.007307, 0.001787, 0.000421], [0.016413, 0.016407, 0.007936, 0.002666, 0.000645, 0.000135], [0.006382, 0.006154, 0.003058, 0.000948, 0.000239, 7.1e-05]]}, "Cruzeiro / MG": {"Corinthians / SP": [[0.047373, 0.074514, 0.057097, 0.029324, 0.011531, 0.004779], [0.071134, 0.110621, 0.084761, 0.044213, 0.016804, 0.007125], [0.053405, 0.082596, 0.063719, 0.03286, 0.012906, 0.00532], [0.026336, 0.041229, 0.031894, 0.016493, 0.00638, 0.00254], [0.00995, 0.015404, 0.011718, 0.006188, 0.002366, 0.000989], [0.003939, 0.006109, 0.004653, 0.002394, 0.000928, 0.000408]]}, "Santos / SP": {"Am\u00e9rica / MG": [[0.047106, 0.01681, 0.002979, 0.000391, 4.5e-05, 0.0], [0.126198, 0.045333, 0.008213, 0.000968, 8.3e-05, 1e-05], [0.171518, 0.061181, 0.011397, 0.001372, 0.000128, 6e-06], [0.15495, 0.055155, 0.009857, 0.001212, 0.00011, 1e-05], [0.103864, 0.037063, 0.006882, 0.000776, 7.6e-05, 6e-06], [0.094907, 0.034415, 0.006256, 0.00066, 6.1e-05, 2e-06]]}, "Athletico Paranaense / PR": {"Flamengo / RJ": [[0.234355, 0.094421, 0.018853, 0.002449, 0.000258, 3e-05], [0.246805, 0.098323, 0.01982, 0.002695, 0.000261, 2.2e-05], [0.129005, 0.051355, 0.010418, 0.00132, 0.000141, 1.5e-05], [0.045099, 0.017901, 0.003687, 0.000472, 5.4e-05, 3e-06], [0.011948, 0.004737, 0.000962, 0.000138, 1.4e-05, 1e-06], [0.002976, 0.001164, 0.000258, 3.6e-05, 3e-06, 1e-06]]}, "Chapecoense / SC": {"Atl\u00e9tico / MG": [[0.038121, 0.063456, 0.052216, 0.028692, 0.011797, 0.005378], [0.061841, 0.101799, 0.083782, 0.046182, 0.018962, 0.008474], [0.04986, 0.081955, 0.067601, 0.037377, 0.015508, 0.006902], [0.026737, 0.044188, 0.036188, 0.019959, 0.008329, 0.003657], [0.010943, 0.017667, 0.014886, 0.00806, 0.003401, 0.001491], [0.004683, 0.007855, 0.006467, 0.003522, 0.001406, 0.000658]]}, "S\u00e3o Paulo / SP": {"Santa Cruz / PE": [[0.07114, 0.056127, 0.022244, 0.005959, 0.001085, 0.000202], [0.131536, 0.104444, 0.041043, 0.010855, 0.002188, 0.000387], [0.121871, 0.096459, 0.037988, 0.01013, 0.001971, 0.000366], [0.075088, 0.059917, 0.023587, 0.006271, 0.001261, 0.00022], [0.035014, 0.027697, 0.010934, 0.00287, 0.000604, 0.000105], [0.018248, 0.014531, 0.005769, 0.001546, 0.000294, 4.9e-05]]}, "Gr\u00eamio / RS": {"Botafogo / RJ": [[0.228114, 0.110868, 0.026894, 0.004409, 0.000519, 5.5e-05], [0.226443, 0.110468, 0.026508, 0.004391, 0.000545, 4.7e-05], [0.1119, 0.054221, 0.013212, 0.002203, 0.000261, 3.2e-05], [0.037089, 0.018076, 0.004428, 0.000734, 9.6e-05, 6e-06], [0.009226, 0.00444, 0.001102, 0.000162, 1.6e-05, 1e-06], [0.00222, 0.000995, 0.000266, 5.2e-05, 0.0, 1e-06]]}, "Ponte Preta / SP": {"Coritiba / PR": [[0.110673, 0.077243, 0.027376, 0.006537, 0.0012, 0.000192], [0.16537, 0.116114, 0.040833, 0.009693, 0.001698, 0.000288], [0.124281, 0.086941, 0.030586, 0.007287, 0.001247, 0.00021], [0.062393, 0.043759, 0.0155, 0.003786, 0.000647, 8.6e-05], [0.023529, 0.01621, 0.005738, 0.001388, 0.000235, 4.9e-05], [0.009392, 0.006604, 0.002263, 0.00054, 9.4e-05, 1.8e-05]]}, "Sport / PE": {"Figueirense / SC": [[0.064053, 0.04182, 0.013603, 0.002905, 0.000462, 6.3e-05], [0.134472, 0.087055, 0.028435, 0.006084, 0.000991, 0.000155], [0.141587, 0.091569, 0.029866, 0.00631, 0.001048, 0.000118], [0.098916, 0.063951, 0.020708, 0.004515, 0.000744, 0.000113], [0.051437, 0.033797, 0.010695, 0.002331, 0.000365, 4.5e-05], [0.03246, 0.020935, 0.006686, 0.001461, 0.000206, 3.9e-05]]}}