{"Palmeiras / SP": {"Botafogo / RJ": [[0.10463, 0.081426, 0.031649, 0.008198, 0.001637, 0.000269], [0.134238, 0.124391, 0.056616, 0.016698, 0.003726, 0.000744], [0.086588, 0.093519, 0.048288, 0.016089, 0.003981, 0.000863], [0.036654, 0.045854, 0.027062, 0.010148, 0.002736, 0.000667], [0.011781, 0.016537, 0.010891, 0.004593, 0.001445, 0.000386], [0.003634, 0.00609, 0.004663, 0.002316, 0.000751, 0.000242]], "Internacional / RS": [[0.114882, 0.068049, 0.020374, 0.004096, 0.000578, 6.8e-05], [0.164277, 0.113507, 0.038494, 0.008445, 0.001377, 0.000195], [0.116018, 0.093568, 0.03619, 0.009029, 0.001642, 0.000263], [0.053867, 0.050413, 0.022228, 0.006185, 0.00126, 0.000199], [0.018736, 0.019813, 0.010178, 0.003232, 0.000732, 0.000139], [0.006582, 0.008087, 0.004907, 0.001728, 0.000544, 0.000118]], "Chapecoense / SC": [[0.045434, 0.038752, 0.016366, 0.004623, 0.000975, 0.000169], [0.094112, 0.087971, 0.041203, 0.012637, 0.002852, 0.000603], [0.095294, 0.099423, 0.050739, 0.016907, 0.004192, 0.00097], [0.063251, 0.073594, 0.041289, 0.015402, 0.004129, 0.000997], [0.030996, 0.040894, 0.025454, 0.01015, 0.003004, 0.000805], [0.017788, 0.026761, 0.019381, 0.008903, 0.002993, 0.000987]]}, "Flamengo / RJ": {"Coritiba / PR": [[0.127974, 0.092661, 0.033366, 0.008033, 0.001424, 0.000239], [0.147576, 0.129998, 0.05511, 0.015572, 0.003148, 0.00056], [0.085308, 0.088369, 0.043386, 0.013834, 0.003259, 0.000666], [0.032267, 0.038501, 0.021972, 0.00784, 0.002147, 0.000472], [0.00925, 0.01279, 0.008175, 0.003299, 0.000903, 0.000276], [0.002533, 0.00409, 0.002913, 0.00143, 0.000512, 0.000147]], "Botafogo / RJ": [[0.13075, 0.105701, 0.042987, 0.011875, 0.002391, 0.000425], [0.133279, 0.135036, 0.065736, 0.020564, 0.004883, 0.000989], [0.067815, 0.08219, 0.046929, 0.017249, 0.004519, 0.00111], [0.023022, 0.032763, 0.021788, 0.00901, 0.002767, 0.000772], [0.005813, 0.009338, 0.007065, 0.003389, 0.001204, 0.000398], [0.001393, 0.002652, 0.00229, 0.00124, 0.000491, 0.000177]], "Santos / SP": [[0.114896, 0.134967, 0.078834, 0.030652, 0.008909, 0.002611], [0.10326, 0.131503, 0.083494, 0.035209, 0.011109, 0.003524], [0.046132, 0.063373, 0.044074, 0.019739, 0.006563, 0.00216], [0.01364, 0.02052, 0.015069, 0.007465, 0.002687, 0.001001], [0.003109, 0.004882, 0.003896, 0.002012, 0.000795, 0.000306], [0.000624, 0.001075, 0.001006, 0.000539, 0.000253, 0.000112]]}, "Atl\u00e9tico / MG": {"Palmeiras / SP": [[0.054006, 0.085512, 0.067591, 0.035162, 0.013679, 0.00561], [0.058002, 0.106371, 0.094644, 0.055639, 0.024448, 0.011299], [0.031199, 0.065125, 0.065263, 0.042845, 0.020767, 0.010952], [0.011256, 0.026046, 0.02869, 0.020909, 0.011131, 0.006705], [0.002974, 0.007519, 0.009634, 0.007458, 0.004307, 0.003078], [0.000752, 0.002249, 0.003032, 0.002797, 0.001828, 0.001521]], "S\u00e3o Paulo / SP": [[0.100753, 0.093815, 0.043876, 0.01364, 0.003201, 0.000743], [0.125251, 0.12816, 0.065536, 0.022219, 0.005606, 0.001311], [0.078319, 0.087569, 0.048621, 0.017946, 0.00489, 0.001279], [0.031907, 0.039616, 0.023642, 0.009451, 0.002694, 0.000739], [0.009953, 0.012971, 0.008505, 0.003615, 0.001144, 0.00032], [0.003013, 0.004495, 0.00311, 0.001434, 0.000483, 0.000173]]}, "Coritiba / PR": {"Atl\u00e9tico / MG": [[0.075534, 0.104854, 0.071955, 0.033487, 0.011312, 0.004062], [0.072132, 0.118321, 0.094958, 0.049278, 0.019248, 0.007596], [0.034571, 0.065483, 0.059685, 0.03483, 0.015206, 0.006891], [0.011213, 0.023691, 0.024373, 0.01586, 0.007668, 0.004056], [0.002611, 0.006366, 0.007066, 0.005383, 0.002877, 0.001695], [0.000575, 0.001606, 0.002086, 0.00166, 0.001025, 0.000786]], "Santa Cruz / PE": [[0.08427, 0.072953, 0.031091, 0.008891, 0.001821, 0.000366], [0.118858, 0.119509, 0.058899, 0.019188, 0.004595, 0.001035], [0.082825, 0.09639, 0.053728, 0.019488, 0.005268, 0.00129], [0.037915, 0.050852, 0.032057, 0.013103, 0.003805, 0.001043], [0.013376, 0.019942, 0.014156, 0.006399, 0.002077, 0.000652], [0.00453, 0.008005, 0.00644, 0.003452, 0.001285, 0.000446]], "Vit\u00f3ria / BA": [[0.104439, 0.10327, 0.050534, 0.016807, 0.004124, 0.000954], [0.115956, 0.130814, 0.073299, 0.026865, 0.007342, 0.00196], [0.064379, 0.081781, 0.051482, 0.02126, 0.00653, 0.001842], [0.023256, 0.033589, 0.023643, 0.010583, 0.003533, 0.001166], [0.006565, 0.010355, 0.007948, 0.003958, 0.001406, 0.000531], [0.001659, 0.00314, 0.002631, 0.001545, 0.00061, 0.000244]]}, "Botafogo / RJ": {"Chapecoense / SC": [[0.075841, 0.071534, 0.033482, 0.010477, 0.002476, 0.000589], [0.107464, 0.117906, 0.063706, 0.02261, 0.00606, 0.001481], [0.074103, 0.095096, 0.058799, 0.023552, 0.006902, 0.001951], [0.034399, 0.050204, 0.034952, 0.015667, 0.005093, 0.00159], [0.011932, 0.019873, 0.015462, 0.007455, 0.002665, 0.000962], [0.00427, 0.007864, 0.007118, 0.004106, 0.001687, 0.000672]], "Ponte Preta / SP": [[0.080895, 0.081477, 0.04113, 0.013747, 0.003503, 0.00082], [0.111708, 0.122839, 0.06646, 0.024026, 0.006392, 0.001696], [0.078184, 0.09217, 0.053169, 0.020669, 0.005876, 0.001692], [0.036631, 0.045788, 0.02834, 0.011496, 0.003572, 0.000995], [0.012736, 0.016959, 0.011307, 0.004893, 0.001499, 0.000463], [0.004557, 0.006497, 0.004682, 0.002132, 0.000743, 0.000257]]}, "Santa Cruz / PE": {"Atl\u00e9tico / MG": [[0.030906, 0.070984, 0.079762, 0.058958, 0.032423, 0.021306], [0.030572, 0.075545, 0.094309, 0.077188, 0.046725, 0.035547], [0.014742, 0.040067, 0.054134, 0.049025, 0.032815, 0.0288], [0.004674, 0.014318, 0.020757, 0.020461, 0.014797, 0.015037], [0.001156, 0.003758, 0.00588, 0.006171, 0.004922, 0.005685], [0.000278, 0.00102, 0.001649, 0.001854, 0.001533, 0.002242]], "Am\u00e9rica / MG": [[0.106387, 0.089773, 0.037532, 0.010733, 0.002276, 0.000426], [0.13966, 0.127165, 0.057797, 0.017508, 0.003924, 0.000823], [0.089943, 0.088819, 0.043531, 0.014205, 0.003368, 0.000817], [0.039055, 0.041404, 0.021744, 0.007526, 0.001912, 0.000432], [0.012589, 0.014465, 0.008079, 0.00292, 0.000824, 0.00021], [0.004132, 0.005111, 0.003194, 0.001237, 0.000371, 0.000108]], "Gr\u00eamio / RS": [[0.087274, 0.131969, 0.098848, 0.049092, 0.018477, 0.007133], [0.073853, 0.118808, 0.095504, 0.050695, 0.020346, 0.008685], [0.031101, 0.053102, 0.045157, 0.025569, 0.010934, 0.004899], [0.008729, 0.015968, 0.014396, 0.008689, 0.003929, 0.001924], [0.00183, 0.00348, 0.003295, 0.002094, 0.000965, 0.000548], [0.000372, 0.000713, 0.000709, 0.000495, 0.00026, 0.000158]]}, "Corinthians / SP": {"Internacional / RS": [[0.144871, 0.103216, 0.036714, 0.008845, 0.001499, 0.000276], [0.165447, 0.129067, 0.050338, 0.012727, 0.00238, 0.000447], [0.093926, 0.080332, 0.03385, 0.009212, 0.001891, 0.000362], [0.035677, 0.032814, 0.015067, 0.004457, 0.000977, 0.000206], [0.010125, 0.010012, 0.004971, 0.001619, 0.000354, 8.5e-05], [0.002731, 0.003095, 0.001639, 0.000582, 0.00015, 3.9e-05]], "Athletico Paranaense / PR": [[0.170882, 0.140481, 0.058243, 0.016163, 0.003191, 0.000621], [0.161698, 0.132327, 0.054318, 0.015064, 0.003113, 0.000562], [0.075858, 0.062397, 0.025682, 0.007144, 0.001505, 0.000255], [0.024165, 0.019881, 0.008019, 0.002355, 0.000446, 9e-05], [0.005611, 0.00463, 0.00188, 0.000544, 0.000102, 2.2e-05], [0.001202, 0.001008, 0.000374, 0.000141, 1.8e-05, 8e-06]]}, "Figueirense / SC": {"Corinthians / SP": [[0.132988, 0.171539, 0.111283, 0.047356, 0.01529, 0.005037], [0.087107, 0.12135, 0.084471, 0.039437, 0.013527, 0.004864], [0.028789, 0.043247, 0.032135, 0.015788, 0.005979, 0.00221], [0.006126, 0.010229, 0.008044, 0.004189, 0.001659, 0.000706], [0.00106, 0.001756, 0.001499, 0.000851, 0.000369, 0.000156], [0.000154, 0.000278, 0.000253, 0.000168, 6.9e-05, 3.7e-05]], "Fluminense / RJ": [[0.150728, 0.165534, 0.090452, 0.032785, 0.008933, 0.002336], [0.095834, 0.129414, 0.084048, 0.035209, 0.011059, 0.003334], [0.030533, 0.048669, 0.03693, 0.018215, 0.006591, 0.002281], [0.006449, 0.011652, 0.010557, 0.006021, 0.002346, 0.001011], [0.001009, 0.002231, 0.002175, 0.001387, 0.000611, 0.000295], [0.000155, 0.000345, 0.000372, 0.000282, 0.000141, 7.6e-05]]},