{"Ponte Preta / SP": {"Crici\u00fama / SC": [[0.163096, 0.118654, 0.043485, 0.010451, 0.001853, 0.000344], [0.159967, 0.133516, 0.054965, 0.014918, 0.002981, 0.000558], [0.078181, 0.073918, 0.033951, 0.010074, 0.002246, 0.000484], [0.025709, 0.027017, 0.013401, 0.004446, 0.001039, 0.000224], [0.006321, 0.007085, 0.003979, 0.00142, 0.000389, 0.000108], [0.00151, 0.001815, 0.001239, 0.00048, 0.000134, 4.2e-05]]}, "CSA / AL": {"Vila Nova / GO": [[0.282978, 0.075804, 0.010176, 0.00086, 4.6e-05, 4e-06], [0.199302, 0.135938, 0.028963, 0.003612, 0.000323, 2.6e-05], [0.069841, 0.07706, 0.029836, 0.005452, 0.000584, 4.1e-05], [0.016106, 0.024637, 0.014663, 0.004338, 0.000705, 8.5e-05], [0.00289, 0.00554, 0.004309, 0.001808, 0.000442, 7.4e-05], [0.000429, 0.001112, 0.001086, 0.000651, 0.000224, 5.5e-05]]}, "Sport / PE": {"Oper\u00e1rio / PR": [[0.226978, 0.0531, 0.006066, 0.000476, 3e-05, 2e-06], [0.232295, 0.105332, 0.018088, 0.001876, 0.000147, 1e-05], [0.119302, 0.080573, 0.021029, 0.002988, 0.000273, 2.6e-05], [0.040882, 0.036226, 0.01322, 0.002629, 0.000332, 2.1e-05], [0.010565, 0.011389, 0.005385, 0.001373, 0.000197, 2.5e-05], [0.002657, 0.003523, 0.002083, 0.000701, 0.000172, 2.9e-05]]}, "Brusque / SC": {"CRB / AL": [[0.156222, 0.127929, 0.051745, 0.01426, 0.002912, 0.000552], [0.163126, 0.132645, 0.053529, 0.014601, 0.002997, 0.000519], [0.084666, 0.069069, 0.027708, 0.007742, 0.001616, 0.000272], [0.029053, 0.024112, 0.009873, 0.002618, 0.000543, 0.000119], [0.007559, 0.00638, 0.002427, 0.000739, 0.000132, 2.9e-05], [0.001901, 0.001586, 0.000606, 0.00017, 4.1e-05, 2e-06]]}, "Novorizontino / SP": {"Cruzeiro / MG": [[0.07346, 0.121481, 0.100969, 0.055366, 0.022884, 0.01013], [0.070331, 0.116534, 0.095831, 0.052947, 0.02201, 0.009969], [0.033651, 0.055777, 0.046277, 0.025193, 0.010443, 0.004676], [0.010606, 0.017771, 0.01447, 0.008009, 0.003331, 0.001504], [0.002526, 0.004243, 0.003536, 0.001855, 0.000826, 0.000365], [0.000551, 0.000956, 0.000833, 0.000419, 0.000187, 8.3e-05]]}, "Londrina / PR": {"Ituano / SP": [[0.182038, 0.113167, 0.03501, 0.0074, 0.001177, 0.00016], [0.172422, 0.131888, 0.048361, 0.011478, 0.002038, 0.000317], [0.082543, 0.074096, 0.031295, 0.008705, 0.001778, 0.000291], [0.026044, 0.026759, 0.013285, 0.004101, 0.000906, 0.000195], [0.006247, 0.007358, 0.004036, 0.001409, 0.000349, 7.2e-05], [0.00142, 0.001853, 0.001202, 0.00045, 0.000128, 2.2e-05]]}, "Vasco da Gama / RJ": {"Sampaio Corr\u00eaa / MA": [[0.139526, 0.04825, 0.008208, 0.000971, 8.5e-05, 9e-06], [0.203384, 0.093185, 0.019972, 0.002815, 0.000271, 2.2e-05], [0.14871, 0.084704, 0.022431, 0.003734, 0.000446, 4.5e-05], [0.072501, 0.04952, 0.015567, 0.002906, 0.000409, 4.8e-05], [0.026402, 0.020854, 0.007749, 0.001754, 0.000281, 3.7e-05], [0.009991, 0.009548, 0.004264, 0.001148, 0.000218, 3.5e-05]]}, "Bahia / BA": {"Guarani / SP": [[0.202535, 0.066866, 0.010815, 0.001127, 8.2e-05, 4e-06], [0.235631, 0.098511, 0.019828, 0.0025, 0.000214, 2e-05], [0.136657, 0.069852, 0.016844, 0.002501, 0.000265, 2.7e-05], [0.053014, 0.032173, 0.008889, 0.00151, 0.00021, 1.4e-05], [0.015453, 0.010646, 0.003359, 0.000663, 0.000109, 1.1e-05], [0.00437, 0.003607, 0.001331, 0.000302, 5.5e-05, 5e-06]]}, "Tombense / MG": {"Gr\u00eamio / RS": [[0.165194, 0.119268, 0.04279, 0.010216, 0.001871, 0.000319], [0.13551, 0.13991, 0.066197, 0.019641, 0.00422, 0.000808], [0.05568, 0.075231, 0.045401, 0.016434, 0.004271, 0.001007], [0.015195, 0.025646, 0.019192, 0.00839, 0.002588, 0.000722], [0.003157, 0.006169, 0.005526, 0.002948, 0.001089, 0.000326], [0.000608, 0.001411, 0.001447, 0.000972, 0.000442, 0.000204]]}, "Chapecoense / SC": {"N\u00e1utico / PE": [[0.052088, 0.036864, 0.012813, 0.003072, 0.000491, 9.5e-05], [0.117437, 0.083233, 0.029128, 0.006695, 0.001157, 0.000206], [0.133036, 0.093003, 0.03266, 0.007507, 0.001216, 0.000218], [0.099174, 0.06936, 0.024351, 0.005722, 0.000943, 0.000145], [0.055418, 0.03885, 0.013716, 0.003194, 0.000526, 9.2e-05], [0.038587, 0.027085, 0.009277, 0.002225, 0.000363, 5.3e-05]]}, "Guarani / SP": {"Chapecoense / SC": [[0.142313, 0.089768, 0.028293, 0.005862, 0.000944, 0.000142], [0.172435, 0.123611, 0.044005, 0.010223, 0.001792, 0.0003], [0.104962, 0.084661, 0.033229, 0.008528, 0.001614, 0.000265], [0.042434, 0.037868, 0.016366, 0.004645, 0.00093, 0.000183], [0.012601, 0.01252, 0.005961, 0.001839, 0.000373, 8.4e-05], [0.003808, 0.004202, 0.002261, 0.000768, 0.000179, 3.1e-05]]}, "CRB / AL": {"Bahia / BA": [[0.139743, 0.132027, 0.061613, 0.019392, 0.004557, 0.001], [0.143506, 0.135319, 0.06372, 0.019994, 0.004765, 0.00102], [0.073182, 0.069398, 0.032432, 0.010431, 0.002381, 0.000509], [0.024916, 0.023727, 0.011154, 0.003583, 0.000831, 0.000191], [0.006502, 0.005928, 0.003, 0.000867, 0.000201, 4.7e-05], [0.001549, 0.001514, 0.000715, 0.000226, 4.9e-05, 1.1e-05]]}, "N\u00e1utico / PE": {"Ponte Preta / SP": [[0.092182, 0.116704, 0.073526, 0.031004, 0.009901, 0.003029], [0.099391, 0.129847, 0.084186, 0.036785, 0.011726, 0.003953], [0.053763, 0.072185, 0.047663, 0.021298, 0.007026, 0.002391], [0.019181, 0.026596, 0.018359, 0.008366, 0.002839, 0.001008], [0.005214, 0.007263, 0.005191, 0.002371, 0.000829, 0.000298], [0.00142, 0.001995, 0.001474, 0.000678, 0.000279, 7.9e-05]]}, "Crici\u00fama / SC": {"Tombense / MG": [[0.150982, 0.051119, 0.008608, 0.000962, 8e-05, 9e-06], [0.191039, 0.107959, 0.025589, 0.003634, 0.000356, 4.2e-05], [0.120856, 0.095571, 0.031509, 0.005972, 0.000735, 7.7e-05], [0.051258, 0.051857, 0.022723, 0.005587, 0.000848, 0.000137], [0.016146, 0.020244, 0.010765, 0.003393, 0.000646, 0.000112], [0.0053, 0.007944, 0.00511, 0.002153, 0.000573, 0.000105]]}, "Ituano / SP": {"Vasco da Gama / RJ": [[0.201498, 0.090831, 0.020582, 0.003053, 0.000345, 3.5e-05], [0.173578, 0.136127, 0.043828, 0.00856, 0.001166, 0.000141], [0.075347, 0.084407, 0.038438, 0.009918, 0.001743, 0.000249], [0.021656, 0.031353, 0.019313, 0.006465, 0.001472, 0.000259], [0.004601, 0.008267, 0.006347, 0.002831, 0.000691, 0.000191], [0.000966, 0.002074, 0.00197, 0.001123, 0.000433, 0.000142]]}, "Oper\u00e1rio / PR": {"Novorizontino / SP": [[0.080704, 0.088661, 0.049715, 0.018041, 0.005036, 0.001373], [0.106818, 0.125526, 0.073365, 0.028468, 0.008329, 0.002353], [0.070545, 0.087464, 0.054194, 0.02229, 0.006746, 0.002117], [0.03093, 0.040756, 0.026285, 0.011153, 0.003486, 0.001109], [0.010287, 0.014049, 0.009622, 0.004306, 0.001441, 0.000494], [0.003307, 0.004962, 0.003592, 0.001666, 0.000595, 0.000215]]}, "Gr\u00eamio / RS": {"Brusque / SC": [[0.179635, 0.035627, 0.003442, 0.000235, 8e-06, 1e-06], [0.265596, 0.059849, 0.006558, 0.000465, 2.7e-05, 0.0], [0.197242, 0.049432, 0.00598, 0.000533, 2.8e-05, 0.0], [0.097131, 0.026621, 0.003551, 0.000284, 2.3e-05, 2e-06], [0.035719, 0.010813, 0.001569, 0.000155, 1.4e-05, 0.0], [0.013913, 0.004701, 0.000755, 8e-05, 9e-06, 2e-06]]}, "Sampaio Corr\u00eaa / MA": {"Londrina / PR": [[0.126727, 0.097205, 0.037333, 0.009756, 0.001821, 0.000327], [0.163894, 0.126722, 0.048708, 0.012667, 0.002505, 0.000453], [0.105898, 0.081643, 0.032294, 0.008428, 0.001646, 0.000282], [0.045295, 0.035029, 0.013988, 0.00363, 0.000691, 0.000117], [0.014797, 0.011639, 0.004442, 0.001218, 0.000228, 5e-05], [0.004661, 0.003879, 0.00151, 0.000431, 7.1e-05, 1.5e-05]]}, "Cruzeiro / MG": {"CSA / AL": [[0.166771, 0.027537, 0.00225, 0.000121, 4e-06, 0.0], [0.273147, 0.045003, 0.003657, 0.000216, 5e-06, 1e-06], [0.219682, 0.03652, 0.003092, 0.000143, 7e-06, 0.0], [0.11853, 0.019745, 0.0016, 0.000109, 6e-06, 0.0], [0.04829, 0.008091, 0.000608, 3.5e-05, 2e-06, 0.0], [0.020972, 0.003565, 0.000277, 1.4e-05, 0.0, 0.0]]}, "Vila Nova / GO": {"Sport / PE": [[0.283794, 0.038015, 0.002515, 0.000122, 4e-06, 0.0], [0.19757, 0.148702, 0.018294, 0.001185, 6e-05, 4e-06], [0.068424, 0.094053, 0.038335, 0.004286, 0.000301, 9e-06], [0.015755, 0.031524, 0.022224, 0.006406, 0.000681, 4.9e-05], [0.002819, 0.007201, 0.007348, 0.003541, 0.000822, 8.4e-05], [0.000409, 0.001404, 0.001931, 0.001402, 0.000574, 0.000153]]}}