{"Vasco da Gama / RJ": {"N\u00e1utico / PE": [[0.038271, 0.017426, 0.00401, 0.000612, 8.1e-05, 4e-06], [0.107332, 0.049129, 0.0114, 0.001688, 0.000181, 2.2e-05], [0.151199, 0.06939, 0.015835, 0.002369, 0.000252, 2.4e-05], [0.140833, 0.06421, 0.014704, 0.002222, 0.000243, 2.7e-05], [0.098506, 0.045147, 0.010252, 0.001564, 0.000164, 2.1e-05], [0.096919, 0.044113, 0.010168, 0.001471, 0.000199, 1.2e-05]]}, "Fluminense / RJ": {"Atl\u00e9tico / MG": [[0.284369, 0.065368, 0.007359, 0.000575, 2.9e-05, 2e-06], [0.23354, 0.112903, 0.019414, 0.001956, 0.000139, 1.1e-05], [0.095504, 0.070252, 0.019846, 0.002882, 0.000264, 2.7e-05], [0.025998, 0.026178, 0.010323, 0.002121, 0.000276, 2.1e-05], [0.005345, 0.006614, 0.003382, 0.000971, 0.000165, 2.7e-05], [0.000992, 0.001584, 0.00104, 0.000385, 0.00012, 1.8e-05]]}, "Corinthians / SP": {"Internacional / RS": [[0.209326, 0.044866, 0.004976, 0.000318, 1.8e-05, 0.0], [0.167604, 0.151463, 0.028226, 0.002885, 0.000208, 7e-06], [0.066321, 0.105982, 0.053007, 0.009257, 0.000829, 6.3e-05], [0.017817, 0.040714, 0.03392, 0.012279, 0.001859, 0.000201], [0.003553, 0.010501, 0.012451, 0.006935, 0.00201, 0.000315], [0.000637, 0.002394, 0.003771, 0.003201, 0.001543, 0.000543]]}, "Vit\u00f3ria / BA": {"Flamengo / RJ": [[0.138677, 0.07407, 0.019778, 0.003443, 0.000483, 5.5e-05], [0.150193, 0.130527, 0.048114, 0.010999, 0.001799, 0.000229], [0.081242, 0.097346, 0.049102, 0.014558, 0.003018, 0.000463], [0.029075, 0.044607, 0.029207, 0.011047, 0.002778, 0.000578], [0.007857, 0.014981, 0.011912, 0.005762, 0.001749, 0.00047], [0.002053, 0.0048, 0.004723, 0.002776, 0.001089, 0.00044]]}, "Gr\u00eamio / RS": {"Goi\u00e1s / GO": [[0.222015, 0.106401, 0.025397, 0.004124, 0.000501, 4.7e-05], [0.167572, 0.140057, 0.047912, 0.009827, 0.001439, 0.000159], [0.06352, 0.076063, 0.037356, 0.010305, 0.001916, 0.000331], [0.015925, 0.024899, 0.015908, 0.005957, 0.001484, 0.000262], [0.003021, 0.005818, 0.00465, 0.0022, 0.000663, 0.000173], [0.000539, 0.001217, 0.001177, 0.000771, 0.000285, 0.000109]]}, "Ponte Preta / SP": {"Portuguesa / SP": [[0.166619, 0.100817, 0.030503, 0.006299, 0.00089, 0.000118], [0.153082, 0.137493, 0.055759, 0.014076, 0.002632, 0.000409], [0.070017, 0.083245, 0.043653, 0.013507, 0.003106, 0.000589], [0.021516, 0.031693, 0.020795, 0.007994, 0.002191, 0.000503], [0.00486, 0.008759, 0.00693, 0.003166, 0.001016, 0.000304], [0.001089, 0.002213, 0.002201, 0.001256, 0.000498, 0.000202]]}, "Crici\u00fama / SC": {"S\u00e3o Paulo / SP": [[0.053472, 0.090247, 0.075709, 0.042993, 0.017726, 0.008206], [0.066567, 0.112033, 0.094354, 0.052918, 0.022438, 0.010337], [0.041348, 0.069471, 0.058618, 0.03297, 0.013851, 0.006388], [0.01706, 0.028877, 0.024488, 0.013608, 0.00562, 0.002598], [0.005369, 0.009047, 0.0077, 0.004368, 0.001814, 0.000838], [0.001676, 0.002778, 0.002365, 0.001324, 0.000566, 0.000258]]}, "Cruzeiro / MG": {"Bahia / BA": [[0.043192, 0.023842, 0.006629, 0.00122, 0.000158, 2.9e-05], [0.11187, 0.062518, 0.017469, 0.003263, 0.000457, 4.2e-05], [0.143288, 0.08099, 0.022649, 0.004226, 0.000581, 7.8e-05], [0.123073, 0.069365, 0.019425, 0.003681, 0.000483, 6.6e-05], [0.079483, 0.04487, 0.012711, 0.002495, 0.00036, 3.3e-05], [0.068512, 0.039262, 0.011152, 0.002147, 0.000341, 4e-05]]}, "Coritiba / PR": {"Botafogo / RJ": [[0.113674, 0.084247, 0.031261, 0.007586, 0.001363, 0.000273], [0.116172, 0.132767, 0.066292, 0.020805, 0.004688, 0.000906], [0.059109, 0.09197, 0.061447, 0.024408, 0.0066, 0.001616], [0.019978, 0.039547, 0.033426, 0.016648, 0.005638, 0.001791], [0.005157, 0.01229, 0.012661, 0.007803, 0.003135, 0.001142], [0.001279, 0.00363, 0.004597, 0.003405, 0.001795, 0.000894]]}, "Santos / SP": {"Athletico Paranaense / PR": [[0.085982, 0.075477, 0.033456, 0.009792, 0.00212, 0.000439], [0.112191, 0.121551, 0.063602, 0.021467, 0.005445, 0.00126], [0.073424, 0.094485, 0.05768, 0.022717, 0.006505, 0.0017], [0.032121, 0.047706, 0.033934, 0.01499, 0.004759, 0.001469], [0.010412, 0.018088, 0.014131, 0.007111, 0.002668, 0.000924], [0.003448, 0.006774, 0.006223, 0.003757, 0.001533, 0.000659]]}, "Botafogo / RJ": {"Crici\u00fama / SC": [[0.023548, 0.030165, 0.019034, 0.008224, 0.002689, 0.000868], [0.058498, 0.075011, 0.047685, 0.020533, 0.00637, 0.002092], [0.072133, 0.092118, 0.059049, 0.025294, 0.00792, 0.002566], [0.058923, 0.075504, 0.048034, 0.020554, 0.006694, 0.002061], [0.036249, 0.046609, 0.029496, 0.012693, 0.004088, 0.001259], [0.028892, 0.037011, 0.023866, 0.009935, 0.003289, 0.001046]]}, "Flamengo / RJ": {"Cruzeiro / MG": [[0.073388, 0.109936, 0.081525, 0.040307, 0.014986, 0.005868], [0.081775, 0.122523, 0.091644, 0.045442, 0.016936, 0.006692], [0.045847, 0.068751, 0.051495, 0.02601, 0.00969, 0.003872], [0.016582, 0.025612, 0.019049, 0.009567, 0.003646, 0.001382], [0.004777, 0.007166, 0.005413, 0.002781, 0.001055, 0.000407], [0.001279, 0.00187, 0.001523, 0.000792, 0.00029, 0.000122]]}, "S\u00e3o Paulo / SP": {"Coritiba / PR": [[0.304459, 0.04339, 0.002973, 0.000156, 4e-06, 1e-06], [0.193646, 0.152745, 0.019613, 0.001354, 6.4e-05, 3e-06], [0.061507, 0.088791, 0.037405, 0.004561, 0.000293, 1.4e-05], [0.013035, 0.02697, 0.020115, 0.006001, 0.000672, 4.3e-05], [0.002056, 0.005726, 0.006138, 0.002974, 0.00075, 6.5e-05], [0.000312, 0.001028, 0.001388, 0.001115, 0.000501, 0.000132]]}, "Bahia / BA": {"Fluminense / RJ": [[0.197168, 0.101106, 0.026227, 0.004555, 0.000589, 5.1e-05], [0.177741, 0.132183, 0.044852, 0.009455, 0.001399, 0.000204], [0.079827, 0.078345, 0.033947, 0.008733, 0.001653, 0.000258], [0.024086, 0.02951, 0.015355, 0.005039, 0.001099, 0.000204], [0.005477, 0.007703, 0.00508, 0.00196, 0.000466, 0.000113], [0.001106, 0.00199, 0.001499, 0.000729, 0.000227, 6.4e-05]]}, "Internacional / RS": {"Ponte Preta / SP": [[0.113691, 0.062842, 0.017315, 0.003152, 0.000429, 4.7e-05], [0.122249, 0.13038, 0.053236, 0.012917, 0.002177, 0.000311], [0.065017, 0.102823, 0.064052, 0.021588, 0.004645, 0.000855], [0.023696, 0.049076, 0.041669, 0.019363, 0.005489, 0.001311], [0.006165, 0.01618, 0.017677, 0.011133, 0.00416, 0.001297], [0.001622, 0.00518, 0.007485, 0.00595, 0.003246, 0.001575]]}, "Goi\u00e1s / GO": {"Santos / SP": [[0.167482, 0.076461, 0.017232, 0.002654, 0.000296, 3e-05], [0.1731, 0.128872, 0.040401, 0.007993, 0.001022, 0.000136], [0.089354, 0.092563, 0.040726, 0.0101, 0.001697, 0.000245], [0.03054, 0.040574, 0.02277, 0.007518, 0.001657, 0.000297], [0.007829, 0.012828, 0.009049, 0.003682, 0.000983, 0.000194], [0.001999, 0.003737, 0.003433, 0.001762, 0.000601, 0.000183]]}, "N\u00e1utico / PE": {"Corinthians / SP": [[0.231108, 0.217737, 0.102729, 0.032287, 0.007705, 0.001703], [0.121383, 0.113475, 0.053529, 0.016904, 0.003878, 0.000933], [0.031485, 0.029465, 0.014071, 0.004275, 0.00104, 0.000243], [0.00552, 0.005144, 0.002353, 0.00079, 0.000194, 4.1e-05], [0.000712, 0.000634, 0.000334, 9.2e-05, 1.4e-05, 5e-06], [8.4e-05, 8.1e-05, 3.7e-05, 1.1e-05, 2e-06, 2e-06]]}, "Atl\u00e9tico / MG": {"Vit\u00f3ria / BA": [[0.052012, 0.034532, 0.011485, 0.002459, 0.000411, 7.1e-05], [0.099888, 0.085124, 0.034378, 0.009121, 0.001765, 0.000333], [0.097121, 0.100355, 0.048839, 0.015032, 0.003335, 0.000606], [0.06242, 0.076336, 0.043657, 0.015499, 0.003887, 0.000896], [0.030323, 0.04276, 0.027986, 0.011384, 0.003322, 0.000904], [0.017065, 0.02831, 0.022241, 0.011088, 0.003806, 0.001249]]}, "Athletico Paranaense / PR": {"Vasco da Gama / RJ": [[0.027476, 0.030154, 0.016525, 0.006004, 0.001603, 0.000421], [0.062122, 0.07423, 0.044092, 0.017405, 0.005015, 0.001432], [0.070673, 0.091534, 0.058781, 0.025038, 0.007872, 0.00248], [0.053011, 0.074807, 0.051509, 0.023499, 0.008029, 0.002683], [0.030321, 0.045694, 0.033674, 0.016602, 0.005902, 0.002132], [0.021188, 0.03516, 0.028954, 0.01541, 0.006067, 0.002501]]},