{"Oeste / SP": {"Joinville / SC": [[0.142715, 0.143697, 0.072201, 0.024247, 0.006091, 0.001436], [0.105285, 0.134498, 0.082598, 0.032298, 0.009241, 0.002613], [0.039105, 0.060736, 0.044272, 0.020482, 0.00679, 0.002132], [0.009688, 0.017523, 0.014678, 0.007964, 0.003086, 0.001119], [0.001775, 0.003714, 0.003613, 0.002313, 0.000916, 0.000426], [0.000288, 0.000728, 0.000752, 0.000554, 0.000292, 0.000134]]}, "Portuguesa / SP": {"Vila Nova / GO": [[0.106984, 0.085518, 0.034512, 0.00924, 0.00182, 0.000346], [0.149002, 0.124013, 0.051174, 0.014305, 0.003003, 0.000569], [0.10354, 0.089223, 0.037991, 0.010791, 0.002323, 0.000427], [0.048804, 0.042929, 0.018906, 0.005485, 0.001213, 0.000231], [0.016864, 0.015609, 0.006957, 0.002062, 0.00046, 0.00011], [0.00612, 0.005743, 0.002656, 0.000834, 0.000193, 4.3e-05]]}, "Paran\u00e1 / PR": {"Am\u00e9rica / RN": [[0.138846, 0.076553, 0.02109, 0.0037, 0.000548, 6.2e-05], [0.161043, 0.124919, 0.044244, 0.009961, 0.001665, 0.000241], [0.093151, 0.094469, 0.042353, 0.011677, 0.002251, 0.000391], [0.036373, 0.044447, 0.024921, 0.008044, 0.001951, 0.000387], [0.010612, 0.015276, 0.010125, 0.004035, 0.001107, 0.000255], [0.003017, 0.005261, 0.004082, 0.002095, 0.000639, 0.000209]]}, "N\u00e1utico / PE": {"Ponte Preta / SP": [[0.092048, 0.113799, 0.069735, 0.02872, 0.008961, 0.002755], [0.08482, 0.126326, 0.090669, 0.042605, 0.014679, 0.005222], [0.038924, 0.067948, 0.055988, 0.030298, 0.011767, 0.004652], [0.011845, 0.023835, 0.022374, 0.013589, 0.005907, 0.002659], [0.002819, 0.006175, 0.006605, 0.004408, 0.002072, 0.001166], [0.000608, 0.001592, 0.001828, 0.001343, 0.000791, 0.000468]]}, "Luverdense / MT": {"Cear\u00e1 / CE": [[0.055547, 0.082277, 0.060908, 0.030026, 0.011474, 0.004317], [0.077503, 0.1159, 0.085902, 0.042733, 0.01587, 0.006147], [0.054683, 0.081286, 0.060909, 0.029888, 0.011093, 0.00443], [0.02574, 0.038938, 0.028412, 0.01399, 0.00537, 0.002029], [0.009059, 0.013371, 0.01007, 0.004919, 0.0018, 0.000736], [0.003338, 0.004885, 0.003678, 0.001807, 0.000689, 0.000276]]}, "Icasa / CE": {"Boa / MG": [[0.122817, 0.128221, 0.067212, 0.023474, 0.006052, 0.001585], [0.128814, 0.135678, 0.070609, 0.024653, 0.006574, 0.001609], [0.067656, 0.07095, 0.037054, 0.012731, 0.003405, 0.000846], [0.02383, 0.024763, 0.013075, 0.004462, 0.001198, 0.000302], [0.006314, 0.006515, 0.003428, 0.0012, 0.000337, 9.2e-05], [0.001571, 0.00165, 0.000908, 0.000327, 6.7e-05, 2.1e-05]]}, "Ava\u00ed / SC": {"Vasco da Gama / RJ": [[0.105413, 0.103272, 0.050623, 0.016297, 0.004087, 0.000947], [0.133289, 0.131743, 0.063978, 0.020958, 0.005098, 0.001231], [0.085165, 0.08335, 0.040772, 0.013336, 0.003182, 0.000797], [0.036017, 0.035318, 0.017284, 0.005909, 0.001373, 0.000325], [0.01157, 0.011218, 0.005474, 0.001785, 0.000462, 8.6e-05], [0.003641, 0.00356, 0.001715, 0.000559, 0.000125, 4.1e-05]]}, "Atl\u00e9tico / GO": {"Santa Cruz / PE": [[0.125338, 0.106434, 0.045429, 0.012643, 0.002755, 0.000557], [0.136557, 0.133005, 0.063921, 0.020321, 0.004757, 0.001004], [0.07461, 0.082483, 0.043819, 0.01535, 0.003913, 0.000915], [0.02715, 0.033104, 0.019647, 0.007588, 0.002141, 0.000522], [0.007368, 0.009776, 0.006525, 0.002693, 0.000886, 0.00025], [0.002031, 0.002951, 0.002119, 0.001015, 0.000322, 0.000101]]}, "ABC / RN": {"Red Bull Bragantino / SP": [[0.140283, 0.093676, 0.031488, 0.007088, 0.001201, 0.000173], [0.173224, 0.124294, 0.044144, 0.010404, 0.001868, 0.000287], [0.108068, 0.081872, 0.030887, 0.007683, 0.001473, 0.000248], [0.044505, 0.0357, 0.014238, 0.003668, 0.000675, 0.00012], [0.013774, 0.01175, 0.005044, 0.001365, 0.000245, 6.2e-05], [0.00432, 0.003862, 0.001674, 0.000505, 0.000108, 2.4e-05]]}, "Am\u00e9rica / MG": {"Sampaio Corr\u00eaa / MA": [[0.072638, 0.071815, 0.035301, 0.011617, 0.002845, 0.000667], [0.105192, 0.117542, 0.064339, 0.023549, 0.00623, 0.001642], [0.076728, 0.094869, 0.057595, 0.023118, 0.006611, 0.001907], [0.036864, 0.050413, 0.033748, 0.014796, 0.00464, 0.001393], [0.01359, 0.020078, 0.014364, 0.006809, 0.002357, 0.00083], [0.005094, 0.008468, 0.006888, 0.003533, 0.001398, 0.000532]]}, "Joinville / SC": {"Portuguesa / SP": [[0.111128, 0.034009, 0.005192, 0.00056, 4.4e-05, 2e-06], [0.203259, 0.069538, 0.011816, 0.001308, 0.00011, 1e-05], [0.185678, 0.069618, 0.012883, 0.001574, 0.000142, 1.2e-05], [0.112533, 0.046735, 0.009359, 0.00127, 0.000118, 1.6e-05], [0.051162, 0.023038, 0.004855, 0.000691, 6.3e-05, 5e-06], [0.026533, 0.013038, 0.003154, 0.000488, 4.9e-05, 1e-05]]}}