{"Flamengo / RJ": {"Vit\u00f3ria / BA": [[0.07462, 0.066293, 0.029348, 0.008676, 0.001898, 0.000394], [0.128055, 0.112909, 0.049553, 0.014716, 0.00325, 0.00069], [0.10954, 0.096619, 0.042384, 0.012514, 0.002851, 0.000566], [0.062376, 0.054672, 0.024256, 0.007249, 0.001618, 0.000356], [0.02651, 0.02361, 0.010263, 0.003106, 0.000662, 0.000129], [0.012642, 0.010975, 0.004892, 0.001416, 0.000322, 7e-05]]}, "Fluminense / RJ": {"Corinthians / SP": [[0.108054, 0.085402, 0.033805, 0.008941, 0.001764, 0.000297], [0.155189, 0.122797, 0.048359, 0.012751, 0.002591, 0.000468], [0.111288, 0.088112, 0.034665, 0.00914, 0.001791, 0.000316], [0.052781, 0.041897, 0.016635, 0.004418, 0.00094, 0.000171], [0.018855, 0.01497, 0.00599, 0.001572, 0.000335, 5.1e-05], [0.007094, 0.005697, 0.002141, 0.000575, 0.000126, 2.2e-05]]}, "S\u00e3o Paulo / SP": {"Figueirense / SC": [[0.06381, 0.044151, 0.015224, 0.003498, 0.000618, 8.9e-05], [0.132007, 0.090956, 0.03109, 0.007212, 0.001295, 0.000228], [0.135746, 0.093286, 0.032293, 0.007387, 0.001303, 0.000172], [0.09337, 0.064055, 0.022121, 0.005069, 0.000892, 0.000137], [0.048183, 0.032887, 0.011464, 0.002687, 0.000479, 8.2e-05], [0.029003, 0.02026, 0.007044, 0.001574, 0.000286, 4.2e-05]]}, "Santos / SP": {"Botafogo / RJ": [[0.174706, 0.05654, 0.009168, 0.001014, 7.5e-05, 6e-06], [0.248814, 0.080323, 0.012885, 0.001427, 0.000113, 1.3e-05], [0.176637, 0.057251, 0.009119, 0.000996, 8.3e-05, 1.1e-05], [0.083174, 0.026729, 0.004421, 0.000451, 3.8e-05, 0.0], [0.029773, 0.009523, 0.001574, 0.000191, 1.4e-05, 0.0], [0.010794, 0.003549, 0.000514, 7e-05, 4e-06, 0.0]]}, "Athletico Paranaense / PR": {"Goi\u00e1s / GO": [[0.19933, 0.095315, 0.022806, 0.003652, 0.000444, 5.2e-05], [0.226416, 0.108142, 0.025914, 0.004095, 0.000485, 4.9e-05], [0.128104, 0.061237, 0.014595, 0.002382, 0.000274, 2.4e-05], [0.048819, 0.022863, 0.005643, 0.000883, 0.000129, 1.4e-05], [0.013701, 0.006556, 0.001551, 0.000263, 3.3e-05, 3e-06], [0.003814, 0.00188, 0.000431, 9.1e-05, 1e-05, 0.0]]}, "Atl\u00e9tico / MG": {"Coritiba / PR": [[0.138278, 0.095825, 0.033316, 0.00758, 0.001289, 0.000207], [0.177745, 0.122593, 0.042547, 0.009716, 0.001729, 0.000295], [0.114685, 0.079079, 0.027223, 0.006259, 0.001082, 0.000166], [0.049368, 0.034139, 0.01184, 0.00272, 0.000457, 6e-05], [0.015907, 0.010949, 0.003793, 0.000817, 0.00014, 2.3e-05], [0.005069, 0.003493, 0.00126, 0.000294, 5.3e-05, 4e-06]]}, "Bahia / BA": {"Gr\u00eamio / RS": [[0.37675, 0.225727, 0.067567, 0.013545, 0.002054, 0.000268], [0.141854, 0.084825, 0.025568, 0.00509, 0.000785, 0.000119], [0.026982, 0.01621, 0.004804, 0.000896, 0.000144, 1.4e-05], [0.003396, 0.002032, 0.000615, 0.00013, 1.9e-05, 5e-06], [0.000283, 0.000193, 5.7e-05, 1.6e-05, 1e-06, 2e-06], [2.5e-05, 1.7e-05, 7e-06, 0.0, 0.0, 0.0]]}, "Internacional / RS": {"Palmeiras / SP": [[0.057633, 0.034358, 0.010322, 0.002035, 0.000279, 3.5e-05], [0.129961, 0.077543, 0.023524, 0.004574, 0.000703, 7.9e-05], [0.145809, 0.087353, 0.025973, 0.005248, 0.000767, 9.3e-05], [0.110406, 0.065959, 0.019801, 0.003949, 0.000623, 7.1e-05], [0.062774, 0.037182, 0.01119, 0.002193, 0.000355, 3.6e-05], [0.04337, 0.026145, 0.007872, 0.001538, 0.000218, 2.9e-05]]}, "Crici\u00fama / SC": {"Sport / PE": [[0.168688, 0.128253, 0.049052, 0.012584, 0.002401, 0.000403], [0.171704, 0.130115, 0.050063, 0.01262, 0.002424, 0.000419], [0.087458, 0.066785, 0.025636, 0.006483, 0.001252, 0.000225], [0.029399, 0.022616, 0.008667, 0.002231, 0.000434, 6.9e-05], [0.007559, 0.00568, 0.002199, 0.000547, 9e-05, 2.2e-05], [0.001837, 0.001373, 0.000539, 0.000141, 2.3e-05, 9e-06]]}, "Chapecoense / SC": {"Cruzeiro / MG": [[0.088712, 0.101087, 0.05696, 0.021585, 0.006138, 0.001737], [0.114469, 0.129434, 0.07415, 0.027938, 0.007866, 0.002202], [0.073173, 0.0834, 0.047121, 0.01787, 0.005155, 0.00142], [0.031206, 0.03562, 0.020221, 0.007801, 0.002205, 0.000584], [0.010129, 0.011636, 0.006606, 0.002417, 0.000716, 0.000201], [0.003248, 0.003767, 0.002129, 0.00081, 0.000219, 6.8e-05]]}, "Botafogo / RJ": {"Atl\u00e9tico / MG": [[0.058073, 0.093086, 0.074452, 0.040149, 0.016227, 0.007037], [0.072077, 0.115892, 0.092882, 0.049682, 0.019777, 0.00854], [0.044741, 0.071815, 0.057218, 0.031155, 0.012392, 0.005357], [0.018486, 0.029731, 0.023901, 0.012606, 0.005065, 0.002162], [0.005732, 0.009286, 0.007413, 0.003952, 0.001589, 0.000697], [0.001729, 0.002793, 0.002374, 0.001252, 0.000483, 0.000197]]}, "Sport / PE": {"S\u00e3o Paulo / SP": [[0.05627, 0.094127, 0.080251, 0.044764, 0.018478, 0.009023], [0.066466, 0.112684, 0.095579, 0.053375, 0.022732, 0.010572], [0.03973, 0.067251, 0.056619, 0.032231, 0.013686, 0.006279], [0.015879, 0.027233, 0.022792, 0.012729, 0.005312, 0.002531], [0.004735, 0.007843, 0.006838, 0.003959, 0.001566, 0.000797], [0.001394, 0.002358, 0.002071, 0.001149, 0.000492, 0.000205]]}, "Corinthians / SP": {"Crici\u00fama / SC": [[0.119555, 0.033383, 0.004711, 0.000432, 2.6e-05, 0.0], [0.221026, 0.061675, 0.008691, 0.000722, 5.3e-05, 3e-06], [0.20344, 0.056644, 0.007838, 0.000767, 5.6e-05, 2e-06], [0.124804, 0.034886, 0.004898, 0.00046, 3.4e-05, 1e-06], [0.057619, 0.016113, 0.002262, 0.000209, 7e-06, 0.0], [0.029964, 0.00839, 0.001193, 0.000126, 9e-06, 1e-06]]}, "Palmeiras / SP": {"Athletico Paranaense / PR": [[0.069129, 0.103419, 0.077652, 0.038734, 0.014562, 0.005805], [0.081006, 0.121234, 0.091174, 0.045549, 0.017216, 0.006676], [0.047817, 0.071164, 0.053338, 0.026995, 0.009992, 0.003965], [0.018699, 0.027498, 0.021179, 0.010295, 0.003874, 0.001485], [0.005456, 0.008136, 0.006173, 0.003004, 0.001112, 0.000473], [0.001549, 0.002429, 0.001805, 0.000932, 0.000342, 0.000132]]}, "Coritiba / PR": {"Bahia / BA": [[0.162474, 0.110523, 0.037775, 0.008653, 0.001551, 0.00023], [0.184136, 0.12577, 0.043043, 0.009982, 0.001694, 0.000241], [0.104099, 0.071609, 0.024443, 0.005526, 0.00102, 0.00015], [0.039737, 0.027058, 0.009216, 0.002099, 0.000338, 5.1e-05], [0.011358, 0.007728, 0.002601, 0.000637, 9.3e-05, 1.7e-05], [0.003126, 0.00212, 0.000718, 0.000153, 2.7e-05, 4e-06]]}, "Cruzeiro / MG": {"Fluminense / RJ": [[0.031813, 0.038489, 0.023235, 0.009239, 0.002769, 0.000837], [0.071518, 0.08595, 0.051844, 0.021264, 0.006477, 0.001941], [0.080096, 0.09653, 0.0584, 0.023275, 0.007034, 0.002054], [0.059461, 0.07233, 0.043246, 0.017362, 0.005093, 0.001544], [0.033314, 0.040272, 0.024335, 0.009773, 0.002995, 0.000877], [0.023015, 0.027696, 0.016609, 0.0067, 0.002019, 0.000594]]}, "Vit\u00f3ria / BA": {"Santos / SP": [[0.084305, 0.109243, 0.07118, 0.030861, 0.009994, 0.003371], [0.098731, 0.128571, 0.083946, 0.036656, 0.011615, 0.003963], [0.057679, 0.075141, 0.049282, 0.021134, 0.006836, 0.002306], [0.023041, 0.029295, 0.019298, 0.008241, 0.002678, 0.000908], [0.006603, 0.008878, 0.005526, 0.002479, 0.000799, 0.00027], [0.001978, 0.002597, 0.001568, 0.000693, 0.000264, 7e-05]]}, "Gr\u00eamio / RS": {"Flamengo / RJ": [[0.158519, 0.071165, 0.015981, 0.0024, 0.000286, 2.2e-05], [0.220474, 0.099626, 0.022234, 0.00327, 0.000378, 3.7e-05], [0.153918, 0.069006, 0.015502, 0.002321, 0.000231, 3.9e-05], [0.071281, 0.032163, 0.007169, 0.001096, 0.000135, 1.2e-05], [0.024669, 0.011017, 0.002586, 0.000411, 4.6e-05, 1e-06], [0.008948, 0.004012, 0.000885, 0.000145, 1.2e-05, 3e-06]]}, "Figueirense / SC": {"Internacional / RS": [[0.117694, 0.111774, 0.053307, 0.016831, 0.003991, 0.000892], [0.139705, 0.132518, 0.062881, 0.020046, 0.004647, 0.001064], [0.083296, 0.079087, 0.038259, 0.011943, 0.002886, 0.000636], [0.033103, 0.031343, 0.014955, 0.00468, 0.001136, 0.000249], [0.009706, 0.009639, 0.004415, 0.001439, 0.000312, 6.6e-05], [0.002915, 0.002772, 0.001288, 0.000399, 9.7e-05, 2.9e-05]]},