{"Gr\u00eamio / RS": {"S\u00e3o Paulo / SP": [[0.16257, 0.117128, 0.042254, 0.010319, 0.001761, 0.000313], [0.165827, 0.131268, 0.05245, 0.013711, 0.002579, 0.000467], [0.083973, 0.073548, 0.032044, 0.008936, 0.001867, 0.000363], [0.028411, 0.027086, 0.012959, 0.003906, 0.000868, 0.000186], [0.007126, 0.007348, 0.003764, 0.001197, 0.000318, 7.2e-05], [0.00176, 0.00203, 0.001086, 0.000381, 9.1e-05, 3.3e-05]], "Cruzeiro / MG": [[0.103367, 0.060071, 0.017648, 0.003468, 0.000511, 6e-05], [0.160906, 0.107126, 0.035147, 0.007623, 0.001183, 0.000169], [0.123942, 0.094719, 0.035217, 0.008375, 0.001439, 0.000225], [0.061934, 0.055181, 0.022997, 0.006171, 0.001203, 0.000205], [0.023333, 0.023474, 0.01126, 0.003343, 0.000767, 0.000147], [0.008873, 0.01077, 0.006209, 0.002239, 0.000552, 0.000146]]}, "Atl\u00e9tico / MG": {"Corinthians / SP": [[0.138972, 0.129728, 0.06049, 0.018856, 0.004251, 0.000955], [0.130758, 0.135741, 0.07023, 0.024008, 0.005986, 0.001437], [0.061085, 0.07019, 0.039931, 0.014816, 0.004086, 0.001053], [0.018997, 0.023824, 0.014952, 0.006041, 0.001728, 0.000545], [0.004333, 0.006066, 0.0041, 0.001793, 0.000579, 0.000189], [0.000982, 0.001453, 0.001133, 0.0005, 0.000158, 5.4e-05]], "Botafogo / RJ": [[0.115482, 0.089328, 0.03479, 0.009017, 0.001704, 0.000318], [0.151356, 0.126248, 0.052467, 0.014333, 0.00296, 0.00059], [0.097519, 0.088034, 0.038924, 0.011701, 0.002648, 0.000489], [0.041876, 0.040618, 0.019739, 0.006248, 0.001471, 0.00032], [0.013576, 0.014271, 0.007217, 0.002403, 0.000643, 0.000143], [0.004447, 0.004906, 0.002811, 0.001057, 0.000279, 6.7e-05]]}, "Cear\u00e1 / CE": {"Athletico Paranaense / PR": [[0.095092, 0.113558, 0.06841, 0.026972, 0.008269, 0.002355], [0.109671, 0.132027, 0.078984, 0.031587, 0.009582, 0.002824], [0.063403, 0.075512, 0.04584, 0.017873, 0.00539, 0.0016], [0.024391, 0.02932, 0.017521, 0.007026, 0.002071, 0.000596], [0.007073, 0.008543, 0.005038, 0.002048, 0.000617, 0.000162], [0.002, 0.002365, 0.001477, 0.00055, 0.000198, 5.5e-05]], "Corinthians / SP": [[0.177861, 0.118916, 0.039621, 0.008823, 0.001512, 0.000209], [0.175481, 0.130026, 0.047671, 0.011876, 0.002094, 0.000352], [0.086299, 0.07032, 0.027907, 0.007496, 0.001476, 0.000254], [0.028452, 0.025307, 0.011085, 0.003282, 0.000685, 0.000124], [0.006949, 0.006717, 0.003115, 0.001001, 0.000239, 4.7e-05], [0.001686, 0.00174, 0.00094, 0.000348, 7.3e-05, 1.6e-05]]}, "Palmeiras / SP": {"Flamengo / RJ": [[0.080521, 0.061303, 0.023639, 0.006092, 0.001104, 0.000194], [0.126278, 0.111772, 0.048444, 0.013883, 0.002991, 0.000568], [0.097916, 0.099091, 0.048716, 0.015302, 0.003567, 0.000749], [0.050608, 0.058405, 0.031921, 0.011548, 0.002905, 0.000745], [0.019476, 0.025286, 0.015405, 0.00614, 0.001746, 0.000457], [0.007807, 0.011636, 0.008345, 0.003779, 0.001286, 0.000375]], "Goi\u00e1s / GO": [[0.057208, 0.018484, 0.002947, 0.000338, 2.4e-05, 1e-06], [0.145316, 0.04704, 0.007533, 0.000827, 7.3e-05, 4e-06], [0.178049, 0.06373, 0.011224, 0.001291, 0.00011, 8e-06], [0.143146, 0.059221, 0.011794, 0.001523, 0.000156, 7e-06], [0.083956, 0.041701, 0.009515, 0.001366, 0.000145, 1.4e-05], [0.060031, 0.039556, 0.011307, 0.00205, 0.000278, 2.7e-05]]}, "S\u00e3o Paulo / SP": {"Internacional / RS": [[0.236279, 0.103584, 0.022742, 0.003205, 0.00036, 4.1e-05], [0.226031, 0.11083, 0.026503, 0.004249, 0.000504, 3.8e-05], [0.107802, 0.058483, 0.015319, 0.002667, 0.000338, 4.2e-05], [0.034242, 0.020382, 0.005837, 0.001104, 0.000134, 2.3e-05], [0.008228, 0.00534, 0.001669, 0.000365, 5.2e-05, 7e-06], [0.001768, 0.001265, 0.00045, 9e-05, 2e-05, 7e-06]], "Vasco da Gama / RJ": [[0.153713, 0.089784, 0.026449, 0.005088, 0.000799, 8.1e-05], [0.197479, 0.115444, 0.033822, 0.006702, 0.000926, 0.000124], [0.127676, 0.074757, 0.021948, 0.004264, 0.000635, 9.3e-05], [0.054419, 0.032158, 0.009384, 0.001869, 0.000279, 3e-05], [0.017732, 0.010451, 0.002936, 0.000608, 0.000101, 1.2e-05], [0.005712, 0.003394, 0.00095, 0.000148, 2.8e-05, 5e-06]]}, "Flamengo / RJ": {"Cear\u00e1 / CE": [[0.054037, 0.02485, 0.005793, 0.000918, 0.000106, 1.3e-05], [0.130862, 0.062869, 0.014882, 0.002361, 0.000269, 3.1e-05], [0.157635, 0.077927, 0.019379, 0.003156, 0.000365, 4.2e-05], [0.125257, 0.066027, 0.017191, 0.00301, 0.000403, 4.2e-05], [0.074311, 0.041799, 0.011744, 0.002046, 0.000246, 3e-05], [0.054934, 0.03448, 0.010495, 0.002144, 0.000319, 2.7e-05]], "Ava\u00ed / SC": [[0.030074, 0.006973, 0.00085, 8.2e-05, 3e-06, 1e-06], [0.098964, 0.023298, 0.002779, 0.000199, 1.1e-05, 0.0], [0.15927, 0.038855, 0.004658, 0.00037, 2.5e-05, 0.0], [0.169693, 0.045321, 0.005891, 0.000537, 3.1e-05, 3e-06], [0.134023, 0.040886, 0.005923, 0.000583, 3.7e-05, 0.0], [0.154479, 0.062879, 0.01186, 0.001321, 0.000114, 7e-06]]}, "Fluminense / RJ": {"Palmeiras / SP": [[0.153156, 0.167631, 0.091373, 0.033309, 0.008898, 0.002472], [0.107007, 0.12978, 0.078109, 0.031499, 0.009152, 0.002702], [0.036639, 0.049547, 0.033087, 0.014481, 0.004677, 0.001517], [0.008455, 0.012629, 0.009087, 0.004337, 0.001534, 0.000497], [0.001436, 0.002317, 0.001883, 0.000958, 0.000391, 0.00016], [0.000228, 0.000394, 0.000359, 0.000177, 8.8e-05, 3.4e-05]], "Fortaleza / CE": [[0.07017, 0.092029, 0.060984, 0.026688, 0.008795, 0.0028], [0.083428, 0.120536, 0.086223, 0.041071, 0.014653, 0.005402], [0.049384, 0.077757, 0.059891, 0.030992, 0.011983, 0.004702], [0.019467, 0.033632, 0.027921, 0.015531, 0.006183, 0.002624], [0.00576, 0.010652, 0.009572, 0.005554, 0.002442, 0.001084], [0.001684, 0.003485, 0.003288, 0.002175, 0.000933, 0.000525]]}, "Chapecoense / SC": {"Botafogo / RJ": [[0.198748, 0.15739, 0.062297, 0.016469, 0.003143, 0.000592], [0.147634, 0.133189, 0.059223, 0.017193, 0.003672, 0.000722], [0.054417, 0.055347, 0.027419, 0.008862, 0.002105, 0.000442], [0.013427, 0.015387, 0.008478, 0.002899, 0.00071, 0.000203], [0.002478, 0.003064, 0.001892, 0.000725, 0.000226, 5e-05], [0.000433, 0.000561, 0.000384, 0.000152, 5.5e-05, 1.2e-05]], "CSA / AL": [[0.237728, 0.099022, 0.020489, 0.002833, 0.000302, 3e-05], [0.232143, 0.107416, 0.024084, 0.003715, 0.000433, 3.1e-05], [0.112514, 0.058067, 0.014406, 0.002332, 0.000297, 2.5e-05], [0.036783, 0.020327, 0.005699, 0.000946, 0.000129, 1.6e-05], [0.00876, 0.005534, 0.001649, 0.000312, 5.2e-05, 1e-06], [0.00203, 0.001328, 0.000453, 9.7e-05, 1.3e-05, 4e-06]]}, "Bahia / BA": {"Atl\u00e9tico / MG": [[0.100729, 0.077493, 0.029997, 0.007526, 0.001458, 0.000234], [0.146179, 0.120439, 0.049021, 0.01355, 0.002794, 0.00051], [0.104704, 0.092547, 0.040904, 0.011867, 0.002482, 0.00051], [0.050117, 0.047233, 0.022198, 0.00693, 0.001574, 0.000365], [0.017986, 0.018161, 0.009029, 0.002989, 0.000681, 0.000173], [0.006605, 0.007304, 0.003877, 0.001365, 0.000369, 0.0001]], "Vasco da Gama / RJ": [[0.099469, 0.081931, 0.033779, 0.009177, 0.001875, 0.000361], [0.139356, 0.122712, 0.054363, 0.016003, 0.00344, 0.000721], [0.096546, 0.09246, 0.043504, 0.013406, 0.00315, 0.000706], [0.044754, 0.045793, 0.023014, 0.007684, 0.001834, 0.000416], [0.015342, 0.01705, 0.008908, 0.003278, 0.000799, 0.000221], [0.00554, 0.006647, 0.003831, 0.001412, 0.0004, 0.000118]]}, "Athletico Paranaense / PR": {"Gr\u00eamio / RS": [[0.083887, 0.095209, 0.053343, 0.019872, 0.005578, 0.001497], [0.103098, 0.126456, 0.077445, 0.031211, 0.009334, 0.002777], [0.063208, 0.084015, 0.054791, 0.023743, 0.007584, 0.002559], [0.025898, 0.037047, 0.026033, 0.011988, 0.00404, 0.001446], [0.007787, 0.012081, 0.009107, 0.00453, 0.001634, 0.000666], [0.00235, 0.003911, 0.003175, 0.001766, 0.000651, 0.000283]], "Santos / SP": [[0.15366, 0.113526, 0.041853, 0.010358, 0.00197, 0.000314], [0.161843, 0.132134, 0.053523, 0.014119, 0.002833, 0.000522], [0.08513, 0.075855, 0.033466, 0.009589, 0.002088, 0.000388], [0.029592, 0.029331, 0.013872, 0.004341, 0.001013, 0.00021], [0.008061, 0.008055, 0.004202, 0.001454, 0.000393, 9e-05], [0.002022, 0.002268, 0.001334, 0.000442, 0.000117, 3.2e-05]]},