{"Gr\u00eamio / RS": {"Cruzeiro / MG": [[0.044746, 0.023849, 0.006431, 0.00116, 0.000177, 1.9e-05], [0.094127, 0.070447, 0.024205, 0.005379, 0.000881, 0.000126], [0.10032, 0.096429, 0.041725, 0.01112, 0.002015, 0.00033], [0.071629, 0.083216, 0.043909, 0.014132, 0.003165, 0.000599], [0.038014, 0.052742, 0.032773, 0.012415, 0.003174, 0.000738], [0.024287, 0.04124, 0.032065, 0.01557, 0.005191, 0.001655]]}, "Atl\u00e9tico / MG": {"Botafogo / RJ": [[0.144046, 0.03815, 0.005121, 0.000437, 2e-05, 2e-06], [0.104516, 0.165, 0.040095, 0.005121, 0.000445, 3.9e-05], [0.038011, 0.108715, 0.091885, 0.020454, 0.00262, 0.00022], [0.009287, 0.038341, 0.056491, 0.034259, 0.007207, 0.000954], [0.001664, 0.009013, 0.019329, 0.019584, 0.009225, 0.002049], [0.000267, 0.001925, 0.005418, 0.008375, 0.007125, 0.00459]]}, "Cear\u00e1 / CE": {"Corinthians / SP": [[0.169437, 0.078862, 0.018528, 0.002871, 0.00035, 3.6e-05], [0.1041, 0.166279, 0.06607, 0.01434, 0.002152, 0.000286], [0.031591, 0.086833, 0.078522, 0.027726, 0.005793, 0.001013], [0.006371, 0.025257, 0.0365, 0.023756, 0.007624, 0.001739], [0.00102, 0.004962, 0.010021, 0.009865, 0.00536, 0.001961], [0.000155, 0.000847, 0.002125, 0.003078, 0.002685, 0.001885]]}, "Palmeiras / SP": {"Goi\u00e1s / GO": [[0.049053, 0.041773, 0.01759, 0.005081, 0.001045, 0.000254], [0.093172, 0.091738, 0.044814, 0.01423, 0.003353, 0.000734], [0.088591, 0.100077, 0.054368, 0.019379, 0.005055, 0.001222], [0.056192, 0.071483, 0.043629, 0.016969, 0.00487, 0.001353], [0.026639, 0.037744, 0.025312, 0.010918, 0.003489, 0.001011], [0.014379, 0.023399, 0.017727, 0.008999, 0.003198, 0.00116]]}, "S\u00e3o Paulo / SP": {"Internacional / RS": [[0.072487, 0.035878, 0.009004, 0.001483, 0.000189, 1.4e-05], [0.059426, 0.124193, 0.054377, 0.013134, 0.002176, 0.000272], [0.024287, 0.089881, 0.103701, 0.041084, 0.009351, 0.001703], [0.00664, 0.034698, 0.06719, 0.056474, 0.020513, 0.005326], [0.001266, 0.009199, 0.025027, 0.033654, 0.022397, 0.009456], [0.000241, 0.002275, 0.008255, 0.016, 0.018332, 0.020417]]}, "Flamengo / RJ": {"Ava\u00ed / SC": [[0.030618, 0.004009, 0.000279, 1e-05, 1e-06, 0.0], [0.07487, 0.037086, 0.004407, 0.000275, 1.2e-05, 0.0], [0.091037, 0.080812, 0.022751, 0.002313, 0.000142, 3e-06], [0.074268, 0.093227, 0.04299, 0.00877, 0.000803, 4e-05], [0.044971, 0.074057, 0.047401, 0.015023, 0.002591, 0.000241], [0.035362, 0.07811, 0.074355, 0.0409, 0.014096, 0.00417]]}, "Fluminense / RJ": {"Fortaleza / CE": [[0.148648, 0.097903, 0.031682, 0.007018, 0.001128, 0.000181], [0.085903, 0.156944, 0.084324, 0.025541, 0.005262, 0.001018], [0.024935, 0.073429, 0.077383, 0.035659, 0.010211, 0.002423], [0.004557, 0.019606, 0.031323, 0.023912, 0.009906, 0.003185], [0.000709, 0.003519, 0.007853, 0.008637, 0.00553, 0.002608], [9e-05, 0.000583, 0.001587, 0.002434, 0.00229, 0.002079]]}, "Chapecoense / SC": {"CSA / AL": [[0.146242, 0.088952, 0.027082, 0.00535, 0.000803, 0.000111], [0.111121, 0.148515, 0.06959, 0.019212, 0.003582, 0.000624], [0.04235, 0.087577, 0.068127, 0.026493, 0.006709, 0.001449], [0.010478, 0.029518, 0.033341, 0.01941, 0.006641, 0.001917], [0.002012, 0.007233, 0.010569, 0.008223, 0.004086, 0.00151], [0.000335, 0.001533, 0.002824, 0.003095, 0.002051, 0.001335]]}, "Bahia / BA": {"Vasco da Gama / RJ": [[0.08217, 0.072108, 0.031979, 0.009548, 0.002077, 0.00043], [0.075068, 0.12392, 0.0797, 0.030953, 0.008392, 0.001991], [0.034653, 0.083692, 0.079833, 0.042311, 0.014749, 0.004699], [0.01073, 0.033585, 0.044244, 0.031458, 0.014232, 0.005938], [0.002338, 0.009617, 0.016094, 0.015033, 0.008785, 0.004804], [0.000567, 0.002545, 0.005205, 0.006637, 0.005359, 0.004556]]}, "Athletico Paranaense / PR": {"Santos / SP": [[0.24489, 0.130091, 0.034331, 0.006004, 0.000763, 8.9e-05], [0.215262, 0.113595, 0.030288, 0.005305, 0.000709, 6.6e-05], [0.094224, 0.049634, 0.013327, 0.002303, 0.000264, 4.6e-05], [0.027371, 0.01464, 0.003864, 0.000631, 9.6e-05, 1.1e-05], [0.00601, 0.003198, 0.000841, 0.000125, 2.3e-05, 2e-06], [0.001209, 0.000608, 0.000153, 2.5e-05, 2e-06, 0.0]]}, "Internacional / RS": {"Atl\u00e9tico / MG": [[0.08685, 0.032786, 0.00618, 0.00077, 8.5e-05, 1.1e-05], [0.063372, 0.140472, 0.048624, 0.008859, 0.001127, 9.8e-05], [0.023064, 0.093605, 0.111412, 0.036012, 0.006466, 0.000875], [0.005392, 0.032824, 0.068584, 0.058185, 0.017408, 0.003497], [0.000959, 0.007807, 0.023287, 0.033242, 0.022558, 0.007555], [0.000155, 0.001582, 0.006569, 0.014015, 0.017083, 0.01863]]}, "Cruzeiro / MG": {"Palmeiras / SP": [[0.089207, 0.091272, 0.047, 0.016086, 0.00419, 0.000994], [0.067404, 0.12582, 0.09356, 0.042082, 0.013252, 0.004012], [0.025371, 0.069155, 0.075216, 0.04581, 0.018264, 0.00699], [0.006473, 0.022962, 0.033428, 0.027386, 0.014216, 0.007232], [0.001219, 0.00536, 0.009937, 0.010546, 0.00704, 0.004694], [0.000214, 0.00112, 0.002595, 0.0035, 0.003144, 0.003249]]}, "Fortaleza / CE": {"Bahia / BA": [[0.123962, 0.041479, 0.006903, 0.00079, 8e-05, 1.1e-05], [0.113314, 0.142104, 0.041088, 0.006485, 0.000726, 6.5e-05], [0.051754, 0.112016, 0.078267, 0.020066, 0.003048, 0.000363], [0.015875, 0.048951, 0.055495, 0.028103, 0.006603, 0.001082], [0.00349, 0.014487, 0.023068, 0.017845, 0.007523, 0.001882], [0.000763, 0.00393, 0.008317, 0.009806, 0.006596, 0.003663]]}, "Corinthians / SP": {"Fluminense / RJ": [[0.177818, 0.059381, 0.009995, 0.001164, 9.8e-05, 5e-06], [0.173183, 0.132597, 0.034606, 0.005233, 0.000576, 5.7e-05], [0.084576, 0.100292, 0.044457, 0.009709, 0.001389, 0.000153], [0.027068, 0.044665, 0.028556, 0.009394, 0.001819, 0.000256], [0.006542, 0.01354, 0.01183, 0.005436, 0.00137, 0.000312], [0.001454, 0.003965, 0.004317, 0.00274, 0.001111, 0.000336]]}, "Santos / SP": {"Flamengo / RJ": [[0.092099, 0.073704, 0.029011, 0.007902, 0.001507, 0.000265], [0.092556, 0.127296, 0.072727, 0.024923, 0.006213, 0.001368], [0.045681, 0.090852, 0.073859, 0.033928, 0.010619, 0.002851], [0.015547, 0.039245, 0.041943, 0.025376, 0.010013, 0.003481], [0.003814, 0.012202, 0.016221, 0.012531, 0.006431, 0.00288], [0.000898, 0.003615, 0.005998, 0.005871, 0.003948, 0.002625]]}, "Vasco da Gama / RJ": {"Chapecoense / SC": [[0.089845, 0.028421, 0.004546, 0.000529, 3.7e-05, 1e-06], [0.124325, 0.102431, 0.026657, 0.003848, 0.000409, 3.3e-05], [0.086995, 0.115421, 0.054381, 0.011853, 0.00162, 0.000176], [0.040549, 0.073699, 0.051747, 0.018168, 0.003576, 0.000494], [0.01404, 0.03279, 0.030983, 0.015291, 0.004436, 0.000865], [0.005004, 0.015167, 0.019119, 0.013783, 0.006352, 0.002409]]}, "Botafogo / RJ": {"Cear\u00e1 / CE": [[0.147562, 0.057678, 0.011603, 0.001512, 0.000141, 1.3e-05], [0.08606, 0.172407, 0.061002, 0.011701, 0.001509, 0.000158], [0.024684, 0.090305, 0.098257, 0.032259, 0.005854, 0.000833], [0.004826, 0.025216, 0.047552, 0.036899, 0.011389, 0.002271], [0.000721, 0.004845, 0.012895, 0.016457, 0.010387, 0.003513], [9.3e-05, 0.000784, 0.002793, 0.005178, 0.005568, 0.005075]]}, "Ava\u00ed / SC": {"Athletico Paranaense / PR": [[0.10665, 0.15947, 0.118505, 0.059152, 0.022098, 0.008711], [0.044178, 0.101623, 0.101842, 0.063476, 0.028767, 0.013975], [0.009291, 0.028169, 0.037604, 0.030119, 0.016459, 0.009909], [0.001251, 0.004897, 0.008518, 0.008321, 0.005567, 0.004287], [0.000126, 0.000605, 0.001264, 0.001565, 0.001285, 0.001259], [1.2e-05, 8.1e-05, 0.000169, 0.000218, 0.000238, 0.000339]]}, "Goi\u00e1s / GO": {"Gr\u00eamio / RS": [[0.014536, 0.04127, 0.057452, 0.053894, 0.037868, 0.037068], [0.019476, 0.056216, 0.08031, 0.076773, 0.054732, 0.055896], [0.0134, 0.038212, 0.056128, 0.054515, 0.039937, 0.041472], [0.005788, 0.017557, 0.025897, 0.026084, 0.019168, 0.020752], [0.001963, 0.005823, 0.008946, 0.009039, 0.006944, 0.007655], [0.000693, 0.002087, 0.003306, 0.003333, 0.002664, 0.003146]]},