{"Fluminense / RJ": {"Ponte Preta / SP": [[0.099896, 0.06499, 0.020929, 0.004593, 0.000776, 0.000105], [0.159307, 0.110116, 0.03814, 0.008489, 0.00152, 0.000224], [0.125489, 0.09246, 0.033527, 0.008076, 0.001468, 0.000239], [0.065323, 0.051821, 0.020049, 0.005127, 0.000932, 0.000167], [0.025658, 0.021759, 0.009044, 0.002511, 0.000477, 7.4e-05], [0.010817, 0.009905, 0.004304, 0.00135, 0.000292, 4.6e-05]], "Sport / PE": [[0.047365, 0.050107, 0.026261, 0.009346, 0.002401, 0.000624], [0.08957, 0.099801, 0.055716, 0.020339, 0.005666, 0.00154], [0.083676, 0.098116, 0.057626, 0.022389, 0.006499, 0.001826], [0.05195, 0.064692, 0.040342, 0.016276, 0.005016, 0.001496], [0.024206, 0.031955, 0.020771, 0.008863, 0.00287, 0.000935], [0.012805, 0.01815, 0.012443, 0.005684, 0.001993, 0.000685]]}, "Flamengo / RJ": {"Corinthians / SP": [[0.264383, 0.146103, 0.040306, 0.007415, 0.001041, 0.000126], [0.189268, 0.120824, 0.037983, 0.007672, 0.001153, 0.000159], [0.067943, 0.049021, 0.017459, 0.00401, 0.000648, 9.7e-05], [0.016291, 0.013277, 0.00518, 0.001251, 0.000243, 4.4e-05], [0.002825, 0.002566, 0.001084, 0.000297, 6.7e-05, 1.6e-05], [0.000487, 0.000448, 0.000235, 6.3e-05, 1.5e-05, 0.0]], "Santos / SP": [[0.205662, 0.08873, 0.019092, 0.002747, 0.000274, 2.9e-05], [0.227288, 0.10681, 0.025076, 0.003923, 0.00045, 4.7e-05], [0.125107, 0.065089, 0.016459, 0.002761, 0.000311, 3.7e-05], [0.045993, 0.025935, 0.00721, 0.001236, 0.000198, 2.2e-05], [0.012479, 0.007699, 0.002318, 0.000468, 6.3e-05, 1e-05], [0.003306, 0.002226, 0.000759, 0.000165, 2e-05, 1e-06]]}, "Palmeiras / SP": {"Botafogo / RJ": [[0.173042, 0.111822, 0.036101, 0.007772, 0.001234, 0.000181], [0.179819, 0.12796, 0.045223, 0.010739, 0.001804, 0.000271], [0.093173, 0.072996, 0.027959, 0.007138, 0.001313, 0.000197], [0.032146, 0.027386, 0.01136, 0.003149, 0.000623, 0.000118], [0.008405, 0.007589, 0.00344, 0.00104, 0.000262, 4.3e-05], [0.002055, 0.002104, 0.00108, 0.000365, 7.7e-05, 1.4e-05]], "Sport / PE": [[0.045753, 0.036806, 0.014792, 0.003918, 0.000864, 0.000137], [0.103587, 0.08425, 0.033893, 0.008972, 0.001785, 0.000347], [0.118616, 0.095407, 0.038881, 0.010373, 0.002054, 0.000373], [0.090052, 0.073158, 0.029292, 0.007678, 0.00164, 0.00029], [0.051517, 0.041834, 0.016684, 0.004383, 0.000916, 0.000172], [0.036355, 0.029495, 0.011792, 0.00319, 0.000617, 0.000127]]}, "Corinthians / SP": {"Fluminense / RJ": [[0.095991, 0.065605, 0.022635, 0.005234, 0.0009, 0.000128], [0.144569, 0.113433, 0.044169, 0.011292, 0.002158, 0.000372], [0.106192, 0.09763, 0.043186, 0.012089, 0.002543, 0.000463], [0.051882, 0.054975, 0.027076, 0.008594, 0.001969, 0.000426], [0.018679, 0.022641, 0.012656, 0.004473, 0.001149, 0.000283], [0.006877, 0.009779, 0.006304, 0.002665, 0.000768, 0.000215]], "Atl\u00e9tico / MG": [[0.126439, 0.103062, 0.042382, 0.01151, 0.002369, 0.000451], [0.14703, 0.130737, 0.058302, 0.017443, 0.003644, 0.000712], [0.085509, 0.082963, 0.040009, 0.012466, 0.002928, 0.000647], [0.032782, 0.034442, 0.018078, 0.006097, 0.00158, 0.000377], [0.00932, 0.010754, 0.005983, 0.002208, 0.000559, 0.000155], [0.002649, 0.003451, 0.001946, 0.000755, 0.000219, 4.2e-05]]}, "Cruzeiro / MG": {"Ava\u00ed / SC": [[0.144492, 0.060517, 0.012605, 0.001811, 0.000187, 1.2e-05], [0.213264, 0.09482, 0.0211, 0.002933, 0.000348, 3e-05], [0.15624, 0.075002, 0.017643, 0.002854, 0.000298, 3e-05], [0.076548, 0.039926, 0.00999, 0.001703, 0.00019, 2e-05], [0.027417, 0.015575, 0.004391, 0.000745, 9.6e-05, 1.3e-05], [0.010422, 0.006388, 0.001929, 0.000393, 6e-05, 8e-06]], "Vasco da Gama / RJ": [[0.137678, 0.081289, 0.024455, 0.004908, 0.000709, 9.1e-05], [0.171487, 0.121281, 0.04163, 0.009231, 0.001557, 0.000212], [0.106671, 0.088762, 0.034801, 0.00894, 0.001636, 0.00025], [0.043666, 0.04191, 0.019448, 0.0055, 0.001104, 0.000201], [0.013062, 0.014642, 0.007768, 0.002497, 0.000551, 0.000137], [0.003906, 0.005204, 0.003126, 0.001301, 0.000316, 7.3e-05]]}, "Coritiba / PR": {"Flamengo / RJ": [[0.159649, 0.114498, 0.040889, 0.009949, 0.001855, 0.00029], [0.165156, 0.131405, 0.052149, 0.013479, 0.002686, 0.000453], [0.085605, 0.074951, 0.032339, 0.009088, 0.001977, 0.000368], [0.029606, 0.028316, 0.01321, 0.00393, 0.000905, 0.000159], [0.007666, 0.007809, 0.004025, 0.001272, 0.000284, 7.5e-05], [0.001957, 0.002235, 0.001186, 0.000433, 0.00011, 3.6e-05]], "S\u00e3o Paulo / SP": [[0.123966, 0.086334, 0.030306, 0.006913, 0.00126, 0.000178], [0.151248, 0.126767, 0.051822, 0.013844, 0.002754, 0.00049], [0.091677, 0.090064, 0.042544, 0.012807, 0.002883, 0.000581], [0.036427, 0.042038, 0.022753, 0.007668, 0.001881, 0.000456], [0.010889, 0.0144, 0.008767, 0.003431, 0.000934, 0.000277], [0.003176, 0.00486, 0.003454, 0.001525, 0.000485, 0.000141]]}, "Gr\u00eamio / RS": {"S\u00e3o Paulo / SP": [[0.09404, 0.050992, 0.013877, 0.002442, 0.000329, 3.3e-05], [0.161675, 0.096988, 0.029023, 0.005763, 0.000804, 0.000127], [0.135496, 0.094033, 0.031286, 0.006722, 0.001009, 0.000162], [0.074557, 0.059516, 0.022423, 0.005408, 0.000965, 0.000163], [0.030222, 0.027681, 0.01216, 0.003258, 0.000655, 0.000105], [0.012978, 0.014278, 0.007623, 0.002526, 0.000573, 0.000108]], "Atl\u00e9tico / GO": [[0.070018, 0.044157, 0.01366, 0.002841, 0.00043, 6.6e-05], [0.138438, 0.091098, 0.029985, 0.006478, 0.001058, 0.00019], [0.135541, 0.093726, 0.032287, 0.007329, 0.001295, 0.000165], [0.087939, 0.064925, 0.023604, 0.00564, 0.001042, 0.000136], [0.042621, 0.033129, 0.012964, 0.003311, 0.000633, 0.000108], [0.023721, 0.020058, 0.008493, 0.002321, 0.000507, 8.6e-05]]}, "Bahia / BA": {"Santos / SP": [[0.124905, 0.090958, 0.032705, 0.007844, 0.00145, 0.000224], [0.156831, 0.126368, 0.05025, 0.013357, 0.002611, 0.00046], [0.097813, 0.087019, 0.038178, 0.010618, 0.002265, 0.000461], [0.04071, 0.039757, 0.018794, 0.005979, 0.001352, 0.000272], [0.012669, 0.013529, 0.006909, 0.002445, 0.000593, 0.000116], [0.003966, 0.004633, 0.002623, 0.000992, 0.000277, 6.7e-05]], "Chapecoense / SC": [[0.031592, 0.040007, 0.025627, 0.010596, 0.003273, 0.001151], [0.066434, 0.086833, 0.056565, 0.024283, 0.007869, 0.002644], [0.07077, 0.094841, 0.063028, 0.02793, 0.009235, 0.003163], [0.049756, 0.068249, 0.046742, 0.021333, 0.00742, 0.002479], [0.026039, 0.036846, 0.02586, 0.012079, 0.004237, 0.001504], [0.016424, 0.0245, 0.017734, 0.008598, 0.003178, 0.001181]]}, "Ponte Preta / SP": {"Athletico Paranaense / PR": [[0.146543, 0.119771, 0.049315, 0.013459, 0.002672, 0.000507], [0.158984, 0.132491, 0.054931, 0.015359, 0.003182, 0.000604], [0.086481, 0.073555, 0.031103, 0.008714, 0.001829, 0.000358], [0.031317, 0.027046, 0.011579, 0.00331, 0.000711, 0.000139], [0.008529, 0.007434, 0.003295, 0.000979, 0.000197, 4.7e-05], [0.002329, 0.001983, 0.000909, 0.000274, 5.2e-05, 1.2e-05]], "Vit\u00f3ria / BA": [[0.077502, 0.097685, 0.060809, 0.02569, 0.008115, 0.002459], [0.090937, 0.124051, 0.08417, 0.037892, 0.0128, 0.004376], [0.053073, 0.078589, 0.057157, 0.027798, 0.009998, 0.003719], [0.020689, 0.033067, 0.025673, 0.013491, 0.005006, 0.001978], [0.005909, 0.010378, 0.008654, 0.004752, 0.002, 0.000845], [0.001765, 0.003198, 0.002937, 0.001709, 0.000767, 0.000362]]}, "Ava\u00ed / SC": {"Palmeiras / SP": [[0.105797, 0.160901, 0.122092, 0.062135, 0.023897, 0.009576], [0.075987, 0.116033, 0.088915, 0.045519, 0.017344, 0.006914], [0.027702, 0.042223, 0.032294, 0.016573, 0.006282, 0.002534], [0.006728, 0.010185, 0.00773, 0.003975, 0.001558, 0.000619], [0.001238, 0.001837, 0.001423, 0.000669, 0.000275, 0.000133], [0.000174, 0.000308, 0.000248, 0.00013, 4.1e-05, 1.1e-05]], "Athletico Paranaense / PR": [[0.224197, 0.204877, 0.093492, 0.028379, 0.006419, 0.001452], [0.12775, 0.119244, 0.055772, 0.017147, 0.004063, 0.000912], [0.036734, 0.03486, 0.016434, 0.005288, 0.001196, 0.0003], [0.007047, 0.006771, 0.003347, 0.000991, 0.00029, 5.9e-05], [0.001022, 0.000944, 0.000457, 0.000158, 3.2e-05, 8e-06], [0.000118, 0.000152, 6.4e-05, 2e-05, 4e-06, 0.0]]},