{"Flamengo / RJ": {"Cear\u00e1 / CE": [[0.084442, 0.059115, 0.020601, 0.004842, 0.000841, 0.000152], [0.150598, 0.1045, 0.036731, 0.008415, 0.001431, 0.000237], [0.132637, 0.093048, 0.032461, 0.007678, 0.001327, 0.000215], [0.07874, 0.054477, 0.018945, 0.004416, 0.000755, 0.000108], [0.034236, 0.024152, 0.008428, 0.001981, 0.000344, 5.8e-05], [0.016998, 0.011737, 0.004208, 0.000944, 0.000183, 1.9e-05]], "Santos / SP": [[0.070951, 0.041422, 0.012113, 0.00235, 0.000356, 4.4e-05], [0.147225, 0.084858, 0.024833, 0.004826, 0.000717, 8.8e-05], [0.150786, 0.087824, 0.025743, 0.004956, 0.000723, 0.000101], [0.103556, 0.060382, 0.017506, 0.003365, 0.000474, 7.6e-05], [0.053855, 0.031548, 0.008958, 0.001798, 0.000272, 2.3e-05], [0.032513, 0.018906, 0.005544, 0.001122, 0.000162, 2.4e-05]]}, "Corinthians / SP": {"Athletico Paranaense / PR": [[0.086753, 0.088858, 0.045889, 0.015444, 0.003919, 0.000974], [0.12284, 0.126398, 0.064262, 0.022322, 0.005468, 0.001358], [0.087638, 0.089672, 0.046105, 0.015492, 0.00416, 0.001008], [0.041297, 0.042153, 0.021569, 0.007527, 0.001872, 0.000481], [0.014978, 0.015213, 0.007557, 0.002647, 0.000717, 0.000182], [0.00551, 0.005617, 0.00281, 0.000974, 0.000283, 5.3e-05]], "Gr\u00eamio / RS": [[0.07857, 0.06313, 0.024992, 0.006723, 0.001319, 0.000251], [0.13734, 0.109504, 0.043955, 0.011703, 0.002306, 0.000464], [0.119302, 0.095637, 0.038175, 0.010219, 0.002075, 0.000359], [0.06935, 0.055277, 0.022324, 0.005958, 0.001088, 0.000232], [0.030285, 0.024141, 0.009685, 0.00266, 0.00049, 9.5e-05], [0.014624, 0.011604, 0.004677, 0.001205, 0.00023, 5.1e-05]]}, "S\u00e3o Paulo / SP": {"Sport / PE": [[0.292368, 0.145745, 0.035997, 0.005662, 0.000765, 0.0001], [0.214405, 0.106655, 0.026121, 0.004341, 0.000553, 7e-05], [0.078536, 0.039008, 0.009702, 0.001565, 0.000218, 2.1e-05], [0.019126, 0.009542, 0.002376, 0.000372, 5.1e-05, 4e-06], [0.00356, 0.001678, 0.000452, 7.5e-05, 5e-06, 0.0], [0.000578, 0.000273, 6.2e-05, 1.4e-05, 0.0, 0.0]], "Juventude / RS": [[0.193878, 0.149604, 0.057688, 0.014823, 0.002855, 0.000465], [0.168637, 0.129847, 0.050261, 0.012839, 0.002497, 0.000413], [0.073105, 0.056578, 0.021821, 0.005446, 0.001091, 0.000208], [0.021057, 0.016444, 0.006308, 0.001663, 0.000316, 5.2e-05], [0.004634, 0.003615, 0.001386, 0.000376, 5.9e-05, 1.2e-05], [0.0009, 0.000746, 0.000286, 7.6e-05, 1.2e-05, 2e-06]]}, "Atl\u00e9tico Mineiro / MG": {"Fluminense / RJ": [[0.085536, 0.036554, 0.007601, 0.00107, 0.000127, 8e-06], [0.174404, 0.074322, 0.015547, 0.002194, 0.000219, 2.3e-05], [0.176593, 0.074858, 0.016043, 0.00221, 0.000244, 2.4e-05], [0.119989, 0.050504, 0.011033, 0.001575, 0.000165, 1.8e-05], [0.061178, 0.025857, 0.005654, 0.000791, 8.2e-05, 1e-05], [0.036312, 0.015439, 0.003259, 0.000484, 6.7e-05, 6e-06]], "Red Bull Bragantino / SP": [[0.05588, 0.041517, 0.015654, 0.003819, 0.000699, 0.000123], [0.119292, 0.089575, 0.033676, 0.008436, 0.00158, 0.000246], [0.127854, 0.095517, 0.035799, 0.008882, 0.001622, 0.00028], [0.090946, 0.067913, 0.025157, 0.006304, 0.001235, 0.000163], [0.048518, 0.035946, 0.013713, 0.003346, 0.000618, 9.5e-05], [0.031134, 0.023072, 0.008785, 0.002119, 0.000395, 9e-05]]}, "Internacional / RS": {"Santos / SP": [[0.066974, 0.052866, 0.020596, 0.005424, 0.001102, 0.000188], [0.128442, 0.100847, 0.03969, 0.010339, 0.001967, 0.000382], [0.123343, 0.096961, 0.038274, 0.009914, 0.001933, 0.000333], [0.078574, 0.061588, 0.024303, 0.006369, 0.001219, 0.000239], [0.037449, 0.029773, 0.011707, 0.003013, 0.000594, 0.000129], [0.020624, 0.016235, 0.006543, 0.00166, 0.000351, 5.5e-05]], "Atl\u00e9tico / GO": [[0.088547, 0.079736, 0.036329, 0.010953, 0.00247, 0.000515], [0.134418, 0.121812, 0.054993, 0.016705, 0.003824, 0.000783], [0.102619, 0.092504, 0.041998, 0.012684, 0.002855, 0.000615], [0.051248, 0.046921, 0.02121, 0.006401, 0.001538, 0.000289], [0.019746, 0.017702, 0.008095, 0.002413, 0.000553, 0.00013], [0.007746, 0.007222, 0.003214, 0.000913, 0.000246, 5.3e-05]]}, "Cear\u00e1 / CE": {"Am\u00e9rica / MG": [[0.087526, 0.073564, 0.031307, 0.00872, 0.001834, 0.000339], [0.139983, 0.11691, 0.049464, 0.014056, 0.002894, 0.000598], [0.111309, 0.093814, 0.03895, 0.01081, 0.002259, 0.000466], [0.059239, 0.049572, 0.020896, 0.006086, 0.001252, 0.000253], [0.023605, 0.019701, 0.00831, 0.002228, 0.000506, 0.000105], [0.010106, 0.008504, 0.003559, 0.000986, 0.000235, 5.4e-05]]}, "Bahia / BA": {"Fluminense / RJ": [[0.108138, 0.101585, 0.047076, 0.014724, 0.003433, 0.000797], [0.139059, 0.130378, 0.060977, 0.018868, 0.004454, 0.001016], [0.090238, 0.084222, 0.039231, 0.012166, 0.002923, 0.000628], [0.038351, 0.036162, 0.01677, 0.005292, 0.001269, 0.000256], [0.012411, 0.011675, 0.005336, 0.001716, 0.000389, 8e-05], [0.004065, 0.003864, 0.001732, 0.00055, 0.000143, 2.6e-05]], "Gr\u00eamio / RS": [[0.072854, 0.071613, 0.034906, 0.011344, 0.002749, 0.000654], [0.120799, 0.116707, 0.057483, 0.018466, 0.004515, 0.001017], [0.097991, 0.09572, 0.046673, 0.015009, 0.003735, 0.000838], [0.053603, 0.052648, 0.025482, 0.008344, 0.001968, 0.000434], [0.02194, 0.021712, 0.010498, 0.003503, 0.000901, 0.000176], [0.00965, 0.009585, 0.004537, 0.001477, 0.00038, 8.9e-05]]}, "Athletico Paranaense / PR": {"Palmeiras / SP": [[0.070207, 0.119625, 0.102227, 0.058223, 0.024854, 0.011822], [0.06639, 0.113786, 0.09747, 0.055127, 0.023484, 0.011122], [0.031622, 0.053965, 0.046073, 0.026301, 0.01134, 0.005265], [0.00984, 0.017133, 0.014565, 0.008289, 0.003507, 0.00163], [0.002389, 0.004127, 0.003422, 0.002019, 0.000827, 0.000405], [0.00051, 0.000909, 0.000782, 0.000452, 0.000197, 9.4e-05]]}, "Chapecoense / SC": {"Sport / PE": [[0.164345, 0.174031, 0.092511, 0.032664, 0.008752, 0.002253], [0.122261, 0.129881, 0.068778, 0.024302, 0.006474, 0.001594], [0.045568, 0.048188, 0.02604, 0.009165, 0.002406, 0.000663], [0.011417, 0.012068, 0.00646, 0.002294, 0.000622, 0.000156], [0.002057, 0.002234, 0.001199, 0.000422, 9.8e-05, 3.6e-05], [0.000382, 0.000368, 0.000215, 7.1e-05, 2.2e-05, 3e-06]], "Atl\u00e9tico / GO": [[0.114684, 0.163323, 0.116219, 0.054798, 0.01935, 0.007058], [0.085364, 0.121329, 0.08598, 0.040635, 0.014618, 0.005327], [0.032008, 0.04482, 0.032251, 0.015274, 0.005453, 0.002028], [0.007943, 0.011033, 0.007805, 0.003759, 0.001319, 0.000518], [0.001511, 0.002046, 0.001496, 0.000699, 0.000241, 0.000106], [0.000262, 0.000345, 0.000236, 0.000114, 3.5e-05, 1.3e-05]]}, "Cuiab\u00e1 / MT": {"Palmeiras / SP": [[0.117336, 0.169733, 0.124129, 0.059875, 0.021922, 0.008143], [0.080851, 0.117995, 0.085592, 0.041394, 0.01494, 0.005897], [0.027766, 0.040324, 0.029503, 0.014409, 0.005154, 0.001966], [0.006309, 0.009473, 0.006835, 0.003308, 0.001238, 0.000461], [0.001122, 0.001623, 0.00113, 0.000571, 0.000216, 8.4e-05], [0.000161, 0.000231, 0.000186, 7.5e-05, 3e-05, 1.8e-05]], "Fortaleza / CE": [[0.124758, 0.134495, 0.072711, 0.026161, 0.006997, 0.001896], [0.125684, 0.135174, 0.072672, 0.026295, 0.007018, 0.001787], [0.062375, 0.067591, 0.036418, 0.013069, 0.003389, 0.000924], [0.020949, 0.022478, 0.012035, 0.004474, 0.001215, 0.000304], [0.005288, 0.005634, 0.002998, 0.001142, 0.000302, 8.1e-05], [0.001191, 0.0014, 0.000755, 0.000249, 7.5e-05, 1.6e-05]]}, "Fluminense / RJ": {"Chapecoense / SC": [[0.102388, 0.065166, 0.021059, 0.004461, 0.000696, 0.000109], [0.167458, 0.107721, 0.034521, 0.007226, 0.001181, 0.000174], [0.137122, 0.088138, 0.028171, 0.006144, 0.001053, 0.000139], [0.075094, 0.048263, 0.015365, 0.003322, 0.000521, 7.6e-05], [0.030888, 0.019668, 0.006352, 0.001345, 0.000205, 4.4e-05], [0.013822, 0.008588, 0.002828, 0.000587, 9.4e-05, 1.1e-05]]}, "Palmeiras / SP": {"Cear\u00e1 / CE": [[0.045321, 0.05816, 0.037088, 0.015953, 0.005083, 0.001606], [0.082131, 0.104967, 0.06762, 0.028533, 0.009421, 0.002998], [0.073989, 0.095504, 0.061369, 0.026343, 0.008351, 0.002633], [0.044726, 0.057365, 0.036977, 0.016062, 0.005048, 0.001553], [0.020414, 0.026352, 0.016586, 0.007267, 0.002319, 0.00076], [0.010507, 0.013276, 0.008495, 0.003672, 0.001197, 0.000354]]},