{"Atl\u00e9tico / MG": {"Botafogo / RJ": [[0.08735, 0.063938, 0.023254, 0.005664, 0.001059, 0.000173], [0.134579, 0.113001, 0.046577, 0.012869, 0.002499, 0.000465], [0.101338, 0.098762, 0.04598, 0.014085, 0.003093, 0.000644], [0.051042, 0.056294, 0.029729, 0.010082, 0.002476, 0.000532], [0.018884, 0.023886, 0.014075, 0.005334, 0.001438, 0.000358], [0.007408, 0.010919, 0.007476, 0.003367, 0.001053, 0.000317]]}, "Paran\u00e1 / PR": {"Internacional / RS": [[0.143072, 0.202005, 0.141334, 0.065904, 0.022849, 0.008342], [0.069171, 0.105113, 0.079171, 0.039653, 0.015157, 0.006005], [0.017018, 0.027121, 0.021867, 0.011878, 0.004847, 0.002061], [0.002798, 0.004699, 0.003862, 0.002325, 0.001024, 0.000447], [0.000324, 0.000559, 0.000567, 0.000331, 0.000149, 8.8e-05], [4.1e-05, 6.9e-05, 7.5e-05, 4.1e-05, 1.8e-05, 1.5e-05]]}, "Chapecoense / SC": {"S\u00e3o Paulo / SP": [[0.088949, 0.102197, 0.058618, 0.022507, 0.006372, 0.001777], [0.090569, 0.126617, 0.085561, 0.037997, 0.012439, 0.003934], [0.045857, 0.075563, 0.059278, 0.03007, 0.011103, 0.004116], [0.015674, 0.029427, 0.026832, 0.01534, 0.006353, 0.002618], [0.00383, 0.00867, 0.008728, 0.005454, 0.002546, 0.001248], [0.000971, 0.002346, 0.002796, 0.001955, 0.001067, 0.000621]]}, "Bahia / BA": {"Cruzeiro / MG": [[0.168125, 0.089222, 0.023297, 0.004101, 0.00054, 6.3e-05], [0.201937, 0.115806, 0.032931, 0.006215, 0.000854, 0.000127], [0.120366, 0.075481, 0.022939, 0.004688, 0.000629, 9.1e-05], [0.047738, 0.032516, 0.01085, 0.002344, 0.000392, 6.8e-05], [0.014127, 0.010521, 0.00375, 0.00089, 0.000155, 2.6e-05], [0.004172, 0.003237, 0.001367, 0.000357, 6.5e-05, 1.3e-05]]}, "Fluminense / RJ": {"Am\u00e9rica / MG": [[0.259817, 0.109322, 0.022837, 0.003103, 0.000328, 3.4e-05], [0.220571, 0.113407, 0.028402, 0.004522, 0.000534, 6.2e-05], [0.092046, 0.057286, 0.0166, 0.003147, 0.000434, 4.9e-05], [0.026063, 0.018766, 0.006347, 0.001355, 0.00021, 2.5e-05], [0.005295, 0.004505, 0.001733, 0.000419, 7.7e-05, 8e-06], [0.00106, 0.00098, 0.000501, 0.000129, 1.8e-05, 8e-06]]}, "Flamengo / RJ": {"Athletico Paranaense / PR": [[0.192728, 0.032859, 0.00281, 0.00013, 6e-06, 0.0], [0.283527, 0.050038, 0.00447, 0.000249, 1.3e-05, 0.0], [0.204602, 0.039876, 0.003721, 0.000252, 1.5e-05, 0.0], [0.098599, 0.02122, 0.002205, 0.000153, 1e-05, 0.0], [0.035365, 0.00872, 0.001047, 9e-05, 4e-06, 1e-06], [0.012869, 0.003863, 0.000511, 4.6e-05, 1e-06, 0.0]]}, "Cear\u00e1 / CE": {"Vasco da Gama / RJ": [[0.167042, 0.099061, 0.029113, 0.00586, 0.00091, 0.000112], [0.189346, 0.122256, 0.039924, 0.008465, 0.001341, 0.000218], [0.10702, 0.075802, 0.026448, 0.00608, 0.00105, 0.000156], [0.04029, 0.031199, 0.01156, 0.002956, 0.000486, 8.7e-05], [0.011257, 0.009371, 0.003714, 0.000974, 0.000193, 2.9e-05], [0.003159, 0.002837, 0.001241, 0.000354, 7.6e-05, 1.3e-05]]}, "Sport / PE": {"Santos / SP": [[0.10822, 0.142195, 0.093579, 0.040209, 0.012999, 0.004157], [0.079264, 0.123281, 0.093831, 0.046185, 0.017365, 0.006405], [0.02864, 0.051878, 0.045348, 0.025829, 0.010747, 0.004837], [0.006832, 0.01431, 0.014304, 0.009047, 0.004213, 0.002181], [0.001358, 0.002869, 0.003257, 0.002339, 0.001163, 0.000729], [0.0002, 0.000545, 0.000635, 0.000508, 0.000308, 0.000233]]}, "Palmeiras / SP": {"Vit\u00f3ria / BA": [[0.041954, 0.015499, 0.00282, 0.000339, 3.3e-05, 1e-06], [0.117566, 0.043444, 0.008212, 0.000992, 9.1e-05, 6e-06], [0.16284, 0.062467, 0.012067, 0.001563, 0.000161, 1.2e-05], [0.148706, 0.059985, 0.011934, 0.001657, 0.000139, 1.1e-05], [0.101039, 0.043791, 0.009333, 0.001323, 0.000129, 1.6e-05], [0.092954, 0.045917, 0.011026, 0.001734, 0.00022, 1.9e-05]]}, "Gr\u00eamio / RS": {"Corinthians / SP": [[0.108441, 0.050494, 0.011684, 0.001836, 0.000195, 2.1e-05], [0.185795, 0.091445, 0.022416, 0.003669, 0.000421, 5e-05], [0.157366, 0.082761, 0.02139, 0.003608, 0.000501, 4.2e-05], [0.089054, 0.050269, 0.013789, 0.002642, 0.000354, 4e-05], [0.037277, 0.022813, 0.006627, 0.001332, 0.000196, 3.5e-05], [0.017166, 0.011466, 0.00384, 0.000829, 0.000122, 1.4e-05]]}}