{"Gr\u00eamio / RS": {"Cruzeiro / MG": [[0.103498, 0.045538, 0.009883, 0.001403, 0.000154, 1.8e-05], [0.182424, 0.087072, 0.020345, 0.003103, 0.000365, 4.4e-05], [0.156793, 0.085636, 0.022764, 0.003766, 0.000475, 5.3e-05], [0.086564, 0.055991, 0.017185, 0.003259, 0.000426, 5.6e-05], [0.035586, 0.027338, 0.009483, 0.002097, 0.000347, 4.5e-05], [0.015591, 0.014299, 0.006349, 0.001709, 0.000289, 5.2e-05]]}, "Atl\u00e9tico / MG": {"Botafogo / RJ": [[0.127208, 0.090037, 0.031387, 0.007475, 0.001391, 0.000235], [0.16294, 0.124785, 0.047602, 0.011911, 0.002344, 0.000421], [0.103961, 0.085663, 0.035302, 0.00952, 0.001968, 0.000372], [0.043673, 0.039235, 0.017537, 0.005027, 0.00105, 0.000227], [0.013934, 0.013408, 0.006332, 0.001946, 0.000468, 8.3e-05], [0.00448, 0.004747, 0.002332, 0.000783, 0.000174, 4.2e-05]]}, "Cear\u00e1 / CE": {"Corinthians / SP": [[0.201941, 0.140937, 0.049181, 0.011591, 0.002044, 0.000301], [0.164716, 0.132646, 0.052432, 0.013767, 0.002685, 0.000463], [0.067037, 0.060594, 0.027166, 0.007823, 0.001693, 0.000335], [0.018141, 0.018326, 0.009195, 0.002894, 0.00065, 0.000136], [0.003652, 0.004144, 0.002224, 0.000757, 0.0002, 3.7e-05], [0.000695, 0.000841, 0.000488, 0.00019, 6.3e-05, 1.5e-05]]}, "Palmeiras / SP": {"Goi\u00e1s / GO": [[0.057269, 0.034673, 0.01068, 0.002214, 0.000325, 4e-05], [0.125177, 0.080405, 0.025332, 0.005538, 0.000858, 0.000108], [0.136736, 0.092143, 0.030196, 0.006591, 0.001062, 0.000149], [0.098959, 0.069817, 0.024931, 0.005596, 0.000957, 0.00015], [0.053064, 0.039905, 0.014729, 0.00353, 0.000684, 0.000103], [0.034789, 0.028078, 0.011527, 0.002976, 0.000602, 0.000107]]}, "S\u00e3o Paulo / SP": {"Internacional / RS": [[0.22011, 0.112523, 0.028714, 0.005001, 0.000644, 8.6e-05], [0.208064, 0.118289, 0.033556, 0.006218, 0.000848, 0.000103], [0.098799, 0.062183, 0.019372, 0.003936, 0.000592, 8e-05], [0.030885, 0.021404, 0.007344, 0.001618, 0.000253, 3.6e-05], [0.00731, 0.005555, 0.00205, 0.000544, 9.6e-05, 1.4e-05], [0.00171, 0.001319, 0.000585, 0.000126, 3e-05, 3e-06]]}, "Flamengo / RJ": {"Ava\u00ed / SC": [[0.033024, 0.006683, 0.000659, 4.8e-05, 0.0, 0.0], [0.105605, 0.021609, 0.00225, 0.000143, 4e-06, 0.0], [0.16748, 0.035501, 0.003864, 0.00025, 2.1e-05, 2e-06], [0.176446, 0.040696, 0.004782, 0.000375, 2.3e-05, 1e-06], [0.137326, 0.036501, 0.004603, 0.000376, 1.3e-05, 0.0], [0.155046, 0.056495, 0.009172, 0.000922, 7.5e-05, 5e-06]]}, "Fluminense / RJ": {"Fortaleza / CE": [[0.082655, 0.094102, 0.052801, 0.020169, 0.005632, 0.001604], [0.099147, 0.125878, 0.078798, 0.032458, 0.010013, 0.003052], [0.058573, 0.08326, 0.057237, 0.026153, 0.008768, 0.002973], [0.023327, 0.036303, 0.027502, 0.013456, 0.004909, 0.001805], [0.006942, 0.01176, 0.009755, 0.005295, 0.001975, 0.000819], [0.002127, 0.003846, 0.003569, 0.00204, 0.000896, 0.000401]]}, "Chapecoense / SC": {"CSA / AL": [[0.182932, 0.092808, 0.023648, 0.003894, 0.000503, 5.2e-05], [0.207642, 0.115077, 0.031595, 0.005754, 0.000769, 8.5e-05], [0.118348, 0.07135, 0.021377, 0.004135, 0.000591, 7.8e-05], [0.04459, 0.029608, 0.009556, 0.002022, 0.000319, 4.5e-05], [0.012668, 0.009018, 0.003089, 0.000716, 0.000141, 1.5e-05], [0.003498, 0.002659, 0.001096, 0.000258, 5.5e-05, 9e-06]]}, "Bahia / BA": {"Vasco da Gama / RJ": [[0.113346, 0.087827, 0.034123, 0.008774, 0.001761, 0.00031], [0.149299, 0.124788, 0.05246, 0.014387, 0.002897, 0.00059], [0.098503, 0.089241, 0.039478, 0.011852, 0.002585, 0.000516], [0.042977, 0.04209, 0.019873, 0.006358, 0.001456, 0.000288], [0.014032, 0.014647, 0.00758, 0.002575, 0.00065, 0.000142], [0.004807, 0.005367, 0.003001, 0.001052, 0.000279, 8.9e-05]]}, "Athletico Paranaense / PR": {"Santos / SP": [[0.107956, 0.093417, 0.040733, 0.011808, 0.002646, 0.000541], [0.135722, 0.12773, 0.060871, 0.019031, 0.004568, 0.000945], [0.085446, 0.087541, 0.044547, 0.014925, 0.003736, 0.000825], [0.035889, 0.039761, 0.021632, 0.007695, 0.002029, 0.000521], [0.011409, 0.013486, 0.007651, 0.002979, 0.000814, 0.000244], [0.003696, 0.004667, 0.002827, 0.001219, 0.000382, 0.000111]]}, "Internacional / RS": {"Atl\u00e9tico / MG": [[0.11391, 0.083234, 0.03031, 0.007285, 0.001379, 0.000223], [0.154904, 0.123219, 0.048437, 0.012465, 0.002315, 0.000457], [0.105421, 0.089754, 0.037565, 0.010305, 0.00214, 0.00039], [0.047629, 0.043497, 0.019465, 0.005841, 0.001223, 0.000243], [0.016101, 0.015894, 0.00751, 0.002368, 0.000544, 0.000109], [0.005504, 0.005931, 0.003024, 0.001095, 0.000247, 6.2e-05]]}, "Cruzeiro / MG": {"Palmeiras / SP": [[0.141556, 0.166456, 0.097801, 0.038673, 0.011136, 0.00318], [0.098962, 0.127164, 0.081642, 0.034837, 0.011082, 0.003467], [0.034806, 0.048807, 0.033689, 0.015399, 0.005239, 0.001738], [0.008008, 0.012345, 0.009024, 0.004505, 0.001735, 0.000591], [0.001395, 0.002193, 0.001815, 0.000905, 0.000377, 0.000156], [0.000236, 0.000375, 0.000358, 0.000223, 9.1e-05, 3.4e-05]]}, "Fortaleza / CE": {"Bahia / BA": [[0.086984, 0.078049, 0.03522, 0.01036, 0.002343, 0.000477], [0.114934, 0.122012, 0.063564, 0.021195, 0.005301, 0.001312], [0.076001, 0.094438, 0.05589, 0.02146, 0.006058, 0.00157], [0.033165, 0.04695, 0.03174, 0.013621, 0.004179, 0.001238], [0.010843, 0.017676, 0.013286, 0.006369, 0.002183, 0.000691], [0.003656, 0.00653, 0.005791, 0.003125, 0.001291, 0.000498]]}, "Corinthians / SP": {"Fluminense / RJ": [[0.161669, 0.083691, 0.021642, 0.003768, 0.000457, 5.2e-05], [0.199118, 0.115051, 0.032751, 0.006096, 0.000879, 0.000107], [0.122019, 0.078404, 0.024464, 0.004999, 0.00078, 9.9e-05], [0.049555, 0.035219, 0.012203, 0.002836, 0.000462, 7.8e-05], [0.015057, 0.011829, 0.004535, 0.001141, 0.000201, 3.8e-05], [0.004475, 0.003999, 0.001727, 0.00048, 0.000106, 1.3e-05]]}, "Santos / SP": {"Flamengo / RJ": [[0.062895, 0.082849, 0.054622, 0.023717, 0.007691, 0.002627], [0.072905, 0.114186, 0.087319, 0.043478, 0.016259, 0.006091], [0.042114, 0.077142, 0.067054, 0.03803, 0.015835, 0.006729], [0.016165, 0.033738, 0.033295, 0.021009, 0.009694, 0.004839], [0.004684, 0.010989, 0.012051, 0.008555, 0.004401, 0.002511], [0.001357, 0.003704, 0.004441, 0.003535, 0.002067, 0.001422]]}, "Vasco da Gama / RJ": {"Chapecoense / SC": [[0.115815, 0.080857, 0.028017, 0.00661, 0.001135, 0.000176], [0.169152, 0.117413, 0.040881, 0.0094, 0.001622, 0.000254], [0.123707, 0.085665, 0.029984, 0.006964, 0.001191, 0.000207], [0.059702, 0.041892, 0.014581, 0.003401, 0.000597, 9.6e-05], [0.021736, 0.01527, 0.00533, 0.00122, 0.000211, 3.7e-05], [0.008425, 0.005931, 0.002008, 0.00042, 8.5e-05, 8e-06]]}, "Botafogo / RJ": {"Cear\u00e1 / CE": [[0.193414, 0.131485, 0.0453, 0.010169, 0.001734, 0.000289], [0.169205, 0.131559, 0.05028, 0.012537, 0.002356, 0.000416], [0.074232, 0.065324, 0.02782, 0.007583, 0.001536, 0.000301], [0.022002, 0.021578, 0.010061, 0.003015, 0.000698, 0.000148], [0.004691, 0.005195, 0.002746, 0.0009, 0.000218, 4.9e-05], [0.00099, 0.001182, 0.000641, 0.000253, 7.6e-05, 1.7e-05]]}, "Ava\u00ed / SC": {"Athletico Paranaense / PR": [[0.100468, 0.172055, 0.146451, 0.083004, 0.034838, 0.016148], [0.05395, 0.097291, 0.087519, 0.052892, 0.023902, 0.012172], [0.014314, 0.027366, 0.026198, 0.016659, 0.007995, 0.004528], [0.002525, 0.005063, 0.005123, 0.003446, 0.001742, 0.001099], [0.000352, 0.000743, 0.000719, 0.000511, 0.000341, 0.000198], [3.5e-05, 8.6e-05, 0.000103, 7.8e-05, 4.7e-05, 3.9e-05]]}, "Goi\u00e1s / GO": {"Gr\u00eamio / RS": [[0.040842, 0.080219, 0.07774, 0.049961, 0.023934, 0.0128], [0.041251, 0.089801, 0.097113, 0.069978, 0.037018, 0.02277], [0.020231, 0.049669, 0.059799, 0.04724, 0.027416, 0.019509], [0.00685, 0.018236, 0.023861, 0.020495, 0.013311, 0.010757], [0.001671, 0.005006, 0.007253, 0.00672, 0.00476, 0.004373], [0.000398, 0.001301, 0.002086, 0.002183, 0.001649, 0.001799]]},