{"Atl\u00e9tico Mineiro / MG": {"Cuiab\u00e1 / MT": [[0.219878, 0.121362, 0.033593, 0.006139, 0.000819, 0.000107], [0.181085, 0.129955, 0.044338, 0.009956, 0.001592, 0.000253], [0.074565, 0.066867, 0.02726, 0.00709, 0.001325, 0.000222], [0.020362, 0.022014, 0.010597, 0.003078, 0.000729, 0.000139], [0.004129, 0.005208, 0.002843, 0.001044, 0.000271, 5.6e-05], [0.000816, 0.001104, 0.000782, 0.00032, 8e-05, 2.2e-05]]}, "Fluminense / RJ": {"Goi\u00e1s / GO": [[0.065838, 0.063511, 0.030791, 0.009898, 0.002316, 0.000549], [0.10566, 0.112263, 0.059196, 0.02047, 0.005297, 0.001303], [0.08494, 0.097763, 0.055429, 0.020879, 0.005755, 0.001467], [0.04497, 0.056314, 0.034683, 0.01375, 0.004187, 0.001221], [0.018075, 0.024299, 0.016185, 0.006839, 0.002195, 0.000648], [0.007673, 0.011316, 0.008485, 0.003967, 0.001383, 0.000485]]}, "S\u00e3o Paulo / SP": {"Internacional / RS": [[0.103247, 0.12616, 0.076328, 0.031081, 0.009288, 0.002747], [0.086647, 0.127904, 0.091031, 0.04255, 0.014612, 0.004859], [0.036808, 0.062666, 0.051675, 0.027559, 0.010563, 0.004199], [0.010341, 0.020026, 0.018926, 0.011338, 0.004861, 0.002279], [0.002205, 0.004711, 0.00503, 0.00329, 0.001592, 0.000824], [0.000448, 0.001031, 0.001363, 0.000944, 0.000561, 0.000306]]}, "Palmeiras / SP": {"Am\u00e9rica / MG": [[0.121921, 0.072031, 0.021168, 0.004108, 0.000589, 9.7e-05], [0.184841, 0.10869, 0.032059, 0.006297, 0.000937, 0.000116], [0.139944, 0.082614, 0.024259, 0.004726, 0.000715, 7.9e-05], [0.070735, 0.042186, 0.011971, 0.002394, 0.000309, 3.5e-05], [0.026685, 0.01578, 0.004637, 0.000916, 0.000119, 1.7e-05], [0.010479, 0.006281, 0.001858, 0.000341, 5.7e-05, 9e-06]]}, "Botafogo / RJ": {"Santos / SP": [[0.147198, 0.150311, 0.077356, 0.026312, 0.006677, 0.001669], [0.117225, 0.134101, 0.075332, 0.028361, 0.007901, 0.002115], [0.047363, 0.059032, 0.036488, 0.014831, 0.004338, 0.001335], [0.012824, 0.017324, 0.011541, 0.005081, 0.001556, 0.000507], [0.002548, 0.003804, 0.002718, 0.001256, 0.000436, 0.000184], [0.000458, 0.000745, 0.000589, 0.000315, 0.000119, 5e-05]]}, "Juventude / RS": {"Flamengo / RJ": [[0.054082, 0.125572, 0.14466, 0.109831, 0.062994, 0.043667], [0.030178, 0.071727, 0.086328, 0.069873, 0.041717, 0.032062], [0.008333, 0.020708, 0.025987, 0.021785, 0.01395, 0.011765], [0.001595, 0.003982, 0.00505, 0.004606, 0.003042, 0.002786], [0.000218, 0.000612, 0.00076, 0.000724, 0.000473, 0.000482], [2.7e-05, 6.9e-05, 9.9e-05, 8.9e-05, 8.1e-05, 8.6e-05]]}, "Fortaleza / CE": {"Red Bull Bragantino / SP": [[0.082928, 0.095388, 0.054813, 0.020825, 0.006209, 0.001696], [0.100985, 0.126265, 0.078202, 0.032253, 0.009767, 0.003034], [0.061441, 0.082601, 0.05553, 0.024385, 0.008186, 0.002601], [0.024877, 0.03634, 0.026034, 0.01216, 0.004323, 0.001544], [0.007604, 0.011901, 0.008871, 0.004633, 0.001716, 0.000689], [0.002337, 0.00389, 0.003208, 0.001743, 0.000738, 0.000283]]}, "Atl\u00e9tico / GO": {"Athletico Paranaense / PR": [[0.070978, 0.104742, 0.077161, 0.038156, 0.01389, 0.005509], [0.074522, 0.118258, 0.093777, 0.049101, 0.019285, 0.008008], [0.03925, 0.066917, 0.055723, 0.031205, 0.013017, 0.005878], [0.013689, 0.025187, 0.022397, 0.013372, 0.005728, 0.00279], [0.003674, 0.007139, 0.006641, 0.004023, 0.001964, 0.000941], [0.000918, 0.001931, 0.001978, 0.001257, 0.000611, 0.000383]]}, "Ava\u00ed / SC": {"Cear\u00e1 / CE": [[0.159619, 0.17766, 0.097784, 0.035649, 0.009752, 0.002632], [0.105094, 0.127127, 0.076556, 0.030511, 0.009023, 0.002661], [0.034309, 0.045771, 0.029599, 0.013047, 0.004201, 0.001289], [0.007514, 0.010839, 0.007492, 0.003625, 0.001233, 0.000427], [0.001223, 0.00192, 0.001453, 0.000709, 0.000273, 9.9e-05], [0.000185, 0.000289, 0.000219, 0.000132, 6.1e-05, 2.3e-05]]}, "Coritiba / PR": {"Corinthians / SP": [[0.100502, 0.152521, 0.113985, 0.057842, 0.021698, 0.008657], [0.07964, 0.119475, 0.089678, 0.045321, 0.01722, 0.006729], [0.031231, 0.047025, 0.035416, 0.01786, 0.00677, 0.002683], [0.00812, 0.012296, 0.009432, 0.004684, 0.001786, 0.00073], [0.001571, 0.002528, 0.001868, 0.000935, 0.000314, 0.000122], [0.000291, 0.000457, 0.000328, 0.000191, 7.4e-05, 2e-05]]}, "Am\u00e9rica / MG": {"Atl\u00e9tico / GO": [[0.103889, 0.095099, 0.044076, 0.013645, 0.003115, 0.000657], [0.139896, 0.128401, 0.059342, 0.017951, 0.004209, 0.000918], [0.093833, 0.086868, 0.039512, 0.012097, 0.002802, 0.000598], [0.042136, 0.038966, 0.017773, 0.005458, 0.00126, 0.000254], [0.014005, 0.012933, 0.005886, 0.001855, 0.000432, 9.4e-05], [0.0048, 0.004454, 0.002001, 0.000618, 0.000137, 3e-05]]}, "Flamengo / RJ": {"Ava\u00ed / SC": [[0.054298, 0.037776, 0.013546, 0.003056, 0.000532, 8.7e-05], [0.121038, 0.083939, 0.029433, 0.006895, 0.001236, 0.000187], [0.132601, 0.09342, 0.032807, 0.007641, 0.001375, 0.000216], [0.098223, 0.068145, 0.023914, 0.005559, 0.000954, 0.000156], [0.054136, 0.038196, 0.013218, 0.003063, 0.000519, 9.8e-05], [0.036391, 0.025662, 0.009099, 0.002142, 0.000384, 5.8e-05]]}, "Red Bull Bragantino / SP": {"Fluminense / RJ": [[0.033193, 0.067432, 0.068468, 0.045762, 0.023503, 0.013817], [0.044156, 0.090783, 0.093882, 0.06436, 0.033088, 0.020217], [0.029577, 0.061845, 0.064673, 0.045244, 0.023522, 0.0149], [0.01319, 0.028, 0.029634, 0.021118, 0.010989, 0.00718], [0.00447, 0.009474, 0.010202, 0.00737, 0.003924, 0.002605], [0.001449, 0.003247, 0.003576, 0.002663, 0.001446, 0.001041]]}, "Corinthians / SP": {"Atl\u00e9tico Mineiro / MG": [[0.172024, 0.131917, 0.050259, 0.012796, 0.002434, 0.000395], [0.156619, 0.134553, 0.057109, 0.015546, 0.003303, 0.000633], [0.071777, 0.068065, 0.031397, 0.009673, 0.002257, 0.00046], [0.021427, 0.022356, 0.011359, 0.00387, 0.000913, 0.000187], [0.004941, 0.005606, 0.003044, 0.001115, 0.000272, 6.2e-05], [0.001082, 0.00136, 0.00078, 0.000291, 9.6e-05, 2.2e-05]]}, "Santos / SP": {"Fortaleza / CE": [[0.159424, 0.116115, 0.0418, 0.010294, 0.001837, 0.000302], [0.149647, 0.13634, 0.059307, 0.016721, 0.003457, 0.000677], [0.069368, 0.07692, 0.039614, 0.013041, 0.003114, 0.00071], [0.021846, 0.027793, 0.016798, 0.006406, 0.001777, 0.00041], [0.004953, 0.007479, 0.005232, 0.002234, 0.0007, 0.00021], [0.001101, 0.001844, 0.001462, 0.000703, 0.000261, 0.000103]]}, "Internacional / RS": {"Palmeiras / SP": [[0.131182, 0.157791, 0.095078, 0.038294, 0.011538, 0.00336], [0.097352, 0.128612, 0.084042, 0.036163, 0.011653, 0.003819], [0.036369, 0.051553, 0.036435, 0.017207, 0.005953, 0.002058], [0.008892, 0.014141, 0.010458, 0.00521, 0.001878, 0.000751], [0.001651, 0.002735, 0.002254, 0.001208, 0.000466, 0.000214], [0.000292, 0.000543, 0.00043, 0.000271, 9.3e-05, 5.4e-05]]}, "Cear\u00e1 / CE": {"Juventude / RS": [[0.17043, 0.087727, 0.022552, 0.003795, 0.000493, 5.7e-05], [0.194024, 0.119753, 0.035982, 0.007163, 0.000977, 0.000116], [0.108544, 0.08059, 0.028033, 0.006309, 0.001033, 0.000137], [0.039908, 0.035233, 0.014021, 0.003599, 0.000648, 0.000105], [0.011042, 0.011273, 0.00534, 0.001536, 0.000304, 6.8e-05], [0.002969, 0.003395, 0.001948, 0.000673, 0.000172, 5.1e-05]]}, "Goi\u00e1s / GO": {"S\u00e3o Paulo / SP": [[0.094032, 0.120355, 0.076327, 0.032591, 0.010218, 0.003295], [0.08232, 0.124721, 0.093058, 0.045206, 0.015889, 0.005797], [0.035715, 0.063, 0.054066, 0.029462, 0.012099, 0.004929], [0.010222, 0.020728, 0.02021, 0.012499, 0.005667, 0.0027], [0.002233, 0.005094, 0.005539, 0.003819, 0.00192, 0.001095], [0.000426, 0.001165, 0.001523, 0.001092, 0.000601, 0.000387]]}, "Cuiab\u00e1 / MT": {"Coritiba / PR": [[0.157018, 0.126679, 0.0507, 0.013613, 0.002806, 0.000473], [0.150276, 0.135074, 0.059727, 0.017191, 0.003793, 0.000764], [0.072417, 0.071507, 0.03463, 0.011072, 0.002685, 0.000562], [0.022851, 0.024889, 0.013246, 0.004587, 0.001081, 0.0003], [0.005551, 0.006489, 0.003792, 0.001368, 0.000406, 0.000105], [0.001297, 0.001562, 0.000952, 0.000407, 0.000104, 2.6e-05]]},