{"Atl\u00e9tico / MG": {"Botafogo / RJ": [[0.11059, 0.030433, 0.004211, 0.000366, 1.9e-05, 3e-06], [0.153291, 0.101083, 0.02213, 0.002732, 0.00026, 1.2e-05], [0.106382, 0.112411, 0.042827, 0.007876, 0.000897, 9.6e-05], [0.048649, 0.071146, 0.040124, 0.011517, 0.001819, 0.000221], [0.016908, 0.031228, 0.023838, 0.009493, 0.002247, 0.000362], [0.006079, 0.014203, 0.014532, 0.008226, 0.002914, 0.000875]]}, "Paran\u00e1 / PR": {"Internacional / RS": [[0.108723, 0.156167, 0.11233, 0.05349, 0.019088, 0.007121], [0.065172, 0.113746, 0.095976, 0.052684, 0.021294, 0.009228], [0.019491, 0.039444, 0.039227, 0.024692, 0.01143, 0.005445], [0.003893, 0.009204, 0.010306, 0.007393, 0.003957, 0.002137], [0.000548, 0.001553, 0.001873, 0.001575, 0.000916, 0.000587], [5.7e-05, 0.000233, 0.000351, 0.00033, 0.000178, 0.000161]]}, "Chapecoense / SC": {"S\u00e3o Paulo / SP": [[0.148333, 0.118424, 0.047846, 0.012892, 0.002613, 0.000508], [0.094833, 0.145018, 0.086227, 0.030357, 0.007544, 0.001727], [0.030174, 0.068638, 0.061643, 0.029901, 0.009592, 0.002734], [0.006625, 0.019389, 0.023802, 0.015976, 0.006567, 0.002449], [0.000988, 0.003832, 0.006114, 0.005397, 0.002894, 0.001425], [0.000141, 0.000676, 0.001314, 0.001503, 0.001099, 0.000805]]}, "Bahia / BA": {"Cruzeiro / MG": [[0.136475, 0.096926, 0.03405, 0.007981, 0.001443, 0.000225], [0.175179, 0.124201, 0.043951, 0.010401, 0.001802, 0.000276], [0.112498, 0.079606, 0.027908, 0.006411, 0.001202, 0.000205], [0.048305, 0.034056, 0.012131, 0.002837, 0.000465, 9.3e-05], [0.015289, 0.010934, 0.00401, 0.000858, 0.000152, 2.8e-05], [0.004973, 0.003475, 0.001286, 0.000316, 4.2e-05, 1e-05]]}, "Fluminense / RJ": {"Am\u00e9rica / MG": [[0.166673, 0.084113, 0.021362, 0.003665, 0.000459, 4.3e-05], [0.214792, 0.108807, 0.027048, 0.004619, 0.000537, 5.8e-05], [0.137575, 0.06951, 0.017659, 0.002953, 0.000371, 3.4e-05], [0.059155, 0.029791, 0.007691, 0.001287, 0.000156, 1.6e-05], [0.018833, 0.009595, 0.002409, 0.000406, 4.9e-05, 7e-06], [0.006205, 0.003153, 0.000827, 0.000121, 2.1e-05, 0.0]]}, "Flamengo / RJ": {"Athletico Paranaense / PR": [[0.125279, 0.049387, 0.009735, 0.00132, 0.000145, 5e-06], [0.211563, 0.082963, 0.016303, 0.002105, 0.000189, 1.9e-05], [0.177843, 0.069904, 0.013564, 0.001786, 0.00018, 1.8e-05], [0.099609, 0.039408, 0.007693, 0.000983, 0.000102, 8e-06], [0.041742, 0.016248, 0.003166, 0.000417, 4e-05, 1e-06], [0.018976, 0.007572, 0.001525, 0.000188, 1.1e-05, 3e-06]]}, "Cear\u00e1 / CE": {"Vasco da Gama / RJ": [[0.17046, 0.056194, 0.009079, 0.001081, 9.3e-05, 5e-06], [0.164462, 0.13585, 0.035706, 0.005266, 0.000547, 3.8e-05], [0.078815, 0.103823, 0.049621, 0.011078, 0.001578, 0.000161], [0.025618, 0.045952, 0.032564, 0.011353, 0.00225, 0.000362], [0.005916, 0.014122, 0.013197, 0.006705, 0.001853, 0.000392], [0.001426, 0.003981, 0.004894, 0.003452, 0.001576, 0.00053]]}, "Sport / PE": {"Santos / SP": [[0.133367, 0.109257, 0.044599, 0.012021, 0.002437, 0.000485], [0.099132, 0.140971, 0.08274, 0.029615, 0.007311, 0.001663], [0.036657, 0.07528, 0.062813, 0.029552, 0.009237, 0.00278], [0.009128, 0.023968, 0.026959, 0.016821, 0.006875, 0.002585], [0.001596, 0.005524, 0.007885, 0.006218, 0.003203, 0.001576], [0.000272, 0.001122, 0.002011, 0.002012, 0.001374, 0.000954]]}, "Palmeiras / SP": {"Vit\u00f3ria / BA": [[0.053084, 0.005555, 0.000266, 1.4e-05, 1e-06, 0.0], [0.134729, 0.030278, 0.002314, 9.9e-05, 2e-06, 0.0], [0.168874, 0.058625, 0.007533, 0.000482, 2.7e-05, 3e-06], [0.143018, 0.066567, 0.012447, 0.001227, 8.3e-05, 2e-06], [0.090181, 0.052596, 0.012951, 0.00167, 0.000158, 7e-06], [0.074717, 0.057724, 0.019969, 0.00421, 0.000534, 5.3e-05]]}, "Gr\u00eamio / RS": {"Corinthians / SP": [[0.213494, 0.075703, 0.013457, 0.001628, 0.000147, 1.3e-05], [0.254131, 0.090041, 0.015802, 0.001889, 0.000168, 1.1e-05], [0.150751, 0.053585, 0.009464, 0.001176, 0.000104, 9e-06], [0.059836, 0.021209, 0.003804, 0.000415, 4e-05, 6e-06], [0.017905, 0.00631, 0.001124, 0.000148, 1.4e-05, 0.0], [0.005317, 0.001913, 0.000349, 3.5e-05, 2e-06, 0.0]]}}