{"Palmeiras / SP": {"Cruzeiro / MG": [[0.069108, 0.07999, 0.04669, 0.01807, 0.005183, 0.001453], [0.104576, 0.121676, 0.070435, 0.027255, 0.007974, 0.002243], [0.078259, 0.09221, 0.05325, 0.020458, 0.005929, 0.001615], [0.039943, 0.046283, 0.026676, 0.010344, 0.003037, 0.000803], [0.014954, 0.017318, 0.009959, 0.003907, 0.001153, 0.000315], [0.005819, 0.006925, 0.004044, 0.001553, 0.000454, 0.000139]], "Coritiba / PR": [[0.053555, 0.056877, 0.030203, 0.010719, 0.002873, 0.000699], [0.09986, 0.105813, 0.056222, 0.020007, 0.005201, 0.001331], [0.09308, 0.099288, 0.052443, 0.018759, 0.004839, 0.001299], [0.057667, 0.061522, 0.032376, 0.011461, 0.003092, 0.000793], [0.027046, 0.028995, 0.015279, 0.005453, 0.00141, 0.000373], [0.014349, 0.015308, 0.007912, 0.002961, 0.000747, 0.000188]]}, "Chapecoense / SC": {"Goi\u00e1s / GO": [[0.120057, 0.082201, 0.027989, 0.006267, 0.001074, 0.000176], [0.173186, 0.118083, 0.040019, 0.00898, 0.00156, 0.00025], [0.124198, 0.084288, 0.028905, 0.006595, 0.001116, 0.000156], [0.059767, 0.040026, 0.013807, 0.003144, 0.000545, 8.8e-05], [0.02129, 0.0144, 0.005039, 0.001076, 0.000185, 2.7e-05], [0.00795, 0.005268, 0.001793, 0.000423, 5.7e-05, 1.5e-05]]}, "Fluminense / RJ": {"Ava\u00ed / SC": [[0.112373, 0.070716, 0.022448, 0.004758, 0.000745, 0.00012], [0.174772, 0.11033, 0.034866, 0.007388, 0.001155, 0.000155], [0.135874, 0.085743, 0.026982, 0.005691, 0.000945, 0.000118], [0.070618, 0.044164, 0.013995, 0.002962, 0.00047, 7.5e-05], [0.027344, 0.017137, 0.005431, 0.001126, 0.000177, 2.5e-05], [0.011322, 0.007066, 0.00235, 0.000484, 6.6e-05, 9e-06]], "Internacional / RS": [[0.147962, 0.084604, 0.024246, 0.004515, 0.000681, 0.000106], [0.197015, 0.11348, 0.032283, 0.006202, 0.00088, 0.000119], [0.132661, 0.076051, 0.021871, 0.004178, 0.000606, 6.7e-05], [0.058799, 0.03417, 0.009612, 0.001898, 0.000278, 2.3e-05], [0.019822, 0.011576, 0.003371, 0.000604, 7.8e-05, 9e-06], [0.006748, 0.004129, 0.001115, 0.000192, 4.7e-05, 2e-06]]}, "S\u00e3o Paulo / SP": {"Figueirense / SC": [[0.0599, 0.045583, 0.017273, 0.00443, 0.000822, 0.000161], [0.122915, 0.093308, 0.03584, 0.008955, 0.001726, 0.000301], [0.126483, 0.096687, 0.036389, 0.009445, 0.001764, 0.00027], [0.086445, 0.065823, 0.025112, 0.006363, 0.001237, 0.000214], [0.044332, 0.033842, 0.012816, 0.003314, 0.000651, 0.000107], [0.026599, 0.020573, 0.007973, 0.00193, 0.000357, 6e-05]]}, "Cruzeiro / MG": {"Joinville / SC": [[0.182401, 0.044982, 0.005517, 0.000453, 2.3e-05, 1e-06], [0.265759, 0.065087, 0.007932, 0.000671, 3.9e-05, 1e-06], [0.193542, 0.047467, 0.005783, 0.000495, 2.7e-05, 2e-06], [0.093681, 0.023216, 0.00284, 0.000243, 1.6e-05, 0.0], [0.033887, 0.008362, 0.001081, 7.7e-05, 4e-06, 0.0], [0.012873, 0.003136, 0.00038, 2.1e-05, 1e-06, 0.0]]}, "Athletico Paranaense / PR": {"Flamengo / RJ": [[0.075134, 0.090997, 0.055082, 0.022062, 0.006629, 0.001984], [0.104427, 0.125096, 0.075651, 0.03043, 0.009246, 0.002833], [0.071651, 0.086793, 0.052361, 0.021098, 0.006362, 0.001916], [0.03259, 0.039298, 0.023856, 0.009537, 0.003001, 0.000892], [0.011333, 0.013599, 0.008358, 0.003322, 0.000954, 0.000282], [0.004009, 0.004784, 0.002867, 0.001138, 0.000323, 0.000105]]}, "Sport / PE": {"Athletico Paranaense / PR": [[0.111362, 0.04726, 0.009971, 0.001384, 0.000152, 1e-05], [0.197521, 0.083709, 0.017649, 0.002504, 0.000299, 3.2e-05], [0.174291, 0.073965, 0.015539, 0.002271, 0.000202, 1.7e-05], [0.103614, 0.043576, 0.009352, 0.001287, 0.000111, 1.8e-05], [0.04618, 0.019136, 0.004047, 0.000582, 6e-05, 8e-06], [0.022276, 0.009372, 0.001973, 0.000249, 1.8e-05, 3e-06]], "Corinthians / SP": [[0.104455, 0.101865, 0.049471, 0.015869, 0.003835, 0.000966], [0.134451, 0.130288, 0.063754, 0.0208, 0.00495, 0.001149], [0.086356, 0.084038, 0.041012, 0.013239, 0.0032, 0.000717], [0.036899, 0.036254, 0.017373, 0.00553, 0.001374, 0.000302], [0.011946, 0.011551, 0.005626, 0.001836, 0.000439, 0.000102], [0.003853, 0.003906, 0.001788, 0.000618, 0.000154, 3.4e-05]]}, "Vasco da Gama / RJ": {"Santos / SP": [[0.197105, 0.194836, 0.095853, 0.031412, 0.007727, 0.001861], [0.126283, 0.124132, 0.060836, 0.019995, 0.005032, 0.001144], [0.040016, 0.039373, 0.019232, 0.006336, 0.001569, 0.000349], [0.008456, 0.008333, 0.004209, 0.001364, 0.000339, 7.4e-05], [0.001356, 0.001349, 0.000596, 0.000232, 5e-05, 7e-06], [0.00021, 0.000195, 0.000106, 2.9e-05, 3e-06, 1e-06]]}, "Gr\u00eamio / RS": {"Atl\u00e9tico / MG": [[0.042318, 0.059301, 0.040648, 0.019298, 0.006742, 0.002389], [0.075184, 0.103674, 0.073082, 0.033658, 0.01164, 0.004218], [0.066207, 0.09164, 0.064668, 0.029733, 0.010524, 0.003743], [0.039102, 0.054611, 0.038186, 0.017627, 0.006117, 0.002214], [0.017311, 0.02424, 0.0167, 0.007834, 0.002666, 0.000955], [0.008473, 0.011574, 0.008198, 0.003757, 0.001291, 0.000477]]}, "Ava\u00ed / SC": {"Ponte Preta / SP": [[0.045721, 0.081641, 0.07346, 0.044136, 0.019737, 0.009833], [0.058829, 0.105419, 0.095174, 0.056755, 0.025544, 0.012743], [0.038134, 0.068351, 0.061258, 0.036941, 0.016509, 0.008297], [0.016581, 0.029339, 0.026317, 0.015925, 0.007185, 0.003622], [0.005359, 0.009538, 0.008661, 0.005163, 0.002313, 0.001113], [0.001736, 0.003049, 0.002813, 0.001664, 0.00075, 0.00039]]}, "Coritiba / PR": {"Vasco da Gama / RJ": [[0.197524, 0.134833, 0.045741, 0.01034, 0.001782, 0.000249], [0.185857, 0.126697, 0.042765, 0.009747, 0.001636, 0.000262], [0.087314, 0.059558, 0.020118, 0.004646, 0.000728, 0.000116], [0.02762, 0.018741, 0.006374, 0.00147, 0.000251, 3.7e-05], [0.006447, 0.004323, 0.001522, 0.000376, 6.1e-05, 1.4e-05], [0.001399, 0.000987, 0.000356, 8.9e-05, 1.9e-05, 1e-06]], "Santos / SP": [[0.241775, 0.15217, 0.047543, 0.010139, 0.001644, 0.000252], [0.190915, 0.120915, 0.03766, 0.008103, 0.001244, 0.000166], [0.075512, 0.047467, 0.01493, 0.003065, 0.000491, 5.7e-05], [0.01992, 0.012472, 0.00398, 0.000817, 0.000143, 2.1e-05], [0.003901, 0.002457, 0.000751, 0.000158, 2.6e-05, 5e-06], [0.00074, 0.000422, 0.000105, 3e-05, 4e-06, 0.0]]}, "Goi\u00e1s / GO": {"S\u00e3o Paulo / SP": [[0.113671, 0.100685, 0.044774, 0.013193, 0.002884, 0.000646], [0.146639, 0.129958, 0.058272, 0.017066, 0.003647, 0.000812], [0.093904, 0.083565, 0.03672, 0.010843, 0.002449, 0.000544], [0.040281, 0.035805, 0.01603, 0.004713, 0.001081, 0.000218], [0.012809, 0.011494, 0.005116, 0.00149, 0.000335, 9e-05], [0.004253, 0.003794, 0.001595, 0.000488, 0.000115, 2.1e-05]]}, "Corinthians / SP": {"S\u00e3o Paulo / SP": [[0.072097, 0.039416, 0.010992, 0.001948, 0.000263, 3e-05], [0.15053, 0.082241, 0.0226, 0.004094, 0.000544, 7e-05], [0.15562, 0.085953, 0.023616, 0.004265, 0.000581, 6.7e-05], [0.108747, 0.059251, 0.016063, 0.002908, 0.000403, 4.9e-05], [0.056619, 0.030809, 0.008409, 0.001592, 0.000195, 3.1e-05], [0.034836, 0.018922, 0.005094, 0.00098, 0.000151, 1.4e-05]], "Ava\u00ed / SC": [[0.059384, 0.021381, 0.003844, 0.000483, 3.4e-05, 0.0], [0.145792, 0.052614, 0.009301, 0.001156, 0.000104, 1e-05], [0.18137, 0.064626, 0.011631, 0.001433, 0.000103, 4e-06], [0.148968, 0.052806, 0.009529, 0.001125, 9.5e-05, 6e-06], [0.091318, 0.032475, 0.005959, 0.00068, 5.8e-05, 7e-06], [0.072397, 0.02599, 0.004686, 0.000577, 4.5e-05, 9e-06]]}, "Flamengo / RJ": {"Palmeiras / SP": [[0.016348, 0.040617, 0.052084, 0.043835, 0.027691, 0.023068], [0.025846, 0.065517, 0.082583, 0.069385, 0.044325, 0.036667], [0.020222, 0.0518, 0.065497, 0.055595, 0.035194, 0.029301], [0.010909, 0.02762, 0.034889, 0.029407, 0.018598, 0.015514], [0.004255, 0.010869, 0.013855, 0.011685, 0.007357, 0.006255], [0.001841, 0.004763, 0.00586, 0.005113, 0.003033, 0.002602]], "Ponte Preta / SP": [[0.040135, 0.072586, 0.066232, 0.039701, 0.017852, 0.009193], [0.056508, 0.102384, 0.092139, 0.055762, 0.025091, 0.012796], [0.039536, 0.071998, 0.064994, 0.039096, 0.017849, 0.008889], [0.018699, 0.033485, 0.030175, 0.018006, 0.008286, 0.004135], [0.006538, 0.011909, 0.010702, 0.006348, 0.002855, 0.001488], [0.002374, 0.004396, 0.003948, 0.002362, 0.001042, 0.000511]]},