{"Flamengo / RJ": {"Vit\u00f3ria / BA": [[0.030109, 0.032107, 0.016842, 0.00596, 0.001529, 0.000394], [0.037386, 0.075807, 0.059153, 0.027486, 0.008984, 0.002853], [0.023712, 0.069549, 0.082453, 0.052685, 0.022245, 0.008929], [0.00979, 0.038347, 0.062096, 0.054669, 0.030107, 0.016123], [0.003107, 0.014934, 0.030929, 0.035689, 0.025879, 0.018615], [0.000996, 0.005875, 0.015636, 0.023634, 0.024296, 0.031095]]}, "Fluminense / RJ": {"Corinthians / SP": [[0.125368, 0.055977, 0.012699, 0.00184, 0.000202, 2.1e-05], [0.101581, 0.147498, 0.055942, 0.011843, 0.001687, 0.000223], [0.041468, 0.101558, 0.083648, 0.027683, 0.005591, 0.000852], [0.010959, 0.038595, 0.050144, 0.030471, 0.008986, 0.002016], [0.002288, 0.010246, 0.01835, 0.016345, 0.007963, 0.002634], [0.000425, 0.002446, 0.005541, 0.007342, 0.005714, 0.003854]]}, "S\u00e3o Paulo / SP": {"Figueirense / SC": [[0.048533, 0.029249, 0.008813, 0.001736, 0.000279, 3.5e-05], [0.079024, 0.08617, 0.037885, 0.009966, 0.00188, 0.000273], [0.064212, 0.101883, 0.065023, 0.023237, 0.00552, 0.001114], [0.034795, 0.072161, 0.062217, 0.030141, 0.009089, 0.002357], [0.013937, 0.036269, 0.039517, 0.024381, 0.009449, 0.003225], [0.006159, 0.01951, 0.027987, 0.023924, 0.012909, 0.007141]]}, "Santos / SP": {"Botafogo / RJ": [[0.096672, 0.049455, 0.012707, 0.002177, 0.000277, 3.2e-05], [0.083324, 0.1366, 0.058586, 0.014135, 0.002345, 0.000328], [0.035651, 0.09867, 0.090822, 0.034277, 0.007886, 0.001406], [0.010205, 0.039514, 0.057281, 0.039009, 0.013302, 0.003408], [0.002213, 0.010808, 0.021812, 0.022202, 0.012202, 0.004646], [0.000434, 0.002722, 0.007257, 0.010743, 0.0092, 0.007692]]}, "Athletico Paranaense / PR": {"Goi\u00e1s / GO": [[0.105266, 0.114066, 0.061515, 0.022253, 0.005919, 0.001553], [0.085241, 0.129896, 0.090717, 0.03972, 0.012747, 0.003979], [0.034911, 0.068246, 0.060554, 0.032386, 0.012194, 0.004528], [0.00927, 0.022608, 0.024472, 0.015904, 0.007288, 0.003288], [0.001934, 0.005572, 0.006943, 0.00551, 0.002912, 0.001562], [0.000366, 0.001244, 0.00181, 0.001693, 0.001145, 0.000788]]}, "Atl\u00e9tico / MG": {"Coritiba / PR": [[0.169736, 0.057988, 0.009848, 0.001105, 8.8e-05, 3e-06], [0.175593, 0.126814, 0.033229, 0.005078, 0.000536, 4.8e-05], [0.092122, 0.10053, 0.0418, 0.009124, 0.00126, 0.000138], [0.031928, 0.046794, 0.027622, 0.008711, 0.001616, 0.000214], [0.008408, 0.015516, 0.011993, 0.004836, 0.001311, 0.000261], [0.002024, 0.004881, 0.004804, 0.002791, 0.000955, 0.000295]]}, "Bahia / BA": {"Gr\u00eamio / RS": [[0.137498, 0.133233, 0.064994, 0.02105, 0.005092, 0.001123], [0.077796, 0.136822, 0.096147, 0.040949, 0.012351, 0.003483], [0.022134, 0.05604, 0.057825, 0.033138, 0.012652, 0.004439], [0.004236, 0.013912, 0.019543, 0.014788, 0.00746, 0.003393], [0.000606, 0.002466, 0.004371, 0.004244, 0.002692, 0.001682], [7.2e-05, 0.000346, 0.000779, 0.001079, 0.000817, 0.000748]]}, "Internacional / RS": {"Palmeiras / SP": [[0.051083, 0.013622, 0.001881, 0.000148, 1.2e-05, 0.0], [0.079491, 0.079943, 0.018615, 0.002408, 0.000207, 1.1e-05], [0.062806, 0.107613, 0.060229, 0.012467, 0.001535, 0.000141], [0.032641, 0.079568, 0.072067, 0.02958, 0.005527, 0.00073], [0.012545, 0.040603, 0.051289, 0.032472, 0.010685, 0.002052], [0.005332, 0.022181, 0.038646, 0.037572, 0.022426, 0.011872]]}, "Crici\u00fama / SC": {"Sport / PE": [[0.178507, 0.048596, 0.006733, 0.000573, 4e-05, 1e-06], [0.123064, 0.16945, 0.041785, 0.00546, 0.000485, 3e-05], [0.042343, 0.105374, 0.078661, 0.017872, 0.002402, 0.000223], [0.009612, 0.034716, 0.044698, 0.02417, 0.005061, 0.000647], [0.001648, 0.007789, 0.014155, 0.012672, 0.005463, 0.001229], [0.000241, 0.001567, 0.003815, 0.004985, 0.003721, 0.002212]]}, "Chapecoense / SC": {"Cruzeiro / MG": [[0.112585, 0.108183, 0.052679, 0.017057, 0.004096, 0.000915], [0.091024, 0.133481, 0.087081, 0.035098, 0.010294, 0.002764], [0.036753, 0.073264, 0.062741, 0.031641, 0.011309, 0.003825], [0.009919, 0.02497, 0.026761, 0.017305, 0.007514, 0.003018], [0.002075, 0.0061, 0.008012, 0.006205, 0.003253, 0.001712], [0.000346, 0.001373, 0.002244, 0.00201, 0.001437, 0.000956]]}, "Botafogo / RJ": {"Atl\u00e9tico / MG": [[0.09268, 0.070291, 0.026549, 0.006724, 0.001287, 0.000193], [0.077211, 0.131774, 0.077086, 0.026449, 0.006403, 0.001337], [0.031899, 0.085059, 0.084264, 0.041696, 0.013204, 0.003568], [0.008937, 0.032042, 0.04558, 0.033622, 0.014538, 0.005356], [0.001854, 0.008621, 0.015845, 0.016004, 0.009816, 0.005113], [0.000375, 0.00203, 0.004939, 0.006741, 0.005729, 0.005184]]}, "Sport / PE": {"S\u00e3o Paulo / SP": [[0.054219, 0.038353, 0.013499, 0.003208, 0.000595, 8.4e-05], [0.070614, 0.098835, 0.053002, 0.016394, 0.003596, 0.000742], [0.045326, 0.096217, 0.079691, 0.034573, 0.009854, 0.002607], [0.019495, 0.055006, 0.063132, 0.03911, 0.015023, 0.004836], [0.006322, 0.022424, 0.033218, 0.026939, 0.013643, 0.006072], [0.002073, 0.009082, 0.017776, 0.019635, 0.014199, 0.010606]]}, "Corinthians / SP": {"Crici\u00fama / SC": [[0.094409, 0.004692, 0.000102, 1e-06, 0.0, 0.0], [0.177783, 0.048648, 0.002181, 5.6e-05, 1e-06, 0.0], [0.167889, 0.083876, 0.012354, 0.000531, 1.2e-05, 0.0], [0.105658, 0.076322, 0.019685, 0.002089, 9.5e-05, 2e-06], [0.049794, 0.047284, 0.017564, 0.003147, 0.000259, 1e-05], [0.026958, 0.033963, 0.018204, 0.005342, 0.000987, 0.000102]]}, "Palmeiras / SP": {"Athletico Paranaense / PR": [[0.09888, 0.117297, 0.068972, 0.027527, 0.008166, 0.002448], [0.054705, 0.120978, 0.105708, 0.054799, 0.020191, 0.00739], [0.015362, 0.050004, 0.064193, 0.045845, 0.021409, 0.010057], [0.002863, 0.012181, 0.021483, 0.020737, 0.012635, 0.007877], [0.000413, 0.002091, 0.004782, 0.005913, 0.00483, 0.004068], [5.1e-05, 0.00031, 0.000904, 0.001401, 0.001531, 0.001999]]}, "Coritiba / PR": {"Bahia / BA": [[0.175672, 0.138078, 0.054729, 0.014394, 0.002868, 0.000528], [0.159024, 0.133064, 0.056096, 0.015482, 0.0033, 0.000667], [0.071925, 0.063973, 0.028284, 0.008294, 0.001748, 0.000366], [0.021534, 0.020396, 0.009626, 0.002922, 0.000668, 0.000135], [0.004982, 0.00494, 0.002358, 0.000756, 0.000159, 4.5e-05], [0.00104, 0.001114, 0.000588, 0.000186, 5e-05, 9e-06]]}, "Cruzeiro / MG": {"Fluminense / RJ": [[0.068178, 0.036663, 0.010047, 0.001767, 0.000252, 2.3e-05], [0.087904, 0.105972, 0.044449, 0.010862, 0.001864, 0.000253], [0.056477, 0.106057, 0.074347, 0.026033, 0.005817, 0.001161], [0.023946, 0.061303, 0.061699, 0.032138, 0.010145, 0.002447], [0.007745, 0.024762, 0.033409, 0.023917, 0.010263, 0.003581], [0.002448, 0.009964, 0.017882, 0.017912, 0.011401, 0.006912]]}, "Vit\u00f3ria / BA": {"Santos / SP": [[0.033052, 0.031251, 0.014665, 0.004569, 0.001034, 0.000214], [0.043473, 0.079393, 0.055628, 0.02276, 0.006801, 0.001849], [0.028193, 0.077138, 0.081711, 0.047409, 0.017754, 0.006128], [0.012201, 0.044244, 0.065341, 0.052601, 0.026147, 0.011815], [0.004071, 0.017941, 0.034311, 0.03607, 0.023651, 0.014668], [0.001347, 0.007314, 0.017961, 0.025904, 0.024419, 0.026972]]}, "Gr\u00eamio / RS": {"Flamengo / RJ": [[0.02007, 0.024155, 0.014846, 0.005993, 0.001766, 0.00057], [0.034247, 0.061589, 0.049771, 0.02457, 0.009134, 0.003218], [0.02885, 0.069192, 0.072873, 0.046078, 0.020021, 0.008813], [0.016389, 0.048574, 0.064234, 0.049899, 0.026522, 0.014594], [0.007036, 0.024751, 0.039263, 0.037033, 0.023828, 0.016417], [0.003159, 0.013931, 0.027779, 0.033514, 0.027914, 0.029407]]}, "Figueirense / SC": {"Internacional / RS": [[0.118021, 0.03836, 0.006148, 0.000702, 5.4e-05, 6e-06], [0.090821, 0.152592, 0.044438, 0.006863, 0.000719, 5.4e-05], [0.034976, 0.106296, 0.096452, 0.025906, 0.003972, 0.000457], [0.009069, 0.03958, 0.06173, 0.04021, 0.009897, 0.001666], [0.001766, 0.010117, 0.022292, 0.023875, 0.012325, 0.003264], [0.000322, 0.002218, 0.006709, 0.010899, 0.009879, 0.007345]]},