{"Ponte Preta / SP": {"Coritiba / PR": [[0.146488, 0.095414, 0.031688, 0.00681, 0.001164, 0.000185], [0.174786, 0.124885, 0.044262, 0.010509, 0.001855, 0.000273], [0.104054, 0.080833, 0.031435, 0.008089, 0.001428, 0.000257], [0.041551, 0.034957, 0.014389, 0.003902, 0.000745, 0.000138], [0.012325, 0.011091, 0.004973, 0.0014, 0.000296, 5.7e-05], [0.00367, 0.003671, 0.001714, 0.000533, 0.000146, 2.7e-05]]}, "Oeste / SP": {"Goi\u00e1s / GO": [[0.090822, 0.097113, 0.051595, 0.018185, 0.005001, 0.00124], [0.110256, 0.128665, 0.073739, 0.028116, 0.008024, 0.002329], [0.067525, 0.084476, 0.052686, 0.021551, 0.006445, 0.001922], [0.027404, 0.036492, 0.024753, 0.010662, 0.003569, 0.001138], [0.008167, 0.011839, 0.008613, 0.003959, 0.001347, 0.000453], [0.002584, 0.003951, 0.003011, 0.00157, 0.000583, 0.000215]]}, "Brasil / RS": {"Guarani / SP": [[0.157624, 0.129363, 0.053306, 0.014505, 0.002888, 0.000529], [0.147977, 0.13534, 0.061388, 0.01833, 0.004105, 0.000862], [0.069206, 0.06974, 0.034703, 0.011393, 0.002624, 0.000641], [0.021692, 0.024046, 0.012981, 0.004628, 0.001126, 0.000284], [0.005069, 0.006165, 0.003509, 0.001348, 0.000395, 0.000107], [0.001095, 0.001486, 0.000963, 0.000406, 0.000142, 3.4e-05]]}, "Figueirense / SC": {"Paysandu / PA": [[0.083781, 0.071624, 0.030573, 0.008751, 0.001853, 0.000363], [0.118676, 0.118768, 0.058315, 0.018713, 0.004415, 0.000992], [0.083462, 0.096913, 0.054034, 0.019549, 0.005129, 0.001301], [0.038753, 0.051734, 0.032057, 0.012958, 0.003879, 0.001147], [0.013494, 0.02015, 0.014358, 0.006402, 0.002054, 0.000659], [0.004909, 0.008305, 0.006705, 0.003402, 0.001343, 0.000479]]}, "Fortaleza / CE": {"Juventude / RS": [[0.145846, 0.064001, 0.013913, 0.002051, 0.000227, 1.9e-05], [0.210425, 0.098762, 0.023329, 0.003662, 0.000428, 3.5e-05], [0.150852, 0.076398, 0.0191, 0.003174, 0.000358, 3.8e-05], [0.071497, 0.039424, 0.010566, 0.00194, 0.000227, 2.5e-05], [0.02552, 0.015233, 0.004384, 0.000785, 0.000113, 1.5e-05], [0.009222, 0.005942, 0.001987, 0.00043, 6.3e-05, 9e-06]]}, "Vila Nova / GO": {"Crici\u00fama / SC": [[0.141281, 0.092945, 0.031259, 0.006776, 0.001159, 0.000167], [0.173067, 0.124256, 0.044257, 0.010633, 0.001858, 0.000269], [0.105509, 0.082017, 0.031981, 0.008446, 0.00155, 0.000265], [0.042591, 0.03639, 0.015034, 0.004187, 0.00083, 0.00016], [0.013006, 0.011964, 0.005369, 0.001602, 0.00035, 6.3e-05], [0.004018, 0.003959, 0.001943, 0.00065, 0.000159, 3e-05]]}, "Atl\u00e9tico / GO": {"S\u00e3o Bento / SP": [[0.089698, 0.087776, 0.043905, 0.014348, 0.003478, 0.000772], [0.105731, 0.126022, 0.073141, 0.027654, 0.007791, 0.002046], [0.062619, 0.087679, 0.058872, 0.02555, 0.007971, 0.002431], [0.024372, 0.039782, 0.029946, 0.015095, 0.00518, 0.001825], [0.007064, 0.013159, 0.011296, 0.006113, 0.002427, 0.000971], [0.002114, 0.004246, 0.004375, 0.002783, 0.001187, 0.000581]]}, "CSA / AL": {"Ava\u00ed / SC": [[0.119499, 0.11241, 0.053111, 0.01665, 0.003963, 0.000846], [0.12318, 0.134404, 0.071806, 0.025331, 0.006621, 0.001638], [0.062476, 0.078566, 0.047529, 0.01885, 0.005626, 0.001532], [0.021092, 0.030048, 0.020046, 0.008886, 0.002771, 0.000904], [0.005397, 0.008707, 0.006388, 0.00311, 0.001087, 0.000367], [0.00136, 0.00232, 0.001876, 0.00101, 0.000424, 0.000169]]}, "Londrina / PR": {"CRB / AL": [[0.17024, 0.095273, 0.026268, 0.004951, 0.000689, 9.9e-05], [0.183493, 0.125559, 0.041441, 0.008815, 0.001388, 0.000207], [0.097325, 0.080116, 0.030996, 0.007799, 0.001394, 0.000226], [0.034629, 0.033668, 0.015045, 0.004319, 0.000914, 0.000142], [0.009201, 0.010267, 0.005182, 0.001783, 0.000397, 7.7e-05], [0.002238, 0.003013, 0.001859, 0.000729, 0.00021, 4.8e-05]]}, "Sampaio Corr\u00eaa / MA": {"Boa / MG": [[0.183191, 0.106766, 0.031255, 0.005942, 0.000819, 0.000129], [0.192806, 0.124147, 0.039391, 0.00835, 0.001336, 0.000189], [0.100944, 0.070792, 0.024694, 0.00558, 0.000961, 0.000153], [0.035323, 0.02716, 0.010255, 0.002462, 0.000436, 7.5e-05], [0.009189, 0.007807, 0.003079, 0.000844, 0.000168, 3.1e-05], [0.002339, 0.002098, 0.000963, 0.000272, 4.4e-05, 1e-05]]}, "Guarani / SP": {"Londrina / PR": [[0.122029, 0.099952, 0.040858, 0.01106, 0.002264, 0.000424], [0.132368, 0.132958, 0.064535, 0.020446, 0.004713, 0.000956], [0.070954, 0.085444, 0.048, 0.017637, 0.004625, 0.001151], [0.025717, 0.035651, 0.023472, 0.009394, 0.002896, 0.000795], [0.006946, 0.010844, 0.008097, 0.003825, 0.001267, 0.000435], [0.001799, 0.003334, 0.002788, 0.001568, 0.000591, 0.000207]]}, "S\u00e3o Bento / SP": {"Vila Nova / GO": [[0.182443, 0.137984, 0.052557, 0.013309, 0.002425, 0.000416], [0.157339, 0.133831, 0.056827, 0.015809, 0.003287, 0.000594], [0.067571, 0.064154, 0.029708, 0.009064, 0.002058, 0.000426], [0.019508, 0.020149, 0.010359, 0.003498, 0.000838, 0.000176], [0.004133, 0.004743, 0.002689, 0.00096, 0.000255, 8e-05], [0.00083, 0.001003, 0.000618, 0.000262, 8e-05, 1.7e-05]]}, "Juventude / RS": {"CSA / AL": [[0.155938, 0.163303, 0.085446, 0.029796, 0.007651, 0.001958], [0.108224, 0.131798, 0.07842, 0.030506, 0.00888, 0.002504], [0.037736, 0.052365, 0.034996, 0.015255, 0.004865, 0.001525], [0.008694, 0.01328, 0.010189, 0.004887, 0.001721, 0.000609], [0.001517, 0.002662, 0.002109, 0.00108, 0.000408, 0.000171], [0.000234, 0.000476, 0.000391, 0.000241, 0.000119, 4.6e-05]]}, "Ava\u00ed / SC": {"Ponte Preta / SP": [[0.147795, 0.107571, 0.038983, 0.009525, 0.001788, 0.000288], [0.163145, 0.130356, 0.051873, 0.013702, 0.002784, 0.000469], [0.089955, 0.078772, 0.034042, 0.009587, 0.001987, 0.000369], [0.032994, 0.031426, 0.014386, 0.004504, 0.001007, 0.000203], [0.009046, 0.009427, 0.004716, 0.001571, 0.000389, 9.2e-05], [0.002444, 0.002699, 0.001427, 0.000508, 0.000134, 3.6e-05]]}, "Crici\u00fama / SC": {"Sampaio Corr\u00eaa / MA": [[0.129874, 0.087251, 0.028937, 0.006361, 0.001091, 0.000156], [0.157026, 0.125931, 0.049129, 0.012706, 0.002246, 0.000393], [0.094749, 0.089205, 0.04012, 0.0117, 0.002397, 0.000456], [0.037487, 0.041394, 0.021541, 0.007079, 0.001676, 0.000344], [0.011218, 0.014118, 0.008179, 0.003053, 0.00086, 0.000205], [0.003184, 0.00466, 0.00325, 0.001485, 0.000419, 0.00012]]}, "Goi\u00e1s / GO": {"Brasil / RS": [[0.091542, 0.092596, 0.046839, 0.015912, 0.003886, 0.000944], [0.126036, 0.127437, 0.064934, 0.021836, 0.005538, 0.001336], [0.087183, 0.08809, 0.044347, 0.015175, 0.003869, 0.000885], [0.040261, 0.040439, 0.020838, 0.006934, 0.001713, 0.000449], [0.013676, 0.01405, 0.006932, 0.002349, 0.000601, 0.000169], [0.004776, 0.004855, 0.002509, 0.000785, 0.000226, 5.3e-05]]}, "Boa / MG": {"Oeste / SP": [[0.175757, 0.171654, 0.083811, 0.027286, 0.006504, 0.00157], [0.120524, 0.1313, 0.070735, 0.025029, 0.006662, 0.001789], [0.041356, 0.04938, 0.029136, 0.011212, 0.003156, 0.00089], [0.009488, 0.012447, 0.007828, 0.003391, 0.001037, 0.000334], [0.001605, 0.00232, 0.001555, 0.000731, 0.000241, 0.000104], [0.000271, 0.000374, 0.000294, 0.000147, 5.5e-05, 2.7e-05]]}, "CRB / AL": {"Figueirense / SC": [[0.142097, 0.120356, 0.050864, 0.014176, 0.002899, 0.000572], [0.126984, 0.137103, 0.070572, 0.023589, 0.005806, 0.001272], [0.057226, 0.075114, 0.045992, 0.017745, 0.005099, 0.001248], [0.017165, 0.026563, 0.01914, 0.008688, 0.002734, 0.00083], [0.003824, 0.006837, 0.005677, 0.002858, 0.001006, 0.000387], [0.000792, 0.001643, 0.001651, 0.00096, 0.000383, 0.000148]]}, "Coritiba / PR": {"Fortaleza / CE": [[0.117258, 0.136196, 0.079075, 0.030146, 0.008833, 0.002491], [0.104266, 0.131936, 0.082981, 0.034765, 0.010809, 0.003272], [0.045854, 0.063717, 0.043557, 0.019403, 0.006547, 0.002166], [0.013418, 0.02002, 0.014799, 0.007282, 0.002489, 0.000957], [0.002934, 0.004754, 0.003738, 0.001934, 0.000738, 0.000269], [0.000624, 0.001066, 0.000843, 0.000527, 0.000252, 8.4e-05]]},