{"Cear\u00e1 / CE": {"Vila Nova / GO": [[0.065908, 0.080328, 0.049173, 0.02001, 0.006099, 0.001865], [0.098406, 0.120569, 0.074197, 0.030156, 0.00914, 0.002748], [0.073859, 0.089709, 0.055261, 0.022494, 0.006825, 0.00205], [0.036879, 0.045271, 0.027416, 0.011397, 0.003464, 0.001067], [0.014005, 0.017082, 0.010232, 0.00435, 0.001218, 0.000405], [0.005386, 0.006635, 0.004065, 0.001665, 0.000508, 0.000158]], "Paran\u00e1 / PR": [[0.089111, 0.080389, 0.036596, 0.011125, 0.002492, 0.000506], [0.134538, 0.122141, 0.055095, 0.016684, 0.003896, 0.00083], [0.1013, 0.092268, 0.042001, 0.012649, 0.002883, 0.000648], [0.051573, 0.046539, 0.021295, 0.006416, 0.001518, 0.000327], [0.019596, 0.017645, 0.007961, 0.002315, 0.000513, 0.000119], [0.007585, 0.007012, 0.003203, 0.000947, 0.000232, 5.2e-05]]}, "Bahia / BA": {"Red Bull Bragantino / SP": [[0.084018, 0.036238, 0.007777, 0.001072, 0.000116, 1.1e-05], [0.172413, 0.073516, 0.015857, 0.002254, 0.000239, 1.7e-05], [0.176564, 0.075522, 0.016192, 0.002292, 0.000238, 2.1e-05], [0.119954, 0.05154, 0.010947, 0.001504, 0.000207, 1.4e-05], [0.061779, 0.026277, 0.005719, 0.000814, 9.7e-05, 3e-06], [0.036871, 0.016001, 0.003392, 0.000467, 5.3e-05, 4e-06]]}, "Sampaio Corr\u00eaa / MA": {"Londrina / PR": [[0.112947, 0.14661, 0.093797, 0.039795, 0.012994, 0.004136], [0.101057, 0.129868, 0.083556, 0.035659, 0.011623, 0.0038], [0.045081, 0.058105, 0.037213, 0.015771, 0.005174, 0.001739], [0.013191, 0.017165, 0.011265, 0.004712, 0.001546, 0.000459], [0.002931, 0.003762, 0.002412, 0.001011, 0.00032, 0.000114], [0.000585, 0.000795, 0.000505, 0.000197, 8.1e-05, 2.4e-05]], "Atl\u00e9tico / GO": [[0.099881, 0.137257, 0.093692, 0.042997, 0.014584, 0.005219], [0.093759, 0.12751, 0.086847, 0.039872, 0.013562, 0.00491], [0.043836, 0.059618, 0.040548, 0.018904, 0.006419, 0.002258], [0.013438, 0.018549, 0.012593, 0.005883, 0.002035, 0.000724], [0.003142, 0.004209, 0.002966, 0.001351, 0.000442, 0.000174], [0.000713, 0.000982, 0.000685, 0.000302, 0.0001, 3.9e-05]]}, "Oeste / SP": {"Joinville / SC": [[0.192551, 0.143547, 0.053409, 0.01327, 0.002461, 0.000413], [0.173029, 0.129561, 0.048343, 0.011948, 0.002269, 0.000395], [0.078174, 0.058481, 0.022126, 0.005505, 0.000972, 0.000172], [0.023667, 0.017562, 0.006586, 0.001614, 0.000313, 4.4e-05], [0.005216, 0.004041, 0.001523, 0.00035, 7.9e-05, 1.3e-05], [0.001153, 0.000808, 0.000312, 7.7e-05, 1.4e-05, 2e-06]]}, "Vila Nova / GO": {"Paysandu / PA": [[0.12333, 0.097011, 0.038506, 0.010328, 0.002014, 0.000371], [0.160043, 0.127062, 0.050282, 0.013143, 0.002645, 0.000494], [0.104946, 0.082769, 0.032745, 0.008553, 0.001732, 0.000313], [0.045755, 0.035974, 0.014134, 0.003754, 0.000751, 0.000134], [0.014808, 0.011694, 0.004531, 0.001254, 0.000282, 4.3e-05], [0.004829, 0.003799, 0.001511, 0.000391, 6.1e-05, 8e-06]]}, "Luverdense / MT": {"Bahia / BA": [[0.111626, 0.093353, 0.039318, 0.010733, 0.002281, 0.000473], [0.151053, 0.127069, 0.052589, 0.014781, 0.003169, 0.00063], [0.102927, 0.085119, 0.035824, 0.010069, 0.002144, 0.000386], [0.046763, 0.038822, 0.016213, 0.004513, 0.00093, 0.000192], [0.015732, 0.013205, 0.00548, 0.001545, 0.000309, 6.6e-05], [0.005426, 0.004674, 0.001908, 0.000534, 0.000124, 2e-05]], "Goi\u00e1s / GO": [[0.091766, 0.066291, 0.024233, 0.005758, 0.001003, 0.000187], [0.152657, 0.111202, 0.040193, 0.009788, 0.001673, 0.000314], [0.126638, 0.09214, 0.033675, 0.008108, 0.001328, 0.000244], [0.070267, 0.050902, 0.01848, 0.004497, 0.000813, 0.000136], [0.029273, 0.021217, 0.007662, 0.001857, 0.000338, 4.9e-05], [0.01316, 0.009687, 0.003457, 0.000837, 0.000147, 2.3e-05]]}, "Tupi / MG": {"N\u00e1utico / PE": [[0.085294, 0.105942, 0.065988, 0.027232, 0.008606, 0.002629], [0.104009, 0.12916, 0.080164, 0.033573, 0.010452, 0.003202], [0.06316, 0.079068, 0.048906, 0.020314, 0.006247, 0.002034], [0.025389, 0.032028, 0.019583, 0.008343, 0.002612, 0.000755], [0.007807, 0.009568, 0.006029, 0.002652, 0.000748, 0.000237], [0.00241, 0.002901, 0.001921, 0.000705, 0.000257, 7.5e-05]]}, "Brasil / RS": {"Oeste / SP": [[0.112589, 0.073945, 0.024127, 0.005186, 0.000903, 0.000129], [0.172299, 0.113054, 0.037227, 0.008277, 0.001326, 0.000195], [0.131358, 0.086314, 0.028076, 0.005993, 0.001041, 0.000158], [0.066443, 0.043898, 0.014511, 0.003153, 0.000525, 5.9e-05], [0.025544, 0.016757, 0.005444, 0.00114, 0.000194, 2.8e-05], [0.010383, 0.006928, 0.002219, 0.000485, 8.1e-05, 1.1e-05]], "CRB / AL": [[0.042964, 0.061049, 0.043401, 0.020521, 0.007233, 0.002668], [0.074862, 0.105907, 0.074579, 0.035336, 0.012586, 0.004589], [0.063853, 0.091419, 0.064423, 0.030399, 0.010796, 0.004032], [0.037359, 0.052145, 0.03724, 0.017315, 0.006187, 0.002333], [0.016014, 0.022555, 0.015989, 0.007596, 0.002673, 0.000997], [0.007491, 0.010652, 0.007531, 0.003576, 0.00126, 0.00047]]}, "Londrina / PR": {"Ava\u00ed / SC": [[0.315732, 0.123484, 0.023936, 0.003056, 0.000281, 2.6e-05], [0.24117, 0.0939, 0.018094, 0.00237, 0.00021, 1.7e-05], [0.091765, 0.035737, 0.006845, 0.000832, 9.5e-05, 1.1e-05], [0.023537, 0.009025, 0.001758, 0.000216, 2.3e-05, 2e-06], [0.004586, 0.001736, 0.000344, 4.6e-05, 3e-06, 1e-06], [0.00081, 0.000291, 5.5e-05, 6e-06, 0.0, 0.0]]}, "Crici\u00fama / SC": {"Vasco da Gama / RJ": [[0.045361, 0.066102, 0.048039, 0.023114, 0.008483, 0.003289], [0.074435, 0.108214, 0.078743, 0.037813, 0.01388, 0.005262], [0.060777, 0.088562, 0.064335, 0.031124, 0.0114, 0.004309], [0.033464, 0.048618, 0.034788, 0.017137, 0.006119, 0.002269], [0.013868, 0.019806, 0.01444, 0.007012, 0.002541, 0.000978], [0.006023, 0.00874, 0.006277, 0.003046, 0.001179, 0.000453]]}, "N\u00e1utico / PE": {"Oeste / SP": [[0.072035, 0.045312, 0.014424, 0.002986, 0.000482, 6.1e-05], [0.143795, 0.090663, 0.028397, 0.005957, 0.000902, 0.000138], [0.144946, 0.091139, 0.028635, 0.005885, 0.000979, 0.00011], [0.096201, 0.060015, 0.018985, 0.003853, 0.000631, 9.5e-05], [0.048397, 0.030197, 0.00948, 0.001943, 0.000306, 3.8e-05], [0.028262, 0.017778, 0.005581, 0.001167, 0.000201, 2.4e-05]]}, "CRB / AL": {"Luverdense / MT": [[0.106385, 0.1046, 0.050916, 0.016976, 0.004087, 0.000936], [0.133804, 0.130858, 0.064652, 0.021383, 0.005264, 0.001185], [0.084562, 0.082566, 0.040683, 0.013299, 0.003309, 0.000797], [0.035609, 0.0345, 0.016998, 0.005584, 0.001351, 0.000334], [0.011157, 0.011003, 0.005301, 0.001734, 0.000438, 0.000104], [0.003621, 0.00352, 0.001754, 0.000572, 0.000125, 3.3e-05]], "Paysandu / PA": [[0.083961, 0.080829, 0.03895, 0.012527, 0.002997, 0.000684], [0.127188, 0.122835, 0.059446, 0.019058, 0.004673, 0.000982], [0.096123, 0.092235, 0.044764, 0.014282, 0.003416, 0.000794], [0.048626, 0.046718, 0.022448, 0.007199, 0.001744, 0.000393], [0.018242, 0.017469, 0.008524, 0.002823, 0.000677, 0.000146], [0.007368, 0.007011, 0.003394, 0.001138, 0.000281, 5.5e-05]]}, "Paysandu / PA": {"Crici\u00fama / SC": [[0.100691, 0.079449, 0.031607, 0.008304, 0.001679, 0.000265], [0.150783, 0.11984, 0.047769, 0.012446, 0.002453, 0.000418], [0.114202, 0.090058, 0.035577, 0.009416, 0.001904, 0.000344], [0.057288, 0.045305, 0.017856, 0.004718, 0.000945, 0.000175], [0.021661, 0.017028, 0.006689, 0.001767, 0.000332, 8.1e-05], [0.008528, 0.006847, 0.002727, 0.000679, 0.000145, 2.4e-05]]}, "Red Bull Bragantino / SP": {"Londrina / PR": [[0.161221, 0.193818, 0.116639, 0.047079, 0.014173, 0.004222], [0.099942, 0.120899, 0.072342, 0.02934, 0.008756, 0.002602], [0.030986, 0.03738, 0.022504, 0.009064, 0.002688, 0.000778], [0.006676, 0.007903, 0.004631, 0.001859, 0.000565, 0.000156], [0.00103, 0.001182, 0.000652, 0.000308, 0.000103, 3.4e-05], [0.000144, 0.000166, 0.000109, 3.7e-05, 9e-06, 3e-06]], "Vasco da Gama / RJ": [[0.095983, 0.147293, 0.111238, 0.05667, 0.021357, 0.008491], [0.078604, 0.120756, 0.090973, 0.046061, 0.017758, 0.00705], [0.032424, 0.049252, 0.037204, 0.018926, 0.007242, 0.002873], [0.008782, 0.013356, 0.010177, 0.005229, 0.001902, 0.000775], [0.001695, 0.002647, 0.002076, 0.001104, 0.000386, 0.000154], [0.000345, 0.000521, 0.000385, 0.000222, 6.3e-05, 2.6e-05]]},