{"Ponte Preta / SP": {"Boa / MG": [[0.178327, 0.063885, 0.011541, 0.001359, 0.00015, 8e-06], [0.242957, 0.087461, 0.015795, 0.001867, 0.000155, 1.1e-05], [0.166099, 0.059956, 0.010824, 0.001329, 0.000127, 1.2e-05], [0.075383, 0.027064, 0.004836, 0.00063, 4.4e-05, 3e-06], [0.025841, 0.009386, 0.0017, 0.000177, 2.4e-05, 2e-06], [0.009033, 0.003345, 0.000608, 5.7e-05, 3e-06, 1e-06]], "Coritiba / PR": [[0.160864, 0.123914, 0.047808, 0.012206, 0.00233, 0.000404], [0.170116, 0.131267, 0.050773, 0.013002, 0.002451, 0.000446], [0.08987, 0.069123, 0.026521, 0.006781, 0.001376, 0.000239], [0.031442, 0.024195, 0.009337, 0.002394, 0.000458, 9.3e-05], [0.008417, 0.006397, 0.00243, 0.000628, 0.000125, 1.5e-05], [0.002187, 0.001614, 0.00058, 0.000143, 4.7e-05, 7e-06]]}, "Oeste / SP": {"Londrina / PR": [[0.228481, 0.128364, 0.036447, 0.006874, 0.000935, 0.000119], [0.209125, 0.117049, 0.033127, 0.006042, 0.000838, 0.000109], [0.095838, 0.053613, 0.015116, 0.002811, 0.000368, 4.6e-05], [0.028812, 0.016275, 0.004678, 0.000866, 0.000128, 6e-06], [0.006432, 0.003708, 0.001003, 0.000233, 2.3e-05, 1e-06], [0.001447, 0.000822, 0.000215, 4.2e-05, 5e-06, 2e-06]], "Goi\u00e1s / GO": [[0.083546, 0.102912, 0.06342, 0.025903, 0.007926, 0.002438], [0.104659, 0.128345, 0.078548, 0.032333, 0.010052, 0.003049], [0.065745, 0.081253, 0.049495, 0.020258, 0.006129, 0.001877], [0.027163, 0.033674, 0.020877, 0.008407, 0.002509, 0.000828], [0.008518, 0.010641, 0.006476, 0.002694, 0.000819, 0.000257], [0.002713, 0.003383, 0.002023, 0.000805, 0.000244, 8.1e-05]]}, "Brasil / RS": {"Vila Nova / GO": [[0.238716, 0.208277, 0.090542, 0.026266, 0.005838, 0.001163], [0.133451, 0.116792, 0.051017, 0.014742, 0.00309, 0.000681], [0.037539, 0.032777, 0.0141, 0.004256, 0.000898, 0.000174], [0.007065, 0.006373, 0.002651, 0.000759, 0.000156, 3.2e-05], [0.000979, 0.000866, 0.000387, 0.000108, 1.1e-05, 3e-06], [0.000137, 0.000108, 3.2e-05, 1.1e-05, 3e-06, 0.0]], "Guarani / SP": [[0.166539, 0.161143, 0.077181, 0.024481, 0.005931, 0.001418], [0.138349, 0.133079, 0.063896, 0.020746, 0.004902, 0.001146], [0.057364, 0.054843, 0.026502, 0.008544, 0.002001, 0.000436], [0.015632, 0.015235, 0.007359, 0.002356, 0.000568, 0.000134], [0.003233, 0.00315, 0.001527, 0.000469, 0.000127, 2.7e-05], [0.000651, 0.000589, 0.000323, 9.5e-05, 2e-05, 4e-06]]}, "Figueirense / SC": {"Guarani / SP": [[0.07603, 0.098287, 0.063956, 0.027431, 0.008928, 0.0028], [0.098156, 0.126812, 0.081614, 0.035125, 0.011343, 0.00367], [0.062667, 0.080662, 0.052117, 0.022446, 0.007073, 0.002228], [0.02713, 0.034221, 0.022145, 0.009687, 0.003063, 0.001018], [0.008492, 0.01124, 0.007062, 0.003092, 0.000962, 0.000337], [0.002771, 0.003581, 0.002397, 0.001018, 0.00033, 0.000109]], "Paysandu / PA": [[0.092044, 0.074609, 0.030181, 0.008168, 0.001631, 0.000304], [0.145162, 0.116541, 0.047661, 0.012602, 0.002583, 0.000474], [0.113954, 0.093279, 0.037622, 0.009948, 0.002011, 0.00037], [0.0603, 0.048454, 0.019762, 0.005367, 0.001086, 0.000185], [0.023959, 0.019185, 0.007717, 0.002145, 0.00039, 8.2e-05], [0.009878, 0.008028, 0.003223, 0.000875, 0.000191, 2.9e-05]]}, "Fortaleza / CE": {"CSA / AL": [[0.074138, 0.066703, 0.029361, 0.008969, 0.00201, 0.000409], [0.126558, 0.112726, 0.050074, 0.014928, 0.003345, 0.000705], [0.108611, 0.096882, 0.043187, 0.01288, 0.002807, 0.000599], [0.061719, 0.055128, 0.024485, 0.00735, 0.001651, 0.00034], [0.026522, 0.023442, 0.010283, 0.003111, 0.000726, 0.000154], [0.012376, 0.011089, 0.004867, 0.001444, 0.000347, 7.4e-05]], "Juventude / RS": [[0.091008, 0.05632, 0.017677, 0.00357, 0.000573, 8.1e-05], [0.160992, 0.10058, 0.031173, 0.006665, 0.001037, 0.000142], [0.142901, 0.089232, 0.027589, 0.005889, 0.000924, 0.00012], [0.085161, 0.052638, 0.016591, 0.003346, 0.00054, 7e-05], [0.037809, 0.023337, 0.007303, 0.001489, 0.000263, 3.7e-05], [0.018797, 0.011645, 0.003575, 0.000775, 0.000135, 1.6e-05]]}, "Vila Nova / GO": {"Figueirense / SC": [[0.138966, 0.111816, 0.045171, 0.01212, 0.002502, 0.000415], [0.162388, 0.130898, 0.052498, 0.014321, 0.002958, 0.00056], [0.094901, 0.076256, 0.030699, 0.008209, 0.001655, 0.000309], [0.036747, 0.029688, 0.012106, 0.003146, 0.000623, 0.000105], [0.010783, 0.008739, 0.003451, 0.000933, 0.000197, 3e-05], [0.003048, 0.002463, 0.000967, 0.000279, 4.5e-05, 8e-06]], "Crici\u00fama / SC": [[0.199792, 0.109773, 0.030411, 0.005512, 0.000821, 8.9e-05], [0.211357, 0.116881, 0.032359, 0.005975, 0.000844, 7.2e-05], [0.111488, 0.062227, 0.017283, 0.003128, 0.000429, 5.2e-05], [0.039574, 0.021914, 0.00613, 0.001083, 0.000149, 2.1e-05], [0.010207, 0.005676, 0.001566, 0.000314, 4.5e-05, 4e-06], [0.002792, 0.001508, 0.000432, 7.9e-05, 1.1e-05, 2e-06]]}, "Atl\u00e9tico / GO": {"S\u00e3o Bento / SP": [[0.061252, 0.079236, 0.051356, 0.021976, 0.007179, 0.002328], [0.091396, 0.119424, 0.076897, 0.032986, 0.010642, 0.003586], [0.068661, 0.089086, 0.057721, 0.024507, 0.007958, 0.002614], [0.03481, 0.044509, 0.028407, 0.012303, 0.004124, 0.001283], [0.012912, 0.016695, 0.01076, 0.004708, 0.001461, 0.000493], [0.005203, 0.006642, 0.004222, 0.001883, 0.000575, 0.000205]], "Ava\u00ed / SC": [[0.039741, 0.07291, 0.065888, 0.040049, 0.018201, 0.00945], [0.055718, 0.10151, 0.09296, 0.055975, 0.025513, 0.013243], [0.039044, 0.071232, 0.064873, 0.039532, 0.017939, 0.009138], [0.017877, 0.033397, 0.030701, 0.018101, 0.008638, 0.004324], [0.00634, 0.011666, 0.01056, 0.006588, 0.00299, 0.001536], [0.002351, 0.004136, 0.003855, 0.002404, 0.00107, 0.00055]]}, "CSA / AL": {"Atl\u00e9tico / GO": [[0.038414, 0.048909, 0.031109, 0.013357, 0.004214, 0.00132], [0.076411, 0.097341, 0.061805, 0.026175, 0.008333, 0.002561], [0.076227, 0.096041, 0.060917, 0.025723, 0.008086, 0.002627], [0.050246, 0.064549, 0.040783, 0.016918, 0.005519, 0.001797], [0.024997, 0.031621, 0.020269, 0.008498, 0.00276, 0.000809], [0.014452, 0.018471, 0.011728, 0.004896, 0.001634, 0.000483]], "Ava\u00ed / SC": [[0.063099, 0.084136, 0.056592, 0.025278, 0.008376, 0.002959], [0.089643, 0.120418, 0.080681, 0.03606, 0.012123, 0.004065], [0.063338, 0.085838, 0.057512, 0.026013, 0.008592, 0.002918], [0.030548, 0.04067, 0.027253, 0.011989, 0.004172, 0.001434], [0.010564, 0.014485, 0.009659, 0.004353, 0.001488, 0.000497], [0.003902, 0.005379, 0.003664, 0.001599, 0.000546, 0.000157]]}, "Londrina / PR": {"Crici\u00fama / SC": [[0.078113, 0.06537, 0.027644, 0.007612, 0.001614, 0.000343], [0.133497, 0.111702, 0.046707, 0.013133, 0.002832, 0.000477], [0.114426, 0.096075, 0.040027, 0.011157, 0.002353, 0.000468], [0.065327, 0.054612, 0.022898, 0.00641, 0.001377, 0.000265], [0.028217, 0.023423, 0.009965, 0.002777, 0.000546, 0.000105], [0.013222, 0.01109, 0.004619, 0.001275, 0.00027, 5.2e-05]], "CRB / AL": [[0.132486, 0.05574, 0.012027, 0.001681, 0.000185, 1.6e-05], [0.211738, 0.089915, 0.019016, 0.002632, 0.000272, 2.6e-05], [0.168854, 0.071447, 0.015139, 0.002052, 0.000206, 3e-05], [0.090491, 0.038013, 0.008206, 0.00115, 0.000112, 1e-05], [0.036, 0.01524, 0.003189, 0.000475, 3.4e-05, 3e-06], [0.015438, 0.006627, 0.001367, 0.000165, 1.5e-05, 3e-06]]}, "Sampaio Corr\u00eaa / MA": {"S\u00e3o Bento / SP": [[0.118796, 0.133773, 0.075474, 0.028252, 0.0081, 0.002289], [0.118986, 0.134642, 0.075923, 0.028662, 0.008007, 0.00217], [0.059646, 0.067533, 0.037852, 0.014406, 0.004036, 0.00108], [0.019888, 0.022166, 0.012769, 0.004782, 0.001384, 0.00039], [0.004923, 0.005538, 0.00324, 0.001207, 0.000315, 9e-05], [0.001205, 0.001303, 0.000791, 0.000286, 7.5e-05, 2.1e-05]], "Boa / MG": [[0.167102, 0.093148, 0.026109, 0.004828, 0.000664, 9.2e-05], [0.205939, 0.114363, 0.031851, 0.005938, 0.000794, 0.000115], [0.126604, 0.070534, 0.019672, 0.003678, 0.000567, 7.1e-05], [0.052154, 0.029199, 0.007947, 0.001524, 0.000186, 2.3e-05], [0.016339, 0.008885, 0.002493, 0.00046, 6.6e-05, 1e-05], [0.004889, 0.002838, 0.000751, 0.000143, 2.1e-05, 3e-06]]},