{"Ponte Preta / SP": {"Brasil / RS": [[0.098548, 0.088686, 0.039614, 0.011687, 0.002635, 0.000587], [0.139605, 0.125641, 0.056373, 0.017014, 0.003704, 0.000789], [0.098794, 0.089517, 0.040107, 0.012031, 0.002804, 0.000565], [0.046956, 0.042183, 0.019057, 0.005716, 0.001215, 0.000291], [0.016778, 0.014932, 0.006791, 0.001991, 0.000444, 0.000104], [0.006082, 0.005467, 0.002395, 0.00069, 0.000184, 2.3e-05]]}, "Red Bull Bragantino / SP": {"CRB / AL": [[0.045066, 0.03836, 0.015955, 0.004503, 0.000923, 0.000181], [0.101515, 0.086215, 0.036114, 0.010052, 0.002132, 0.000437], [0.114718, 0.096363, 0.040631, 0.011451, 0.002498, 0.000466], [0.086414, 0.072405, 0.030789, 0.008579, 0.001839, 0.000373], [0.04864, 0.040996, 0.017486, 0.005033, 0.001009, 0.000196], [0.034133, 0.028334, 0.011956, 0.003396, 0.000708, 0.000134]]}, "Oeste / SP": {"Crici\u00fama / SC": [[0.179933, 0.118123, 0.038445, 0.008101, 0.001375, 0.000185], [0.191334, 0.124294, 0.040749, 0.008874, 0.001383, 0.000226], [0.101223, 0.066541, 0.021505, 0.00468, 0.000801, 0.000118], [0.036032, 0.023501, 0.007684, 0.001619, 0.00026, 3.4e-05], [0.009574, 0.006205, 0.002078, 0.000391, 6.3e-05, 1.1e-05], [0.002442, 0.001584, 0.000493, 0.000118, 1.8e-05, 3e-06]]}, "Atl\u00e9tico / GO": {"Sport / PE": [[0.137685, 0.118662, 0.050588, 0.014576, 0.003042, 0.000602], [0.155794, 0.133084, 0.057071, 0.016249, 0.003375, 0.000702], [0.087058, 0.074269, 0.032199, 0.008995, 0.001955, 0.000427], [0.032393, 0.02784, 0.011807, 0.003457, 0.000698, 0.000137], [0.009111, 0.007842, 0.003263, 0.000998, 0.000229, 4.4e-05], [0.002534, 0.002085, 0.000936, 0.000224, 5.7e-05, 1.2e-05]]}, "Paran\u00e1 / PR": {"Botafogo / SP": [[0.250836, 0.156468, 0.048854, 0.010085, 0.001537, 0.000218], [0.191547, 0.118568, 0.036629, 0.007609, 0.00126, 0.000162], [0.072178, 0.044779, 0.014028, 0.003004, 0.000448, 7.5e-05], [0.018318, 0.011554, 0.003464, 0.000745, 0.000123, 1.5e-05], [0.003427, 0.002039, 0.000713, 0.000129, 1.4e-05, 0.0], [0.00063, 0.000409, 0.000105, 2.8e-05, 2e-06, 0.0]]}, "Londrina / PR": {"Guarani / SP": [[0.162119, 0.130545, 0.053647, 0.014624, 0.002914, 0.000542], [0.162835, 0.131973, 0.054158, 0.014639, 0.002922, 0.000541], [0.082641, 0.067119, 0.027011, 0.007351, 0.001512, 0.0003], [0.028137, 0.02268, 0.009157, 0.002511, 0.000477, 0.000105], [0.007078, 0.00565, 0.002268, 0.000615, 0.000126, 2.5e-05], [0.001658, 0.001396, 0.00054, 0.000147, 3.3e-05, 4e-06]]}, "Figueirense / SC": {"Oper\u00e1rio / PR": [[0.235663, 0.12409, 0.032617, 0.005739, 0.000704, 9.8e-05], [0.216645, 0.114222, 0.030062, 0.005282, 0.000703, 6.4e-05], [0.098933, 0.052852, 0.01395, 0.002435, 0.000313, 4.2e-05], [0.030329, 0.015774, 0.004154, 0.000711, 0.000103, 1.3e-05], [0.007047, 0.00371, 0.000994, 0.000162, 1.8e-05, 4e-06], [0.001512, 0.000801, 0.000206, 3.9e-05, 8e-06, 1e-06]]}, "Am\u00e9rica / MG": {"S\u00e3o Bento / SP": [[0.065817, 0.068264, 0.03547, 0.012365, 0.003253, 0.000817], [0.109835, 0.115035, 0.060041, 0.020964, 0.005374, 0.001277], [0.092493, 0.09648, 0.050545, 0.017525, 0.004508, 0.001185], [0.052156, 0.054596, 0.028415, 0.009821, 0.002649, 0.000626], [0.022046, 0.022621, 0.011847, 0.004112, 0.001083, 0.000279], [0.010234, 0.010479, 0.005295, 0.00189, 0.00049, 0.000113]]}, "Vit\u00f3ria / BA": {"Coritiba / PR": [[0.092036, 0.127609, 0.089075, 0.041502, 0.014223, 0.005262], [0.091249, 0.126813, 0.088172, 0.041107, 0.014296, 0.005128], [0.045431, 0.063506, 0.044298, 0.02067, 0.007147, 0.002584], [0.015297, 0.020998, 0.014618, 0.006797, 0.00239, 0.000839], [0.003786, 0.005224, 0.003685, 0.001786, 0.000628, 0.000196], [0.000915, 0.00128, 0.000844, 0.000419, 0.000134, 5.6e-05]]}, "Cuiab\u00e1 / MT": {"Vila Nova / GO": [[0.107107, 0.073194, 0.02488, 0.005664, 0.000964, 0.000154], [0.166366, 0.113239, 0.038381, 0.008694, 0.001518, 0.000225], [0.128773, 0.087968, 0.029929, 0.006851, 0.001158, 0.000188], [0.066755, 0.045771, 0.015257, 0.003572, 0.000568, 9.5e-05], [0.026035, 0.017829, 0.005957, 0.001316, 0.000241, 4e-05], [0.010865, 0.007177, 0.002595, 0.000545, 0.000112, 1.7e-05]], "Figueirense / SC": [[0.110057, 0.081422, 0.030249, 0.007283, 0.001396, 0.000253], [0.161676, 0.11918, 0.043509, 0.011015, 0.002036, 0.00035], [0.118501, 0.087576, 0.032058, 0.007909, 0.001488, 0.000223], [0.058038, 0.043327, 0.015636, 0.003954, 0.000743, 0.000114], [0.021365, 0.015865, 0.005824, 0.001433, 0.000232, 4.8e-05], [0.00811, 0.006117, 0.002279, 0.000597, 0.000121, 1.6e-05]]}}