{"Flamengo / RJ": {"Crici\u00fama / SC": [[0.121048, 0.056966, 0.013594, 0.002206, 0.000236, 3.2e-05], [0.198593, 0.093318, 0.022149, 0.003452, 0.000396, 4.8e-05], [0.162888, 0.076663, 0.01804, 0.002832, 0.000325, 4.2e-05], [0.088587, 0.042054, 0.009863, 0.001595, 0.000189, 2.7e-05], [0.036521, 0.017417, 0.004063, 0.00065, 7e-05, 1.1e-05], [0.016319, 0.007749, 0.001724, 0.000285, 4.6e-05, 2e-06]], "Vit\u00f3ria / BA": [[0.074074, 0.063404, 0.027247, 0.007863, 0.001721, 0.000363], [0.122862, 0.111649, 0.050937, 0.015421, 0.003558, 0.000731], [0.100798, 0.097884, 0.04737, 0.015136, 0.003538, 0.000802], [0.055366, 0.057428, 0.029019, 0.009887, 0.002506, 0.000598], [0.022645, 0.024827, 0.013561, 0.004884, 0.00131, 0.000355], [0.010078, 0.011681, 0.00698, 0.002609, 0.000726, 0.000182]]}, "Fluminense / RJ": {"Corinthians / SP": [[0.114124, 0.083487, 0.030854, 0.007579, 0.001386, 0.000217], [0.155328, 0.122458, 0.048335, 0.012656, 0.00237, 0.000432], [0.105065, 0.089363, 0.037857, 0.010409, 0.002192, 0.0004], [0.047333, 0.043506, 0.019471, 0.005895, 0.001307, 0.000252], [0.015897, 0.015567, 0.00757, 0.002397, 0.000546, 0.000126], [0.005459, 0.005766, 0.002996, 0.001055, 0.000281, 6.4e-05]]}, "S\u00e3o Paulo / SP": {"Figueirense / SC": [[0.061674, 0.039624, 0.012616, 0.002673, 0.000432, 5.6e-05], [0.128309, 0.086024, 0.028866, 0.006528, 0.00108, 0.000162], [0.132899, 0.094387, 0.03306, 0.007722, 0.001354, 0.000182], [0.091381, 0.068623, 0.025236, 0.006255, 0.001196, 0.000154], [0.046525, 0.036975, 0.014579, 0.003712, 0.0007, 0.0001], [0.028511, 0.024262, 0.010376, 0.003032, 0.000616, 0.000119]]}, "Santos / SP": {"S\u00e3o Paulo / SP": [[0.094355, 0.101855, 0.054601, 0.019419, 0.005156, 0.001384], [0.107941, 0.129416, 0.077124, 0.029849, 0.008728, 0.002529], [0.060949, 0.081538, 0.0534, 0.022696, 0.0073, 0.002229], [0.023521, 0.033827, 0.024477, 0.011126, 0.003822, 0.001323], [0.006554, 0.010439, 0.008126, 0.003987, 0.001542, 0.000578], [0.001839, 0.003268, 0.002681, 0.001536, 0.000625, 0.00026]], "Botafogo / RJ": [[0.164299, 0.055464, 0.00951, 0.001089, 9.4e-05, 9e-06], [0.239985, 0.082092, 0.014033, 0.001666, 0.000137, 7e-06], [0.175442, 0.0614, 0.010774, 0.001239, 0.00012, 1.3e-05], [0.085193, 0.029975, 0.005329, 0.000621, 5.2e-05, 4e-06], [0.031011, 0.011256, 0.001955, 0.000233, 2.1e-05, 0.0], [0.011807, 0.004287, 0.000769, 0.000101, 1.1e-05, 2e-06]]}, "Athletico Paranaense / PR": {"Goi\u00e1s / GO": [[0.21695, 0.080507, 0.015086, 0.001884, 0.000176, 1.6e-05], [0.244156, 0.097261, 0.01918, 0.00256, 0.000236, 2.1e-05], [0.137644, 0.058591, 0.012651, 0.001778, 0.000179, 1.8e-05], [0.051494, 0.023403, 0.00526, 0.00076, 9.8e-05, 8e-06], [0.014421, 0.007023, 0.001689, 0.000264, 2.7e-05, 4e-06], [0.003871, 0.002119, 0.00056, 8.4e-05, 1.9e-05, 2e-06]]}, "Atl\u00e9tico / MG": {"Coritiba / PR": [[0.156539, 0.089499, 0.025584, 0.00503, 0.000714, 9.5e-05], [0.186449, 0.121123, 0.039113, 0.008393, 0.001245, 0.000173], [0.109884, 0.0805, 0.028831, 0.006785, 0.001137, 0.000183], [0.043265, 0.035485, 0.01412, 0.003725, 0.000659, 0.000118], [0.012815, 0.011711, 0.005144, 0.001384, 0.000283, 4.9e-05], [0.003634, 0.003717, 0.001898, 0.000555, 0.000134, 2.7e-05]]}, "Bahia / BA": {"Athletico Paranaense / PR": [[0.198454, 0.173928, 0.076557, 0.022574, 0.004948, 0.001037], [0.146577, 0.129088, 0.056426, 0.016445, 0.003781, 0.000778], [0.053948, 0.04745, 0.02101, 0.006121, 0.001351, 0.000271], [0.013234, 0.011955, 0.005122, 0.001497, 0.000305, 7.2e-05], [0.00244, 0.002267, 0.001014, 0.000288, 6.1e-05, 1.7e-05], [0.000414, 0.000348, 0.000156, 5.5e-05, 9e-06, 2e-06]], "Gr\u00eamio / RS": [[0.379938, 0.221108, 0.065076, 0.01239, 0.001893, 0.000245], [0.131189, 0.091217, 0.031313, 0.00695, 0.001114, 0.000158], [0.022896, 0.018135, 0.007096, 0.001767, 0.000337, 5e-05], [0.002587, 0.002416, 0.001068, 0.000304, 5.8e-05, 1.2e-05], [0.000226, 0.000262, 0.000109, 3.1e-05, 7e-06, 3e-06], [1.5e-05, 1.4e-05, 1.1e-05, 4e-06, 0.0, 1e-06]]}, "Internacional / RS": {"Atl\u00e9tico / MG": [[0.057606, 0.065445, 0.037519, 0.014197, 0.003941, 0.001105], [0.091662, 0.111087, 0.067722, 0.027454, 0.008198, 0.002359], [0.07328, 0.094385, 0.060759, 0.026156, 0.008123, 0.002612], [0.03785, 0.053187, 0.036039, 0.016296, 0.005556, 0.001851], [0.015175, 0.022284, 0.016185, 0.007624, 0.002687, 0.000959], [0.006607, 0.009968, 0.007948, 0.00401, 0.001592, 0.000572]], "Palmeiras / SP": [[0.056115, 0.037295, 0.012375, 0.002693, 0.000471, 6.3e-05], [0.12442, 0.082514, 0.027385, 0.006106, 0.000965, 0.000162], [0.138025, 0.091448, 0.030436, 0.006803, 0.001056, 0.000159], [0.102308, 0.067774, 0.022329, 0.005015, 0.000823, 0.000123], [0.056165, 0.037409, 0.012427, 0.002727, 0.000466, 6e-05], [0.038107, 0.025236, 0.008315, 0.00185, 0.000323, 5.2e-05]]}, "Crici\u00fama / SC": {"Sport / PE": [[0.170235, 0.132198, 0.050526, 0.013321, 0.00247, 0.000447], [0.166747, 0.131281, 0.052445, 0.013711, 0.002667, 0.00048], [0.08208, 0.065948, 0.026584, 0.007162, 0.001453, 0.000251], [0.027035, 0.022282, 0.00895, 0.002404, 0.000486, 0.000104], [0.006477, 0.005543, 0.002258, 0.000658, 0.000126, 2.9e-05], [0.00155, 0.001349, 0.000544, 0.000155, 3.2e-05, 1.2e-05]]}, "Chapecoense / SC": {"Botafogo / RJ": [[0.171785, 0.066192, 0.012892, 0.001708, 0.000161, 7e-06], [0.236888, 0.091086, 0.017599, 0.002379, 0.000248, 1.6e-05], [0.162253, 0.062859, 0.012022, 0.001589, 0.000162, 8e-06], [0.074241, 0.028736, 0.005496, 0.000701, 6.6e-05, 4e-06], [0.025535, 0.009876, 0.001905, 0.000243, 2.6e-05, 3e-06], [0.009109, 0.003395, 0.000726, 7.4e-05, 9e-06, 1e-06]], "Cruzeiro / MG": [[0.098696, 0.106385, 0.056227, 0.020172, 0.005343, 0.00143], [0.110958, 0.130818, 0.076401, 0.029639, 0.008643, 0.002399], [0.062498, 0.080114, 0.050591, 0.021051, 0.006394, 0.00202], [0.023511, 0.032315, 0.022347, 0.010084, 0.003236, 0.00111], [0.006548, 0.009801, 0.007205, 0.003483, 0.001235, 0.000433], [0.001813, 0.002868, 0.002365, 0.001238, 0.000458, 0.000171]]}, "Botafogo / RJ": {"Atl\u00e9tico / MG": [[0.069895, 0.100437, 0.071542, 0.03407, 0.012419, 0.004551], [0.077206, 0.118583, 0.091972, 0.046488, 0.017786, 0.007126], [0.042582, 0.070642, 0.058135, 0.031532, 0.01275, 0.005516], [0.015726, 0.027771, 0.024349, 0.013994, 0.005965, 0.002807], [0.004188, 0.008115, 0.007394, 0.004662, 0.002103, 0.001038], [0.001137, 0.002465, 0.002358, 0.001505, 0.000759, 0.000432]]}, "Sport / PE": {"Fluminense / RJ": [[0.092173, 0.114103, 0.07053, 0.028951, 0.009049, 0.002876], [0.103513, 0.130762, 0.082313, 0.034316, 0.010709, 0.003447], [0.058325, 0.074254, 0.047484, 0.020128, 0.006397, 0.002036], [0.021825, 0.028325, 0.018096, 0.007774, 0.002492, 0.00086], [0.006136, 0.008091, 0.005401, 0.002316, 0.000758, 0.00026], [0.001661, 0.002149, 0.001501, 0.000714, 0.000209, 6.6e-05]], "S\u00e3o Paulo / SP": [[0.068648, 0.104019, 0.079296, 0.040495, 0.015265, 0.006102], [0.07039, 0.116526, 0.095334, 0.051909, 0.021166, 0.009204], [0.035705, 0.063837, 0.05656, 0.032942, 0.014302, 0.006776], [0.012033, 0.023447, 0.022086, 0.013888, 0.006353, 0.003379], [0.003233, 0.006367, 0.006461, 0.004316, 0.002136, 0.001172], [0.000773, 0.001629, 0.00178, 0.001341, 0.000692, 0.000438]]}, "Corinthians / SP": {"Crici\u00fama / SC": [[0.127219, 0.030345, 0.003474, 0.000297, 2.1e-05, 0.0], [0.229523, 0.056764, 0.006961, 0.00055, 2.9e-05, 2e-06], [0.206257, 0.054374, 0.007217, 0.000618, 3.3e-05, 0.0], [0.122658, 0.035333, 0.005066, 0.00043, 3.4e-05, 3e-06], [0.054254, 0.017285, 0.002691, 0.000276, 2.1e-05, 1e-06], [0.026511, 0.009787, 0.001744, 0.000204, 1.8e-05, 0.0]], "Gr\u00eamio / RS": [[0.207947, 0.073807, 0.013222, 0.001521, 0.000132, 1.3e-05], [0.236649, 0.099806, 0.020685, 0.002764, 0.00032, 2.5e-05], [0.13195, 0.0683, 0.016607, 0.002562, 0.000256, 2.9e-05], [0.047882, 0.030048, 0.008597, 0.001513, 0.00018, 1.9e-05], [0.013067, 0.009715, 0.003354, 0.000675, 0.000103, 1.2e-05], [0.003387, 0.003082, 0.001338, 0.000369, 5.5e-05, 9e-06]]},