{"Botafogo / RJ": {"Crici\u00fama / SC": [[0.042728, 0.042291, 0.020415, 0.006816, 0.001674, 0.000367], [0.093149, 0.091636, 0.044948, 0.01456, 0.00352, 0.000854], [0.100587, 0.098793, 0.048562, 0.015835, 0.003909, 0.000948], [0.072896, 0.071566, 0.034873, 0.011502, 0.002823, 0.000644], [0.039659, 0.038684, 0.018672, 0.00623, 0.001544, 0.000342], [0.025775, 0.025714, 0.012209, 0.004092, 0.000956, 0.000227]]}, "Flamengo / RJ": {"Cruzeiro / MG": [[0.052313, 0.092046, 0.080805, 0.046681, 0.020715, 0.010128], [0.062686, 0.109892, 0.096102, 0.056394, 0.024835, 0.012074], [0.037451, 0.065814, 0.057438, 0.033971, 0.014667, 0.007271], [0.01482, 0.026055, 0.022769, 0.013273, 0.005768, 0.00291], [0.004261, 0.007763, 0.006837, 0.003998, 0.001759, 0.000842], [0.001333, 0.002306, 0.00208, 0.001189, 0.000516, 0.000238]]}, "S\u00e3o Paulo / SP": {"Coritiba / PR": [[0.138486, 0.095219, 0.03299, 0.00753, 0.001326, 0.000193], [0.178682, 0.122533, 0.042518, 0.009801, 0.001685, 0.000266], [0.114398, 0.079057, 0.027337, 0.006268, 0.001049, 0.000162], [0.049689, 0.03377, 0.011742, 0.002666, 0.000443, 8.3e-05], [0.015952, 0.010956, 0.003702, 0.000887, 0.000146, 2.9e-05], [0.005238, 0.003604, 0.001271, 0.000288, 2.7e-05, 7e-06]]}, "Bahia / BA": {"Fluminense / RJ": [[0.129622, 0.096521, 0.035859, 0.008853, 0.001622, 0.000263], [0.168643, 0.125305, 0.046375, 0.011327, 0.002172, 0.000351], [0.109936, 0.081291, 0.030128, 0.007421, 0.001396, 0.00022], [0.047162, 0.03522, 0.013135, 0.003192, 0.000585, 0.000103], [0.015597, 0.011482, 0.004317, 0.000992, 0.000195, 2.3e-05], [0.004985, 0.003833, 0.001491, 0.000319, 5.6e-05, 8e-06]]}, "Internacional / RS": {"Ponte Preta / SP": [[0.05341, 0.052103, 0.025298, 0.008366, 0.001947, 0.000476], [0.104735, 0.102584, 0.049658, 0.01606, 0.003903, 0.000928], [0.102284, 0.099827, 0.048287, 0.015428, 0.00374, 0.000849], [0.067322, 0.064788, 0.031303, 0.010257, 0.002509, 0.000538], [0.032308, 0.031344, 0.015422, 0.004946, 0.001222, 0.00027], [0.017966, 0.017558, 0.008781, 0.002723, 0.000685, 0.000175]]}, "Goi\u00e1s / GO": {"Santos / SP": [[0.112998, 0.100276, 0.044557, 0.013175, 0.002938, 0.000597], [0.145453, 0.129905, 0.057619, 0.01733, 0.003765, 0.00081], [0.094727, 0.083469, 0.03726, 0.011106, 0.002448, 0.000531], [0.040647, 0.036026, 0.016182, 0.004687, 0.00103, 0.000212], [0.013189, 0.011554, 0.00526, 0.001481, 0.000326, 6.4e-05], [0.004291, 0.003781, 0.001678, 0.000507, 0.0001, 2.1e-05]]}, "N\u00e1utico / PE": {"Corinthians / SP": [[0.225352, 0.202361, 0.090719, 0.027012, 0.005854, 0.001302], [0.134293, 0.119703, 0.053537, 0.015867, 0.003582, 0.0008], [0.039799, 0.035425, 0.015798, 0.004691, 0.001078, 0.000241], [0.007781, 0.007123, 0.003205, 0.000952, 0.000237, 4e-05], [0.001191, 0.001044, 0.000468, 0.00014, 3.1e-05, 1e-05], [0.000163, 0.000114, 6.2e-05, 1.8e-05, 6e-06, 1e-06]]}, "Atl\u00e9tico / MG": {"Vit\u00f3ria / BA": [[0.080304, 0.078776, 0.038601, 0.012728, 0.003044, 0.000698], [0.124226, 0.121505, 0.059016, 0.019679, 0.004771, 0.001106], [0.095975, 0.093396, 0.045742, 0.015101, 0.003663, 0.000848], [0.049214, 0.047935, 0.023451, 0.007674, 0.001939, 0.000453], [0.018378, 0.018442, 0.008898, 0.002913, 0.000754, 0.00016], [0.007758, 0.007651, 0.003655, 0.001191, 0.000274, 8.1e-05]]}, "Athletico Paranaense / PR": {"Vasco da Gama / RJ": [[0.02935, 0.035194, 0.021076, 0.00822, 0.002503, 0.000756], [0.06851, 0.081355, 0.048939, 0.01961, 0.005866, 0.001758], [0.07937, 0.095269, 0.056658, 0.022691, 0.006767, 0.002026], [0.062078, 0.074391, 0.04459, 0.017956, 0.005349, 0.001542], [0.036457, 0.043585, 0.026014, 0.010298, 0.002992, 0.000917], [0.026791, 0.031733, 0.018783, 0.007601, 0.002353, 0.000652]]}, "Portuguesa / SP": {"Gr\u00eamio / RS": [[0.125415, 0.110475, 0.048603, 0.014141, 0.003119, 0.000639], [0.149164, 0.131536, 0.058227, 0.0172, 0.003734, 0.000783], [0.089736, 0.079177, 0.034752, 0.01031, 0.002141, 0.000446], [0.036115, 0.03124, 0.014005, 0.004164, 0.000875, 0.000184], [0.010785, 0.009651, 0.004172, 0.001217, 0.000252, 5.3e-05], [0.003229, 0.002795, 0.001247, 0.000323, 7.8e-05, 1.7e-05]]}}