{"Vasco da Gama / RJ": {"Cruzeiro / MG": [[0.033641, 0.080105, 0.094958, 0.075697, 0.044779, 0.034902], [0.026393, 0.07007, 0.092916, 0.08067, 0.0525, 0.044436], [0.010451, 0.031056, 0.044437, 0.042357, 0.029487, 0.028558], [0.002736, 0.009029, 0.014081, 0.014463, 0.010966, 0.011575], [0.000504, 0.001883, 0.003199, 0.003606, 0.002998, 0.003591], [0.000115, 0.000405, 0.000771, 0.000871, 0.000772, 0.001022]], "N\u00e1utico / PE": [[0.0697, 0.045464, 0.014494, 0.003226, 0.00049, 6.6e-05], [0.126158, 0.096591, 0.035985, 0.008618, 0.001606, 0.000271], [0.112269, 0.10034, 0.042773, 0.011904, 0.002511, 0.000412], [0.067186, 0.068144, 0.032887, 0.010288, 0.00229, 0.000486], [0.030297, 0.03444, 0.018764, 0.006472, 0.001608, 0.00032], [0.015057, 0.01989, 0.012225, 0.004885, 0.001496, 0.000387]]}, "Fluminense / RJ": {"Atl\u00e9tico / MG": [[0.162831, 0.156236, 0.074167, 0.023478, 0.005602, 0.001264], [0.111376, 0.135828, 0.077939, 0.029428, 0.008092, 0.002181], [0.037544, 0.055329, 0.038768, 0.016853, 0.005389, 0.001577], [0.008561, 0.015065, 0.012058, 0.006031, 0.002152, 0.000752], [0.001406, 0.002951, 0.002793, 0.001582, 0.000618, 0.000247], [0.000224, 0.000514, 0.000508, 0.000381, 0.000176, 9.9e-05]]}, "Corinthians / SP": {"Internacional / RS": [[0.224068, 0.086183, 0.01641, 0.002134, 0.000197, 1e-05], [0.124766, 0.172319, 0.057208, 0.010499, 0.001339, 0.000149], [0.034608, 0.082867, 0.063652, 0.018371, 0.003288, 0.000466], [0.006304, 0.021674, 0.026975, 0.015089, 0.003934, 0.000782], [0.0009, 0.003934, 0.006853, 0.005891, 0.002713, 0.000784], [0.00012, 0.000562, 0.001327, 0.001694, 0.001216, 0.000714]]}, "Vit\u00f3ria / BA": {"Flamengo / RJ": [[0.09398, 0.092924, 0.046408, 0.015169, 0.003737, 0.000846], [0.113045, 0.128169, 0.071982, 0.026237, 0.007269, 0.001896], [0.06746, 0.08654, 0.054056, 0.022018, 0.006749, 0.001946], [0.02663, 0.038625, 0.026555, 0.011947, 0.003929, 0.001278], [0.008036, 0.012498, 0.009758, 0.004807, 0.001735, 0.000668], [0.002331, 0.00422, 0.003499, 0.001956, 0.000786, 0.000311]]}, "Gr\u00eamio / RS": {"Goi\u00e1s / GO": [[0.155671, 0.147731, 0.069928, 0.022114, 0.005319, 0.001201], [0.131895, 0.135322, 0.069078, 0.023537, 0.005849, 0.001421], [0.055901, 0.061519, 0.033388, 0.011892, 0.003214, 0.00087], [0.015754, 0.018156, 0.010671, 0.004247, 0.00117, 0.000282], [0.003312, 0.00413, 0.00256, 0.001029, 0.000306, 0.0001], [0.000626, 0.000894, 0.000569, 0.000248, 7.2e-05, 2.4e-05]]}, "Ponte Preta / SP": {"Gr\u00eamio / RS": [[0.120315, 0.162692, 0.109529, 0.048856, 0.016159, 0.005559], [0.092888, 0.125369, 0.084125, 0.037453, 0.012584, 0.004307], [0.035647, 0.048157, 0.032374, 0.014532, 0.004824, 0.001669], [0.009113, 0.01239, 0.008174, 0.003673, 0.001198, 0.000427], [0.001761, 0.002336, 0.001636, 0.000772, 0.000209, 8.5e-05], [0.000303, 0.000391, 0.000306, 0.000132, 3.4e-05, 2.1e-05]], "Portuguesa / SP": [[0.063583, 0.108179, 0.091037, 0.051333, 0.021491, 0.009906], [0.067526, 0.114746, 0.096964, 0.054092, 0.023054, 0.010566], [0.035539, 0.060946, 0.051502, 0.029358, 0.01242, 0.005791], [0.012717, 0.021384, 0.018185, 0.010345, 0.004357, 0.001953], [0.003367, 0.005715, 0.00493, 0.0027, 0.00111, 0.000528], [0.000844, 0.001506, 0.001163, 0.000713, 0.000306, 0.000144]]}, "Crici\u00fama / SC": {"Vit\u00f3ria / BA": [[0.034658, 0.063818, 0.059679, 0.037021, 0.017219, 0.008832], [0.04585, 0.090915, 0.090748, 0.059616, 0.029271, 0.016728], [0.030748, 0.064987, 0.06824, 0.047249, 0.024794, 0.015227], [0.013719, 0.030871, 0.034427, 0.025245, 0.01418, 0.009035], [0.004658, 0.010889, 0.012714, 0.009958, 0.005651, 0.003951], [0.001531, 0.003941, 0.004936, 0.004145, 0.002571, 0.001978]], "S\u00e3o Paulo / SP": [[0.068334, 0.104015, 0.078534, 0.039528, 0.015097, 0.005913], [0.07948, 0.120801, 0.092467, 0.046232, 0.017629, 0.006921], [0.046324, 0.070574, 0.053277, 0.02717, 0.010183, 0.004133], [0.018191, 0.027638, 0.020705, 0.010414, 0.003926, 0.001485], [0.005362, 0.00798, 0.006227, 0.002983, 0.001133, 0.000487], [0.001549, 0.002308, 0.001661, 0.000894, 0.000331, 0.000114]]}, "Cruzeiro / MG": {"Bahia / BA": [[0.056386, 0.039573, 0.013841, 0.003266, 0.000544, 8.8e-05], [0.122631, 0.086211, 0.030277, 0.007021, 0.001204, 0.000199], [0.133734, 0.093575, 0.032803, 0.007599, 0.001363, 0.000204], [0.09647, 0.067629, 0.023859, 0.005425, 0.000947, 0.00014], [0.051986, 0.036783, 0.012834, 0.002978, 0.000558, 8.9e-05], [0.03467, 0.024193, 0.00851, 0.001953, 0.000384, 7.3e-05]]}, "Coritiba / PR": {"Botafogo / RJ": [[0.098381, 0.130966, 0.087129, 0.038177, 0.012863, 0.004359], [0.08468, 0.125588, 0.092297, 0.044087, 0.015969, 0.005902], [0.036493, 0.059603, 0.047323, 0.025018, 0.009566, 0.003825], [0.010452, 0.018534, 0.016086, 0.009212, 0.003754, 0.001713], [0.002293, 0.004301, 0.003971, 0.002468, 0.00109, 0.000542], [0.000423, 0.000924, 0.00098, 0.000575, 0.000302, 0.000154]]}, "Santos / SP": {"Fluminense / RJ": [[0.13119, 0.1035, 0.04041, 0.010533, 0.00216, 0.000419], [0.139933, 0.133655, 0.061231, 0.018512, 0.00406, 0.000863], [0.074228, 0.084165, 0.044413, 0.015574, 0.003797, 0.00086], [0.026953, 0.033925, 0.020758, 0.008086, 0.002276, 0.000602], [0.007187, 0.010382, 0.007057, 0.003071, 0.001011, 0.000278], [0.001831, 0.002962, 0.002399, 0.00118, 0.000412, 0.000127]], "Athletico Paranaense / PR": [[0.083651, 0.096237, 0.054695, 0.020927, 0.005886, 0.001714], [0.090907, 0.125307, 0.083323, 0.036158, 0.011726, 0.003796], [0.048927, 0.079384, 0.06117, 0.030226, 0.011015, 0.003938], [0.01754, 0.03269, 0.028673, 0.016199, 0.006551, 0.002723], [0.004714, 0.009945, 0.009804, 0.006105, 0.002746, 0.001308], [0.0013, 0.002972, 0.003381, 0.002397, 0.001262, 0.000703]]}, "Botafogo / RJ": {"Crici\u00fama / SC": [[0.037043, 0.045353, 0.027746, 0.011473, 0.003444, 0.001041], [0.076701, 0.093604, 0.057567, 0.023561, 0.007245, 0.002233], [0.079452, 0.096691, 0.059416, 0.024724, 0.007417, 0.002313], [0.055031, 0.06683, 0.041114, 0.016644, 0.005238, 0.001573], [0.028397, 0.035002, 0.021352, 0.008689, 0.002722, 0.000812], [0.017386, 0.021507, 0.01309, 0.005426, 0.001667, 0.000496]]}, "Flamengo / RJ": {"Corinthians / SP": [[0.307646, 0.220322, 0.078653, 0.018942, 0.003291, 0.000542], [0.142412, 0.101952, 0.036473, 0.008868, 0.001545, 0.000268], [0.032891, 0.023717, 0.008457, 0.001916, 0.00038, 5.5e-05], [0.005013, 0.003676, 0.001332, 0.000305, 5.6e-05, 9e-06], [0.000583, 0.000398, 0.00013, 4.4e-05, 5e-06, 1e-06], [6.6e-05, 3.9e-05, 8e-06, 4e-06, 1e-06, 0.0]], "Cruzeiro / MG": [[0.062401, 0.124962, 0.125276, 0.083278, 0.041704, 0.024515], [0.048092, 0.096563, 0.096256, 0.064668, 0.032034, 0.018933], [0.018662, 0.037132, 0.037278, 0.02505, 0.01254, 0.00728], [0.004789, 0.009653, 0.009508, 0.006438, 0.003168, 0.001822], [0.001, 0.001842, 0.001802, 0.001258, 0.000577, 0.000366], [0.000135, 0.000309, 0.000315, 0.000233, 0.000106, 5.5e-05]]}, "S\u00e3o Paulo / SP": {"Coritiba / PR": [[0.147109, 0.12035, 0.049131, 0.013427, 0.002767, 0.000524], [0.14337, 0.13513, 0.062968, 0.01908, 0.004359, 0.000862], [0.069448, 0.074797, 0.039406, 0.013411, 0.003396, 0.000796], [0.022667, 0.027423, 0.015975, 0.005868, 0.001635, 0.000442], [0.005557, 0.007249, 0.004727, 0.001969, 0.000623, 0.000156], [0.00129, 0.001843, 0.001317, 0.000649, 0.000205, 7.4e-05]], "Botafogo / RJ": [[0.126932, 0.147998, 0.08602, 0.033623, 0.010031, 0.002831], [0.113925, 0.132259, 0.07711, 0.030319, 0.008944, 0.002477], [0.05107, 0.059617, 0.03479, 0.013795, 0.003903, 0.001096], [0.015489, 0.01789, 0.010581, 0.00417, 0.001181, 0.000356], [0.003459, 0.004101, 0.002411, 0.000899, 0.000243, 8.5e-05], [0.000729, 0.00089, 0.000481, 0.000228, 5e-05, 1.7e-05]]},