{"Flamengo / RJ": {"Cear\u00e1 / CE": [[0.115368, 0.046717, 0.009481, 0.001353, 0.000139, 1.1e-05], [0.164366, 0.104889, 0.029056, 0.00489, 0.000591, 6.1e-05], [0.116589, 0.102149, 0.037973, 0.008302, 0.001185, 0.000164], [0.05533, 0.061177, 0.029115, 0.008179, 0.001554, 0.00022], [0.019654, 0.026374, 0.015448, 0.005291, 0.001202, 0.000242], [0.007053, 0.011916, 0.00873, 0.003841, 0.00111, 0.00028]], "Santos / SP": [[0.065604, 0.034221, 0.008838, 0.001491, 0.000201, 2.2e-05], [0.145615, 0.075185, 0.019299, 0.003426, 0.00044, 5.4e-05], [0.160402, 0.082075, 0.021222, 0.003657, 0.000465, 4.7e-05], [0.117437, 0.060191, 0.015523, 0.002633, 0.000338, 4.3e-05], [0.064657, 0.033653, 0.008579, 0.00158, 0.000173, 1.4e-05], [0.043751, 0.022294, 0.005773, 0.000971, 0.000107, 1.9e-05]]}, "Corinthians / SP": {"Athletico Paranaense / PR": [[0.089524, 0.084438, 0.040443, 0.012492, 0.002959, 0.000685], [0.126566, 0.125094, 0.061728, 0.020094, 0.004945, 0.0011], [0.088339, 0.091485, 0.04704, 0.015846, 0.004085, 0.000951], [0.042118, 0.044741, 0.023464, 0.008233, 0.002199, 0.000602], [0.014676, 0.016153, 0.008815, 0.003211, 0.000878, 0.000244], [0.005282, 0.006188, 0.003549, 0.001361, 0.000354, 0.000118]], "Gr\u00eamio / RS": [[0.121572, 0.051827, 0.011184, 0.001563, 0.000155, 2.5e-05], [0.171781, 0.106036, 0.029418, 0.005132, 0.000652, 7.5e-05], [0.121114, 0.097919, 0.035307, 0.007638, 0.001134, 0.000152], [0.056925, 0.056766, 0.025366, 0.006834, 0.001285, 0.000187], [0.019807, 0.023877, 0.012632, 0.004149, 0.000887, 0.00017], [0.00718, 0.010553, 0.006867, 0.002837, 0.000806, 0.000188]]}, "S\u00e3o Paulo / SP": {"Sport / PE": [[0.441699, 0.119577, 0.016342, 0.001529, 0.000116, 4e-06], [0.185969, 0.105813, 0.021663, 0.002619, 0.000207, 9e-06], [0.038915, 0.033906, 0.011376, 0.001907, 0.000185, 1.2e-05], [0.005559, 0.006342, 0.002981, 0.000739, 9.2e-05, 1.2e-05], [0.000574, 0.000848, 0.000528, 0.000182, 4.4e-05, 7e-06], [5.7e-05, 7.5e-05, 7.1e-05, 2.9e-05, 1e-05, 2e-06]], "Juventude / RS": [[0.317859, 0.156855, 0.038083, 0.006241, 0.000802, 7.5e-05], [0.168611, 0.12268, 0.039431, 0.00798, 0.001182, 0.000157], [0.044937, 0.042802, 0.018092, 0.004523, 0.000827, 0.000145], [0.007832, 0.009469, 0.004954, 0.001471, 0.000285, 5.3e-05], [0.001109, 0.001535, 0.000972, 0.000346, 9.2e-05, 1.6e-05], [0.000116, 0.00022, 0.000147, 6.1e-05, 3.2e-05, 8e-06]]}, "Atl\u00e9tico Mineiro / MG": {"Fluminense / RJ": [[0.126529, 0.017119, 0.001216, 5.5e-05, 3e-06, 0.0], [0.214219, 0.058323, 0.005843, 0.000411, 1.2e-05, 0.0], [0.183187, 0.074457, 0.011801, 0.000994, 4.4e-05, 2e-06], [0.104292, 0.056286, 0.012328, 0.001454, 9.8e-05, 7e-06], [0.044304, 0.030027, 0.008368, 0.001347, 0.000126, 1e-05], [0.020825, 0.017876, 0.006722, 0.00149, 0.000203, 2.2e-05]], "Red Bull Bragantino / SP": [[0.075097, 0.025015, 0.004088, 0.000444, 3.2e-05, 2e-06], [0.146037, 0.072062, 0.015668, 0.002135, 0.000212, 1.9e-05], [0.14182, 0.093607, 0.026784, 0.004622, 0.000543, 5.5e-05], [0.09155, 0.074855, 0.027146, 0.005747, 0.000877, 9.6e-05], [0.043964, 0.043599, 0.019359, 0.004976, 0.000843, 0.000136], [0.024638, 0.030191, 0.016412, 0.005769, 0.001323, 0.000277]]}, "Internacional / RS": {"Santos / SP": [[0.089935, 0.046942, 0.012298, 0.002253, 0.000299, 4.3e-05], [0.15076, 0.097201, 0.030334, 0.006162, 0.000923, 0.000128], [0.126676, 0.097624, 0.035825, 0.008302, 0.001416, 0.000204], [0.071213, 0.063134, 0.026537, 0.007055, 0.001343, 0.000225], [0.029722, 0.030284, 0.014403, 0.004278, 0.000942, 0.000173], [0.013907, 0.016343, 0.008911, 0.003261, 0.00076, 0.000184]], "Atl\u00e9tico / GO": [[0.119828, 0.076314, 0.024286, 0.005133, 0.000854, 0.000105], [0.153165, 0.12225, 0.046715, 0.011668, 0.002106, 0.000344], [0.097664, 0.093808, 0.042595, 0.012351, 0.002459, 0.000449], [0.042094, 0.047052, 0.024561, 0.0082, 0.00196, 0.000377], [0.013432, 0.017227, 0.010176, 0.00377, 0.001049, 0.000244], [0.004218, 0.006352, 0.004525, 0.001899, 0.000608, 0.000162]]}, "Cear\u00e1 / CE": {"Corinthians / SP": [[0.292974, 0.071211, 0.00859, 0.000678, 3.5e-05, 3e-06], [0.174619, 0.155805, 0.032518, 0.003785, 0.000317, 2.5e-05], [0.052588, 0.080795, 0.040055, 0.007488, 0.000808, 6.2e-05], [0.010524, 0.023052, 0.018388, 0.006527, 0.001104, 0.000128], [0.001671, 0.004249, 0.004899, 0.002743, 0.000783, 0.000123], [0.000214, 0.000714, 0.001147, 0.000861, 0.000383, 0.000134]], "Am\u00e9rica / MG": [[0.152688, 0.059211, 0.011491, 0.00153, 0.000153, 1.3e-05], [0.176524, 0.119726, 0.033166, 0.005632, 0.000682, 6e-05], [0.102467, 0.098834, 0.038806, 0.008591, 0.001268, 0.000163], [0.039562, 0.049708, 0.026048, 0.007576, 0.001453, 0.000219], [0.011319, 0.017731, 0.011568, 0.004388, 0.001061, 0.000211], [0.00325, 0.006098, 0.005198, 0.002597, 0.000776, 0.000232]]}, "Bahia / BA": {"Fluminense / RJ": [[0.132776, 0.099097, 0.037236, 0.009429, 0.001689, 0.000304], [0.1626, 0.127518, 0.050169, 0.012951, 0.002511, 0.000443], [0.100441, 0.081746, 0.033023, 0.009006, 0.001754, 0.000349], [0.041736, 0.035179, 0.014561, 0.004069, 0.000938, 0.000164], [0.013062, 0.01109, 0.004739, 0.001403, 0.000325, 5.5e-05], [0.003898, 0.003519, 0.001577, 0.000502, 0.000117, 2.4e-05]], "Gr\u00eamio / RS": [[0.093741, 0.059283, 0.01892, 0.004133, 0.000651, 9.4e-05], [0.141456, 0.110315, 0.041355, 0.010311, 0.001819, 0.000327], [0.108014, 0.099429, 0.043611, 0.012412, 0.002547, 0.000445], [0.054468, 0.057534, 0.029014, 0.009434, 0.002044, 0.000405], [0.020554, 0.024995, 0.014114, 0.005098, 0.001352, 0.000291], [0.00832, 0.011525, 0.007622, 0.003127, 0.000992, 0.000248]]}, "Athletico Paranaense / PR": {"Cuiab\u00e1 / MT": [[0.350196, 0.135142, 0.026417, 0.003485, 0.00033, 2.8e-05], [0.096463, 0.172959, 0.059398, 0.011177, 0.001407, 0.000144], [0.013172, 0.042201, 0.041972, 0.013226, 0.002318, 0.000324], [0.001164, 0.005514, 0.009356, 0.006472, 0.001928, 0.000407], [8.7e-05, 0.000523, 0.001193, 0.001359, 0.00076, 0.000247], [5e-06, 3.6e-05, 0.000114, 0.000178, 0.000171, 0.000127]], "Palmeiras / SP": [[0.071075, 0.126332, 0.112456, 0.06669, 0.029366, 0.014497], [0.062126, 0.109619, 0.097255, 0.057334, 0.025676, 0.012372], [0.026818, 0.047428, 0.042252, 0.024819, 0.011035, 0.005338], [0.007785, 0.013725, 0.012147, 0.007318, 0.003103, 0.001619], [0.001639, 0.002899, 0.00267, 0.001541, 0.000672, 0.000369], [0.000329, 0.00067, 0.000506, 0.00032, 0.000144, 5.6e-05]]}, "Chapecoense / SC": {"Sport / PE": [[0.305681, 0.17216, 0.049062, 0.009093, 0.001262, 0.000165], [0.0, 0.190219, 0.106674, 0.030107, 0.005578, 0.000899], [0.0, 0.0, 0.059192, 0.033405, 0.009414, 0.002], [0.0, 0.0, 0.0, 0.01207, 0.006852, 0.002351], [0.0, 0.0, 0.0, 0.0, 0.001943, 0.001398], [0.0, 0.0, 0.0, 0.0, 0.0, 0.000475]], "Atl\u00e9tico / GO": [[0.238506, 0.19435, 0.079739, 0.021573, 0.004478, 0.00082], [0.0, 0.147142, 0.120332, 0.04919, 0.013315, 0.003141], [0.0, 0.0, 0.04518, 0.037091, 0.01501, 0.005145], [0.0, 0.0, 0.0, 0.009531, 0.007554, 0.004108], [0.0, 0.0, 0.0, 0.0, 0.001473, 0.001862], [0.0, 0.0, 0.0, 0.0, 0.0, 0.00046]]}, "Cuiab\u00e1 / MT": {"Palmeiras / SP": [[0.156138, 0.162071, 0.084224, 0.0291, 0.007496, 0.001866], [0.067006, 0.13052, 0.099633, 0.045093, 0.014539, 0.004475], [0.014498, 0.041277, 0.046739, 0.028783, 0.011693, 0.004669], [0.002061, 0.007762, 0.012097, 0.010169, 0.005552, 0.002861], [0.000218, 0.001083, 0.002004, 0.002192, 0.001524, 0.001128], [1.2e-05, 0.000129, 0.000302, 0.000364, 0.000358, 0.000364]], "Fortaleza / CE": [[0.173058, 0.131451, 0.049484, 0.012422, 0.002338, 0.000387], [0.105842, 0.146723, 0.08086, 0.026509, 0.006262, 0.001285], [0.032449, 0.065381, 0.053003, 0.023754, 0.007107, 0.00187], [0.006558, 0.017482, 0.019314, 0.011763, 0.004574, 0.001558], [0.000996, 0.003243, 0.004548, 0.00355, 0.001767, 0.000795], [0.000125, 0.000565, 0.000921, 0.000955, 0.000673, 0.000428]]},