{"Fluminense / RJ": {"Fortaleza / CE": [[0.131583, 0.078295, 0.023198, 0.004695, 0.000732, 9e-05], [0.181795, 0.114835, 0.036291, 0.007376, 0.001254, 0.000181], [0.125926, 0.083903, 0.027746, 0.006229, 0.001009, 0.000142], [0.057905, 0.040892, 0.014475, 0.003358, 0.000592, 8.9e-05], [0.019922, 0.014799, 0.005517, 0.001333, 0.000253, 4.8e-05], [0.006971, 0.00574, 0.002167, 0.00054, 9.8e-05, 2.1e-05]]}, "Vasco da Gama / RJ": {"Goi\u00e1s / GO": [[0.088805, 0.097196, 0.053879, 0.019755, 0.005513, 0.001485], [0.106404, 0.128113, 0.076536, 0.030491, 0.009234, 0.002626], [0.063403, 0.08321, 0.053952, 0.022614, 0.007074, 0.00232], [0.025656, 0.035446, 0.024992, 0.011187, 0.003801, 0.001303], [0.007545, 0.01147, 0.008507, 0.004122, 0.001488, 0.000566], [0.002217, 0.003683, 0.002975, 0.001576, 0.000617, 0.000239]]}, "S\u00e3o Paulo / SP": {"Flamengo / RJ": [[0.043011, 0.064499, 0.048695, 0.024549, 0.009205, 0.003587], [0.070879, 0.106226, 0.079863, 0.039751, 0.015005, 0.00586], [0.058105, 0.087142, 0.065875, 0.033018, 0.012567, 0.004737], [0.031778, 0.047686, 0.036038, 0.017906, 0.006791, 0.002742], [0.0128, 0.019575, 0.014797, 0.007388, 0.002717, 0.001149], [0.005852, 0.008771, 0.006616, 0.003191, 0.001155, 0.000474]]}, "Red Bull Bragantino / SP": {"Gr\u00eamio / RS": [[0.087448, 0.06717, 0.025862, 0.006698, 0.001293, 0.000221], [0.13003, 0.115769, 0.051051, 0.014706, 0.003107, 0.000586], [0.095687, 0.097819, 0.048858, 0.015533, 0.0036, 0.000805], [0.046332, 0.054575, 0.030312, 0.011065, 0.0029, 0.000664], [0.016597, 0.022259, 0.013813, 0.00562, 0.001629, 0.00042], [0.006266, 0.0096, 0.00709, 0.003225, 0.001047, 0.000343]]}, "Atl\u00e9tico / MG": {"Palmeiras / SP": [[0.063168, 0.051264, 0.020469, 0.005567, 0.001092, 0.000231], [0.119059, 0.100637, 0.042919, 0.011799, 0.002562, 0.000524], [0.110154, 0.099467, 0.044541, 0.013038, 0.002959, 0.000647], [0.067899, 0.065118, 0.030409, 0.009731, 0.002192, 0.000481], [0.031427, 0.031616, 0.01586, 0.005104, 0.001292, 0.000287], [0.016519, 0.017958, 0.009581, 0.003319, 0.000871, 0.000239]]}, "Internacional / RS": {"Corinthians / SP": [[0.083777, 0.050234, 0.014941, 0.002947, 0.000409, 4.7e-05], [0.151568, 0.096687, 0.030489, 0.00663, 0.001011, 0.000154], [0.136695, 0.093923, 0.031452, 0.007129, 0.001168, 0.000161], [0.081161, 0.059693, 0.021996, 0.005215, 0.000924, 0.000144], [0.035744, 0.028451, 0.011323, 0.002925, 0.000603, 0.000103], [0.017316, 0.015704, 0.006859, 0.001926, 0.00042, 7.1e-05]]}, "Bahia / BA": {"Santos / SP": [[0.074646, 0.083127, 0.046016, 0.017159, 0.004732, 0.001285], [0.102004, 0.122758, 0.072528, 0.028926, 0.008455, 0.002557], [0.068614, 0.089084, 0.057212, 0.024213, 0.007597, 0.002332], [0.031286, 0.04344, 0.029501, 0.013161, 0.004331, 0.00151], [0.01051, 0.015673, 0.011335, 0.005532, 0.001942, 0.000657], [0.003722, 0.005844, 0.004722, 0.002348, 0.000883, 0.000358]]}, "Athletico Paranaense / PR": {"Sport / PE": [[0.249316, 0.106995, 0.022656, 0.00335, 0.000362, 3.4e-05], [0.230172, 0.107509, 0.025068, 0.003816, 0.00042, 3e-05], [0.10619, 0.054586, 0.013723, 0.002202, 0.000283, 2.8e-05], [0.032298, 0.018159, 0.004917, 0.000925, 0.000149, 2.3e-05], [0.007478, 0.004565, 0.001347, 0.000301, 2.8e-05, 3e-06], [0.001557, 0.001062, 0.00034, 0.0001, 6e-06, 2e-06]]}, "Cear\u00e1 / CE": {"Botafogo / RJ": [[0.062793, 0.052008, 0.021734, 0.005982, 0.001227, 0.000249], [0.116187, 0.101392, 0.044323, 0.013173, 0.002915, 0.000605], [0.107024, 0.099368, 0.045726, 0.013975, 0.003292, 0.000724], [0.065821, 0.064572, 0.031327, 0.010129, 0.002457, 0.000549], [0.029935, 0.031506, 0.016196, 0.005388, 0.001438, 0.000352], [0.015652, 0.017625, 0.009664, 0.003493, 0.00097, 0.000229]]}, "Atl\u00e9tico / GO": {"Coritiba / PR": [[0.140938, 0.100337, 0.035576, 0.008411, 0.001496, 0.00026], [0.16518, 0.128412, 0.050052, 0.012684, 0.002426, 0.000392], [0.096142, 0.081579, 0.033984, 0.009463, 0.001852, 0.000348], [0.036833, 0.034324, 0.015516, 0.004553, 0.000967, 0.000174], [0.010794, 0.010789, 0.005226, 0.001699, 0.000388, 9.6e-05], [0.003056, 0.003343, 0.001862, 0.000653, 0.000159, 3.6e-05]]}}