{"Am\u00e9rica / MG": {"Atl\u00e9tico / GO": [[0.110504, 0.08272, 0.03087, 0.007688, 0.001421, 0.000248], [0.152011, 0.122928, 0.049244, 0.012953, 0.002657, 0.000526], [0.104262, 0.090388, 0.038649, 0.011004, 0.002271, 0.000433], [0.047214, 0.044245, 0.020003, 0.006089, 0.001371, 0.000293], [0.016137, 0.016238, 0.00786, 0.002537, 0.000587, 0.000119], [0.005639, 0.006095, 0.003365, 0.001086, 0.000279, 6.6e-05]]}, "Flamengo / RJ": {"Ava\u00ed / SC": [[0.060558, 0.020571, 0.003494, 0.000395, 4.3e-05, 3e-06], [0.148884, 0.051469, 0.00884, 0.001029, 9.6e-05, 7e-06], [0.180864, 0.064077, 0.011252, 0.001331, 9.8e-05, 1e-05], [0.147161, 0.053744, 0.009884, 0.001184, 0.000116, 3e-06], [0.089341, 0.033866, 0.006351, 0.000821, 6.4e-05, 7e-06], [0.069805, 0.028178, 0.005653, 0.000711, 8e-05, 1e-05]]}, "Red Bull Bragantino / SP": {"Fluminense / RJ": [[0.03733, 0.066177, 0.059396, 0.03514, 0.015744, 0.007743], [0.053641, 0.098899, 0.089499, 0.054252, 0.024789, 0.012828], [0.03883, 0.073226, 0.067896, 0.041976, 0.019554, 0.010169], [0.018633, 0.035856, 0.034358, 0.021796, 0.010351, 0.005479], [0.00693, 0.013283, 0.012764, 0.008193, 0.003979, 0.002243], [0.002582, 0.005129, 0.005184, 0.003483, 0.001691, 0.000977]]}, "Corinthians / SP": {"Atl\u00e9tico Mineiro / MG": [[0.198245, 0.11185, 0.03157, 0.005955, 0.000825, 9.5e-05], [0.181366, 0.129976, 0.044984, 0.009767, 0.001566, 0.000251], [0.081818, 0.072664, 0.029461, 0.007666, 0.001398, 0.000242], [0.025072, 0.025533, 0.01237, 0.003704, 0.000827, 0.000155], [0.005672, 0.00682, 0.00379, 0.001284, 0.000342, 6.9e-05], [0.001178, 0.001691, 0.001141, 0.00047, 0.00015, 3.3e-05]]}, "Santos / SP": {"Fortaleza / CE": [[0.103028, 0.096634, 0.045668, 0.014357, 0.00339, 0.00074], [0.126445, 0.12991, 0.065928, 0.022448, 0.005647, 0.001291], [0.077647, 0.08595, 0.047415, 0.017427, 0.004628, 0.001164], [0.031359, 0.038229, 0.022318, 0.008802, 0.002555, 0.000687], [0.009569, 0.012728, 0.007819, 0.003268, 0.001028, 0.000293], [0.002885, 0.004092, 0.002839, 0.00127, 0.000405, 0.000137]]}, "Internacional / RS": {"Palmeiras / SP": [[0.076441, 0.073451, 0.035173, 0.010945, 0.002687, 0.000628], [0.115704, 0.118334, 0.060408, 0.020541, 0.0051, 0.001273], [0.087074, 0.095101, 0.051856, 0.018612, 0.00515, 0.001246], [0.043636, 0.05098, 0.02947, 0.01144, 0.003223, 0.000859], [0.01644, 0.020298, 0.012354, 0.00516, 0.001529, 0.000421], [0.006439, 0.008848, 0.005693, 0.002464, 0.000767, 0.000255]]}, "Cear\u00e1 / CE": {"Juventude / RS": [[0.187505, 0.071803, 0.01376, 0.001744, 0.000173, 1.9e-05], [0.226895, 0.102348, 0.022125, 0.003296, 0.000333, 4.1e-05], [0.134477, 0.072989, 0.018267, 0.002976, 0.000358, 4e-05], [0.052395, 0.033796, 0.010092, 0.00187, 0.000232, 2.5e-05], [0.014966, 0.011758, 0.00409, 0.000988, 0.000156, 1.5e-05], [0.004148, 0.003928, 0.001805, 0.000481, 8.7e-05, 1.9e-05]]}, "Goi\u00e1s / GO": {"S\u00e3o Paulo / SP": [[0.122396, 0.120414, 0.059206, 0.019372, 0.00467, 0.001056], [0.10937, 0.135357, 0.079335, 0.030372, 0.008531, 0.002324], [0.049073, 0.072503, 0.050584, 0.022427, 0.007263, 0.002247], [0.014553, 0.025532, 0.020521, 0.010488, 0.003881, 0.001438], [0.003263, 0.006368, 0.006097, 0.003537, 0.001468, 0.000596], [0.000661, 0.001633, 0.001636, 0.001109, 0.000486, 0.000233]]}, "Cuiab\u00e1 / MT": {"Coritiba / PR": [[0.20352, 0.104094, 0.02629, 0.004473, 0.000557, 6.5e-05], [0.195791, 0.123662, 0.038197, 0.00756, 0.001106, 0.000145], [0.093182, 0.072203, 0.026165, 0.006023, 0.000935, 0.00013], [0.02949, 0.026887, 0.01148, 0.003066, 0.000567, 8.4e-05], [0.006844, 0.007267, 0.003676, 0.00112, 0.000252, 4e-05], [0.001552, 0.001939, 0.001126, 0.000385, 9.5e-05, 3.2e-05]]}, "Athletico Paranaense / PR": {"Botafogo / RJ": [[0.080298, 0.090289, 0.050576, 0.018936, 0.005319, 0.001447], [0.101431, 0.124337, 0.075873, 0.030484, 0.009174, 0.002708], [0.065201, 0.085873, 0.056431, 0.024298, 0.007839, 0.002541], [0.027499, 0.039357, 0.027498, 0.012609, 0.004328, 0.001519], [0.008899, 0.013562, 0.010017, 0.004966, 0.001706, 0.000655], [0.002874, 0.004562, 0.003822, 0.00202, 0.00076, 0.000292]]}}