{"Vasco da Gama / RJ": {"Cruzeiro / MG": [[0.033601, 0.079653, 0.095432, 0.076015, 0.045495, 0.034427], [0.026484, 0.070034, 0.092261, 0.081399, 0.05227, 0.04445], [0.010589, 0.030904, 0.044109, 0.042254, 0.029508, 0.02847], [0.002705, 0.008846, 0.014029, 0.014674, 0.010956, 0.011908], [0.000518, 0.001844, 0.003205, 0.003571, 0.002863, 0.003645], [9.4e-05, 0.000385, 0.000698, 0.000892, 0.000752, 0.00106]], "N\u00e1utico / PE": [[0.070111, 0.045114, 0.014746, 0.003163, 0.00049, 8.1e-05], [0.125968, 0.09729, 0.036075, 0.008801, 0.001636, 0.00028], [0.112755, 0.100235, 0.042583, 0.011761, 0.00239, 0.000462], [0.066718, 0.068219, 0.033141, 0.010272, 0.002327, 0.000464], [0.02986, 0.034177, 0.018666, 0.006614, 0.00158, 0.000329], [0.015132, 0.019563, 0.012302, 0.004922, 0.001388, 0.000385]]}, "Fluminense / RJ": {"Atl\u00e9tico / MG": [[0.16304, 0.155821, 0.074644, 0.023674, 0.005626, 0.001289], [0.111536, 0.134653, 0.078481, 0.029213, 0.008036, 0.002144], [0.037891, 0.055718, 0.038375, 0.01682, 0.005386, 0.001522], [0.00854, 0.015038, 0.012007, 0.006168, 0.002247, 0.000777], [0.001397, 0.002846, 0.002749, 0.001541, 0.000673, 0.00029], [0.000239, 0.000481, 0.000562, 0.000343, 0.000157, 7.6e-05]]}, "Corinthians / SP": {"Internacional / RS": [[0.224428, 0.086137, 0.016366, 0.002139, 0.000208, 1.6e-05], [0.124834, 0.172264, 0.056644, 0.010225, 0.001331, 0.000126], [0.034712, 0.082457, 0.063898, 0.018553, 0.003299, 0.00042], [0.006364, 0.021704, 0.027076, 0.015216, 0.00405, 0.000727], [0.000916, 0.003918, 0.006785, 0.005916, 0.002713, 0.000756], [0.000108, 0.000625, 0.00138, 0.001697, 0.001259, 0.000733]]}, "Vit\u00f3ria / BA": {"Flamengo / RJ": [[0.094338, 0.093031, 0.046028, 0.015286, 0.003666, 0.000916], [0.112763, 0.127828, 0.071472, 0.026374, 0.007209, 0.001856], [0.067938, 0.086809, 0.054045, 0.022022, 0.006651, 0.001921], [0.026733, 0.038433, 0.026486, 0.011825, 0.004045, 0.0013], [0.008041, 0.012891, 0.009766, 0.004667, 0.00174, 0.00062], [0.002352, 0.004237, 0.003659, 0.001956, 0.000767, 0.000329]]}, "Gr\u00eamio / RS": {"Goi\u00e1s / GO": [[0.156079, 0.147818, 0.070495, 0.022539, 0.005391, 0.001184], [0.131134, 0.134995, 0.068535, 0.023034, 0.005976, 0.001379], [0.055423, 0.061508, 0.03337, 0.012098, 0.003307, 0.000815], [0.01564, 0.018655, 0.010933, 0.004163, 0.001163, 0.000333], [0.003268, 0.004105, 0.002609, 0.001096, 0.000305, 9.6e-05], [0.000696, 0.000864, 0.00061, 0.000271, 7.8e-05, 3.5e-05]]}, "Ponte Preta / SP": {"Gr\u00eamio / RS": [[0.120858, 0.16243, 0.109009, 0.048562, 0.016338, 0.00558], [0.093403, 0.124815, 0.08388, 0.037456, 0.012446, 0.004265], [0.036123, 0.048311, 0.032545, 0.014456, 0.004865, 0.001619], [0.009146, 0.012305, 0.008373, 0.003624, 0.001236, 0.000398], [0.001767, 0.002379, 0.001622, 0.000748, 0.000227, 8.8e-05], [0.000329, 0.000395, 0.000224, 0.000121, 4.1e-05, 1.6e-05]], "Portuguesa / SP": [[0.063528, 0.10825, 0.090967, 0.051348, 0.021742, 0.009889], [0.067533, 0.114075, 0.096714, 0.054614, 0.022818, 0.010748], [0.03604, 0.06113, 0.051323, 0.028903, 0.012372, 0.005591], [0.012825, 0.021556, 0.018281, 0.010206, 0.004336, 0.002008], [0.003482, 0.005705, 0.004859, 0.002771, 0.001168, 0.000544], [0.000844, 0.001418, 0.001282, 0.000706, 0.000279, 0.000145]]}, "Crici\u00fama / SC": {"Vit\u00f3ria / BA": [[0.034379, 0.06395, 0.05914, 0.036482, 0.017089, 0.008953], [0.045762, 0.091693, 0.090845, 0.059352, 0.029338, 0.016739], [0.030448, 0.064908, 0.068492, 0.047713, 0.025233, 0.015055], [0.013644, 0.030811, 0.034443, 0.025478, 0.013834, 0.009191], [0.004468, 0.010913, 0.012782, 0.010014, 0.00581, 0.004001], [0.001534, 0.003891, 0.004986, 0.004137, 0.00253, 0.001962]], "S\u00e3o Paulo / SP": [[0.068373, 0.103426, 0.078737, 0.039742, 0.015155, 0.00587], [0.079936, 0.121072, 0.091437, 0.046142, 0.0173, 0.007061], [0.046689, 0.070639, 0.053609, 0.026956, 0.010178, 0.004101], [0.018451, 0.027472, 0.020601, 0.01046, 0.003957, 0.001636], [0.005245, 0.008047, 0.006083, 0.002979, 0.001168, 0.000476], [0.001542, 0.002358, 0.00174, 0.000873, 0.000326, 0.000163]]}, "Cruzeiro / MG": {"Bahia / BA": [[0.056655, 0.03974, 0.013768, 0.003258, 0.000567, 8.6e-05], [0.12255, 0.086031, 0.030412, 0.00699, 0.001247, 0.000184], [0.132911, 0.093039, 0.032742, 0.007833, 0.001322, 0.000223], [0.09664, 0.067892, 0.023554, 0.005563, 0.000982, 0.000152], [0.052198, 0.037074, 0.013081, 0.002964, 0.000536, 8e-05], [0.034375, 0.024354, 0.008573, 0.002045, 0.000329, 5e-05]]}, "Coritiba / PR": {"Botafogo / RJ": [[0.098431, 0.131754, 0.087324, 0.038958, 0.012814, 0.00444], [0.085306, 0.124775, 0.091637, 0.044378, 0.015942, 0.005872], [0.036295, 0.058788, 0.047487, 0.024827, 0.009519, 0.003974], [0.010423, 0.018479, 0.015974, 0.008941, 0.003878, 0.001708], [0.002306, 0.004217, 0.004013, 0.002438, 0.001075, 0.000523], [0.000447, 0.000914, 0.00097, 0.000672, 0.000341, 0.00016]]}, "Santos / SP": {"Fluminense / RJ": [[0.131101, 0.103084, 0.040187, 0.010603, 0.002099, 0.000397], [0.139777, 0.133481, 0.061249, 0.018536, 0.00401, 0.000805], [0.075506, 0.08382, 0.044637, 0.015061, 0.003786, 0.000895], [0.026853, 0.034328, 0.020831, 0.008092, 0.002343, 0.000597], [0.007035, 0.010435, 0.007105, 0.003107, 0.000997, 0.000243], [0.001865, 0.003082, 0.002308, 0.001174, 0.000402, 0.000169]], "Athletico Paranaense / PR": [[0.084009, 0.096141, 0.055013, 0.020756, 0.005803, 0.001666], [0.090889, 0.125078, 0.083124, 0.036202, 0.011744, 0.003711], [0.049351, 0.079056, 0.061306, 0.030275, 0.010895, 0.00392], [0.017787, 0.032838, 0.028665, 0.015896, 0.006417, 0.002708], [0.004771, 0.009999, 0.009712, 0.006267, 0.002697, 0.001337], [0.001286, 0.003005, 0.003344, 0.002356, 0.001266, 0.00071]]}, "Botafogo / RJ": {"Crici\u00fama / SC": [[0.036707, 0.045167, 0.027975, 0.011159, 0.003461, 0.001102], [0.076423, 0.094409, 0.057626, 0.023515, 0.007146, 0.002175], [0.079131, 0.096762, 0.060165, 0.024551, 0.007467, 0.002251], [0.0544, 0.067501, 0.040905, 0.017096, 0.005152, 0.001606], [0.028185, 0.034753, 0.02133, 0.008709, 0.002712, 0.000821], [0.017408, 0.021516, 0.013145, 0.005484, 0.001571, 0.000514]]}, "Flamengo / RJ": {"Corinthians / SP": [[0.308042, 0.219778, 0.078786, 0.018969, 0.003478, 0.000545], [0.142271, 0.101886, 0.03682, 0.008768, 0.001497, 0.000239], [0.032871, 0.023465, 0.008428, 0.002025, 0.000374, 6.2e-05], [0.005087, 0.003605, 0.0013, 0.000323, 5.9e-05, 5e-06], [0.000588, 0.000416, 0.000152, 4.3e-05, 3e-06, 1e-06], [5.8e-05, 3.8e-05, 1.7e-05, 1e-06, 0.0, 0.0]], "Cruzeiro / MG": [[0.062535, 0.125164, 0.124403, 0.08351, 0.041908, 0.024448], [0.047965, 0.09643, 0.096882, 0.064361, 0.032357, 0.018741], [0.018736, 0.037364, 0.037201, 0.024878, 0.012498, 0.007252], [0.004674, 0.009477, 0.009595, 0.006481, 0.003179, 0.001932], [0.000974, 0.001779, 0.001879, 0.001225, 0.000623, 0.000372], [0.000165, 0.00032, 0.000319, 0.000209, 0.000103, 6.1e-05]]}, "S\u00e3o Paulo / SP": {"Coritiba / PR": [[0.146594, 0.120399, 0.049227, 0.013442, 0.00274, 0.000517], [0.143761, 0.135899, 0.062424, 0.019125, 0.00446, 0.000922], [0.069353, 0.074968, 0.03879, 0.013228, 0.003427, 0.000781], [0.022499, 0.02773, 0.015852, 0.00605, 0.001664, 0.000411], [0.005503, 0.007295, 0.004716, 0.002085, 0.000572, 0.000184], [0.001258, 0.001869, 0.00131, 0.000677, 0.0002, 6.8e-05]], "Botafogo / RJ": [[0.126127, 0.148249, 0.086455, 0.033758, 0.009704, 0.002917], [0.113445, 0.132671, 0.077608, 0.030298, 0.008786, 0.002484], [0.050918, 0.059968, 0.035108, 0.013711, 0.003942, 0.00117], [0.015359, 0.017815, 0.01055, 0.004068, 0.001193, 0.000291], [0.003486, 0.004034, 0.00232, 0.000933, 0.00029, 5.9e-05], [0.000721, 0.000815, 0.000463, 0.00021, 6.2e-05, 1.2e-05]]},