{"Oeste / SP": {"Figueirense / SC": [[0.03768, 0.024889, 0.008286, 0.001803, 0.000335, 3.8e-05], [0.073003, 0.073951, 0.032748, 0.00915, 0.001775, 0.000353], [0.070755, 0.096805, 0.057539, 0.019914, 0.004932, 0.001098], [0.045095, 0.077987, 0.058631, 0.025984, 0.007591, 0.002022], [0.021851, 0.045702, 0.041695, 0.022448, 0.008162, 0.002615], [0.012252, 0.031514, 0.036554, 0.02598, 0.012722, 0.006141]], "Atl\u00e9tico / GO": [[0.05018, 0.026852, 0.007107, 0.001254, 0.000163, 2.4e-05], [0.109715, 0.07164, 0.022702, 0.004717, 0.00067, 0.000103], [0.121298, 0.093385, 0.034261, 0.008062, 0.001373, 0.00021], [0.089181, 0.078952, 0.033219, 0.008956, 0.001771, 0.000263], [0.048996, 0.049096, 0.023355, 0.007154, 0.001546, 0.000268], [0.032945, 0.038665, 0.021891, 0.007639, 0.00196, 0.000427]]}, "Boa / MG": {"Sport / PE": [[0.075345, 0.064487, 0.027056, 0.007687, 0.001641, 0.000312], [0.070209, 0.120898, 0.07684, 0.029194, 0.007809, 0.001851], [0.032646, 0.083629, 0.084042, 0.044454, 0.015255, 0.004669], [0.009995, 0.034675, 0.048843, 0.036061, 0.016848, 0.006865], [0.002359, 0.010184, 0.018579, 0.018382, 0.011106, 0.006346], [0.000466, 0.002716, 0.006224, 0.008431, 0.007222, 0.006674]]}, "Figueirense / SC": {"ASA / AL": [[0.045404, 0.012419, 0.001742, 0.000174, 9e-06, 0.0], [0.10458, 0.05139, 0.010252, 0.001244, 0.000103, 2e-06], [0.122013, 0.086222, 0.024706, 0.004082, 0.0004, 3.4e-05], [0.093879, 0.087532, 0.033132, 0.007097, 0.000978, 0.000105], [0.054719, 0.062163, 0.030042, 0.008394, 0.001512, 0.000187], [0.039652, 0.05807, 0.038099, 0.014822, 0.003961, 0.00088]]}, "Joinville / SC": {"Am\u00e9rica / MG": [[0.08642, 0.045299, 0.011947, 0.002111, 0.00027, 3e-05], [0.104563, 0.116284, 0.046514, 0.010956, 0.001834, 0.000262], [0.063654, 0.107687, 0.070189, 0.023392, 0.004991, 0.000896], [0.025778, 0.058035, 0.053943, 0.025961, 0.007616, 0.001759], [0.007811, 0.022211, 0.027067, 0.017269, 0.006993, 0.002137], [0.002339, 0.008494, 0.013164, 0.011739, 0.006714, 0.003671]]}, "Icasa / CE": {"Paysandu / PA": [[0.052096, 0.027041, 0.007005, 0.001207, 0.000157, 1.7e-05], [0.078941, 0.089199, 0.035826, 0.008409, 0.001289, 0.0002], [0.05883, 0.103574, 0.068352, 0.02265, 0.004928, 0.000874], [0.029799, 0.069964, 0.066521, 0.032621, 0.009658, 0.002243], [0.01107, 0.033519, 0.041089, 0.027665, 0.011239, 0.003653], [0.004408, 0.016799, 0.027626, 0.026135, 0.015961, 0.009435]], "Chapecoense / SC": [[0.051913, 0.054316, 0.028202, 0.009846, 0.002537, 0.000688], [0.065809, 0.102694, 0.070761, 0.030728, 0.009672, 0.002874], [0.041974, 0.086377, 0.077093, 0.042546, 0.015994, 0.006012], [0.017804, 0.045557, 0.051311, 0.034485, 0.015847, 0.007209], [0.005662, 0.017505, 0.023862, 0.019293, 0.010494, 0.005882], [0.001789, 0.006629, 0.011212, 0.011282, 0.007845, 0.006296]]}, "ABC / RN": {"ASA / AL": [[0.162885, 0.047844, 0.006899, 0.000717, 5.1e-05, 5e-06], [0.20414, 0.103338, 0.021356, 0.002782, 0.000263, 1.5e-05], [0.12862, 0.091673, 0.027392, 0.004465, 0.000515, 4.6e-05], [0.053806, 0.050158, 0.019578, 0.004264, 0.000599, 6.6e-05], [0.016988, 0.019278, 0.009345, 0.002651, 0.000468, 6.7e-05], [0.005417, 0.007469, 0.004634, 0.001727, 0.000401, 7.8e-05]], "Ava\u00ed / SC": [[0.180485, 0.11851, 0.038883, 0.008617, 0.001415, 0.000203], [0.153473, 0.138248, 0.057044, 0.01522, 0.002953, 0.000511], [0.065027, 0.074442, 0.038626, 0.01244, 0.00282, 0.000548], [0.018192, 0.02549, 0.016192, 0.006204, 0.001754, 0.000406], [0.003851, 0.006403, 0.004571, 0.002151, 0.000628, 0.000193], [0.00077, 0.001393, 0.001339, 0.000636, 0.000263, 9.9e-05]]}, "Palmeiras / SP": {"Boa / MG": [[0.092569, 0.016315, 0.001456, 8.1e-05, 2e-06, 0.0], [0.158438, 0.073946, 0.010706, 0.00087, 5.4e-05, 4e-06], [0.134319, 0.102473, 0.027597, 0.003384, 0.000262, 1.6e-05], [0.076597, 0.080664, 0.03248, 0.00647, 0.000668, 4.2e-05], [0.032503, 0.043669, 0.023735, 0.006846, 0.001074, 0.000119], [0.015461, 0.026227, 0.019713, 0.008513, 0.00223, 0.000497]], "Cear\u00e1 / CE": [[0.082346, 0.034151, 0.007155, 0.001016, 8.6e-05, 9e-06], [0.119776, 0.101854, 0.032006, 0.006032, 0.00077, 9.1e-05], [0.087047, 0.111464, 0.055095, 0.01443, 0.002378, 0.000323], [0.042127, 0.071953, 0.050022, 0.018497, 0.004235, 0.000786], [0.015279, 0.032304, 0.029235, 0.014445, 0.004403, 0.001066], [0.00572, 0.01545, 0.01818, 0.012533, 0.005521, 0.002215]]}, "S\u00e3o Caetano / SP": {"Joinville / SC": [[0.093875, 0.097071, 0.050316, 0.017139, 0.004557, 0.001134], [0.057995, 0.126969, 0.100395, 0.046826, 0.015075, 0.004719], [0.017933, 0.059887, 0.076315, 0.050163, 0.021001, 0.008526], [0.003736, 0.016671, 0.030072, 0.028536, 0.016245, 0.00873], [0.000562, 0.00318, 0.007686, 0.009666, 0.007575, 0.005813], [8e-05, 0.000596, 0.001615, 0.002814, 0.00287, 0.003657]], "Am\u00e9rica / RN": [[0.091194, 0.071779, 0.027662, 0.007302, 0.001467, 0.000239], [0.066085, 0.132792, 0.083541, 0.030405, 0.00743, 0.001709], [0.023628, 0.077001, 0.089689, 0.048068, 0.016107, 0.004707], [0.005699, 0.02568, 0.044485, 0.038082, 0.018173, 0.007257], [0.000998, 0.005897, 0.013664, 0.016631, 0.011707, 0.006875], [0.000168, 0.001142, 0.003611, 0.005999, 0.005996, 0.007131]]}, "Guaratinguet\u00e1 / SP": {"Cear\u00e1 / CE": [[0.094025, 0.057828, 0.017827, 0.003528, 0.000554, 7e-05], [0.106641, 0.122728, 0.055256, 0.01482, 0.002931, 0.000491], [0.061116, 0.102779, 0.069594, 0.026005, 0.006136, 0.001333], [0.022579, 0.051323, 0.047447, 0.023798, 0.007914, 0.002048], [0.006541, 0.018067, 0.021384, 0.014113, 0.005827, 0.002107], [0.00187, 0.006226, 0.009631, 0.008204, 0.004669, 0.00259]], "Paran\u00e1 / PR": [[0.098058, 0.083041, 0.035208, 0.009754, 0.002111, 0.000411], [0.127597, 0.125162, 0.060306, 0.019112, 0.004565, 0.000995], [0.082103, 0.09252, 0.050663, 0.018016, 0.004796, 0.001068], [0.034939, 0.044797, 0.02733, 0.010919, 0.003143, 0.000822], [0.01142, 0.016128, 0.010713, 0.004743, 0.001528, 0.000452], [0.003796, 0.006007, 0.004601, 0.002165, 0.000748, 0.000263]]}, "Paysandu / PA": {"Red Bull Bragantino / SP": [[0.07398, 0.050983, 0.017531, 0.004015, 0.000686, 0.0001], [0.084931, 0.115105, 0.059495, 0.017819, 0.003815, 0.000717], [0.04876, 0.098927, 0.078148, 0.032781, 0.009007, 0.002119], [0.018646, 0.050396, 0.054985, 0.032837, 0.012053, 0.003672], [0.005332, 0.017882, 0.02568, 0.020319, 0.009904, 0.004067], [0.001511, 0.006263, 0.011517, 0.011992, 0.008157, 0.005868]]}, "ASA / AL": {"S\u00e3o Caetano / SP": [[0.062983, 0.061749, 0.030355, 0.009961, 0.002395, 0.000554], [0.068643, 0.110633, 0.076069, 0.031997, 0.009606, 0.002727], [0.037402, 0.084651, 0.079834, 0.044036, 0.016282, 0.005706], [0.013632, 0.039265, 0.04837, 0.034038, 0.015923, 0.00722], [0.003807, 0.012953, 0.020218, 0.017447, 0.010358, 0.005985], [0.001016, 0.004261, 0.008003, 0.009135, 0.006842, 0.005944]]}, "Am\u00e9rica / MG": {"ABC / RN": [[0.083754, 0.034989, 0.00721, 0.001066, 0.000108, 8e-06], [0.104767, 0.111168, 0.037599, 0.007097, 0.000939, 0.000106], [0.066388, 0.11213, 0.068516, 0.019443, 0.003495, 0.000513], [0.027741, 0.064934, 0.058834, 0.026857, 0.006822, 0.001277], [0.008632, 0.025955, 0.031657, 0.020241, 0.00737, 0.001992], [0.002762, 0.010261, 0.016755, 0.015351, 0.008823, 0.00444]], "Atl\u00e9tico / GO": [[0.086452, 0.043617, 0.011014, 0.001846, 0.000239, 2.1e-05], [0.114665, 0.11074, 0.041909, 0.009371, 0.001477, 0.000206], [0.075767, 0.109303, 0.062154, 0.018837, 0.003748, 0.000636], [0.033633, 0.064003, 0.049813, 0.021165, 0.0057, 0.001243], [0.011011, 0.026333, 0.026152, 0.014844, 0.005062, 0.001471], [0.00366, 0.011017, 0.014424, 0.010725, 0.005316, 0.002426]]}, "Ava\u00ed / SC": {"Boa / MG": [[0.121706, 0.030528, 0.003746, 0.000337, 1.4e-05, 0.0], [0.164737, 0.102668, 0.020436, 0.002403, 0.000178, 1.6e-05], [0.110845, 0.110788, 0.039728, 0.006744, 0.000722, 4.7e-05], [0.050255, 0.068403, 0.036684, 0.009773, 0.001461, 0.000144], [0.016872, 0.029455, 0.0211, 0.007825, 0.001763, 0.000251], [0.005968, 0.012643, 0.012308, 0.00664, 0.00219, 0.000622]],