{"Flamengo / RJ": {"Internacional / RS": [[0.06766, 0.057603, 0.024257, 0.00677, 0.001477, 0.000281], [0.107462, 0.10819, 0.053339, 0.017146, 0.004068, 0.000938], [0.085307, 0.100031, 0.0564, 0.020988, 0.005403, 0.001431], [0.045176, 0.059936, 0.038473, 0.015903, 0.004727, 0.001332], [0.017836, 0.026512, 0.019, 0.008794, 0.002908, 0.000946], [0.007613, 0.01283, 0.010913, 0.005585, 0.002021, 0.000744]]}, "Botafogo / RJ": {"S\u00e3o Paulo / SP": [[0.080459, 0.080051, 0.039653, 0.013235, 0.003147, 0.00077], [0.044112, 0.121928, 0.100171, 0.046083, 0.014623, 0.004492], [0.012364, 0.055129, 0.0875, 0.061518, 0.026467, 0.010578], [0.00227, 0.014084, 0.033936, 0.039711, 0.024594, 0.014114], [0.000314, 0.002462, 0.007969, 0.013934, 0.012893, 0.011561], [3.9e-05, 0.000335, 0.0017, 0.003664, 0.005238, 0.008902]]}, "Palmeiras / SP": {"Atl\u00e9tico / GO": [[0.136777, 0.044543, 0.007285, 0.000839, 6e-05, 5e-06], [0.121942, 0.145062, 0.040982, 0.006305, 0.000647, 4.6e-05], [0.054005, 0.111972, 0.074296, 0.018515, 0.00277, 0.000321], [0.016006, 0.047209, 0.051024, 0.024928, 0.005621, 0.000893], [0.003624, 0.013484, 0.020511, 0.015342, 0.00616, 0.00149], [0.000716, 0.003552, 0.007223, 0.007852, 0.005221, 0.002772]]}, "Santos / SP": {"Fluminense / RJ": [[0.08514, 0.062198, 0.022399, 0.005548, 0.000986, 0.000173], [0.075764, 0.12729, 0.072351, 0.023987, 0.005599, 0.001156], [0.033561, 0.08899, 0.085906, 0.041254, 0.012534, 0.003183], [0.009901, 0.035874, 0.050557, 0.036603, 0.015316, 0.005514], [0.002155, 0.009832, 0.018671, 0.018717, 0.01112, 0.005692], [0.000496, 0.002501, 0.006411, 0.008526, 0.007418, 0.006677]]}, "Corinthians / SP": {"Vasco da Gama / RJ": [[0.078926, 0.071652, 0.032925, 0.01011, 0.002335, 0.000501], [0.10946, 0.118604, 0.062371, 0.021665, 0.005601, 0.001372], [0.076461, 0.095332, 0.057659, 0.022598, 0.006334, 0.001753], [0.035633, 0.050552, 0.03432, 0.014921, 0.004782, 0.001424], [0.01229, 0.019737, 0.014673, 0.007237, 0.002545, 0.000858], [0.004496, 0.008062, 0.006903, 0.003775, 0.001513, 0.00062]]}, "Gr\u00eamio / RS": {"Athletico Paranaense / PR": [[0.089477, 0.049302, 0.013504, 0.002467, 0.000377, 3.7e-05], [0.078158, 0.132083, 0.060601, 0.015564, 0.002755, 0.000405], [0.03398, 0.095341, 0.092046, 0.036874, 0.009024, 0.001785], [0.009888, 0.038992, 0.058613, 0.040783, 0.014776, 0.004159], [0.002088, 0.010881, 0.022327, 0.023509, 0.013575, 0.005607], [0.000441, 0.002795, 0.007563, 0.011182, 0.010174, 0.008867]]}, "Sport / PE": {"Atl\u00e9tico / MG": [[0.149136, 0.117104, 0.046231, 0.011945, 0.0023, 0.000429], [0.148421, 0.134085, 0.060158, 0.017577, 0.003725, 0.000787], [0.074031, 0.0764, 0.038115, 0.012426, 0.002958, 0.000678], [0.024336, 0.028488, 0.015671, 0.005777, 0.001501, 0.000336], [0.006075, 0.007785, 0.004912, 0.001942, 0.000531, 0.000179], [0.001515, 0.002073, 0.001455, 0.000639, 0.000223, 5.6e-05]]}, "Coritiba / PR": {"Cear\u00e1 / CE": [[0.159615, 0.171396, 0.091868, 0.032967, 0.008944, 0.00235], [0.045129, 0.124884, 0.107811, 0.053045, 0.018344, 0.005962], [0.006436, 0.028725, 0.045027, 0.03334, 0.015478, 0.006599], [0.000602, 0.003754, 0.008717, 0.010306, 0.006815, 0.00411], [5.2e-05, 0.000314, 0.001113, 0.001793, 0.001755, 0.001635], [2e-06, 3.3e-05, 8.9e-05, 0.000233, 0.000295, 0.000462]]}, "Fortaleza / CE": {"Bahia / BA": [[0.237602, 0.036184, 0.002644, 0.000129, 4e-06, 0.0], [0.172523, 0.159443, 0.022099, 0.001666, 8.9e-05, 2e-06], [0.062216, 0.105776, 0.052593, 0.00665, 0.000482, 2.7e-05], [0.015194, 0.037284, 0.032779, 0.011506, 0.001359, 0.000118], [0.002612, 0.008813, 0.011051, 0.006863, 0.001864, 0.00024], [0.000472, 0.001877, 0.003128, 0.002778, 0.001429, 0.000504]]}, "Goi\u00e1s / GO": {"Red Bull Bragantino / SP": [[0.250538, 0.139178, 0.038908, 0.007308, 0.000995, 0.000125], [0.128093, 0.14993, 0.0642, 0.016151, 0.002806, 0.000403], [0.032683, 0.058469, 0.040538, 0.014296, 0.003198, 0.000576], [0.005494, 0.013564, 0.013216, 0.006788, 0.002096, 0.00052], [0.000662, 0.002077, 0.002688, 0.001801, 0.000791, 0.000272], [8.4e-05, 0.000321, 0.000456, 0.000406, 0.00025, 0.000119]]}, "Fluminense / RJ": {"Fortaleza / CE": [[0.062283, 0.062087, 0.030672, 0.010168, 0.002583, 0.000586], [0.088086, 0.110415, 0.066326, 0.025626, 0.007586, 0.001992], [0.062256, 0.094126, 0.067631, 0.030356, 0.009882, 0.003119], [0.029113, 0.051803, 0.043129, 0.02278, 0.008531, 0.00306], [0.010416, 0.021189, 0.019999, 0.011913, 0.005084, 0.002148], [0.003851, 0.008981, 0.010017, 0.006945, 0.003411, 0.00185]]}, "Vasco da Gama / RJ": {"Goi\u00e1s / GO": [[0.130595, 0.049764, 0.009291, 0.001287, 0.000112, 7e-06], [0.159944, 0.117237, 0.032886, 0.005616, 0.000686, 5.4e-05], [0.09783, 0.106238, 0.045159, 0.010685, 0.001581, 0.000176], [0.039771, 0.056801, 0.033856, 0.010791, 0.002169, 0.000351], [0.012221, 0.021984, 0.016672, 0.006986, 0.001814, 0.000389], [0.003695, 0.008341, 0.008145, 0.004583, 0.001727, 0.000556]]}, "S\u00e3o Paulo / SP": {"Flamengo / RJ": [[0.10454, 0.083323, 0.033178, 0.008961, 0.001768, 0.000328], [0.080949, 0.135687, 0.082958, 0.029676, 0.007428, 0.001583], [0.03154, 0.080463, 0.07913, 0.039864, 0.012877, 0.003724], [0.008233, 0.028151, 0.038761, 0.028362, 0.012311, 0.004823], [0.001601, 0.006948, 0.012488, 0.012286, 0.007303, 0.00381], [0.000282, 0.001581, 0.003538, 0.00442, 0.003829, 0.003296]]}, "Red Bull Bragantino / SP": {"Gr\u00eamio / RS": [[0.073872, 0.084095, 0.047866, 0.018083, 0.005081, 0.001371], [0.068507, 0.1181, 0.089981, 0.042762, 0.014531, 0.004948], [0.031923, 0.073575, 0.073584, 0.044075, 0.018095, 0.007684], [0.009645, 0.028285, 0.035598, 0.02668, 0.01368, 0.006834], [0.002307, 0.007714, 0.011968, 0.011085, 0.006821, 0.004482], [0.000501, 0.002046, 0.003805, 0.004196, 0.003307, 0.002913]]}, "Atl\u00e9tico / MG": {"Palmeiras / SP": [[0.077095, 0.037773, 0.009473, 0.001571, 0.00014, 1.9e-05], [0.110075, 0.103924, 0.037345, 0.008254, 0.001198, 0.000161], [0.07914, 0.109718, 0.06024, 0.017792, 0.003538, 0.000603], [0.037484, 0.068898, 0.051809, 0.021551, 0.005495, 0.001193], [0.013582, 0.030534, 0.029299, 0.01582, 0.005422, 0.001473], [0.005004, 0.014349, 0.017833, 0.013118, 0.006265, 0.002812]]}, "Internacional / RS": {"Corinthians / SP": [[0.148559, 0.104494, 0.03698, 0.008801, 0.001549, 0.000232], [0.178035, 0.12602, 0.04446, 0.010434, 0.001872, 0.000308], [0.106957, 0.076156, 0.026856, 0.006323, 0.001133, 0.000184], [0.042465, 0.030281, 0.010806, 0.002621, 0.000451, 8.8e-05], [0.012773, 0.009165, 0.00325, 0.000763, 0.000127, 1.9e-05], [0.003726, 0.002813, 0.001015, 0.000236, 4.3e-05, 5e-06]]}, "Bahia / BA": {"Santos / SP": [[0.051998, 0.044267, 0.019014, 0.005452, 0.001235, 0.000252], [0.054532, 0.101415, 0.066699, 0.025517, 0.006951, 0.001742], [0.028767, 0.082332, 0.087875, 0.048456, 0.017157, 0.0055], [0.010162, 0.039003, 0.059629, 0.047758, 0.023145, 0.010079], [0.002655, 0.012812, 0.025701, 0.028174, 0.018485, 0.011041], [0.000732, 0.004093, 0.010553, 0.015717, 0.01495, 0.01615]]}, "Athletico Paranaense / PR": {"Sport / PE": [[0.149913, 0.099448, 0.032985, 0.007233, 0.001174, 0.000165], [0.099695, 0.15192, 0.078187, 0.023699, 0.004909, 0.000913], [0.03303, 0.078889, 0.069291, 0.030291, 0.00824, 0.001926], [0.007291, 0.02388, 0.030642, 0.019716, 0.007654, 0.002378], [0.001217, 0.004822, 0.008441, 0.007491, 0.004136, 0.001846], [0.000163, 0.000931, 0.001984, 0.002352, 0.001821, 0.001327]]}, "Cear\u00e1 / CE": {"Botafogo / RJ": [[0.112731, 0.029531, 0.00389, 0.000329, 1.7e-05, 0.0], [0.147472, 0.107965, 0.023273, 0.002782, 0.000244, 1.5e-05], [0.0961, 0.116115, 0.048095, 0.00893, 0.001039, 8.4e-05], [0.042015, 0.069804, 0.044819, 0.01403, 0.00229, 0.000256], [0.013418, 0.029313, 0.025215, 0.011397, 0.002831, 0.000517], [0.004358, 0.01237, 0.014302, 0.009412, 0.003851, 0.00119]]},