{"Palmeiras / SP": {"Cruzeiro / MG": [[0.08496, 0.101419, 0.059728, 0.023647, 0.007119, 0.002097], [0.108043, 0.128801, 0.076517, 0.030155, 0.009018, 0.002651], [0.069498, 0.08263, 0.049219, 0.019264, 0.005787, 0.001747], [0.02962, 0.035163, 0.020923, 0.008121, 0.002407, 0.000772], [0.009378, 0.011085, 0.006753, 0.002693, 0.000805, 0.000231], [0.002928, 0.003508, 0.00217, 0.000819, 0.000247, 7.7e-05]], "Coritiba / PR": [[0.087267, 0.071227, 0.029754, 0.008243, 0.001715, 0.00032], [0.139838, 0.115996, 0.047883, 0.012973, 0.002737, 0.00051], [0.113603, 0.093838, 0.039317, 0.010879, 0.002159, 0.000395], [0.061555, 0.050595, 0.020786, 0.005793, 0.001164, 0.000244], [0.02472, 0.020361, 0.00848, 0.002373, 0.000447, 9e-05], [0.010826, 0.009, 0.003654, 0.001004, 0.000213, 4.1e-05]]}, "Chapecoense / SC": {"Goi\u00e1s / GO": [[0.151946, 0.137944, 0.062867, 0.018818, 0.004377, 0.000919], [0.14809, 0.134281, 0.061162, 0.018667, 0.004205, 0.00091], [0.072335, 0.065811, 0.029911, 0.009202, 0.002083, 0.000425], [0.023565, 0.021633, 0.009702, 0.002917, 0.000665, 0.000145], [0.005644, 0.005211, 0.002351, 0.000696, 0.000178, 3.5e-05], [0.001351, 0.001209, 0.000544, 0.000144, 4.4e-05, 1.3e-05]], "Internacional / RS": [[0.168477, 0.158816, 0.075759, 0.023884, 0.005684, 0.001324], [0.140051, 0.13278, 0.063226, 0.019932, 0.004692, 0.001062], [0.059081, 0.055694, 0.026476, 0.008294, 0.001929, 0.000423], [0.016339, 0.01537, 0.007205, 0.0024, 0.000558, 0.00012], [0.003435, 0.003185, 0.001529, 0.000451, 0.000133, 2e-05], [0.00065, 0.000615, 0.000276, 9.7e-05, 3e-05, 3e-06]]}, "Fluminense / RJ": {"Ava\u00ed / SC": [[0.07773, 0.084637, 0.046365, 0.016958, 0.004624, 0.001142], [0.11371, 0.124022, 0.067596, 0.024589, 0.00661, 0.001716], [0.083545, 0.09061, 0.049844, 0.017971, 0.004855, 0.001374], [0.040666, 0.044019, 0.024289, 0.008916, 0.002437, 0.000629], [0.014892, 0.016113, 0.008958, 0.003169, 0.00085, 0.000239], [0.00567, 0.006194, 0.003353, 0.001274, 0.000329, 0.000105]], "Internacional / RS": [[0.125205, 0.140917, 0.079358, 0.029649, 0.008204, 0.002324], [0.11971, 0.133979, 0.075766, 0.028269, 0.007878, 0.002145], [0.05704, 0.06396, 0.035668, 0.013585, 0.003689, 0.001024], [0.018061, 0.020328, 0.01145, 0.004211, 0.001146, 0.000339], [0.004333, 0.004787, 0.002688, 0.001, 0.000264, 6e-05], [0.000981, 0.001087, 0.000599, 0.000222, 5.2e-05, 2.2e-05]]}, "S\u00e3o Paulo / SP": {"Atl\u00e9tico / MG": [[0.057774, 0.090024, 0.071001, 0.037219, 0.014935, 0.006249], [0.073804, 0.115857, 0.091925, 0.047793, 0.018881, 0.007907], [0.047661, 0.074323, 0.058489, 0.030536, 0.012181, 0.005147], [0.020103, 0.031794, 0.024718, 0.013285, 0.005135, 0.002274], [0.006348, 0.01011, 0.007994, 0.004168, 0.001628, 0.000666], [0.002012, 0.003324, 0.00259, 0.001376, 0.000557, 0.000212]], "Figueirense / SC": [[0.091777, 0.082751, 0.037322, 0.01113, 0.002521, 0.000532], [0.136335, 0.122916, 0.055088, 0.016314, 0.003584, 0.0008], [0.102325, 0.091661, 0.040998, 0.012382, 0.002788, 0.000587], [0.050395, 0.045391, 0.020331, 0.006205, 0.001358, 0.000284], [0.01888, 0.01683, 0.00754, 0.002295, 0.000528, 0.000109], [0.007413, 0.006446, 0.003015, 0.000914, 0.000213, 4.2e-05]]}, "Cruzeiro / MG": {"Sport / PE": [[0.121447, 0.138825, 0.079802, 0.030626, 0.008751, 0.00245], [0.116455, 0.133922, 0.077067, 0.029459, 0.008405, 0.002411], [0.055987, 0.064554, 0.037011, 0.014079, 0.004034, 0.001151], [0.018025, 0.020682, 0.011862, 0.004449, 0.001302, 0.000338], [0.004413, 0.005035, 0.002907, 0.001094, 0.000307, 7.9e-05], [0.000914, 0.001175, 0.000623, 0.000269, 6.7e-05, 2.3e-05]], "Joinville / SC": [[0.207195, 0.11749, 0.033325, 0.006322, 0.000926, 0.000107], [0.209707, 0.11773, 0.033272, 0.006155, 0.000912, 0.000122], [0.105201, 0.059623, 0.016711, 0.003162, 0.000446, 5.6e-05], [0.035484, 0.01977, 0.00557, 0.001014, 0.000141, 2.7e-05], [0.008968, 0.004978, 0.001404, 0.000274, 4.4e-05, 4e-06], [0.002155, 0.001257, 0.000366, 7.1e-05, 1.1e-05, 0.0]]}, "Athletico Paranaense / PR": {"Palmeiras / SP": [[0.059027, 0.097161, 0.079787, 0.043488, 0.018234, 0.008146], [0.069923, 0.115496, 0.094429, 0.052174, 0.021494, 0.009628], [0.041424, 0.067649, 0.055699, 0.030922, 0.01274, 0.005601], [0.01634, 0.02699, 0.022092, 0.012151, 0.004956, 0.002202], [0.004805, 0.008016, 0.006454, 0.003586, 0.001416, 0.000655], [0.00134, 0.002327, 0.002001, 0.001039, 0.000418, 0.00019]], "Flamengo / RJ": [[0.074114, 0.097809, 0.064326, 0.02805, 0.009116, 0.003121], [0.095178, 0.125343, 0.082294, 0.036612, 0.011913, 0.004008], [0.061266, 0.080414, 0.053427, 0.023101, 0.007596, 0.002706], [0.026357, 0.034325, 0.022676, 0.01005, 0.003283, 0.001139], [0.008433, 0.011097, 0.007273, 0.00327, 0.001012, 0.000336], [0.002825, 0.003686, 0.002343, 0.001056, 0.000337, 0.000108]]}, "Sport / PE": {"Athletico Paranaense / PR": [[0.087595, 0.084358, 0.040254, 0.0128, 0.003108, 0.000714], [0.129544, 0.123431, 0.05923, 0.018775, 0.004545, 0.001029], [0.095859, 0.091138, 0.043839, 0.014038, 0.003311, 0.000771], [0.046991, 0.045407, 0.021657, 0.006801, 0.001635, 0.000336], [0.017436, 0.016592, 0.00801, 0.002561, 0.00062, 0.00016], [0.006592, 0.006506, 0.003034, 0.001013, 0.000251, 5.9e-05]], "Corinthians / SP": [[0.073013, 0.121164, 0.099871, 0.054879, 0.022988, 0.010572], [0.069953, 0.116305, 0.096527, 0.053246, 0.022111, 0.010073], [0.033421, 0.05583, 0.046122, 0.025455, 0.010582, 0.004773], [0.010799, 0.017672, 0.014859, 0.008164, 0.003464, 0.001505], [0.002546, 0.004289, 0.003481, 0.002001, 0.000803, 0.000359], [0.000585, 0.001024, 0.000809, 0.000468, 0.000197, 9e-05]]}, "Vasco da Gama / RJ": {"Corinthians / SP": [[0.059047, 0.138883, 0.164307, 0.127806, 0.075899, 0.056525], [0.02809, 0.065758, 0.077806, 0.060925, 0.036139, 0.026692], [0.006668, 0.015617, 0.018337, 0.014256, 0.00855, 0.006261], [0.001024, 0.002459, 0.002966, 0.002257, 0.001411, 0.000946], [0.00012, 0.000271, 0.000335, 0.000255, 0.000164, 0.000102], [1.1e-05, 2.5e-05, 3.1e-05, 2.3e-05, 2.2e-05, 1.2e-05]], "Santos / SP": [[0.064856, 0.134401, 0.137449, 0.094519, 0.048511, 0.029897], [0.043812, 0.090353, 0.092929, 0.06387, 0.032876, 0.020045], [0.014822, 0.030265, 0.031352, 0.021438, 0.010853, 0.00669], [0.003261, 0.006875, 0.007093, 0.004824, 0.002534, 0.001502], [0.000571, 0.001138, 0.001223, 0.000757, 0.000396, 0.00025], [9e-05, 0.000173, 0.000162, 0.000134, 5.4e-05, 2.5e-05]]}, "Gr\u00eamio / RS": {"Fluminense / RJ": [[0.098141, 0.07986, 0.031846, 0.008613, 0.001748, 0.000318], [0.148846, 0.119883, 0.048644, 0.013083, 0.002516, 0.000484], [0.112637, 0.090513, 0.036655, 0.009785, 0.002003, 0.000378], [0.056385, 0.04581, 0.018571, 0.005045, 0.000994, 0.000162], [0.021292, 0.017416, 0.006987, 0.001873, 0.000355, 5.3e-05], [0.008527, 0.006874, 0.00278, 0.000754, 0.000142, 2.7e-05]], "Atl\u00e9tico / MG": [[0.073402, 0.092132, 0.05748, 0.024094, 0.007544, 0.002373], [0.099584, 0.124768, 0.078802, 0.03275, 0.010273, 0.003249], [0.068013, 0.084831, 0.052996, 0.021999, 0.007038, 0.002171], [0.030926, 0.038438, 0.02402, 0.010079, 0.003137, 0.000938], [0.010424, 0.012911, 0.008221, 0.003399, 0.001053, 0.000327], [0.003538, 0.004568, 0.002851, 0.001143, 0.00041, 0.000118]]}, "Ava\u00ed / SC": {"Joinville / SC": [[0.150605, 0.146429, 0.071238, 0.022716, 0.005413, 0.001276], [0.138949, 0.134929, 0.065537, 0.021074, 0.005057, 0.001195], [0.064524, 0.061881, 0.030144, 0.009658, 0.002413, 0.000544], [0.019826, 0.019069, 0.00913, 0.002997, 0.000736, 0.000157], [0.00456, 0.004456, 0.002122, 0.000649, 0.000173, 3.8e-05], [0.000937, 0.000897, 0.00047, 0.00016, 2.9e-05, 1.2e-05]], "Ponte Preta / SP": [[0.080976, 0.131621, 0.107044, 0.058575, 0.023869, 0.010357], [0.071718, 0.116343, 0.095354, 0.05197, 0.021109, 0.009366], [0.031639, 0.05145, 0.042231, 0.022967, 0.009436, 0.004097], [0.009337, 0.015061, 0.012335, 0.006723, 0.002623, 0.001224], [0.001984, 0.003429, 0.002692, 0.001423, 0.000599, 0.000248], [0.000412, 0.000709, 0.000599, 0.000309, 0.000114, 5.7e-05]]},