{"Internacional / RS": {"Atl\u00e9tico / MG": [[0.075754, 0.051845, 0.017772, 0.004014, 0.000645, 0.000109], [0.066923, 0.122691, 0.068073, 0.021358, 0.00481, 0.000879], [0.029427, 0.088313, 0.091376, 0.044187, 0.013071, 0.003274], [0.008691, 0.036058, 0.056589, 0.043984, 0.018658, 0.00646], [0.001911, 0.010366, 0.021714, 0.024433, 0.015172, 0.007709], [0.000399, 0.002603, 0.007244, 0.011574, 0.01107, 0.010844]]}, "Cruzeiro / MG": {"Palmeiras / SP": [[0.077341, 0.047741, 0.01462, 0.002991, 0.000468, 7.3e-05], [0.088246, 0.116383, 0.054876, 0.014839, 0.002902, 0.00047], [0.050925, 0.10207, 0.078239, 0.030611, 0.007624, 0.001631], [0.019428, 0.052627, 0.056918, 0.032311, 0.01104, 0.003143], [0.005478, 0.018659, 0.026675, 0.02049, 0.009559, 0.003807], [0.001572, 0.006677, 0.012071, 0.013003, 0.008668, 0.005824]]}, "Fortaleza / CE": {"Bahia / BA": [[0.066847, 0.034233, 0.008839, 0.001409, 0.000167, 1.6e-05], [0.098342, 0.09832, 0.037248, 0.008448, 0.00138, 0.000177], [0.072303, 0.108194, 0.063438, 0.019979, 0.004041, 0.000708], [0.035723, 0.07048, 0.056813, 0.024868, 0.006828, 0.001436], [0.013112, 0.032271, 0.033641, 0.019515, 0.007117, 0.002084], [0.005204, 0.015631, 0.021396, 0.016731, 0.008894, 0.004167]]}, "Corinthians / SP": {"Fluminense / RJ": [[0.060303, 0.03622, 0.010708, 0.002125, 0.000354, 4.4e-05], [0.037846, 0.118087, 0.063894, 0.018402, 0.003539, 0.000566], [0.011627, 0.066654, 0.113041, 0.056661, 0.015936, 0.003495], [0.002512, 0.020604, 0.058953, 0.071745, 0.033009, 0.010828], [0.000376, 0.004033, 0.017133, 0.034683, 0.033291, 0.019071], [5.2e-05, 0.000718, 0.004164, 0.01222, 0.020369, 0.036737]]}, "Santos / SP": {"Flamengo / RJ": [[0.066844, 0.043523, 0.014044, 0.00309, 0.000523, 8e-05], [0.100058, 0.102213, 0.045687, 0.012441, 0.002513, 0.000446], [0.074656, 0.104483, 0.062734, 0.021977, 0.005329, 0.001118], [0.03693, 0.065827, 0.050507, 0.023178, 0.006731, 0.001786], [0.013567, 0.029623, 0.028381, 0.015823, 0.005732, 0.001899], [0.005449, 0.014482, 0.017177, 0.012407, 0.005874, 0.002868]]}, "Vasco da Gama / RJ": {"Chapecoense / SC": [[0.149245, 0.117862, 0.046711, 0.012022, 0.002356, 0.000451], [0.133752, 0.138218, 0.067444, 0.0211, 0.004799, 0.000966], [0.059772, 0.075811, 0.045344, 0.016865, 0.004379, 0.001126], [0.01778, 0.026965, 0.018804, 0.00831, 0.002585, 0.000718], [0.004017, 0.007067, 0.005602, 0.002902, 0.001059, 0.000325], [0.000798, 0.00172, 0.001622, 0.000956, 0.000396, 0.000151]]}, "Botafogo / RJ": {"Cear\u00e1 / CE": [[0.12096, 0.041188, 0.007062, 0.000842, 6.1e-05, 5e-06], [0.126081, 0.131782, 0.037616, 0.00603, 0.000695, 5.5e-05], [0.066161, 0.114597, 0.066623, 0.016696, 0.002579, 0.000314], [0.022797, 0.055475, 0.050518, 0.022008, 0.004966, 0.000754], [0.00595, 0.01861, 0.023337, 0.015205, 0.005263, 0.001274], [0.00143, 0.005968, 0.010257, 0.00925, 0.005107, 0.002484]]}, "Ava\u00ed / SC": {"Athletico Paranaense / PR": [[0.070715, 0.081991, 0.047237, 0.018166, 0.005336, 0.001475], [0.057086, 0.114971, 0.094063, 0.047006, 0.016686, 0.005895], [0.023082, 0.065516, 0.077288, 0.051312, 0.022965, 0.00998], [0.006096, 0.022758, 0.035638, 0.031667, 0.017976, 0.010148], [0.001274, 0.005667, 0.010971, 0.012605, 0.008999, 0.007162], [0.000257, 0.001247, 0.003161, 0.004443, 0.004195, 0.004966]]}, "Goi\u00e1s / GO": {"Gr\u00eamio / RS": [[0.054028, 0.072229, 0.04868, 0.021889, 0.007432, 0.002383], [0.061791, 0.106334, 0.086559, 0.045793, 0.017648, 0.007248], [0.035798, 0.074599, 0.072442, 0.044905, 0.019894, 0.009501], [0.013627, 0.033787, 0.038366, 0.027228, 0.014174, 0.007954], [0.004028, 0.011092, 0.014619, 0.012079, 0.007003, 0.004532], [0.001122, 0.003621, 0.005619, 0.005313, 0.003646, 0.003037]]}, "CSA / AL": {"S\u00e3o Paulo / SP": [[0.037017, 0.043783, 0.025262, 0.009827, 0.002806, 0.000832], [0.038724, 0.085876, 0.07341, 0.037567, 0.013715, 0.004732], [0.020239, 0.065904, 0.084872, 0.059452, 0.027478, 0.012188], [0.006916, 0.030001, 0.05277, 0.051225, 0.030773, 0.018745], [0.001792, 0.009643, 0.021726, 0.027721, 0.022225, 0.018311], [0.000468, 0.002979, 0.008635, 0.014499, 0.015544, 0.022343]]}}