{"Ponte Preta / SP": {"S\u00e3o Bento / SP": [[0.184819, 0.127728, 0.043704, 0.010083, 0.001692, 0.000266], [0.146466, 0.13909, 0.06123, 0.016745, 0.003401, 0.000613], [0.058539, 0.070001, 0.038691, 0.013005, 0.003212, 0.00066], [0.015384, 0.02248, 0.014909, 0.006077, 0.001727, 0.000461], [0.003016, 0.005279, 0.004152, 0.001969, 0.000695, 0.000203], [0.000575, 0.001148, 0.001024, 0.000629, 0.000249, 7.8e-05]], "Boa / MG": [[0.250841, 0.064135, 0.008297, 0.000639, 3.7e-05, 5e-06], [0.275734, 0.078238, 0.011062, 0.001014, 5.4e-05, 6e-06], [0.150602, 0.04661, 0.006956, 0.000676, 4.3e-05, 0.0], [0.055216, 0.018548, 0.003032, 0.000295, 2.8e-05, 2e-06], [0.015351, 0.005436, 0.00097, 0.000127, 1e-05, 1e-06], [0.004042, 0.001627, 0.000324, 3.8e-05, 4e-06, 0.0]], "Coritiba / PR": [[0.207738, 0.089846, 0.019782, 0.002816, 0.000361, 3.3e-05], [0.157904, 0.14699, 0.048688, 0.009387, 0.001281, 0.000123], [0.060402, 0.085823, 0.045907, 0.012703, 0.002293, 0.00037], [0.015091, 0.029119, 0.022757, 0.00909, 0.002197, 0.000406], [0.002971, 0.007148, 0.007069, 0.003792, 0.001249, 0.000334], [0.000505, 0.001522, 0.001973, 0.001412, 0.000617, 0.000301]]}, "Oeste / SP": {"Figueirense / SC": [[0.291795, 0.110572, 0.021057, 0.002602, 0.000247, 1.8e-05], [0.110194, 0.179934, 0.06055, 0.01102, 0.001336, 0.000139], [0.020992, 0.060742, 0.054141, 0.016238, 0.002766, 0.000367], [0.002709, 0.011065, 0.016227, 0.010498, 0.003036, 0.000543], [0.000248, 0.001296, 0.00283, 0.002928, 0.001567, 0.000477], [2.3e-05, 0.000145, 0.000382, 0.000558, 0.000468, 0.00029]], "Londrina / PR": [[0.395655, 0.061438, 0.004717, 0.00024, 1.1e-05, 0.0], [0.154429, 0.175015, 0.025401, 0.001905, 8.2e-05, 6e-06], [0.029919, 0.063669, 0.038513, 0.005182, 0.000367, 2.1e-05], [0.004012, 0.012207, 0.013018, 0.005441, 0.000734, 6.6e-05], [0.000389, 0.00154, 0.002442, 0.001732, 0.000579, 7.1e-05], [2.1e-05, 0.000151, 0.000353, 0.000367, 0.000232, 7.5e-05]], "Goi\u00e1s / GO": [[0.240245, 0.133166, 0.036826, 0.006865, 0.000942, 0.000116], [0.159004, 0.138644, 0.052368, 0.012292, 0.002028, 0.000327], [0.05294, 0.061996, 0.031715, 0.009443, 0.001916, 0.000364], [0.011782, 0.017813, 0.01137, 0.004306, 0.001077, 0.000241], [0.001924, 0.003592, 0.002785, 0.001307, 0.000421, 0.000104], [0.000321, 0.000607, 0.00058, 0.000377, 0.000154, 4.2e-05]]}, "Brasil / RS": {"Vila Nova / GO": [[0.136751, 0.152154, 0.084121, 0.031302, 0.008807, 0.002306], [0.120532, 0.133021, 0.074549, 0.027442, 0.007684, 0.002036], [0.052929, 0.058494, 0.032133, 0.012152, 0.003386, 0.000889], [0.015442, 0.017375, 0.009344, 0.003519, 0.001012, 0.000241], [0.003433, 0.003823, 0.002096, 0.000748, 0.00018, 5.4e-05], [0.000693, 0.000748, 0.000413, 0.000142, 3.8e-05, 1.1e-05]], "Guarani / SP": [[0.190018, 0.14453, 0.054499, 0.013845, 0.002593, 0.000477], [0.107218, 0.145409, 0.079333, 0.026397, 0.006073, 0.001313], [0.030341, 0.058941, 0.047041, 0.020719, 0.006071, 0.001571], [0.005797, 0.01486, 0.015294, 0.009166, 0.00356, 0.001241], [0.000795, 0.002599, 0.003404, 0.002666, 0.001258, 0.00053], [0.000111, 0.000434, 0.000659, 0.000617, 0.000381, 0.000239]]}, "Figueirense / SC": {"Guarani / SP": [[0.133562, 0.108914, 0.044892, 0.012269, 0.002477, 0.000471], [0.078133, 0.146171, 0.09236, 0.034202, 0.008676, 0.001992], [0.022977, 0.066088, 0.071245, 0.038545, 0.01308, 0.003864], [0.004335, 0.017493, 0.027823, 0.022073, 0.010425, 0.004243], [0.000658, 0.003282, 0.00672, 0.007501, 0.005107, 0.002824], [8.8e-05, 0.000533, 0.001353, 0.001983, 0.001847, 0.001794]], "Paysandu / PA": [[0.196285, 0.04521, 0.005118, 0.000398, 3.1e-05, 1e-06], [0.155984, 0.154794, 0.031106, 0.003357, 0.000252, 9e-06], [0.062072, 0.108479, 0.05917, 0.010779, 0.001187, 7.7e-05], [0.016441, 0.041013, 0.037044, 0.015002, 0.002463, 0.000281], [0.003203, 0.010663, 0.013756, 0.008559, 0.002665, 0.000468], [0.00061, 0.002399, 0.004264, 0.003962, 0.002101, 0.000797]]}, "Fortaleza / CE": {"CSA / AL": [[0.129821, 0.068287, 0.018077, 0.003305, 0.000416, 4.8e-05], [0.181181, 0.110934, 0.033159, 0.006428, 0.000987, 0.000126], [0.127965, 0.087717, 0.029386, 0.006422, 0.001038, 0.000135], [0.059225, 0.045946, 0.017154, 0.00409, 0.000766, 0.000118], [0.020829, 0.017716, 0.007236, 0.001923, 0.000374, 6.7e-05], [0.007519, 0.007073, 0.0033, 0.000983, 0.000205, 4.4e-05]], "Juventude / RS": [[0.248893, 0.072211, 0.010487, 0.001032, 7.3e-05, 2e-06], [0.208567, 0.126117, 0.027811, 0.003608, 0.000336, 2.4e-05], [0.087589, 0.079917, 0.028062, 0.005134, 0.000637, 4.6e-05], [0.024288, 0.029987, 0.014772, 0.003973, 0.000612, 7.6e-05], [0.005003, 0.008058, 0.005109, 0.001806, 0.000376, 6.4e-05], [0.000975, 0.001861, 0.001511, 0.000721, 0.00022, 4.2e-05]]}, "Vila Nova / GO": {"Figueirense / SC": [[0.3593, 0.050445, 0.003554, 0.000176, 5e-06, 0.0], [0.217583, 0.130251, 0.016132, 0.001066, 4.6e-05, 0.0], [0.065906, 0.069626, 0.023113, 0.002572, 0.000165, 8e-06], [0.013356, 0.019787, 0.011289, 0.002648, 0.000278, 1.6e-05], [0.001995, 0.003976, 0.003047, 0.001208, 0.000198, 2.3e-05], [0.000303, 0.000733, 0.000683, 0.000363, 0.000127, 2.2e-05]], "Crici\u00fama / SC": [[0.314713, 0.022243, 0.000792, 1.6e-05, 0.0, 0.0], [0.263759, 0.09732, 0.006184, 0.000222, 4e-06, 0.0], [0.109289, 0.073804, 0.014654, 0.000832, 3.9e-05, 1e-06], [0.030255, 0.029447, 0.010302, 0.001512, 5.7e-05, 2e-06], [0.006418, 0.007914, 0.003981, 0.000957, 0.000108, 6e-06], [0.001157, 0.002033, 0.001386, 0.000478, 0.000103, 1.2e-05]], "Paysandu / PA": [[0.335223, 0.009024, 0.000132, 2e-06, 0.0, 0.0], [0.247752, 0.115698, 0.003013, 4.4e-05, 1e-06, 0.0], [0.091906, 0.083518, 0.020117, 0.000513, 1e-05, 0.0], [0.022444, 0.030707, 0.014154, 0.002303, 6.3e-05, 1e-06], [0.004166, 0.007565, 0.005048, 0.00154, 0.000199, 4e-06], [0.000745, 0.001628, 0.001501, 0.000767, 0.000188, 2.4e-05]]}, "Atl\u00e9tico / GO": {"Fortaleza / CE": [[0.059568, 0.079789, 0.053553, 0.024024, 0.00802, 0.002862], [0.07235, 0.112283, 0.086208, 0.04333, 0.016026, 0.006224], [0.043408, 0.078554, 0.067703, 0.037837, 0.015493, 0.006906], [0.017319, 0.035426, 0.034416, 0.021276, 0.00973, 0.00472], [0.005188, 0.011782, 0.012738, 0.008843, 0.00439, 0.002446], [0.001645, 0.004105, 0.00469, 0.003675, 0.002131, 0.001342]], "S\u00e3o Bento / SP": [[0.086292, 0.080435, 0.037262, 0.011635, 0.002686, 0.000601], [0.099845, 0.124871, 0.072282, 0.027092, 0.007466, 0.001855], [0.058042, 0.089446, 0.064077, 0.028889, 0.009197, 0.002806], [0.022128, 0.041318, 0.0355, 0.018673, 0.006944, 0.002438], [0.006353, 0.014041, 0.014041, 0.008709, 0.003864, 0.001633], [0.001824, 0.004739, 0.005661, 0.004039, 0.002157, 0.001159]], "Ava\u00ed / SC": [[0.026724, 0.060009, 0.06754, 0.050872, 0.028468, 0.019653], [0.03134, 0.076311, 0.09108, 0.072739, 0.043555, 0.03287], [0.018271, 0.04735, 0.061393, 0.052284, 0.032893, 0.026771], [0.007036, 0.019857, 0.026875, 0.024282, 0.016205, 0.014739], [0.002094, 0.006156, 0.008963, 0.0086, 0.00599, 0.005869], [0.000625, 0.001949, 0.002927, 0.002965, 0.002286, 0.002459]]}, "CSA / AL": {"Atl\u00e9tico / GO": [[0.04015, 0.048595, 0.029304, 0.011881, 0.003618, 0.001052], [0.074262, 0.095606, 0.062271, 0.026835, 0.008477, 0.002789], [0.068632, 0.095126, 0.064776, 0.029236, 0.009775, 0.003412], [0.042021, 0.061801, 0.04514, 0.021621, 0.007311, 0.00278], [0.01953, 0.029923, 0.023255, 0.011674, 0.00455, 0.001674], [0.010262, 0.016934, 0.013995, 0.007442, 0.002975, 0.001315]], "Ava\u00ed / SC": [[0.051349, 0.083438, 0.06769, 0.0368, 0.0148, 0.006574], [0.066992, 0.111354, 0.092323, 0.051059, 0.020953, 0.009303], [0.043398, 0.073492, 0.061606, 0.035124, 0.014957, 0.006882], [0.018581, 0.032062, 0.027633, 0.016017, 0.006898, 0.003307], [0.006019, 0.010683, 0.009434, 0.00555, 0.002408, 0.00123], [0.001925, 0.003536, 0.003346, 0.001957, 0.000894, 0.000426]]},