{"Vasco da Gama / RJ": {"Remo / PA": [[0.055687, 0.074831, 0.050643, 0.023298, 0.007932, 0.002707], [0.085165, 0.115936, 0.078107, 0.035228, 0.012013, 0.004041], [0.06556, 0.088507, 0.060235, 0.027067, 0.009195, 0.003187], [0.033646, 0.045159, 0.030902, 0.013926, 0.004681, 0.001639], [0.012934, 0.017707, 0.011764, 0.005365, 0.001828, 0.000627], [0.005406, 0.007117, 0.004756, 0.002152, 0.000785, 0.000267]]}, "Vila Nova / GO": {"Londrina / PR": [[0.385746, 0.165986, 0.035866, 0.005169, 0.00054, 4.8e-05], [0.201181, 0.086913, 0.018764, 0.002614, 0.000302, 2.5e-05], [0.052601, 0.022446, 0.004887, 0.00068, 9.2e-05, 1.1e-05], [0.009199, 0.003896, 0.000837, 0.000136, 1.1e-05, 2e-06], [0.001166, 0.000562, 9.9e-05, 1.2e-05, 2e-06, 0.0], [0.000138, 4.9e-05, 1.4e-05, 6e-06, 0.0, 0.0]]}, "Guarani / SP": {"Goi\u00e1s / GO": [[0.152826, 0.123752, 0.050548, 0.013546, 0.002794, 0.000515], [0.162735, 0.132758, 0.053832, 0.014741, 0.002964, 0.000538], [0.087249, 0.070295, 0.028628, 0.007717, 0.001525, 0.00034], [0.030854, 0.025267, 0.01016, 0.002849, 0.000554, 9.8e-05], [0.008066, 0.006539, 0.002653, 0.000779, 0.000133, 2.5e-05], [0.002076, 0.001697, 0.00071, 0.0002, 3.2e-05, 5e-06]]}, "N\u00e1utico / PE": {"Ava\u00ed / SC": [[0.054469, 0.077829, 0.055709, 0.026894, 0.009624, 0.003521], [0.080235, 0.115039, 0.082549, 0.039792, 0.014117, 0.005347], [0.05911, 0.085278, 0.061497, 0.029271, 0.010577, 0.003905], [0.029292, 0.041882, 0.029934, 0.014423, 0.005208, 0.001879], [0.01074, 0.015479, 0.011067, 0.005323, 0.001854, 0.000657], [0.004252, 0.005937, 0.004257, 0.00206, 0.00073, 0.000263]]}, "Brasil / RS": {"Botafogo / RJ": [[0.186437, 0.194756, 0.100749, 0.034637, 0.008938, 0.002206], [0.119231, 0.124156, 0.064675, 0.021963, 0.005621, 0.001466], [0.038437, 0.039569, 0.020603, 0.007008, 0.001864, 0.000439], [0.008194, 0.008364, 0.004394, 0.001609, 0.000395, 9.3e-05], [0.001318, 0.001329, 0.00073, 0.000221, 6.1e-05, 1.4e-05], [0.000193, 0.000167, 0.000109, 4.1e-05, 9e-06, 4e-06]]}, "CRB / AL": {"Vit\u00f3ria / BA": [[0.230789, 0.145891, 0.046256, 0.009922, 0.001499, 0.000227], [0.192622, 0.121858, 0.038555, 0.008138, 0.001339, 0.0002], [0.079812, 0.050676, 0.015772, 0.003424, 0.000518, 7.6e-05], [0.022137, 0.014112, 0.004535, 0.000912, 0.000175, 2.5e-05], [0.004719, 0.002918, 0.000917, 0.000206, 3.5e-05, 6e-06], [0.000938, 0.000566, 0.000178, 4.3e-05, 4e-06, 0.0]]}, "Coritiba / PR": {"CSA / AL": [[0.119315, 0.097983, 0.040387, 0.011116, 0.002305, 0.000411], [0.155104, 0.127804, 0.052627, 0.014314, 0.002942, 0.000557], [0.101836, 0.083114, 0.034009, 0.00939, 0.001985, 0.000364], [0.044393, 0.036228, 0.015094, 0.004086, 0.00088, 0.000155], [0.014416, 0.011729, 0.004816, 0.001403, 0.000262, 5e-05], [0.004763, 0.003974, 0.00162, 0.000448, 0.000111, 9e-06]]}, "Brusque / SC": {"Oper\u00e1rio / PR": [[0.125331, 0.088195, 0.030557, 0.007211, 0.001267, 0.000186], [0.173276, 0.120276, 0.041937, 0.009709, 0.001729, 0.000267], [0.11895, 0.082731, 0.028886, 0.006847, 0.001135, 0.000176], [0.054695, 0.038236, 0.013175, 0.003082, 0.000545, 8.7e-05], [0.018834, 0.013295, 0.004545, 0.001174, 0.000177, 3.5e-05], [0.006803, 0.004645, 0.001572, 0.000353, 6.7e-05, 1.4e-05]]}, "Confian\u00e7a / SE": {"Ponte Preta / SP": [[0.121308, 0.117088, 0.0564, 0.018232, 0.004388, 0.001009], [0.138889, 0.13333, 0.064753, 0.021042, 0.004983, 0.001148], [0.079633, 0.077099, 0.036943, 0.011879, 0.002849, 0.000625], [0.030143, 0.028991, 0.014014, 0.004573, 0.001036, 0.000272], [0.008731, 0.008417, 0.004088, 0.001274, 0.00031, 5.2e-05], [0.002462, 0.002407, 0.001149, 0.000381, 7.9e-05, 2.3e-05]]}, "Sampaio Corr\u00eaa / MA": {"Cruzeiro / MG": [[0.132625, 0.116268, 0.050584, 0.014698, 0.003194, 0.000658], [0.151939, 0.132795, 0.057644, 0.016754, 0.003671, 0.000716], [0.087842, 0.076152, 0.033247, 0.009784, 0.00209, 0.000405], [0.033418, 0.028943, 0.012607, 0.003672, 0.000772, 0.000177], [0.009595, 0.008311, 0.003597, 0.001066, 0.000242, 4.1e-05], [0.002681, 0.002376, 0.001028, 0.000333, 6.1e-05, 1.4e-05]]}, "Botafogo / RJ": {"Guarani / SP": [[0.049174, 0.043735, 0.019485, 0.005777, 0.001227, 0.000271], [0.105157, 0.092873, 0.041161, 0.012179, 0.002685, 0.000568], [0.11109, 0.097966, 0.043941, 0.01264, 0.002826, 0.000571], [0.079034, 0.069313, 0.030718, 0.008991, 0.002043, 0.000394], [0.042174, 0.037234, 0.016314, 0.004831, 0.001068, 0.000217], [0.026386, 0.023596, 0.010427, 0.003061, 0.000727, 0.000146]]}, "Goi\u00e1s / GO": {"Brusque / SC": [[0.028431, 0.022315, 0.008779, 0.0023, 0.000461, 8e-05], [0.078411, 0.061662, 0.024336, 0.006341, 0.001297, 0.000212], [0.108943, 0.086009, 0.034018, 0.009034, 0.001781, 0.000294], [0.10066, 0.079099, 0.031249, 0.008272, 0.001646, 0.000305], [0.070203, 0.055678, 0.021711, 0.005723, 0.001152, 0.000184], [0.068008, 0.053549, 0.020955, 0.005571, 0.001126, 0.000205]]}, "Ponte Preta / SP": {"Coritiba / PR": [[0.146052, 0.128812, 0.05649, 0.016487, 0.00363, 0.000714], [0.15203, 0.134269, 0.058908, 0.0174, 0.003692, 0.000734], [0.07981, 0.070221, 0.030915, 0.009234, 0.001945, 0.000361], [0.027733, 0.024313, 0.010676, 0.003028, 0.000701, 0.000127], [0.007241, 0.006323, 0.002734, 0.000802, 0.000196, 2.8e-05], [0.001871, 0.001624, 0.000645, 0.000199, 4.7e-05, 8e-06]]}, "Cruzeiro / MG": {"N\u00e1utico / PE": [[0.038579, 0.066237, 0.057587, 0.033007, 0.014183, 0.006758], [0.059002, 0.101803, 0.088035, 0.050293, 0.021665, 0.010192], [0.04515, 0.077474, 0.067244, 0.038551, 0.016613, 0.008124], [0.023262, 0.03991, 0.034228, 0.019716, 0.008611, 0.004114], [0.00864, 0.015234, 0.013068, 0.00764, 0.003246, 0.001511], [0.003668, 0.00624, 0.005349, 0.003088, 0.001372, 0.000606]]}, "Londrina / PR": {"Vasco da Gama / RJ": [[0.131175, 0.153958, 0.090463, 0.035431, 0.010406, 0.003083], [0.112548, 0.131977, 0.077092, 0.030284, 0.009023, 0.002507], [0.048303, 0.056573, 0.033519, 0.012733, 0.003876, 0.001056], [0.013739, 0.016278, 0.009556, 0.003726, 0.001071, 0.0003], [0.002876, 0.003399, 0.002056, 0.00081, 0.00023, 6.9e-05], [0.000599, 0.000712, 0.000374, 0.00014, 4.2e-05, 1.6e-05]]}, "CSA / AL": {"Brasil / RS": [[0.129499, 0.057804, 0.012923, 0.001911, 0.000232, 1.8e-05], [0.206948, 0.092555, 0.020521, 0.003088, 0.00033, 3e-05], [0.165684, 0.07361, 0.016403, 0.002552, 0.000276, 2.1e-05], [0.087515, 0.039715, 0.008815, 0.001274, 0.00016, 2.1e-05], [0.035245, 0.015574, 0.003545, 0.000489, 6e-05, 5e-06], [0.014839, 0.006605, 0.001475, 0.00024, 1.5e-05, 3e-06]]}, "Oper\u00e1rio / PR": {"CRB / AL": [[0.095786, 0.129648, 0.088312, 0.039805, 0.013442, 0.004645], [0.095058, 0.128496, 0.086965, 0.039619, 0.01331, 0.00468], [0.046733, 0.063534, 0.043289, 0.019367, 0.006658, 0.002321], [0.015615, 0.020818, 0.014212, 0.006594, 0.00226, 0.000764], [0.003757, 0.005063, 0.003502, 0.00167, 0.000502, 0.000215], [0.000887, 0.001149, 0.00076, 0.000391, 0.000127, 4.6e-05]]}, "Ava\u00ed / SC": {"Sampaio Corr\u00eaa / MA": [[0.139875, 0.090223, 0.02892, 0.00606, 0.001026, 0.000155], [0.184879, 0.119521, 0.038386, 0.008022, 0.001327, 0.0002], [0.122547, 0.078744, 0.025226, 0.005301, 0.000858, 0.000121], [0.054534, 0.034457, 0.011419, 0.002367, 0.000406, 5.6e-05], [0.01807, 0.011422, 0.003585, 0.000766, 0.000127, 2.1e-05], [0.005977, 0.003827, 0.001251, 0.00028, 3.6e-05, 8e-06]]}, "Vit\u00f3ria / BA": {"Vila Nova / GO": [[0.143156, 0.125519, 0.055329, 0.016196, 0.003532, 0.000761], [0.15121, 0.134151, 0.059234, 0.017473, 0.003914, 0.000825], [0.080965, 0.071746, 0.03144, 0.009302, 0.002056, 0.0004], [0.029052, 0.025201, 0.011047, 0.003337, 0.000749, 0.000153], [0.007684, 0.006735, 0.002978, 0.000881, 0.000185, 3.7e-05], [0.001969, 0.001757, 0.000743, 0.000219, 5.6e-05, 8e-06]]},