{"Fluminense / RJ": {"Fortaleza / CE": [[0.122338, 0.09923, 0.039708, 0.010481, 0.002203, 0.000382], [0.159156, 0.127689, 0.051443, 0.013742, 0.002753, 0.000498], [0.102379, 0.082169, 0.03353, 0.008895, 0.001762, 0.000323], [0.044368, 0.035674, 0.014072, 0.003929, 0.0008, 0.000161], [0.014297, 0.011554, 0.004591, 0.001262, 0.000228, 5.4e-05], [0.004599, 0.003698, 0.001509, 0.00042, 8.8e-05, 1.5e-05]]}, "Vasco da Gama / RJ": {"Goi\u00e1s / GO": [[0.097447, 0.102839, 0.054296, 0.019076, 0.005, 0.001236], [0.109203, 0.130138, 0.076866, 0.029869, 0.008632, 0.002451], [0.060805, 0.081148, 0.052656, 0.022681, 0.007284, 0.002165], [0.022888, 0.033398, 0.023815, 0.01111, 0.00371, 0.001286], [0.006327, 0.01018, 0.00772, 0.004007, 0.001438, 0.000526], [0.001702, 0.003117, 0.002647, 0.00147, 0.000627, 0.00024]]}, "S\u00e3o Paulo / SP": {"Flamengo / RJ": [[0.034908, 0.059789, 0.050577, 0.028492, 0.012022, 0.005657], [0.058686, 0.098283, 0.083716, 0.047415, 0.019869, 0.009202], [0.048296, 0.081483, 0.06883, 0.03905, 0.016739, 0.007531], [0.026252, 0.044929, 0.037896, 0.021118, 0.009121, 0.004147], [0.010916, 0.018503, 0.015771, 0.008764, 0.003661, 0.001722], [0.004848, 0.008391, 0.007023, 0.003947, 0.001672, 0.000774]]}, "Red Bull Bragantino / SP": {"Gr\u00eamio / RS": [[0.178575, 0.126373, 0.044726, 0.010412, 0.001853, 0.000311], [0.080196, 0.157926, 0.091448, 0.029994, 0.006821, 0.001361], [0.017751, 0.058523, 0.065078, 0.032398, 0.010036, 0.002672], [0.002635, 0.012002, 0.020824, 0.017359, 0.007882, 0.002776], [0.000298, 0.001758, 0.004115, 0.004831, 0.003334, 0.001838], [2.5e-05, 0.000209, 0.000664, 0.000948, 0.001049, 0.000999]]}, "Atl\u00e9tico / MG": {"Palmeiras / SP": [[0.073134, 0.097418, 0.066171, 0.029595, 0.009974, 0.003368], [0.091156, 0.124289, 0.084856, 0.038649, 0.013189, 0.004647], [0.057068, 0.078306, 0.054287, 0.025312, 0.008747, 0.003132], [0.023489, 0.033227, 0.023404, 0.010904, 0.003859, 0.001368], [0.007349, 0.010463, 0.007521, 0.003562, 0.00132, 0.000459], [0.002311, 0.003256, 0.002459, 0.001194, 0.000409, 0.000148]]}, "Internacional / RS": {"Corinthians / SP": [[0.090491, 0.063712, 0.022809, 0.005392, 0.000939, 0.000136], [0.131185, 0.113898, 0.04821, 0.012871, 0.002502, 0.000453], [0.096555, 0.099021, 0.048654, 0.015491, 0.003477, 0.000747], [0.046877, 0.05637, 0.031371, 0.011444, 0.002952, 0.000708], [0.017156, 0.023639, 0.014867, 0.006014, 0.001802, 0.000456], [0.006514, 0.010315, 0.007785, 0.003583, 0.001211, 0.000393]]}, "Bahia / BA": {"Santos / SP": [[0.065992, 0.092434, 0.065194, 0.030583, 0.01068, 0.003939], [0.066013, 0.113335, 0.09392, 0.051101, 0.020243, 0.008417], [0.032935, 0.067084, 0.064969, 0.040271, 0.018133, 0.008716], [0.010762, 0.025742, 0.028616, 0.020198, 0.010213, 0.005699], [0.002757, 0.00732, 0.009219, 0.007328, 0.004187, 0.00268], [0.000664, 0.002027, 0.002883, 0.002674, 0.001718, 0.001354]]}, "Athletico Paranaense / PR": {"Sport / PE": [[0.228038, 0.120198, 0.031634, 0.005606, 0.000725, 8.2e-05], [0.204822, 0.119989, 0.034993, 0.006424, 0.000963, 0.000113], [0.091706, 0.059167, 0.01915, 0.003876, 0.000575, 7e-05], [0.027585, 0.019609, 0.006641, 0.00154, 0.000241, 3.3e-05], [0.006149, 0.004797, 0.001766, 0.000457, 6.7e-05, 1.3e-05], [0.001268, 0.001099, 0.000446, 0.000125, 2.6e-05, 7e-06]]}, "Cear\u00e1 / CE": {"Botafogo / RJ": [[0.089736, 0.053385, 0.016292, 0.003249, 0.000482, 6.1e-05], [0.140433, 0.106891, 0.038345, 0.009031, 0.00161, 0.000237], [0.110185, 0.100652, 0.04312, 0.01177, 0.002325, 0.000403], [0.057586, 0.061611, 0.030478, 0.009609, 0.002182, 0.000402], [0.022214, 0.027364, 0.01589, 0.005611, 0.001363, 0.000337], [0.009504, 0.013447, 0.008967, 0.003756, 0.001175, 0.000297]]}, "Atl\u00e9tico / GO": {"Coritiba / PR": [[0.200956, 0.098525, 0.024342, 0.003939, 0.000494, 5.8e-05], [0.177473, 0.133742, 0.044461, 0.009061, 0.00134, 0.000172], [0.078282, 0.079391, 0.034519, 0.009132, 0.00163, 0.000259], [0.022651, 0.029828, 0.016446, 0.005481, 0.001174, 0.000234], [0.004997, 0.007888, 0.005133, 0.00206, 0.000532, 0.000128], [0.001, 0.001972, 0.001631, 0.00075, 0.00025, 6.9e-05]]}}