{"Cear\u00e1 / CE": {"Paran\u00e1 / PR": [[0.080122, 0.056578, 0.020124, 0.004773, 0.000861, 0.000139], [0.133484, 0.106737, 0.04247, 0.01089, 0.00209, 0.000417], [0.108807, 0.099846, 0.044134, 0.012842, 0.002737, 0.000524], [0.058139, 0.060809, 0.030696, 0.009624, 0.002163, 0.000462], [0.022952, 0.027676, 0.015286, 0.005537, 0.001422, 0.000306], [0.009722, 0.013527, 0.008893, 0.003781, 0.001116, 0.000314]]}, "Bahia / BA": {"Red Bull Bragantino / SP": [[0.115285, 0.035974, 0.005757, 0.000636, 5e-05, 6e-06], [0.21106, 0.068801, 0.011185, 0.001213, 9.7e-05, 4e-06], [0.190558, 0.066031, 0.011274, 0.00125, 0.000108, 5e-06], [0.113706, 0.042422, 0.007924, 0.000875, 7.9e-05, 4e-06], [0.050464, 0.020683, 0.004131, 0.000538, 5.1e-05, 4e-06], [0.025049, 0.01168, 0.002641, 0.000406, 4.3e-05, 6e-06]]}, "Sampaio Corr\u00eaa / MA": {"Atl\u00e9tico / GO": [[0.087903, 0.137011, 0.104814, 0.053093, 0.020013, 0.007714], [0.062512, 0.112539, 0.098845, 0.057101, 0.024299, 0.011205], [0.022024, 0.045006, 0.044472, 0.029079, 0.013925, 0.007476], [0.005314, 0.011818, 0.012943, 0.009583, 0.005135, 0.003274], [0.00094, 0.002287, 0.002897, 0.002204, 0.001363, 0.001004], [0.00014, 0.000417, 0.000564, 0.000498, 0.000308, 0.00028]]}, "Oeste / SP": {"Joinville / SC": [[0.221467, 0.106, 0.025791, 0.00403, 0.000512, 5e-05], [0.201755, 0.123149, 0.036021, 0.006705, 0.000923, 0.000121], [0.090732, 0.068073, 0.023601, 0.005139, 0.00086, 0.000114], [0.026808, 0.02428, 0.010059, 0.002464, 0.00047, 5.7e-05], [0.005989, 0.006412, 0.003156, 0.000893, 0.000208, 4.4e-05], [0.00127, 0.001549, 0.000889, 0.00032, 7.5e-05, 1.4e-05]]}, "Vila Nova / GO": {"Paysandu / PA": [[0.084865, 0.068104, 0.027806, 0.007467, 0.001535, 0.000254], [0.13357, 0.115181, 0.04933, 0.014217, 0.003066, 0.000576], [0.10479, 0.096014, 0.044058, 0.013252, 0.003011, 0.000661], [0.05454, 0.05318, 0.026227, 0.008354, 0.001936, 0.000437], [0.021301, 0.022498, 0.011654, 0.003908, 0.000972, 0.000239], [0.008953, 0.00986, 0.005538, 0.001965, 0.000534, 0.000147]]}, "Luverdense / MT": {"Goi\u00e1s / GO": [[0.119215, 0.084219, 0.029614, 0.007016, 0.001239, 0.000174], [0.148317, 0.125207, 0.052081, 0.013834, 0.00271, 0.000499], [0.092159, 0.091414, 0.043519, 0.013335, 0.002973, 0.000638], [0.03765, 0.04356, 0.023764, 0.008082, 0.002087, 0.000484], [0.011513, 0.015117, 0.009381, 0.003762, 0.001018, 0.000224], [0.003482, 0.005582, 0.003766, 0.001683, 0.000526, 0.000156]]}, "Tupi / MG": {"N\u00e1utico / PE": [[0.093445, 0.110935, 0.066904, 0.02691, 0.007864, 0.002356], [0.087231, 0.12593, 0.089488, 0.040402, 0.014032, 0.00476], [0.04129, 0.070221, 0.056694, 0.029873, 0.011409, 0.004374], [0.012794, 0.025167, 0.023226, 0.013794, 0.006036, 0.002715], [0.003106, 0.006814, 0.006936, 0.004635, 0.002242, 0.001183], [0.000695, 0.001726, 0.00196, 0.001475, 0.000845, 0.000533]]}, "Brasil / RS": {"CRB / AL": [[0.069885, 0.079886, 0.045872, 0.017385, 0.004902, 0.001424], [0.105694, 0.121258, 0.068942, 0.026419, 0.007523, 0.002103], [0.080773, 0.092155, 0.052647, 0.019847, 0.005782, 0.001602], [0.040681, 0.046793, 0.026428, 0.00999, 0.00299, 0.000847], [0.015384, 0.017883, 0.010149, 0.003896, 0.001112, 0.000311], [0.00623, 0.007064, 0.004048, 0.00153, 0.00045, 0.000115]]}, "Londrina / PR": {"Ava\u00ed / SC": [[0.203308, 0.105397, 0.027135, 0.004576, 0.000592, 7.1e-05], [0.215267, 0.114595, 0.030411, 0.005332, 0.000675, 9.8e-05], [0.114364, 0.062967, 0.016975, 0.003182, 0.000447, 3.9e-05], [0.040166, 0.022534, 0.006457, 0.001237, 0.000175, 1.9e-05], [0.010692, 0.006042, 0.001794, 0.000362, 6.2e-05, 7e-06], [0.002729, 0.001696, 0.000489, 9.2e-05, 1.5e-05, 1e-06]]}, "Crici\u00fama / SC": {"Vasco da Gama / RJ": [[0.065804, 0.084537, 0.053983, 0.023159, 0.007337, 0.002402], [0.088079, 0.119435, 0.080473, 0.036445, 0.012263, 0.004234], [0.058977, 0.084464, 0.059844, 0.028591, 0.010099, 0.003628], [0.026436, 0.039829, 0.029585, 0.014714, 0.005413, 0.002001], [0.009008, 0.013985, 0.010847, 0.005592, 0.002135, 0.000836], [0.00301, 0.005038, 0.004225, 0.002208, 0.00096, 0.000424]]}, "N\u00e1utico / PE": {"Oeste / SP": [[0.118998, 0.055969, 0.013057, 0.002079, 0.000231, 3e-05], [0.186674, 0.098704, 0.025632, 0.004546, 0.000551, 7e-05], [0.142939, 0.088204, 0.02574, 0.004931, 0.000645, 7.6e-05], [0.071126, 0.051243, 0.017322, 0.003665, 0.000576, 6.3e-05], [0.026646, 0.022225, 0.008735, 0.002039, 0.000373, 5e-05], [0.009997, 0.01008, 0.004893, 0.001521, 0.000318, 5.2e-05]]}, "CRB / AL": {"Luverdense / MT": [[0.070332, 0.076895, 0.041929, 0.015375, 0.004268, 0.001086], [0.10044, 0.118966, 0.069766, 0.027351, 0.007749, 0.002255], [0.072589, 0.091813, 0.057951, 0.024132, 0.007381, 0.002247], [0.034986, 0.046888, 0.031441, 0.013864, 0.004447, 0.001497], [0.012718, 0.018247, 0.012736, 0.005912, 0.002115, 0.000724], [0.004704, 0.007497, 0.00555, 0.002768, 0.001004, 0.000377]]}, "Paysandu / PA": {"Crici\u00fama / SC": [[0.101177, 0.100219, 0.049873, 0.016176, 0.004229, 0.000965], [0.131784, 0.130196, 0.064031, 0.02147, 0.00529, 0.001246], [0.08574, 0.084764, 0.042162, 0.0139, 0.003384, 0.000876], [0.036878, 0.036448, 0.018084, 0.006071, 0.001519, 0.000362], [0.012118, 0.011909, 0.005972, 0.0019, 0.000495, 0.000127], [0.004011, 0.003883, 0.001919, 0.000626, 0.000165, 3.1e-05]]}, "Red Bull Bragantino / SP": {"Londrina / PR": [[0.16502, 0.166083, 0.08382, 0.028196, 0.007036, 0.001694], [0.126515, 0.132219, 0.068349, 0.023877, 0.006333, 0.001582], [0.048736, 0.052353, 0.028342, 0.009889, 0.002682, 0.000687], [0.012538, 0.013783, 0.007619, 0.002878, 0.000754, 0.000179], [0.002359, 0.002711, 0.001589, 0.00058, 0.000168, 5.2e-05], [0.000444, 0.000498, 0.000265, 0.000131, 2.2e-05, 1.7e-05]]}, "Goi\u00e1s / GO": {"Sampaio Corr\u00eaa / MA": [[0.09646, 0.046272, 0.011111, 0.001803, 0.000238, 1.5e-05], [0.170673, 0.090046, 0.023772, 0.004129, 0.000557, 5.6e-05], [0.147237, 0.090333, 0.025948, 0.004961, 0.000699, 0.0001], [0.08333, 0.059403, 0.019595, 0.00402, 0.000641, 8.6e-05], [0.034528, 0.028857, 0.011014, 0.002613, 0.000502, 7e-05], [0.015488, 0.015301, 0.007464, 0.00214, 0.00046, 7.8e-05]]}, "Vasco da Gama / RJ": {"Cear\u00e1 / CE": [[0.075956, 0.066988, 0.030019, 0.008671, 0.001933, 0.00042], [0.114655, 0.114998, 0.057349, 0.018731, 0.004509, 0.001077], [0.086632, 0.097446, 0.053852, 0.019565, 0.005207, 0.001308], [0.043127, 0.054434, 0.033071, 0.013325, 0.003731, 0.001063], [0.016329, 0.022251, 0.014997, 0.006593, 0.001977, 0.000624], [0.006342, 0.009893, 0.007519, 0.003654, 0.0013, 0.000454]]}, "Atl\u00e9tico / GO": {"Bahia / BA": [[0.137518, 0.108286, 0.042184, 0.011067, 0.002218, 0.000349], [0.138511, 0.13569, 0.063083, 0.019257, 0.004374, 0.000913], [0.069467, 0.08155, 0.044596, 0.0158, 0.003903, 0.000951], [0.023104, 0.031693, 0.020368, 0.008269, 0.002405, 0.000657], [0.005722, 0.009164, 0.006604, 0.003182, 0.001047, 0.000285], [0.001413, 0.002486, 0.002132, 0.001156, 0.000435, 0.000161]]}, "Joinville / SC": {"Vila Nova / GO": [[0.130206, 0.122616, 0.057185, 0.017789, 0.004176, 0.00098], [0.114197, 0.136003, 0.077397, 0.028506, 0.007687, 0.001907], [0.050732, 0.072461, 0.049471, 0.02103, 0.006385, 0.001906], [0.014608, 0.024828, 0.019788, 0.009864, 0.003384, 0.001126], [0.003306, 0.006297, 0.005687, 0.003206, 0.001326, 0.000507], [0.000671, 0.001464, 0.001558, 0.001047, 0.00048, 0.000219]]}, "Paran\u00e1 / PR": {"Tupi / MG": [[0.096146, 0.077471, 0.031033, 0.008397, 0.001677, 0.000307], [0.129326, 0.122299, 0.057248, 0.01744, 0.00389, 0.000795], [0.085897, 0.095014, 0.050419, 0.017288, 0.004403, 0.001003], [0.037843, 0.048143, 0.029028, 0.011102, 0.003115, 0.00082], [0.01239, 0.017932, 0.012053, 0.005261, 0.001619, 0.000504], [0.004126, 0.006744, 0.005404, 0.002578, 0.00097, 0.000315]]},