{"Palmeiras / SP": {"Botafogo / RJ": [[0.083215, 0.050261, 0.01523, 0.003165, 0.000465, 5.8e-05], [0.156792, 0.094081, 0.028305, 0.005712, 0.000896, 0.000136], [0.14778, 0.088739, 0.0268, 0.005541, 0.000832, 9.7e-05], [0.092627, 0.056159, 0.016974, 0.003411, 0.000498, 7.6e-05], [0.043635, 0.026286, 0.007956, 0.001629, 0.000222, 3.2e-05], [0.023244, 0.01397, 0.00421, 0.000835, 0.000124, 7e-06]], "Chapecoense / SC": [[0.031867, 0.032287, 0.016069, 0.005367, 0.001295, 0.000327], [0.07793, 0.078401, 0.039623, 0.012909, 0.003291, 0.000797], [0.09527, 0.095724, 0.047792, 0.015916, 0.004133, 0.000962], [0.077427, 0.077076, 0.038945, 0.013208, 0.003292, 0.000709], [0.047228, 0.047237, 0.023659, 0.007913, 0.001905, 0.000489], [0.037045, 0.037127, 0.018662, 0.006202, 0.00153, 0.000386]]}, "Flamengo / RJ": {"Coritiba / PR": [[0.149589, 0.068116, 0.015474, 0.002383, 0.000275, 2.8e-05], [0.215949, 0.097796, 0.022351, 0.003422, 0.000342, 3e-05], [0.156956, 0.071328, 0.016208, 0.002397, 0.000295, 2.2e-05], [0.074799, 0.03403, 0.007741, 0.001152, 0.000126, 1.1e-05], [0.027279, 0.01258, 0.002918, 0.000422, 3.8e-05, 6e-06], [0.010031, 0.004642, 0.001076, 0.00017, 1.8e-05, 0.0]], "Santos / SP": [[0.120774, 0.1144, 0.054065, 0.017164, 0.004059, 0.000922], [0.141575, 0.133818, 0.062841, 0.019646, 0.004737, 0.001035], [0.08228, 0.077838, 0.036869, 0.011541, 0.002738, 0.000564], [0.032201, 0.0301, 0.014417, 0.004403, 0.001066, 0.00023], [0.009217, 0.00878, 0.004224, 0.001215, 0.000318, 5.9e-05], [0.00274, 0.002508, 0.001162, 0.000372, 0.0001, 2.2e-05]]}, "Atl\u00e9tico / MG": {"S\u00e3o Paulo / SP": [[0.069474, 0.060568, 0.026216, 0.007606, 0.001659, 0.000351], [0.124408, 0.109012, 0.047374, 0.01357, 0.003034, 0.000572], [0.111947, 0.098051, 0.042244, 0.012395, 0.002652, 0.000542], [0.06707, 0.058365, 0.025139, 0.007424, 0.001636, 0.000317], [0.030033, 0.02632, 0.01143, 0.003352, 0.000712, 0.000155], [0.015119, 0.013374, 0.005793, 0.001641, 0.000372, 7.3e-05]]}, "Coritiba / PR": {"Vit\u00f3ria / BA": [[0.063951, 0.06057, 0.028774, 0.009095, 0.002214, 0.000502], [0.114781, 0.108697, 0.051574, 0.016346, 0.003909, 0.000865], [0.103963, 0.098063, 0.046697, 0.014799, 0.003592, 0.000834], [0.062726, 0.059218, 0.028379, 0.008741, 0.002062, 0.000443], [0.02825, 0.026299, 0.012771, 0.004039, 0.000938, 0.000218], [0.014199, 0.013516, 0.006418, 0.001976, 0.000471, 0.00011]]}, "Botafogo / RJ": {"Ponte Preta / SP": [[0.09836, 0.065417, 0.022087, 0.004837, 0.000843, 0.000127], [0.161949, 0.108373, 0.036637, 0.007982, 0.001391, 0.0002], [0.134103, 0.089189, 0.029883, 0.00676, 0.001133, 0.000167], [0.073939, 0.049279, 0.016461, 0.003735, 0.000647, 0.000101], [0.030515, 0.020284, 0.006867, 0.001551, 0.000271, 3.5e-05], [0.013753, 0.009295, 0.003004, 0.000698, 0.000107, 2e-05]]}, "Santa Cruz / PE": {"Atl\u00e9tico / MG": [[0.048586, 0.089062, 0.081227, 0.049671, 0.022577, 0.011669], [0.058654, 0.106084, 0.097032, 0.059414, 0.026916, 0.013944], [0.034731, 0.062976, 0.05829, 0.035189, 0.016015, 0.008209], [0.013773, 0.02532, 0.023025, 0.01424, 0.006414, 0.003367], [0.004152, 0.007607, 0.006871, 0.004297, 0.001981, 0.001035], [0.001242, 0.002252, 0.002081, 0.001266, 0.000546, 0.000285]], "Gr\u00eamio / RS": [[0.108024, 0.148113, 0.102994, 0.047598, 0.01621, 0.005825], [0.091383, 0.125694, 0.087, 0.040245, 0.013913, 0.005083], [0.038448, 0.052946, 0.036955, 0.016983, 0.005973, 0.002079], [0.010849, 0.015149, 0.01041, 0.004908, 0.001611, 0.00057], [0.002271, 0.003213, 0.002198, 0.001065, 0.000383, 0.000114], [0.000458, 0.00064, 0.000416, 0.000193, 5.7e-05, 2.9e-05]]}, "Corinthians / SP": {"Internacional / RS": [[0.136315, 0.082396, 0.025186, 0.005098, 0.000755, 8.8e-05], [0.188719, 0.114675, 0.034916, 0.007019, 0.001063, 0.000138], [0.130366, 0.079515, 0.024418, 0.004932, 0.000746, 0.000103], [0.060421, 0.036969, 0.011251, 0.002258, 0.000321, 4.9e-05], [0.020912, 0.012665, 0.003981, 0.000798, 0.000129, 2.2e-05], [0.007485, 0.004493, 0.001447, 0.000292, 5.5e-05, 4e-06]], "Athletico Paranaense / PR": [[0.218563, 0.108232, 0.026888, 0.004506, 0.000526, 6.8e-05], [0.224882, 0.110831, 0.027442, 0.004533, 0.000601, 5.3e-05], [0.114522, 0.056589, 0.014031, 0.002323, 0.000287, 2.2e-05], [0.039277, 0.019401, 0.004834, 0.00082, 8.6e-05, 1.1e-05], [0.010001, 0.005103, 0.001277, 0.00023, 2.3e-05, 3e-06], [0.002439, 0.001234, 0.000298, 5.4e-05, 7e-06, 3e-06]]}, "Figueirense / SC": {"Fluminense / RJ": [[0.120147, 0.117965, 0.056983, 0.01857, 0.004594, 0.00107], [0.137159, 0.13464, 0.065513, 0.021278, 0.004989, 0.001192], [0.078562, 0.076221, 0.036964, 0.012183, 0.002864, 0.000683], [0.030157, 0.029328, 0.014108, 0.004556, 0.001111, 0.000258], [0.008518, 0.008204, 0.004017, 0.001366, 0.000316, 7.2e-05], [0.002467, 0.002275, 0.001133, 0.000409, 9.9e-05, 2.9e-05]]}, "Am\u00e9rica / MG": {"Sport / PE": [[0.156513, 0.166458, 0.089371, 0.031394, 0.008401, 0.002183], [0.123439, 0.131833, 0.069968, 0.02504, 0.006749, 0.001771], [0.048656, 0.051646, 0.0276, 0.009925, 0.002607, 0.000702], [0.012733, 0.013509, 0.007319, 0.002546, 0.000714, 0.000182], [0.002516, 0.00269, 0.001458, 0.000531, 0.000155, 3.7e-05], [0.000471, 0.000508, 0.000281, 5.5e-05, 3e-05, 9e-06]]}, "Internacional / RS": {"Cruzeiro / MG": [[0.10335, 0.099996, 0.04893, 0.015879, 0.003799, 0.000848], [0.134491, 0.129846, 0.063491, 0.020665, 0.004912, 0.001134], [0.087327, 0.084554, 0.04122, 0.013311, 0.003291, 0.000803], [0.037671, 0.036744, 0.017703, 0.005726, 0.001353, 0.000305], [0.01231, 0.011662, 0.005823, 0.001875, 0.00047, 0.000106], [0.003833, 0.003888, 0.001926, 0.000595, 0.000133, 3e-05]]}, "Vit\u00f3ria / BA": {"Palmeiras / SP": [[0.048949, 0.084017, 0.073562, 0.042397, 0.018153, 0.00877], [0.062692, 0.10861, 0.094266, 0.05469, 0.023434, 0.011404], [0.040472, 0.070393, 0.0607, 0.03526, 0.014988, 0.007278], [0.017197, 0.03003, 0.025907, 0.015146, 0.006659, 0.003172], [0.005642, 0.009534, 0.008361, 0.004878, 0.002112, 0.000934], [0.001913, 0.003103, 0.002833, 0.001542, 0.000669, 0.000333]], "Figueirense / SC": [[0.096945, 0.070966, 0.026088, 0.006253, 0.00115, 0.00019], [0.154773, 0.113902, 0.041494, 0.010191, 0.001891, 0.0003], [0.124566, 0.091277, 0.033558, 0.008124, 0.001438, 0.000222], [0.065821, 0.048724, 0.017562, 0.004348, 0.000752, 0.000144], [0.026347, 0.019858, 0.007216, 0.001695, 0.000328, 3.7e-05], [0.011462, 0.008452, 0.00305, 0.000725, 0.000134, 1.7e-05]]}, "Fluminense / RJ": {"Internacional / RS": [[0.105448, 0.081333, 0.031211, 0.007902, 0.001511, 0.000264], [0.156637, 0.120181, 0.046216, 0.01183, 0.002214, 0.000372], [0.115404, 0.088909, 0.034041, 0.00872, 0.001665, 0.000271], [0.057128, 0.043702, 0.016806, 0.004197, 0.000829, 0.000159], [0.020921, 0.016299, 0.0062, 0.001586, 0.000277, 5.3e-05], [0.008223, 0.006354, 0.002356, 0.000634, 0.000124, 2.3e-05]]}, "Cruzeiro / MG": {"Corinthians / SP": [[0.084326, 0.10676, 0.068847, 0.029054, 0.009266, 0.002996], [0.100558, 0.12864, 0.082018, 0.034882, 0.011144, 0.003599], [0.060689, 0.077635, 0.04917, 0.02109, 0.006665, 0.002157], [0.024337, 0.031212, 0.019545, 0.008394, 0.002679, 0.00084], [0.007078, 0.009216, 0.005916, 0.002434, 0.000826, 0.000277], [0.002241, 0.002748, 0.001708, 0.000726, 0.000249, 7.8e-05]], "Santos / SP": [[0.082176, 0.122691, 0.091841, 0.045655, 0.017011, 0.006548], [0.082195, 0.123989, 0.092421, 0.045943, 0.017085, 0.006724], [0.04175, 0.062078, 0.046156, 0.022988, 0.008595, 0.003329], [0.013633, 0.020903, 0.015298, 0.007672, 0.002779, 0.001164], [0.003516, 0.005145, 0.003922, 0.001978, 0.000689, 0.000296], [0.000848, 0.001306, 0.000969, 0.000449, 0.000187, 7.1e-05]]}, "Santos / SP": {"Am\u00e9rica / MG": [[0.077062, 0.027321, 0.004779, 0.000621, 5.1e-05, 4e-06], [0.169985, 0.060393, 0.010633, 0.001244, 0.000109, 6e-06], [0.188169, 0.066754, 0.011791, 0.001394, 0.000122, 7e-06], [0.13885, 0.048684, 0.008634, 0.001016, 8.8e-05, 4e-06], [0.076401, 0.026902, 0.004731, 0.000563, 4.9e-05, 3e-06], [0.051939, 0.018079, 0.003199, 0.000374, 3.6e-05, 3e-06]]},