{"Vasco da Gama / RJ": {"Cruzeiro / MG": [[0.021536, 0.054627, 0.069173, 0.058347, 0.03691, 0.030824], [0.028027, 0.070976, 0.089857, 0.075933, 0.048303, 0.040502], [0.018342, 0.046364, 0.058817, 0.049531, 0.031603, 0.026271], [0.007971, 0.020346, 0.025306, 0.021382, 0.01372, 0.011531], [0.002609, 0.006592, 0.008489, 0.007062, 0.004495, 0.003751], [0.000888, 0.002213, 0.002747, 0.002235, 0.001465, 0.001255]], "N\u00e1utico / PE": [[0.05067, 0.026938, 0.007161, 0.001261, 0.00015, 2.2e-05], [0.124514, 0.065216, 0.017274, 0.003085, 0.000412, 3.9e-05], [0.152993, 0.080765, 0.021429, 0.003689, 0.000499, 6.9e-05], [0.124746, 0.06602, 0.017347, 0.003016, 0.000367, 5.3e-05], [0.076083, 0.040387, 0.010759, 0.001904, 0.000226, 2.4e-05], [0.060685, 0.031898, 0.00857, 0.00151, 0.000194, 2.5e-05]]}, "Fluminense / RJ": {"Atl\u00e9tico / MG": [[0.14913, 0.1231, 0.050893, 0.014, 0.002944, 0.000499], [0.160339, 0.133304, 0.055156, 0.014908, 0.00313, 0.000595], [0.08596, 0.071536, 0.029734, 0.008322, 0.001679, 0.000305], [0.030694, 0.025655, 0.01045, 0.002921, 0.00054, 0.000134], [0.008208, 0.006917, 0.002944, 0.000808, 0.000164, 3.3e-05], [0.002169, 0.00183, 0.000756, 0.000187, 4.7e-05, 9e-06]]}, "Corinthians / SP": {"Internacional / RS": [[0.219986, 0.084818, 0.016057, 0.002008, 0.00019, 1.7e-05], [0.249552, 0.095267, 0.018219, 0.002382, 0.000269, 1.7e-05], [0.140645, 0.053547, 0.010188, 0.001253, 0.000112, 7e-06], [0.052874, 0.020311, 0.003922, 0.000533, 3e-05, 4e-06], [0.014985, 0.005622, 0.001104, 0.00013, 1.5e-05, 1e-06], [0.004083, 0.001519, 0.000287, 4.1e-05, 4e-06, 1e-06]]}, "Vit\u00f3ria / BA": {"Flamengo / RJ": [[0.06981, 0.067723, 0.033317, 0.010576, 0.002707, 0.000615], [0.118087, 0.114329, 0.055942, 0.01817, 0.004324, 0.001059], [0.099936, 0.096362, 0.047543, 0.015231, 0.003728, 0.000889], [0.055815, 0.054508, 0.026758, 0.008682, 0.002125, 0.000512], [0.023454, 0.023035, 0.011334, 0.00354, 0.000915, 0.000197], [0.010923, 0.010619, 0.005102, 0.001642, 0.000411, 8e-05]]}, "Gr\u00eamio / RS": {"Goi\u00e1s / GO": [[0.140186, 0.10936, 0.042482, 0.011038, 0.002093, 0.000393], [0.166393, 0.128728, 0.050031, 0.012779, 0.002464, 0.000448], [0.098979, 0.07707, 0.029861, 0.007721, 0.001533, 0.000268], [0.039207, 0.03055, 0.011875, 0.003091, 0.000595, 9e-05], [0.01156, 0.00905, 0.003486, 0.000945, 0.000161, 3e-05], [0.003454, 0.002688, 0.001065, 0.000267, 5.1e-05, 8e-06]]}, "Ponte Preta / SP": {"Gr\u00eamio / RS": [[0.110404, 0.123471, 0.069578, 0.026116, 0.007267, 0.002023], [0.119298, 0.134656, 0.074787, 0.028164, 0.007883, 0.002141], [0.064909, 0.072675, 0.040632, 0.014988, 0.004187, 0.001156], [0.023152, 0.026058, 0.014621, 0.005492, 0.001583, 0.00042], [0.006166, 0.007114, 0.003877, 0.0015, 0.000406, 0.000111], [0.00167, 0.001916, 0.001055, 0.000374, 0.000114, 3.6e-05]], "Portuguesa / SP": [[0.069497, 0.093425, 0.061347, 0.026944, 0.008929, 0.003061], [0.093636, 0.124011, 0.081654, 0.035764, 0.011713, 0.004127], [0.062717, 0.082548, 0.054791, 0.024054, 0.008052, 0.002594], [0.027614, 0.036906, 0.024351, 0.010733, 0.003534, 0.001261], [0.009287, 0.012229, 0.008257, 0.003542, 0.001147, 0.000387], [0.003199, 0.004154, 0.002784, 0.001222, 0.000398, 0.000131]]}, "Crici\u00fama / SC": {"Vit\u00f3ria / BA": [[0.024611, 0.047026, 0.044176, 0.027796, 0.013196, 0.00718], [0.044952, 0.084072, 0.079959, 0.050421, 0.023903, 0.012684], [0.040477, 0.076085, 0.072253, 0.045488, 0.021654, 0.011509], [0.024388, 0.046413, 0.04346, 0.027493, 0.013106, 0.007012], [0.010872, 0.021175, 0.019718, 0.012575, 0.005874, 0.003146], [0.005591, 0.010618, 0.010019, 0.006376, 0.003011, 0.001711]], "S\u00e3o Paulo / SP": [[0.060009, 0.07862, 0.051543, 0.023028, 0.007607, 0.002526], [0.089717, 0.118829, 0.077636, 0.034412, 0.011127, 0.003857], [0.066939, 0.088705, 0.05835, 0.025501, 0.008482, 0.002819], [0.033128, 0.044124, 0.029163, 0.012868, 0.004276, 0.001368], [0.012437, 0.016426, 0.010955, 0.004851, 0.001607, 0.000512], [0.004938, 0.006509, 0.004397, 0.001893, 0.000617, 0.000224]]}, "Cruzeiro / MG": {"Bahia / BA": [[0.063974, 0.03526, 0.009922, 0.001721, 0.00024, 2.5e-05], [0.140619, 0.077409, 0.021614, 0.003872, 0.000545, 5.4e-05], [0.154587, 0.084904, 0.023515, 0.004249, 0.000566, 6.6e-05], [0.112699, 0.062331, 0.017084, 0.003196, 0.0004, 5.5e-05], [0.062074, 0.034672, 0.00969, 0.001745, 0.000237, 3.5e-05], [0.041607, 0.023343, 0.006321, 0.001165, 0.000188, 1.6e-05]]}, "Coritiba / PR": {"Botafogo / RJ": [[0.091736, 0.111992, 0.068192, 0.027861, 0.008448, 0.002577], [0.107511, 0.130422, 0.079833, 0.032373, 0.009824, 0.003002], [0.062942, 0.077166, 0.046518, 0.01881, 0.005785, 0.001736], [0.02438, 0.029825, 0.017914, 0.007278, 0.002191, 0.000695], [0.007146, 0.008586, 0.00532, 0.002129, 0.000698, 0.000197], [0.002078, 0.002487, 0.001486, 0.000628, 0.00019, 4.4e-05]]}, "Santos / SP": {"Fluminense / RJ": [[0.110812, 0.07471, 0.025331, 0.005691, 0.000938, 0.000153], [0.168422, 0.113747, 0.038727, 0.008665, 0.001508, 0.000211], [0.128979, 0.086835, 0.029654, 0.006687, 0.001128, 0.00017], [0.06569, 0.044011, 0.01504, 0.003312, 0.000537, 8.7e-05], [0.024893, 0.017069, 0.005762, 0.001301, 0.000206, 3.6e-05], [0.010028, 0.006737, 0.002349, 0.000474, 7.9e-05, 2.1e-05]], "Athletico Paranaense / PR": [[0.075004, 0.0797, 0.042154, 0.014596, 0.003829, 0.000981], [0.115929, 0.121071, 0.06387, 0.022416, 0.006005, 0.001564], [0.088231, 0.093278, 0.049285, 0.017388, 0.004463, 0.001203], [0.044688, 0.047436, 0.025378, 0.008683, 0.002257, 0.000599], [0.017242, 0.018409, 0.009748, 0.00332, 0.000868, 0.000226], [0.00704, 0.007362, 0.004033, 0.001363, 0.000286, 9.5e-05]]}, "Botafogo / RJ": {"Crici\u00fama / SC": [[0.038687, 0.03858, 0.019211, 0.006418, 0.00157, 0.000412], [0.087202, 0.086696, 0.043786, 0.014653, 0.003633, 0.000866], [0.098198, 0.097937, 0.049047, 0.016296, 0.004046, 0.001052], [0.073653, 0.073757, 0.03666, 0.012405, 0.00313, 0.000769], [0.041404, 0.041381, 0.020808, 0.006879, 0.001729, 0.000411], [0.028896, 0.029029, 0.014479, 0.004755, 0.001259, 0.000306]]}, "Flamengo / RJ": {"Corinthians / SP": [[0.288756, 0.146719, 0.037441, 0.006461, 0.000849, 9.2e-05], [0.211729, 0.107989, 0.027238, 0.004646, 0.000559, 6.4e-05], [0.077655, 0.039488, 0.010096, 0.001737, 0.000205, 2.3e-05], [0.018984, 0.009639, 0.002423, 0.000395, 5.1e-05, 1e-05], [0.003506, 0.001768, 0.00043, 8.1e-05, 9e-06, 1e-06], [0.000572, 0.000306, 6.4e-05, 1.3e-05, 1e-06, 0.0]], "Cruzeiro / MG": [[0.05771, 0.101479, 0.088882, 0.052247, 0.022914, 0.011035], [0.063288, 0.11163, 0.097041, 0.056919, 0.024753, 0.011897], [0.034655, 0.061249, 0.053663, 0.031309, 0.013699, 0.006661], [0.01267, 0.022512, 0.019479, 0.011394, 0.004972, 0.002478], [0.003469, 0.006026, 0.005375, 0.003131, 0.001429, 0.000673], [0.0009, 0.001658, 0.001477, 0.000794, 0.000358, 0.000174]]}, "S\u00e3o Paulo / SP": {"Coritiba / PR": [[0.12367, 0.089274, 0.032463, 0.007821, 0.001347, 0.000243], [0.16941, 0.122083, 0.044423, 0.010705, 0.001885, 0.000307], [0.115494, 0.083383, 0.030117, 0.007368, 0.001367, 0.00022], [0.052927, 0.038063, 0.013713, 0.003334, 0.000583, 0.000101], [0.017598, 0.012971, 0.004558, 0.001072, 0.000223, 3.9e-05], [0.00642, 0.004665, 0.001662, 0.000386, 9.2e-05, 1.3e-05]], "Botafogo / RJ": [[0.100852, 0.10739, 0.057166, 0.020658, 0.005353, 0.001383], [0.124341, 0.132803, 0.069637, 0.024759, 0.006675, 0.001756], [0.07627, 0.080967, 0.04298, 0.015514, 0.004148, 0.001075], [0.031042, 0.033289, 0.017671, 0.006196, 0.00168, 0.00045], [0.009428, 0.010227, 0.005282, 0.001856, 0.000478, 0.000139], [0.00294, 0.003149, 0.001664, 0.000578, 0.000158, 4.6e-05]]}, "Bahia / BA": {"Fluminense / RJ": [[0.131977, 0.105102, 0.042222, 0.011326, 0.002276, 0.000414], [0.161621, 0.129467, 0.051843, 0.01401, 0.002725, 0.000504], [0.098585, 0.079429, 0.031844, 0.008473, 0.001638, 0.000306], [0.040439, 0.032332, 0.013026, 0.003481, 0.000641, 0.000145], [0.0125, 0.010027, 0.00405, 0.001072, 0.000207, 3.4e-05], [0.003773, 0.002934, 0.001184, 0.000312, 7.2e-05, 9e-06]],