{"Flamengo / RJ": {"Corinthians / SP": [[0.055724, 0.058368, 0.030636, 0.01069, 0.002788, 0.000733], [0.102221, 0.10768, 0.056245, 0.019706, 0.005014, 0.001317], [0.094587, 0.099217, 0.051912, 0.018105, 0.004746, 0.00121], [0.057339, 0.060797, 0.031829, 0.010997, 0.002929, 0.00073], [0.026264, 0.027813, 0.014576, 0.0051, 0.001347, 0.00034], [0.013736, 0.014441, 0.007407, 0.002612, 0.000665, 0.000179]], "Vasco da Gama / RJ": [[0.040269, 0.046675, 0.027092, 0.010301, 0.002844, 0.000807], [0.082989, 0.095678, 0.055198, 0.021584, 0.006083, 0.001792], [0.085152, 0.09869, 0.056734, 0.022191, 0.006373, 0.001766], [0.05796, 0.06767, 0.039098, 0.015101, 0.00433, 0.001247], [0.029816, 0.034369, 0.020079, 0.007679, 0.00232, 0.000618], [0.018235, 0.020887, 0.011941, 0.00469, 0.001374, 0.000368]], "Internacional / RS": [[0.055061, 0.086317, 0.067702, 0.035474, 0.014082, 0.005891], [0.073264, 0.114633, 0.089971, 0.04776, 0.018492, 0.007741], [0.048729, 0.075982, 0.05937, 0.031732, 0.012454, 0.005086], [0.021492, 0.033707, 0.026804, 0.014059, 0.005475, 0.002226], [0.00704, 0.011323, 0.008967, 0.004713, 0.001877, 0.000799], [0.002478, 0.00378, 0.003084, 0.001561, 0.000628, 0.000246]]}, "Botafogo / RJ": {"Gr\u00eamio / RS": [[0.168568, 0.188236, 0.104921, 0.039391, 0.010838, 0.002943], [0.112058, 0.124516, 0.070132, 0.025999, 0.007141, 0.002029], [0.037236, 0.041408, 0.023003, 0.008664, 0.002316, 0.00062], [0.008364, 0.009193, 0.005065, 0.00193, 0.000519, 0.000151], [0.001343, 0.001521, 0.000816, 0.000306, 0.000106, 2e-05], [0.000223, 0.00022, 0.000134, 5.4e-05, 1.3e-05, 3e-06]], "Sport / PE": [[0.197427, 0.139878, 0.049624, 0.011696, 0.002036, 0.000338], [0.180786, 0.128107, 0.04515, 0.010594, 0.001884, 0.000278], [0.082712, 0.058425, 0.020303, 0.004878, 0.000864, 0.000169], [0.024965, 0.017645, 0.006343, 0.001458, 0.000288, 4.8e-05], [0.005667, 0.004117, 0.001451, 0.000331, 6.5e-05, 5e-06], [0.001213, 0.000856, 0.000313, 7.2e-05, 1.2e-05, 2e-06]], "S\u00e3o Paulo / SP": [[0.058373, 0.121176, 0.126005, 0.087727, 0.046019, 0.028237], [0.044449, 0.092373, 0.096119, 0.066697, 0.03459, 0.021627], [0.016811, 0.034878, 0.036558, 0.025401, 0.013239, 0.007969], [0.004245, 0.008908, 0.009312, 0.006299, 0.003383, 0.002083], [0.000808, 0.001642, 0.001753, 0.00118, 0.000639, 0.000397], [0.000134, 0.000312, 0.000286, 0.000202, 0.0001, 6.9e-05]]}, "Palmeiras / SP": {"Fortaleza / CE": [[0.127387, 0.078714, 0.024288, 0.005081, 0.00076, 0.00011], [0.183859, 0.114207, 0.035245, 0.007088, 0.001113, 0.000158], [0.132074, 0.081513, 0.025679, 0.005234, 0.000793, 0.000102], [0.063386, 0.039585, 0.0123, 0.002535, 0.000423, 5.5e-05], [0.022772, 0.014066, 0.004433, 0.000925, 0.000123, 2.1e-05], [0.008531, 0.005427, 0.001602, 0.00035, 5.3e-05, 8e-06]], "Atl\u00e9tico / GO": [[0.099681, 0.064483, 0.020746, 0.004567, 0.000758, 9.7e-05], [0.165092, 0.106707, 0.034468, 0.007627, 0.001207, 0.000154], [0.13683, 0.088611, 0.029004, 0.00631, 0.001058, 0.000153], [0.075928, 0.049162, 0.016104, 0.003461, 0.000559, 8.9e-05], [0.031231, 0.020446, 0.006655, 0.001408, 0.000227, 2.9e-05], [0.014022, 0.009361, 0.00296, 0.000664, 0.000119, 2.2e-05]]}, "Santos / SP": {"Coritiba / PR": [[0.055542, 0.052565, 0.024747, 0.007701, 0.001812, 0.000409], [0.109246, 0.102219, 0.048277, 0.014992, 0.003563, 0.000707], [0.105071, 0.099405, 0.046755, 0.01444, 0.003473, 0.000727], [0.068957, 0.064225, 0.02999, 0.009372, 0.002216, 0.000519], [0.033354, 0.031083, 0.014784, 0.004505, 0.001054, 0.000252], [0.018759, 0.017825, 0.008048, 0.002631, 0.000641, 0.000134]], "Fluminense / RJ": [[0.039588, 0.053345, 0.035721, 0.016142, 0.005404, 0.0019], [0.073828, 0.100469, 0.067425, 0.030507, 0.010216, 0.003502], [0.070184, 0.09393, 0.063176, 0.028945, 0.009787, 0.00344], [0.043812, 0.059337, 0.040178, 0.018021, 0.005984, 0.002075], [0.020702, 0.028145, 0.018917, 0.008606, 0.002931, 0.000988], [0.010868, 0.015099, 0.010145, 0.004576, 0.001579, 0.000528]]}, "Corinthians / SP": {"Vasco da Gama / RJ": [[0.07772, 0.079169, 0.040222, 0.013674, 0.003395, 0.000843], [0.119326, 0.121106, 0.061276, 0.020616, 0.005202, 0.00127], [0.092612, 0.093629, 0.047449, 0.016085, 0.004196, 0.000964], [0.047686, 0.048128, 0.024203, 0.008218, 0.002101, 0.000471], [0.018164, 0.01854, 0.009314, 0.003144, 0.000833, 0.000202], [0.007389, 0.007592, 0.003639, 0.001242, 0.000306, 7.4e-05]], "Athletico Paranaense / PR": [[0.138811, 0.117814, 0.04996, 0.014248, 0.003087, 0.000599], [0.156008, 0.132558, 0.056292, 0.015952, 0.003503, 0.000668], [0.087973, 0.074755, 0.031951, 0.008992, 0.001852, 0.000367], [0.032942, 0.027789, 0.01196, 0.003399, 0.000747, 0.000136], [0.009249, 0.007892, 0.003299, 0.000961, 0.000225, 4.2e-05], [0.002535, 0.002187, 0.000942, 0.000253, 4.3e-05, 9e-06]], "Cear\u00e1 / CE": [[0.054413, 0.078042, 0.054829, 0.026201, 0.009285, 0.003548], [0.080581, 0.115156, 0.082246, 0.039237, 0.01398, 0.005101], [0.060267, 0.085317, 0.06148, 0.028831, 0.010213, 0.003766], [0.029841, 0.042362, 0.030358, 0.014431, 0.005054, 0.002006], [0.010868, 0.015631, 0.011154, 0.005308, 0.00196, 0.000673], [0.004349, 0.00611, 0.004267, 0.002086, 0.000783, 0.000266]]}, "Gr\u00eamio / RS": {"Santos / SP": [[0.084514, 0.053151, 0.01665, 0.003463, 0.000533, 8e-05], [0.15583, 0.097721, 0.030417, 0.006378, 0.000946, 0.000123], [0.144324, 0.089547, 0.0279, 0.005977, 0.00088, 0.000142], [0.088711, 0.055318, 0.017102, 0.003504, 0.000553, 8.8e-05], [0.041306, 0.025412, 0.007796, 0.001667, 0.000254, 4.4e-05], [0.021306, 0.013258, 0.004046, 0.00088, 0.000157, 2.2e-05]], "S\u00e3o Paulo / SP": [[0.056768, 0.070006, 0.041968, 0.017375, 0.005278, 0.001525], [0.09412, 0.114692, 0.070065, 0.02857, 0.008772, 0.0026], [0.076972, 0.093789, 0.057352, 0.023656, 0.007115, 0.002183], [0.042023, 0.05118, 0.031319, 0.012742, 0.003949, 0.001151], [0.017241, 0.021065, 0.012931, 0.00525, 0.001691, 0.0005], [0.007583, 0.009437, 0.005868, 0.002329, 0.0007, 0.000235]], "Athletico Paranaense / PR": [[0.119839, 0.079062, 0.025684, 0.005608, 0.000864, 0.000136], [0.175111, 0.115558, 0.037632, 0.008095, 0.001374, 0.000192], [0.128851, 0.084199, 0.027664, 0.006145, 0.001047, 0.000151], [0.06282, 0.041446, 0.01364, 0.002973, 0.000491, 7.3e-05], [0.023006, 0.015058, 0.004937, 0.001104, 0.000161, 2.5e-05], [0.00888, 0.005794, 0.001898, 0.000399, 7.4e-05, 9e-06]]}, "Sport / PE": {"Red Bull Bragantino / SP": [[0.130103, 0.137607, 0.072119, 0.025394, 0.006772, 0.001766], [0.128099, 0.135021, 0.071445, 0.025208, 0.006496, 0.001698], [0.062829, 0.066753, 0.035075, 0.012265, 0.003259, 0.000786], [0.020815, 0.021856, 0.011363, 0.004037, 0.001067, 0.000248], [0.005, 0.005437, 0.002754, 0.000986, 0.000246, 7.2e-05], [0.001201, 0.001274, 0.000656, 0.00022, 5.8e-05, 1.5e-05]], "Atl\u00e9tico / MG": [[0.095519, 0.129504, 0.088034, 0.040045, 0.013719, 0.004824], [0.094844, 0.127619, 0.087664, 0.039454, 0.013385, 0.004791], [0.04692, 0.063334, 0.043261, 0.019677, 0.006635, 0.002401], [0.015291, 0.020736, 0.014348, 0.00643, 0.002291, 0.000749], [0.003845, 0.005178, 0.00354, 0.001592, 0.000554, 0.000172], [0.000909, 0.001299, 0.00085, 0.000393, 0.00015, 4.3e-05]]}, "Coritiba / PR": {"Palmeiras / SP": [[0.173907, 0.186143, 0.100752, 0.035872, 0.009812, 0.002565], [0.117202, 0.125656, 0.068009, 0.024429, 0.006574, 0.001798], [0.039662, 0.042404, 0.022847, 0.008219, 0.002213, 0.00061], [0.009101, 0.009638, 0.005091, 0.001853, 0.000486, 0.000124], [0.00145, 0.001632, 0.000857, 0.000288, 8.5e-05, 1.8e-05], [0.000217, 0.000278, 0.000137, 5.3e-05, 9e-06, 9e-06]], "Cear\u00e1 / CE": [[0.089152, 0.13682, 0.103981, 0.052773, 0.0203, 0.008205], [0.079063, 0.121151, 0.0926, 0.04694, 0.017976, 0.007159], [0.0352, 0.054132, 0.041171, 0.02106, 0.007831, 0.003256], [0.010446, 0.015994, 0.01227, 0.006265, 0.002407, 0.000907], [0.002296, 0.003525, 0.002733, 0.00141, 0.000541, 0.000195], [0.000474, 0.000734, 0.000554, 0.000326, 0.000114, 3.9e-05]]},