{"Palmeiras / SP": {"Botafogo / RJ": [[0.083638, 0.05343, 0.017048, 0.003646, 0.000551, 8.1e-05], [0.154228, 0.098567, 0.031772, 0.006728, 0.001142, 0.000149], [0.142039, 0.090475, 0.028744, 0.006207, 0.000994, 0.000151], [0.087297, 0.055483, 0.017632, 0.003754, 0.000597, 8.5e-05], [0.040418, 0.025461, 0.008109, 0.00181, 0.000283, 3.1e-05], [0.020783, 0.013311, 0.004285, 0.000913, 0.00014, 1.8e-05]], "Chapecoense / SC": [[0.029814, 0.029844, 0.015587, 0.005172, 0.00135, 0.000301], [0.074338, 0.075517, 0.038131, 0.012831, 0.003182, 0.000842], [0.093353, 0.094873, 0.047743, 0.016166, 0.00418, 0.000979], [0.077922, 0.078867, 0.039866, 0.013637, 0.00346, 0.000803], [0.048241, 0.04872, 0.024905, 0.008483, 0.00207, 0.000502], [0.039243, 0.039984, 0.019975, 0.007007, 0.001708, 0.000404]]}, "Flamengo / RJ": {"Coritiba / PR": [[0.143827, 0.067894, 0.015696, 0.002481, 0.000298, 3e-05], [0.211468, 0.09923, 0.023381, 0.003669, 0.000432, 4.4e-05], [0.155063, 0.073033, 0.017155, 0.002612, 0.000319, 3.8e-05], [0.075819, 0.035649, 0.008404, 0.001315, 0.000166, 1.6e-05], [0.027924, 0.013319, 0.003121, 0.000454, 5.9e-05, 5e-06], [0.010752, 0.005025, 0.001107, 0.000176, 1.6e-05, 3e-06]], "Santos / SP": [[0.132935, 0.125734, 0.059902, 0.018621, 0.004481, 0.00105], [0.142209, 0.134802, 0.06355, 0.019984, 0.004634, 0.001096], [0.076214, 0.072172, 0.034793, 0.010943, 0.002535, 0.000577], [0.027226, 0.025929, 0.012063, 0.003799, 0.000905, 0.000222], [0.007328, 0.006905, 0.003217, 0.000994, 0.000272, 5.4e-05], [0.001896, 0.001798, 0.000818, 0.00026, 6.8e-05, 1.4e-05]]}, "Atl\u00e9tico / MG": {"Palmeiras / SP": [[0.036713, 0.053518, 0.03854, 0.01893, 0.00701, 0.002596], [0.067588, 0.099064, 0.072165, 0.034871, 0.012577, 0.004948], [0.06259, 0.091155, 0.066361, 0.032461, 0.011746, 0.004479], [0.038881, 0.056409, 0.040986, 0.019742, 0.007312, 0.002772], [0.017971, 0.025942, 0.018876, 0.009076, 0.003336, 0.001294], [0.009383, 0.013613, 0.009896, 0.004769, 0.001769, 0.000661]], "S\u00e3o Paulo / SP": [[0.065756, 0.058495, 0.025916, 0.00763, 0.001719, 0.000373], [0.120571, 0.107043, 0.047088, 0.013925, 0.003105, 0.000569], [0.110877, 0.097829, 0.043517, 0.012794, 0.002815, 0.000576], [0.067703, 0.060147, 0.026746, 0.007891, 0.001718, 0.000381], [0.031138, 0.027723, 0.012145, 0.003634, 0.00085, 0.000167], [0.015921, 0.014453, 0.00634, 0.00192, 0.000444, 8.1e-05]]}, "Coritiba / PR": {"Santa Cruz / PE": [[0.049092, 0.050948, 0.026489, 0.009057, 0.002353, 0.000584], [0.097572, 0.100993, 0.052564, 0.018091, 0.0047, 0.001049], [0.096625, 0.099596, 0.051317, 0.017694, 0.004562, 0.00115], [0.063566, 0.065032, 0.03345, 0.011615, 0.002926, 0.000785], [0.031371, 0.032186, 0.016559, 0.005686, 0.001532, 0.000363], [0.018246, 0.018345, 0.009558, 0.003307, 0.00082, 0.000217]], "Vit\u00f3ria / BA": [[0.064091, 0.057642, 0.026309, 0.007969, 0.001776, 0.000405], [0.118263, 0.107246, 0.048597, 0.014402, 0.003201, 0.00065], [0.109379, 0.098308, 0.044602, 0.013326, 0.003017, 0.000623], [0.066709, 0.060354, 0.02752, 0.008296, 0.00181, 0.000427], [0.030647, 0.027772, 0.01236, 0.003829, 0.000855, 0.000179], [0.015931, 0.014482, 0.006537, 0.001955, 0.000431, 0.0001]]}, "Botafogo / RJ": {"Chapecoense / SC": [[0.050465, 0.056597, 0.03223, 0.012119, 0.003419, 0.000953], [0.093488, 0.105977, 0.059901, 0.02255, 0.006252, 0.001824], [0.086501, 0.097946, 0.055525, 0.021184, 0.005914, 0.001651], [0.053528, 0.061033, 0.034609, 0.013058, 0.003708, 0.001011], [0.024919, 0.028323, 0.016084, 0.005908, 0.001775, 0.000456], [0.01333, 0.015026, 0.008377, 0.003179, 0.000957, 0.000223]], "Ponte Preta / SP": [[0.094204, 0.058857, 0.018138, 0.003669, 0.000622, 8.1e-05], [0.163839, 0.102266, 0.03164, 0.00648, 0.001009, 0.000138], [0.142386, 0.088758, 0.027729, 0.005711, 0.000941, 0.000125], [0.082828, 0.051512, 0.015922, 0.003389, 0.000515, 7.1e-05], [0.035712, 0.022436, 0.006984, 0.001449, 0.000225, 3.5e-05], [0.017228, 0.010882, 0.00344, 0.000654, 0.000107, 1.8e-05]]}, "Santa Cruz / PE": {"Atl\u00e9tico / MG": [[0.047327, 0.087267, 0.079845, 0.048799, 0.022445, 0.011451], [0.058087, 0.106097, 0.096595, 0.059169, 0.027178, 0.01387], [0.035094, 0.064168, 0.058475, 0.03565, 0.016605, 0.008548], [0.01393, 0.026013, 0.023711, 0.01441, 0.006599, 0.003496], [0.004327, 0.007967, 0.007157, 0.004466, 0.002057, 0.001026], [0.001322, 0.002311, 0.002259, 0.001333, 0.000619, 0.000327]], "Gr\u00eamio / RS": [[0.111707, 0.150834, 0.1031, 0.04672, 0.016082, 0.005399], [0.093433, 0.126941, 0.085613, 0.038956, 0.013185, 0.004549], [0.038406, 0.052873, 0.035653, 0.016084, 0.005474, 0.00185], [0.011133, 0.014912, 0.009949, 0.004561, 0.001548, 0.000513], [0.00225, 0.003046, 0.00207, 0.001002, 0.000302, 0.000119], [0.000442, 0.00062, 0.000393, 0.000194, 6.6e-05, 2.1e-05]]}, "Corinthians / SP": {"Internacional / RS": [[0.13939, 0.082538, 0.024811, 0.005143, 0.000755, 8.8e-05], [0.191009, 0.114741, 0.034325, 0.006896, 0.001003, 0.000161], [0.131632, 0.0783, 0.023552, 0.004574, 0.000698, 8.3e-05], [0.060225, 0.036079, 0.010724, 0.002136, 0.000326, 3.7e-05], [0.020617, 0.012252, 0.003629, 0.000688, 0.000122, 1.2e-05], [0.007368, 0.004408, 0.001347, 0.000275, 4.9e-05, 7e-06]], "Athletico Paranaense / PR": [[0.223512, 0.106436, 0.025047, 0.003956, 0.000437, 4.4e-05], [0.229168, 0.108605, 0.026019, 0.004042, 0.000488, 4.2e-05], [0.116986, 0.054861, 0.01324, 0.002022, 0.000254, 2.2e-05], [0.039821, 0.019039, 0.004484, 0.000765, 8.2e-05, 9e-06], [0.010333, 0.004836, 0.00121, 0.000191, 2.8e-05, 4e-06], [0.002491, 0.001185, 0.00029, 4.7e-05, 4e-06, 0.0]]}, "Figueirense / SC": {"Corinthians / SP": [[0.120123, 0.131319, 0.071608, 0.026284, 0.007262, 0.001869], [0.122902, 0.134462, 0.073786, 0.027055, 0.007549, 0.001938], [0.063177, 0.069492, 0.037656, 0.013857, 0.003705, 0.000971], [0.021443, 0.023313, 0.012965, 0.004827, 0.001303, 0.000369], [0.005557, 0.006144, 0.003281, 0.001216, 0.000322, 9.9e-05], [0.001427, 0.001525, 0.000797, 0.00031, 7.5e-05, 1.2e-05]], "Fluminense / RJ": [[0.121501, 0.117151, 0.056514, 0.01816, 0.004402, 0.000911], [0.139496, 0.134078, 0.064801, 0.020406, 0.005, 0.001108], [0.079387, 0.076614, 0.036931, 0.011674, 0.002856, 0.000601], [0.030326, 0.029264, 0.014078, 0.004527, 0.00109, 0.000271], [0.008711, 0.008292, 0.003914, 0.001267, 0.000308, 6.6e-05], [0.002419, 0.002295, 0.001097, 0.000373, 8.9e-05, 2.2e-05]]}, "Am\u00e9rica / MG": {"Flamengo / RJ": [[0.134043, 0.190491, 0.136381, 0.064747, 0.023458, 0.008631], [0.078241, 0.111709, 0.079613, 0.038116, 0.013492, 0.004959], [0.022686, 0.032761, 0.022852, 0.010822, 0.003939, 0.001492], [0.004619, 0.006293, 0.004449, 0.002143, 0.000766, 0.000261], [0.000595, 0.000895, 0.000683, 0.000311, 0.000114, 3.9e-05], [8.4e-05, 0.000135, 0.000109, 4.6e-05, 1.9e-05, 6e-06]], "Sport / PE": [[0.145044, 0.159891, 0.087452, 0.032048, 0.008578, 0.002303], [0.120785, 0.132413, 0.072555, 0.026622, 0.007323, 0.001872], [0.050493, 0.055274, 0.030415, 0.01104, 0.002924, 0.000842], [0.013777, 0.01555, 0.008334, 0.002989, 0.000872, 0.000228], [0.002927, 0.0032, 0.0017, 0.000667, 0.000155, 6.5e-05], [0.000575, 0.000619, 0.000297, 0.000123, 3.8e-05, 1e-05]]}, "Internacional / RS": {"Cruzeiro / MG": [[0.097395, 0.095426, 0.046285, 0.014948, 0.003776, 0.000839], [0.131827, 0.128913, 0.062587, 0.020306, 0.004976, 0.001166], [0.089244, 0.086528, 0.042195, 0.013881, 0.003338, 0.000806], [0.040268, 0.039375, 0.019353, 0.006217, 0.001498, 0.000385], [0.013632, 0.013174, 0.006535, 0.002143, 0.000524, 9.4e-05], [0.004654, 0.004551, 0.002206, 0.000732, 0.000173, 5e-05]], "Ponte Preta / SP": [[0.139746, 0.090615, 0.02981, 0.006273, 0.001028, 0.000155], [0.184852, 0.119046, 0.038973, 0.008391, 0.001386, 0.0002], [0.121939, 0.078462, 0.025373, 0.005518, 0.000917, 0.000135], [0.053177, 0.034663, 0.011304, 0.002436, 0.000397, 5.6e-05], [0.017639, 0.011556, 0.003755, 0.000752, 0.000137, 2e-05], [0.005858, 0.003855, 0.001262, 0.000273, 3.3e-05, 8e-06]]},