{"Paran\u00e1 / PR": {"Am\u00e9rica / MG": [[0.157886, 0.09206, 0.026421, 0.005146, 0.000737, 0.000102], [0.153126, 0.134844, 0.052777, 0.01283, 0.002246, 0.000364], [0.075195, 0.088057, 0.045653, 0.013805, 0.002853, 0.00053], [0.024331, 0.036064, 0.02333, 0.008803, 0.002341, 0.000534], [0.005946, 0.010528, 0.008326, 0.003863, 0.001233, 0.000303], [0.001429, 0.002976, 0.00282, 0.00161, 0.000695, 0.000236]], "Red Bull Bragantino / SP": [[0.107106, 0.073821, 0.025729, 0.005969, 0.001089, 0.000154], [0.140334, 0.12194, 0.05061, 0.013729, 0.002639, 0.000478], [0.09282, 0.095725, 0.047431, 0.014998, 0.003293, 0.000686], [0.040407, 0.049123, 0.028026, 0.010098, 0.002571, 0.000536], [0.013187, 0.018367, 0.011978, 0.004802, 0.001471, 0.000369], [0.00434, 0.007131, 0.005368, 0.002554, 0.000842, 0.000279]]}, "Atl\u00e9tico / GO": {"Maca\u00e9 / RJ": [[0.149069, 0.089604, 0.026602, 0.005314, 0.000833, 0.000114], [0.164567, 0.128724, 0.047111, 0.011116, 0.001928, 0.000313], [0.091285, 0.087651, 0.038553, 0.010702, 0.002176, 0.000394], [0.034188, 0.03823, 0.019787, 0.006589, 0.001496, 0.000302], [0.009211, 0.01223, 0.007434, 0.002759, 0.000732, 0.000171], [0.002617, 0.003813, 0.002648, 0.001252, 0.000388, 9.7e-05]], "Oeste / SP": [[0.257847, 0.064895, 0.008066, 0.000729, 3.8e-05, 2e-06], [0.198775, 0.13572, 0.027894, 0.003241, 0.000262, 1e-05], [0.077016, 0.085229, 0.033423, 0.0058, 0.000638, 5e-05], [0.01986, 0.030476, 0.017963, 0.005201, 0.000822, 9.7e-05], [0.003784, 0.007469, 0.00598, 0.0025, 0.000549, 9.6e-05], [0.000674, 0.001626, 0.001802, 0.001038, 0.000345, 8.3e-05]]}, "Paysandu / PA": {"Crici\u00fama / SC": [[0.201859, 0.0535, 0.006913, 0.000609, 3.6e-05, 2e-06], [0.230818, 0.100522, 0.018366, 0.002144, 0.000168, 7e-06], [0.130729, 0.079749, 0.020348, 0.003061, 0.000305, 2.6e-05], [0.049526, 0.039012, 0.013061, 0.002565, 0.00031, 3.3e-05], [0.013875, 0.013368, 0.005669, 0.001341, 0.000203, 2.9e-05], [0.003924, 0.004619, 0.002353, 0.000779, 0.000156, 1.5e-05]], "Luverdense / MT": [[0.147103, 0.087711, 0.025908, 0.004982, 0.000778, 9.8e-05], [0.181626, 0.120673, 0.039353, 0.008601, 0.00143, 0.000178], [0.112137, 0.08262, 0.029741, 0.007046, 0.001252, 0.000173], [0.046143, 0.037731, 0.014571, 0.003731, 0.000744, 0.000102], [0.014486, 0.01248, 0.005393, 0.001473, 0.000296, 5.6e-05], [0.004386, 0.004305, 0.001953, 0.000567, 0.000139, 3.4e-05]]}, "Mogi Mirim / SP": {"Paysandu / PA": [[0.085397, 0.123717, 0.089663, 0.043518, 0.015599, 0.005973], [0.079166, 0.121729, 0.093307, 0.048097, 0.018165, 0.007302], [0.036635, 0.059803, 0.048872, 0.026066, 0.010501, 0.004388], [0.011329, 0.019566, 0.016529, 0.009365, 0.003899, 0.001803], [0.002616, 0.004854, 0.004142, 0.0025, 0.001112, 0.000527], [0.000568, 0.001106, 0.001049, 0.000657, 0.00031, 0.00017]], "Santa Cruz / PE": [[0.073837, 0.099439, 0.067292, 0.030338, 0.010161, 0.003479], [0.067624, 0.115565, 0.095457, 0.05079, 0.019828, 0.007876], [0.030662, 0.064625, 0.064138, 0.039391, 0.017839, 0.008481], [0.009445, 0.023214, 0.026958, 0.01944, 0.009705, 0.005522], [0.002118, 0.00612, 0.008166, 0.006672, 0.003899, 0.002635], [0.000464, 0.001455, 0.002388, 0.002237, 0.001486, 0.001254]]}, "Vit\u00f3ria / BA": {"Cear\u00e1 / CE": [[0.098517, 0.029771, 0.004754, 0.000474, 3.5e-05, 0.0], [0.147206, 0.095824, 0.022423, 0.003142, 0.000285, 2.8e-05], [0.109205, 0.109662, 0.042238, 0.008314, 0.00103, 0.000107], [0.054276, 0.073464, 0.040048, 0.011441, 0.001853, 0.000251], [0.020303, 0.034657, 0.02479, 0.009427, 0.002197, 0.000357], [0.007954, 0.01708, 0.016317, 0.008626, 0.003068, 0.000876]], "Luverdense / MT": [[0.112117, 0.059735, 0.01559, 0.002788, 0.000368, 4.1e-05], [0.150264, 0.116036, 0.040453, 0.008892, 0.001423, 0.000208], [0.09943, 0.101373, 0.045413, 0.012398, 0.002359, 0.000357], [0.044286, 0.055653, 0.030943, 0.010155, 0.002356, 0.000437], [0.014905, 0.022136, 0.014851, 0.00594, 0.001661, 0.000376], [0.005049, 0.009252, 0.007435, 0.003643, 0.001285, 0.000392]]}, "Maca\u00e9 / RJ": {"Vit\u00f3ria / BA": [[0.093602, 0.087343, 0.041557, 0.012974, 0.003066, 0.000714], [0.085219, 0.127827, 0.08346, 0.03339, 0.009445, 0.002595], [0.038739, 0.080711, 0.071364, 0.036672, 0.012942, 0.004192], [0.011707, 0.031139, 0.035594, 0.023517, 0.01029, 0.004337], [0.002738, 0.008775, 0.012305, 0.009905, 0.005493, 0.002831], [0.000592, 0.002268, 0.003892, 0.003941, 0.002764, 0.0021]], "N\u00e1utico / PE": [[0.084383, 0.087002, 0.04449, 0.015401, 0.003964, 0.00102], [0.105753, 0.124862, 0.072163, 0.027635, 0.007967, 0.002189], [0.065947, 0.087891, 0.057569, 0.024368, 0.007686, 0.002301], [0.027615, 0.041265, 0.029475, 0.013931, 0.004651, 0.00155], [0.008522, 0.014335, 0.011186, 0.005763, 0.002177, 0.000837], [0.002699, 0.004974, 0.004496, 0.002516, 0.00098, 0.000437]], "Boa / MG": [[0.116315, 0.049193, 0.0105, 0.001491, 0.000156, 6e-06], [0.160034, 0.108744, 0.031736, 0.005742, 0.00073, 8.8e-05], [0.109363, 0.103161, 0.041003, 0.009381, 0.001549, 0.000209], [0.050722, 0.059994, 0.031034, 0.009175, 0.001734, 0.000304], [0.017631, 0.025202, 0.015973, 0.005993, 0.001444, 0.000271], [0.006188, 0.010802, 0.008559, 0.004015, 0.00124, 0.000318]]}, "Am\u00e9rica / MG": {"Paysandu / PA": [[0.144716, 0.092793, 0.029936, 0.006574, 0.001028, 0.000157], [0.164789, 0.128321, 0.048483, 0.011794, 0.002219, 0.000365], [0.093437, 0.08524, 0.037124, 0.010456, 0.002181, 0.000373], [0.035387, 0.037021, 0.018584, 0.005835, 0.001358, 0.000306], [0.010028, 0.011715, 0.006655, 0.002425, 0.000596, 0.000147], [0.002677, 0.003664, 0.002308, 0.000971, 0.000265, 7.2e-05]], "Vit\u00f3ria / BA": [[0.113187, 0.082433, 0.029591, 0.007037, 0.001285, 0.000186], [0.120109, 0.131319, 0.063466, 0.019297, 0.004167, 0.000815], [0.064068, 0.093768, 0.059349, 0.022477, 0.005847, 0.001442], [0.023247, 0.041443, 0.033183, 0.01563, 0.004972, 0.001418], [0.006093, 0.013288, 0.012777, 0.007376, 0.002984, 0.000996], [0.001593, 0.004205, 0.004942, 0.003556, 0.001639, 0.000815]], "Cear\u00e1 / CE": [[0.098699, 0.043451, 0.009364, 0.001384, 0.000154, 1.9e-05], [0.159258, 0.096104, 0.027113, 0.004798, 0.000592, 6.4e-05], [0.128052, 0.097985, 0.034533, 0.007413, 0.001103, 0.000161], [0.068918, 0.063967, 0.027088, 0.007128, 0.001276, 0.000164], [0.027726, 0.030427, 0.014968, 0.004724, 0.000987, 0.000176], [0.012011, 0.016055, 0.009455, 0.003578, 0.000904, 0.000201]]}, "N\u00e1utico / PE": {"Paran\u00e1 / PR": [[0.151723, 0.090839, 0.027117, 0.00549, 0.000775, 9.9e-05], [0.16062, 0.130392, 0.049371, 0.011924, 0.00208, 0.000309], [0.085818, 0.08758, 0.040906, 0.011953, 0.002462, 0.000454], [0.030434, 0.037428, 0.020818, 0.007354, 0.001753, 0.000363], [0.007889, 0.011679, 0.00781, 0.00315, 0.000858, 0.000215], [0.002044, 0.003557, 0.002809, 0.001348, 0.000438, 0.000141]], "CRB / AL": [[0.136658, 0.071945, 0.019222, 0.00336, 0.000475, 5.6e-05], [0.178879, 0.115767, 0.036188, 0.007261, 0.001091, 0.000156], [0.117128, 0.08902, 0.032399, 0.007626, 0.001266, 0.00018], [0.05077, 0.044605, 0.018727, 0.005046, 0.000923, 0.000142], [0.016694, 0.016585, 0.007828, 0.002406, 0.000512, 9.5e-05], [0.005684, 0.006355, 0.003418, 0.001164, 0.000306, 6.3e-05]], "Bahia / BA": [[0.093904, 0.099411, 0.053419, 0.018821, 0.00497, 0.001349], [0.120909, 0.130008, 0.070249, 0.025408, 0.006882, 0.001775], [0.076932, 0.084222, 0.046163, 0.016803, 0.004563, 0.001233], [0.032866, 0.036428, 0.020115, 0.007566, 0.001962, 0.000558], [0.010784, 0.011797, 0.006773, 0.002501, 0.000706, 0.000179], [0.003446, 0.003925, 0.002216, 0.000833, 0.000243, 8.1e-05]]}, "ABC / RN": {"Mogi Mirim / SP": [[0.036741, 0.041946, 0.023697, 0.008944, 0.002569, 0.000697], [0.077555, 0.090662, 0.05246, 0.020445, 0.005943, 0.001656], [0.082107, 0.097419, 0.05783, 0.022773, 0.006835, 0.001961], [0.05792, 0.070163, 0.042268, 0.017046, 0.005185, 0.001525], [0.030293, 0.037817, 0.023342, 0.009458, 0.002911, 0.000863], [0.019088, 0.024561, 0.015791, 0.006753, 0.002096, 0.00068]],