{"Oeste / SP": {"Figueirense / SC": [[0.051626, 0.09528, 0.087549, 0.053124, 0.024399, 0.01267], [0.058487, 0.10692, 0.098, 0.059901, 0.027624, 0.01418], [0.032841, 0.060203, 0.05541, 0.033667, 0.015717, 0.007939], [0.012339, 0.022721, 0.020575, 0.012618, 0.005718, 0.003057], [0.003505, 0.006256, 0.005733, 0.003514, 0.001622, 0.000781], [0.000932, 0.001829, 0.001605, 0.000956, 0.000465, 0.000237]], "Atl\u00e9tico / GO": [[0.123222, 0.132608, 0.070819, 0.025143, 0.006581, 0.001746], [0.126585, 0.135077, 0.072321, 0.025566, 0.006791, 0.001816], [0.064466, 0.06877, 0.036928, 0.013054, 0.003487, 0.000891], [0.021899, 0.02341, 0.012407, 0.004435, 0.001217, 0.000309], [0.005684, 0.005989, 0.003164, 0.001155, 0.000308, 8.8e-05], [0.001425, 0.001485, 0.000793, 0.000278, 5.6e-05, 2.7e-05]]}, "Boa / MG": {"Sport / PE": [[0.104254, 0.131977, 0.084375, 0.035535, 0.01133, 0.003745], [0.088676, 0.126986, 0.090475, 0.042748, 0.014807, 0.005245], [0.037121, 0.05975, 0.047085, 0.02462, 0.00925, 0.003744], [0.010421, 0.01874, 0.015957, 0.009053, 0.003817, 0.001673], [0.002224, 0.004412, 0.004116, 0.002585, 0.001145, 0.000603], [0.000422, 0.000948, 0.000994, 0.000656, 0.00036, 0.000151]]}, "Figueirense / SC": {"ASA / AL": [[0.016781, 0.022194, 0.01474, 0.006534, 0.002178, 0.00069], [0.046284, 0.060919, 0.040516, 0.017789, 0.00608, 0.002024], [0.064027, 0.084771, 0.056027, 0.024929, 0.008304, 0.002777], [0.05937, 0.077932, 0.051781, 0.022832, 0.007447, 0.002646], [0.040662, 0.054035, 0.035573, 0.015576, 0.005163, 0.001813], [0.03916, 0.052018, 0.034646, 0.015153, 0.004998, 0.001631]]}, "Joinville / SC": {"Am\u00e9rica / MG": [[0.128413, 0.100038, 0.038741, 0.010295, 0.002015, 0.000374], [0.106096, 0.140055, 0.077247, 0.02562, 0.00615, 0.001348], [0.044213, 0.081621, 0.062938, 0.027736, 0.008315, 0.002219], [0.012062, 0.029269, 0.029437, 0.017088, 0.006307, 0.002164], [0.002507, 0.00722, 0.009317, 0.006903, 0.003263, 0.001399], [0.000453, 0.001626, 0.002659, 0.002488, 0.001478, 0.000926]]}, "Icasa / CE": {"Paysandu / PA": [[0.090243, 0.078576, 0.034403, 0.010181, 0.002213, 0.000452], [0.111744, 0.123625, 0.066051, 0.022927, 0.005772, 0.00134], [0.069071, 0.093106, 0.058843, 0.023458, 0.006801, 0.001809], [0.028497, 0.045205, 0.03338, 0.015494, 0.005331, 0.001712], [0.008746, 0.016049, 0.013703, 0.007178, 0.002689, 0.001057], [0.002681, 0.005896, 0.005831, 0.00358, 0.001625, 0.000731]], "Chapecoense / SC": [[0.112711, 0.163823, 0.118083, 0.056763, 0.020646, 0.00775], [0.065639, 0.11232, 0.093527, 0.051151, 0.02069, 0.008882], [0.019366, 0.037689, 0.035767, 0.022284, 0.009893, 0.004842], [0.003658, 0.008222, 0.0087, 0.006068, 0.002994, 0.001675], [0.000527, 0.001393, 0.001618, 0.001229, 0.000688, 0.000411], [5.6e-05, 0.000217, 0.000265, 0.000214, 0.000129, 0.00011]]}, "ABC / RN": {"ASA / AL": [[0.030228, 0.047551, 0.037325, 0.019451, 0.007725, 0.003229], [0.058035, 0.091486, 0.072223, 0.037933, 0.014894, 0.006244], [0.056112, 0.088378, 0.069729, 0.036427, 0.014276, 0.006045], [0.035764, 0.056153, 0.044494, 0.023372, 0.009278, 0.003953], [0.017205, 0.027034, 0.021533, 0.011469, 0.004515, 0.001886], [0.009396, 0.01505, 0.01175, 0.006335, 0.002441, 0.001081]], "Ava\u00ed / SC": [[0.062383, 0.098776, 0.078816, 0.042127, 0.016791, 0.007082], [0.063121, 0.110661, 0.097161, 0.056213, 0.024275, 0.011331], [0.031734, 0.061327, 0.058328, 0.036737, 0.017209, 0.008977], [0.010707, 0.022572, 0.023326, 0.015571, 0.007949, 0.00451], [0.002639, 0.006172, 0.006948, 0.004927, 0.002662, 0.001668], [0.000668, 0.001598, 0.00193, 0.001541, 0.000885, 0.000678]]}, "Palmeiras / SP": {"Boa / MG": [[0.162569, 0.061149, 0.011436, 0.001363, 0.000124, 1.7e-05], [0.210495, 0.102794, 0.023792, 0.003514, 0.0004, 3.6e-05], [0.136317, 0.081778, 0.022891, 0.004078, 0.000486, 4.7e-05], [0.058842, 0.042023, 0.013996, 0.00289, 0.000403, 5.2e-05], [0.019168, 0.015813, 0.006083, 0.001449, 0.000231, 3.8e-05], [0.006129, 0.005946, 0.002688, 0.00077, 0.000167, 2.6e-05]], "Cear\u00e1 / CE": [[0.107744, 0.075509, 0.025929, 0.006128, 0.001065, 0.000189], [0.128044, 0.126505, 0.056717, 0.016162, 0.003423, 0.00059], [0.076571, 0.096681, 0.055512, 0.019392, 0.004759, 0.00106], [0.029921, 0.047284, 0.033, 0.013866, 0.004018, 0.001015], [0.008849, 0.016632, 0.013476, 0.007128, 0.002311, 0.000725], [0.002582, 0.005703, 0.005744, 0.003597, 0.001574, 0.000595]]}, "S\u00e3o Caetano / SP": {"Joinville / SC": [[0.099121, 0.124917, 0.077604, 0.032239, 0.010039, 0.003201], [0.065774, 0.121695, 0.10116, 0.052248, 0.019702, 0.007306], [0.021179, 0.052728, 0.058071, 0.037652, 0.016681, 0.007872], [0.004741, 0.014383, 0.019621, 0.015609, 0.00869, 0.004951], [0.00077, 0.002818, 0.00478, 0.004555, 0.002992, 0.002204], [0.00011, 0.000481, 0.001043, 0.001166, 0.000984, 0.000913]], "Am\u00e9rica / RN": [[0.087578, 0.101973, 0.058556, 0.022703, 0.006586, 0.001856], [0.085838, 0.125982, 0.088019, 0.039708, 0.013131, 0.004338], [0.041404, 0.073817, 0.061467, 0.03249, 0.012557, 0.004792], [0.013297, 0.028196, 0.02752, 0.016689, 0.007446, 0.003413], [0.003308, 0.007773, 0.008806, 0.006114, 0.003095, 0.001648], [0.000737, 0.002058, 0.002792, 0.002186, 0.001279, 0.000848]]}, "Guaratinguet\u00e1 / SP": {"Cear\u00e1 / CE": [[0.091697, 0.120843, 0.079798, 0.034691, 0.011308, 0.003823], [0.066906, 0.11953, 0.099694, 0.052114, 0.019982, 0.007927], [0.024461, 0.0553, 0.056717, 0.036425, 0.016384, 0.007888], [0.005965, 0.016493, 0.020218, 0.015311, 0.008139, 0.004704], [0.001078, 0.003427, 0.005029, 0.004434, 0.002906, 0.001971], [0.000191, 0.000633, 0.001085, 0.001238, 0.000909, 0.000781]], "Paran\u00e1 / PR": [[0.113499, 0.160906, 0.112036, 0.052658, 0.018384, 0.006704], [0.087578, 0.122507, 0.085827, 0.040425, 0.014135, 0.005093], [0.033732, 0.047482, 0.033076, 0.015628, 0.005327, 0.002046], [0.00861, 0.011982, 0.008545, 0.003882, 0.001427, 0.000507], [0.001715, 0.002371, 0.001622, 0.000746, 0.000274, 0.000101], [0.000301, 0.000405, 0.000261, 0.000138, 4.8e-05, 2.2e-05]]}, "Paysandu / PA": {"Red Bull Bragantino / SP": [[0.149858, 0.131995, 0.058139, 0.017123, 0.003831, 0.000795], [0.108736, 0.139194, 0.080599, 0.02897, 0.007784, 0.001827], [0.039286, 0.066678, 0.049638, 0.022807, 0.007069, 0.002148], [0.00948, 0.019765, 0.018287, 0.010333, 0.003939, 0.001357], [0.001753, 0.004357, 0.004851, 0.003244, 0.001492, 0.000713], [0.00024, 0.000868, 0.001099, 0.000928, 0.000515, 0.000302]]}, "ASA / AL": {"S\u00e3o Caetano / SP": [[0.056668, 0.081312, 0.057901, 0.027523, 0.009643, 0.00368], [0.068169, 0.111084, 0.088895, 0.046729, 0.018466, 0.007497], [0.041142, 0.074779, 0.066746, 0.038616, 0.016743, 0.007803], [0.016387, 0.033368, 0.032889, 0.020915, 0.009856, 0.004898], [0.00501, 0.011034, 0.0117, 0.008253, 0.004094, 0.00244], [0.001515, 0.003626, 0.00422, 0.003353, 0.001818, 0.001228]]}, "Am\u00e9rica / MG": {"ABC / RN": [[0.086395, 0.067707, 0.026659, 0.007021, 0.001332, 0.000251], [0.118922, 0.118005, 0.056706, 0.017171, 0.003945, 0.000812], [0.081454, 0.097904, 0.055523, 0.01989, 0.005095, 0.001286], [0.038201, 0.052672, 0.034906, 0.014395, 0.004275, 0.001221], [0.013076, 0.021246, 0.015732, 0.007449, 0.002555, 0.000758], [0.004715, 0.008658, 0.007654, 0.00411, 0.00168, 0.000619]], "Atl\u00e9tico / GO": [[0.136366, 0.089744, 0.029706, 0.00649, 0.001063, 0.00015], [0.143912, 0.13231, 0.055479, 0.015325, 0.002901, 0.000498], [0.07586, 0.090236, 0.04838, 0.015963, 0.003659, 0.000753], [0.026349, 0.038988, 0.025278, 0.010248, 0.002816, 0.000683], [0.006959, 0.012005, 0.009583, 0.004441, 0.00145, 0.00041], [0.001792, 0.00358, 0.003559, 0.001974, 0.000775, 0.000315]]},