{"Vasco da Gama / RJ": {"Cruzeiro / MG": [[0.039158, 0.059582, 0.04467, 0.022545, 0.008354, 0.003345], [0.060072, 0.098561, 0.080142, 0.043034, 0.017228, 0.007407], [0.045754, 0.081511, 0.071467, 0.041358, 0.017608, 0.008273], [0.023108, 0.044354, 0.041669, 0.025862, 0.011794, 0.005904], [0.0087, 0.018208, 0.018203, 0.011917, 0.005758, 0.003247], [0.003471, 0.00772, 0.008492, 0.006306, 0.00322, 0.001998]], "N\u00e1utico / PE": [[0.007535, 0.007093, 0.003244, 0.000968, 0.000236, 5.3e-05], [0.029953, 0.027377, 0.012708, 0.003947, 0.000844, 0.000217], [0.059101, 0.054359, 0.025284, 0.007528, 0.001756, 0.000412], [0.078456, 0.071897, 0.033329, 0.010311, 0.002394, 0.000528], [0.078033, 0.071386, 0.03297, 0.009986, 0.002237, 0.000507], [0.145265, 0.134202, 0.061588, 0.019, 0.004329, 0.000967]]}, "Fluminense / RJ": {"Atl\u00e9tico / MG": [[0.167505, 0.047448, 0.006826, 0.000647, 5.1e-05, 2e-06], [0.197818, 0.109961, 0.023299, 0.002907, 0.000277, 2.3e-05], [0.117452, 0.096972, 0.031464, 0.005431, 0.000653, 4.3e-05], [0.046206, 0.050213, 0.022583, 0.005538, 0.000797, 8.6e-05], [0.013583, 0.0185, 0.010744, 0.00345, 0.000684, 0.000101], [0.004115, 0.006773, 0.004943, 0.002166, 0.0006, 0.000139]]}, "Corinthians / SP": {"Internacional / RS": [[0.188608, 0.091074, 0.02185, 0.003555, 0.000432, 5e-05], [0.112826, 0.164988, 0.066544, 0.015095, 0.002314, 0.000308], [0.0337, 0.082837, 0.067961, 0.024245, 0.005118, 0.000914], [0.00659, 0.023199, 0.029857, 0.018309, 0.005737, 0.001366], [0.000956, 0.004518, 0.007885, 0.006973, 0.003513, 0.001216], [0.00013, 0.000725, 0.001649, 0.002237, 0.001656, 0.001065]]}, "Vit\u00f3ria / BA": {"Flamengo / RJ": [[0.142711, 0.049913, 0.008775, 0.001087, 9e-05, 4e-06], [0.152722, 0.128544, 0.036112, 0.005775, 0.000644, 6.8e-05], [0.081362, 0.109037, 0.052777, 0.012731, 0.001816, 0.000248], [0.029259, 0.053182, 0.037902, 0.013837, 0.002874, 0.000454], [0.00763, 0.017999, 0.017001, 0.008609, 0.002643, 0.000533], [0.001969, 0.006031, 0.007217, 0.005252, 0.002321, 0.000871]]}, "Gr\u00eamio / RS": {"Goi\u00e1s / GO": [[0.178858, 0.085881, 0.020756, 0.003247, 0.000414, 5.6e-05], [0.156141, 0.14135, 0.049665, 0.010534, 0.001669, 0.000191], [0.068206, 0.090417, 0.047642, 0.013732, 0.002594, 0.000411], [0.019831, 0.034185, 0.024705, 0.009684, 0.002443, 0.000453], [0.004203, 0.009423, 0.008453, 0.004317, 0.00139, 0.00038], [0.00089, 0.002275, 0.002704, 0.00181, 0.000804, 0.000286]]}, "Ponte Preta / SP": {"Gr\u00eamio / RS": [[0.139565, 0.11916, 0.051055, 0.014429, 0.003048, 0.000644], [0.102644, 0.140673, 0.082833, 0.029876, 0.007881, 0.001863], [0.037585, 0.071421, 0.057312, 0.026694, 0.008516, 0.002487], [0.009067, 0.022035, 0.022816, 0.013815, 0.005493, 0.00199], [0.001721, 0.00493, 0.006498, 0.004758, 0.002303, 0.001121], [0.000291, 0.001041, 0.001508, 0.001449, 0.000885, 0.000593]], "Portuguesa / SP": [[0.1383, 0.14012, 0.070787, 0.023879, 0.00618, 0.001446], [0.132401, 0.135034, 0.069542, 0.023601, 0.006175, 0.001452], [0.062852, 0.064916, 0.03378, 0.0118, 0.002965, 0.000732], [0.020035, 0.02094, 0.011076, 0.003932, 0.001018, 0.000235], [0.0046, 0.005095, 0.002644, 0.000961, 0.000234, 8e-05], [0.001051, 0.001226, 0.000614, 0.000206, 7.9e-05, 1.2e-05]]}, "Crici\u00fama / SC": {"Vit\u00f3ria / BA": [[0.148404, 0.16776, 0.094771, 0.03596, 0.010111, 0.002855], [0.07305, 0.124231, 0.094672, 0.044368, 0.015138, 0.005059], [0.018029, 0.041418, 0.041022, 0.02437, 0.010201, 0.004157], [0.002994, 0.008539, 0.010714, 0.008034, 0.003952, 0.001985], [0.000361, 0.001293, 0.00187, 0.00182, 0.001032, 0.000614], [3.7e-05, 0.000173, 0.000265, 0.00033, 0.000217, 0.000194]], "S\u00e3o Paulo / SP": [[0.116793, 0.090033, 0.035279, 0.008898, 0.001722, 0.000311], [0.091257, 0.13984, 0.080796, 0.027862, 0.006719, 0.001453], [0.03576, 0.081378, 0.073091, 0.034801, 0.010903, 0.003077], [0.009169, 0.028323, 0.035237, 0.023503, 0.00966, 0.003526], [0.001748, 0.006828, 0.011089, 0.00966, 0.005357, 0.002664], [0.000309, 0.001472, 0.003061, 0.003618, 0.002701, 0.002102]]}, "Cruzeiro / MG": {"Bahia / BA": [[0.043742, 0.034133, 0.013357, 0.003311, 0.000659, 0.000122], [0.094375, 0.082345, 0.035289, 0.010003, 0.002104, 0.000367], [0.100599, 0.098048, 0.045998, 0.014491, 0.003352, 0.000691], [0.072261, 0.0768, 0.03985, 0.013477, 0.003277, 0.000747], [0.03858, 0.044855, 0.025073, 0.009331, 0.002464, 0.000581], [0.024853, 0.03241, 0.020529, 0.008736, 0.002497, 0.000693]]}, "Coritiba / PR": {"Botafogo / RJ": [[0.066494, 0.07455, 0.041403, 0.015519, 0.00432, 0.001154], [0.084466, 0.116581, 0.076594, 0.03293, 0.0105, 0.00321], [0.053293, 0.08706, 0.067442, 0.033568, 0.011823, 0.00442], [0.022503, 0.042309, 0.037865, 0.021518, 0.008734, 0.00368], [0.007059, 0.015354, 0.015609, 0.009927, 0.004488, 0.002149], [0.002283, 0.005696, 0.00652, 0.004856, 0.002533, 0.00159]]}, "Santos / SP": {"Fluminense / RJ": [[0.160809, 0.049885, 0.007729, 0.000847, 6.3e-05, 7e-06], [0.197758, 0.107889, 0.023833, 0.003183, 0.000319, 2.8e-05], [0.121426, 0.094431, 0.030121, 0.005419, 0.000655, 8.2e-05], [0.049795, 0.050896, 0.021229, 0.00507, 0.00073, 0.000114], [0.015389, 0.01894, 0.010175, 0.003101, 0.000605, 7.9e-05], [0.004649, 0.007212, 0.004999, 0.00198, 0.000463, 9e-05]], "Athletico Paranaense / PR": [[0.098111, 0.064304, 0.020869, 0.004618, 0.000739, 0.00013], [0.110291, 0.125022, 0.05856, 0.016515, 0.003331, 0.000563], [0.061564, 0.10003, 0.067542, 0.025405, 0.006424, 0.001387], [0.022997, 0.049045, 0.043461, 0.021743, 0.006978, 0.001897], [0.006347, 0.016979, 0.018927, 0.011989, 0.00493, 0.001748], [0.001782, 0.005485, 0.008053, 0.006688, 0.003635, 0.001911]]}, "Botafogo / RJ": {"Crici\u00fama / SC": [[0.06925, 0.057543, 0.023938, 0.006527, 0.001369, 0.000258], [0.110371, 0.109208, 0.052233, 0.016507, 0.003764, 0.000858], [0.087466, 0.099882, 0.05496, 0.019628, 0.005111, 0.001224], [0.045987, 0.060256, 0.037687, 0.014832, 0.004319, 0.001187], [0.018573, 0.02682, 0.018985, 0.008427, 0.002726, 0.000837], [0.007869, 0.013018, 0.010398, 0.005298, 0.001968, 0.000716]]}, "Flamengo / RJ": {"Corinthians / SP": [[0.192218, 0.084824, 0.018738, 0.002789, 0.000317, 3e-05], [0.1069, 0.172695, 0.065904, 0.013695, 0.001946, 0.00025], [0.029509, 0.082887, 0.074267, 0.025274, 0.005004, 0.000761], [0.005495, 0.021707, 0.031659, 0.020727, 0.006304, 0.001404], [0.000815, 0.003878, 0.00804, 0.008122, 0.004417, 0.001477], [0.000111, 0.000618, 0.001636, 0.002318, 0.001861, 0.001403]], "Cruzeiro / MG": [[0.140277, 0.102821, 0.037143, 0.008971, 0.001664, 0.000297], [0.089776, 0.148685, 0.084792, 0.028012, 0.00644, 0.001368], [0.02847, 0.074626, 0.070897, 0.03445, 0.010526, 0.002697], [0.006116, 0.021518, 0.030091, 0.02151, 0.008944, 0.003177], [0.001004, 0.004349, 0.008022, 0.007825, 0.004475, 0.002268], [0.000148, 0.000801, 0.001784, 0.00245, 0.001989, 0.001617]]}, "S\u00e3o Paulo / SP": {"Coritiba / PR": [[0.105009, 0.064848, 0.019971, 0.004187, 0.000598, 9.7e-05], [0.100442, 0.133093, 0.062841, 0.017435, 0.003411, 0.000586], [0.048793, 0.097914, 0.075378, 0.02971, 0.007378, 0.001613], [0.015599, 0.042391, 0.046112, 0.026463, 0.009126, 0.002625], [0.003806, 0.012869, 0.018286, 0.014232, 0.006505, 0.002615], [0.000844, 0.003672, 0.006754, 0.006988, 0.004783, 0.003026]], "Botafogo / RJ": [[0.074961, 0.083744, 0.04635, 0.017207, 0.004821, 0.001298], [0.069236, 0.118581, 0.089328, 0.041893, 0.014153, 0.004587], [0.031794, 0.074202, 0.07363, 0.044157, 0.018116, 0.007197], [0.009809, 0.028216, 0.036269, 0.02704, 0.013598, 0.006882], [0.00221, 0.007883, 0.012562, 0.011284, 0.006965, 0.004466], [0.000474, 0.002099, 0.003911, 0.004466, 0.003489, 0.003122]]},