{"Red Bull Bragantino / SP": {"Paran\u00e1 / PR": [[0.086875, 0.099902, 0.057497, 0.02198, 0.00637, 0.001798], [0.113096, 0.1295, 0.073861, 0.028049, 0.00811, 0.00239], [0.072496, 0.08354, 0.04777, 0.018601, 0.005391, 0.001452], [0.031619, 0.036224, 0.020524, 0.007796, 0.002304, 0.000677], [0.010058, 0.011548, 0.006756, 0.002481, 0.000744, 0.000205], [0.003207, 0.003832, 0.002194, 0.000841, 0.00025, 6.2e-05]]}, "Ponte Preta / SP": {"Am\u00e9rica / RN": [[0.053778, 0.041011, 0.015764, 0.003961, 0.000722, 0.000116], [0.116737, 0.088502, 0.033694, 0.008638, 0.001533, 0.000298], [0.125851, 0.095126, 0.036651, 0.009202, 0.001699, 0.000277], [0.090725, 0.069011, 0.02631, 0.006675, 0.001227, 0.000213], [0.048768, 0.037266, 0.013934, 0.003504, 0.000691, 0.000119], [0.031782, 0.024247, 0.00919, 0.002274, 0.000434, 7e-05]], "Am\u00e9rica / MG": [[0.062498, 0.063512, 0.032142, 0.010756, 0.002722, 0.000638], [0.110218, 0.110974, 0.056493, 0.019055, 0.00481, 0.001176], [0.096856, 0.097811, 0.049992, 0.016738, 0.00428, 0.000995], [0.056999, 0.057872, 0.02911, 0.009758, 0.002466, 0.000598], [0.024905, 0.024989, 0.012716, 0.004251, 0.001044, 0.000278], [0.012109, 0.012248, 0.006236, 0.002141, 0.000479, 0.000135]]}, "Vasco da Gama / RJ": {"Vila Nova / GO": [[0.084411, 0.038568, 0.008739, 0.001291, 0.00014, 1.8e-05], [0.170062, 0.076652, 0.017305, 0.002693, 0.000279, 2.7e-05], [0.171704, 0.078159, 0.01759, 0.002692, 0.000299, 3.3e-05], [0.116152, 0.052695, 0.012014, 0.001792, 0.000187, 2.3e-05], [0.05856, 0.026485, 0.005939, 0.000916, 0.000101, 9e-06], [0.034571, 0.015788, 0.003507, 0.000523, 7.2e-05, 4e-06]], "Icasa / CE": [[0.168043, 0.073659, 0.015709, 0.002263, 0.000233, 2.1e-05], [0.226863, 0.098597, 0.02162, 0.003083, 0.000323, 2.3e-05], [0.152476, 0.066362, 0.014216, 0.002092, 0.000231, 2.7e-05], [0.068826, 0.029808, 0.006465, 0.000946, 9.2e-05, 8e-06], [0.023104, 0.010147, 0.002229, 0.000305, 4.2e-05, 4e-06], [0.007943, 0.003346, 0.000761, 0.000118, 1.4e-05, 1e-06]]}, "Santa Cruz / PE": {"Sampaio Corr\u00eaa / MA": [[0.090688, 0.077767, 0.032922, 0.009179, 0.001921, 0.000409], [0.140408, 0.118965, 0.050886, 0.014709, 0.003081, 0.000581], [0.108482, 0.092661, 0.039617, 0.011213, 0.00234, 0.00049], [0.056065, 0.047884, 0.020388, 0.005701, 0.001242, 0.000252], [0.021853, 0.018581, 0.007929, 0.002274, 0.000503, 8.8e-05], [0.008917, 0.007518, 0.003299, 0.00091, 0.000221, 5.6e-05]], "Ava\u00ed / SC": [[0.106688, 0.078816, 0.029835, 0.007405, 0.001392, 0.000231], [0.159612, 0.11871, 0.043831, 0.01085, 0.002035, 0.000318], [0.118254, 0.089199, 0.032943, 0.007946, 0.001563, 0.000258], [0.059375, 0.044153, 0.01624, 0.004071, 0.000784, 0.000124], [0.022469, 0.016535, 0.006097, 0.00149, 0.000263, 7e-05], [0.008817, 0.006559, 0.002379, 0.000567, 0.000109, 1.2e-05]]}, "Sampaio Corr\u00eaa / MA": {"Atl\u00e9tico / GO": [[0.053412, 0.061518, 0.035605, 0.01371, 0.003899, 0.001146], [0.095297, 0.109385, 0.063474, 0.023927, 0.00703, 0.002], [0.085013, 0.096926, 0.056323, 0.021435, 0.006092, 0.00176], [0.049257, 0.057234, 0.033102, 0.012863, 0.00356, 0.001072], [0.022261, 0.025473, 0.014744, 0.005714, 0.001678, 0.000427], [0.010835, 0.012663, 0.007306, 0.002819, 0.000818, 0.000222]]}, "Cear\u00e1 / CE": {"Portuguesa / SP": [[0.056094, 0.039694, 0.014221, 0.003367, 0.000583, 9e-05], [0.122261, 0.086949, 0.030616, 0.007172, 0.001265, 0.000205], [0.132659, 0.093502, 0.03329, 0.007836, 0.001368, 0.000246], [0.095563, 0.067953, 0.023819, 0.005593, 0.001031, 0.000187], [0.051586, 0.037017, 0.013036, 0.003119, 0.000557, 8.4e-05], [0.033942, 0.024146, 0.008484, 0.002035, 0.000373, 5.7e-05]]}, "Vila Nova / GO": {"ABC / RN": [[0.171918, 0.142147, 0.058986, 0.016566, 0.003411, 0.000653], [0.160544, 0.132824, 0.05471, 0.015071, 0.003097, 0.000578], [0.074937, 0.061428, 0.02568, 0.00713, 0.001548, 0.000293], [0.023156, 0.019316, 0.008027, 0.002216, 0.000467, 8.1e-05], [0.0055, 0.004441, 0.001874, 0.000523, 9.2e-05, 2.1e-05], [0.001185, 0.001025, 0.000413, 0.000122, 1.7e-05, 3e-06]]}, "Am\u00e9rica / RN": {"N\u00e1utico / PE": [[0.082824, 0.088822, 0.04767, 0.017149, 0.004604, 0.001185], [0.117072, 0.126118, 0.067057, 0.024281, 0.006517, 0.001662], [0.083459, 0.089661, 0.048188, 0.017097, 0.004693, 0.001185], [0.03938, 0.042062, 0.022717, 0.008063, 0.002193, 0.000614], [0.013927, 0.015003, 0.007952, 0.002908, 0.000758, 0.00019], [0.005025, 0.005625, 0.002977, 0.001003, 0.000286, 7.3e-05]]}, "Boa / MG": {"Oeste / SP": [[0.074925, 0.061302, 0.025169, 0.006725, 0.00146, 0.00028], [0.133703, 0.108467, 0.044355, 0.012145, 0.002529, 0.000475], [0.117904, 0.096115, 0.039811, 0.010745, 0.002233, 0.000404], [0.069387, 0.056799, 0.023263, 0.006347, 0.001249, 0.000247], [0.030676, 0.025173, 0.010224, 0.002938, 0.000566, 0.000109], [0.015142, 0.012388, 0.005046, 0.001371, 0.000273, 5.5e-05]], "Joinville / SC": [[0.086964, 0.11246, 0.072665, 0.031185, 0.01002, 0.003256], [0.100468, 0.128985, 0.083634, 0.035852, 0.011512, 0.003852], [0.057696, 0.074441, 0.047982, 0.020572, 0.006637, 0.002115], [0.022047, 0.02839, 0.018474, 0.007882, 0.002508, 0.000787], [0.006339, 0.008352, 0.005266, 0.002206, 0.000744, 0.000245], [0.00186, 0.002258, 0.001449, 0.000627, 0.000206, 6.4e-05]]}, "Oeste / SP": {"N\u00e1utico / PE": [[0.099151, 0.102303, 0.05343, 0.018672, 0.004744, 0.00121], [0.125585, 0.13103, 0.068319, 0.023996, 0.006101, 0.001591], [0.080314, 0.083374, 0.043516, 0.015146, 0.003943, 0.000951], [0.033934, 0.035587, 0.018361, 0.006234, 0.001598, 0.000425], [0.010721, 0.011377, 0.005908, 0.002127, 0.000548, 0.000152], [0.003376, 0.003484, 0.001925, 0.000644, 0.000173, 5e-05]], "Joinville / SC": [[0.096312, 0.136126, 0.096568, 0.045215, 0.015976, 0.005882], [0.089821, 0.125905, 0.088949, 0.041737, 0.014763, 0.005463], [0.041776, 0.05855, 0.040996, 0.019292, 0.006918, 0.002447], [0.012908, 0.018099, 0.012719, 0.00601, 0.002067, 0.000748], [0.002959, 0.004205, 0.002911, 0.001324, 0.000442, 0.000179], [0.000645, 0.000963, 0.00069, 0.000292, 0.0001, 4.3e-05]]}, "Portuguesa / SP": {"Vila Nova / GO": [[0.12374, 0.096514, 0.037572, 0.009818, 0.001932, 0.000343], [0.161526, 0.126498, 0.0492, 0.012821, 0.002536, 0.000407], [0.105937, 0.083117, 0.032275, 0.008464, 0.0016, 0.000296], [0.046212, 0.036424, 0.014148, 0.003669, 0.000704, 0.000127], [0.015132, 0.011871, 0.004567, 0.001205, 0.000228, 3.6e-05], [0.005113, 0.004, 0.001446, 0.000428, 7.6e-05, 1.8e-05]]}, "Paran\u00e1 / PR": {"Am\u00e9rica / RN": [[0.100206, 0.08042, 0.032287, 0.008576, 0.001683, 0.000295], [0.150403, 0.120224, 0.048021, 0.01304, 0.002546, 0.000528], [0.112604, 0.090061, 0.035935, 0.009722, 0.00194, 0.000357], [0.05626, 0.045308, 0.018113, 0.004759, 0.000949, 0.000173], [0.02086, 0.017163, 0.006804, 0.001794, 0.000355, 6.2e-05], [0.008458, 0.006611, 0.002614, 0.000689, 0.000158, 2.2e-05]]}, "N\u00e1utico / PE": {"Ponte Preta / SP": [[0.065456, 0.099672, 0.075538, 0.038694, 0.014584, 0.006021], [0.079026, 0.120152, 0.091011, 0.04618, 0.017688, 0.006938], [0.047583, 0.072286, 0.054919, 0.028136, 0.010613, 0.004335], [0.018999, 0.028713, 0.022101, 0.011274, 0.004293, 0.001655], [0.005785, 0.008779, 0.00668, 0.003348, 0.001277, 0.000492], [0.00169, 0.0026, 0.001937, 0.00101, 0.000387, 0.000148]]}, "Luverdense / MT": {"Cear\u00e1 / CE": [[0.05958, 0.085406, 0.06245, 0.030179, 0.010787, 0.004112], [0.081493, 0.118228, 0.08569, 0.041055, 0.014981, 0.005536], [0.056088, 0.081549, 0.059049, 0.028369, 0.010182, 0.003929], [0.025916, 0.037404, 0.027131, 0.012884, 0.004753, 0.001775], [0.00897, 0.012872, 0.009407, 0.004547, 0.001571, 0.000583], [0.003149, 0.004659, 0.003281, 0.001611, 0.000582, 0.000242]],