{"Vasco da Gama / RJ": {"Cruzeiro / MG": [[0.025856, 0.068146, 0.090033, 0.079139, 0.052285, 0.046575], [0.021885, 0.062165, 0.087377, 0.082309, 0.057511, 0.055764], [0.009454, 0.028285, 0.042655, 0.042497, 0.031341, 0.033234], [0.002663, 0.008571, 0.013706, 0.014435, 0.011309, 0.012888], [0.000562, 0.001934, 0.003138, 0.003541, 0.003023, 0.003785], [0.000102, 0.000461, 0.000782, 0.000824, 0.000779, 0.000986]], "N\u00e1utico / PE": [[0.051888, 0.038807, 0.014585, 0.003733, 0.000702, 0.000104], [0.106671, 0.087888, 0.036067, 0.0099, 0.002015, 0.000351], [0.108626, 0.09858, 0.044724, 0.013003, 0.002858, 0.000631], [0.073664, 0.073027, 0.035621, 0.011387, 0.002646, 0.000623], [0.037559, 0.040365, 0.02117, 0.007215, 0.001784, 0.000447], [0.022779, 0.026831, 0.015643, 0.005979, 0.00169, 0.000437]]}, "Fluminense / RJ": {"S\u00e3o Paulo / SP": [[0.200347, 0.150198, 0.056412, 0.01408, 0.002623, 0.000443], [0.117269, 0.142878, 0.074124, 0.02345, 0.005458, 0.001071], [0.034277, 0.057881, 0.041001, 0.016871, 0.004759, 0.001159], [0.006706, 0.014285, 0.01312, 0.006977, 0.0025, 0.000766], [0.000964, 0.002483, 0.002987, 0.001876, 0.000795, 0.000342], [0.000125, 0.000349, 0.000578, 0.00046, 0.000264, 0.000122]], "N\u00e1utico / PE": [[0.140372, 0.064439, 0.014905, 0.00225, 0.000261, 2.9e-05], [0.172853, 0.117997, 0.035719, 0.006816, 0.000916, 0.000129], [0.10662, 0.095752, 0.037655, 0.009261, 0.00145, 0.000198], [0.043643, 0.049252, 0.024353, 0.00733, 0.00147, 0.000243], [0.013547, 0.018122, 0.010781, 0.003836, 0.000939, 0.000194], [0.00417, 0.00668, 0.004762, 0.002194, 0.000669, 0.000193]], "Atl\u00e9tico / MG": [[0.183036, 0.16267, 0.071882, 0.021296, 0.004645, 0.000946], [0.099022, 0.137031, 0.082725, 0.031104, 0.008404, 0.002026], [0.026394, 0.0508, 0.041064, 0.019623, 0.006492, 0.001876], [0.004873, 0.01157, 0.011816, 0.007199, 0.002881, 0.001121], [0.000629, 0.001839, 0.002399, 0.001825, 0.000929, 0.000387], [9.2e-05, 0.000251, 0.000411, 0.000368, 0.000224, 0.00015]]}, "Corinthians / SP": {"Vasco da Gama / RJ": [[0.182087, 0.103153, 0.029061, 0.005389, 0.000847, 0.000118], [0.177503, 0.130351, 0.045024, 0.010162, 0.001632, 0.000249], [0.086296, 0.077733, 0.032572, 0.008633, 0.001628, 0.000244], [0.02805, 0.030257, 0.01485, 0.004484, 0.000974, 0.000213], [0.006812, 0.008513, 0.004744, 0.001728, 0.000462, 0.0001], [0.001585, 0.002206, 0.001462, 0.000634, 0.000207, 3.7e-05]], "Internacional / RS": [[0.224099, 0.091091, 0.018729, 0.002399, 0.000274, 1.8e-05], [0.117724, 0.174478, 0.061282, 0.011591, 0.001653, 0.000169], [0.03058, 0.078627, 0.065135, 0.020497, 0.003772, 0.000531], [0.005491, 0.019443, 0.026182, 0.015911, 0.004392, 0.000904], [0.000707, 0.003456, 0.006219, 0.005769, 0.002765, 0.000865], [7.3e-05, 0.000472, 0.001155, 0.001591, 0.001168, 0.000788]]}, "Vit\u00f3ria / BA": {"Cruzeiro / MG": [[0.057311, 0.10217, 0.091712, 0.054984, 0.0247, 0.012311], [0.044825, 0.095776, 0.101799, 0.069273, 0.034692, 0.020195], [0.017793, 0.044325, 0.053459, 0.04133, 0.023617, 0.015815], [0.004617, 0.013273, 0.018358, 0.015965, 0.010201, 0.007786], [0.000877, 0.00296, 0.004679, 0.004387, 0.003141, 0.00281], [0.000166, 0.000621, 0.001071, 0.001109, 0.000919, 0.000973]], "Santos / SP": [[0.096861, 0.103358, 0.055273, 0.019881, 0.005338, 0.001372], [0.095446, 0.129305, 0.084176, 0.035371, 0.010848, 0.00327], [0.046073, 0.076229, 0.059575, 0.029126, 0.010139, 0.00352], [0.015177, 0.029538, 0.026779, 0.015019, 0.00596, 0.002508], [0.003668, 0.008439, 0.008749, 0.005538, 0.002553, 0.001243], [0.000893, 0.002296, 0.002679, 0.002107, 0.001075, 0.000618]], "Flamengo / RJ": [[0.123235, 0.106034, 0.045623, 0.013307, 0.002775, 0.000592], [0.117077, 0.135674, 0.073314, 0.025143, 0.006353, 0.001513], [0.055384, 0.080966, 0.053908, 0.022444, 0.006643, 0.001886], [0.017792, 0.031068, 0.024763, 0.012221, 0.004158, 0.001343], [0.004363, 0.008478, 0.008175, 0.004612, 0.001847, 0.000745], [0.000947, 0.002279, 0.002439, 0.001656, 0.000832, 0.000411]]}, "Gr\u00eamio / RS": {"Vasco da Gama / RJ": [[0.079141, 0.077638, 0.038129, 0.012512, 0.00296, 0.000725], [0.109935, 0.121155, 0.065442, 0.02349, 0.006299, 0.001521], [0.07675, 0.093107, 0.055798, 0.021963, 0.006243, 0.00179], [0.035651, 0.047434, 0.030874, 0.013107, 0.004088, 0.001317], [0.012383, 0.017959, 0.012731, 0.005908, 0.001948, 0.00063], [0.004539, 0.007121, 0.00544, 0.002797, 0.001053, 0.000422]], "Flamengo / RJ": [[0.165007, 0.137447, 0.058022, 0.015978, 0.003381, 0.000643], [0.159699, 0.133581, 0.055394, 0.015439, 0.003276, 0.000642], [0.077204, 0.064097, 0.02675, 0.007395, 0.001558, 0.00029], [0.024783, 0.020778, 0.008691, 0.002368, 0.000496, 8.8e-05], [0.005995, 0.005043, 0.00204, 0.000536, 0.000132, 2.6e-05], [0.001441, 0.001173, 0.000433, 0.000132, 3.6e-05, 6e-06]], "Goi\u00e1s / GO": [[0.153205, 0.14291, 0.066795, 0.020912, 0.004815, 0.00111], [0.13331, 0.135234, 0.068311, 0.022649, 0.00572, 0.001306], [0.058475, 0.063504, 0.034804, 0.012474, 0.003332, 0.000814], [0.017017, 0.020019, 0.011607, 0.004339, 0.001245, 0.000327], [0.003762, 0.004687, 0.002904, 0.001157, 0.000342, 0.000115], [0.000755, 0.000959, 0.000654, 0.0003, 9.3e-05, 3.8e-05]]}, "Ponte Preta / SP": {"Gr\u00eamio / RS": [[0.12371, 0.163316, 0.10786, 0.047593, 0.015894, 0.00536], [0.094146, 0.126187, 0.083394, 0.036617, 0.012295, 0.004086], [0.036372, 0.047938, 0.03208, 0.014069, 0.004696, 0.001557], [0.009203, 0.012286, 0.008148, 0.003631, 0.001218, 0.000397], [0.001814, 0.002411, 0.001541, 0.000682, 0.000241, 7.5e-05], [0.000304, 0.000424, 0.000272, 0.000126, 4.9e-05, 8e-06]], "Portuguesa / SP": [[0.061918, 0.104726, 0.088303, 0.05006, 0.021244, 0.009736], [0.067415, 0.11356, 0.096855, 0.054269, 0.023166, 0.010612], [0.036551, 0.062087, 0.052807, 0.030041, 0.012659, 0.00584], [0.01341, 0.022599, 0.019453, 0.010802, 0.004628, 0.002097], [0.003658, 0.006252, 0.005268, 0.002902, 0.001272, 0.000598], [0.000929, 0.001585, 0.001385, 0.000799, 0.000352, 0.000162]]}, "Crici\u00fama / SC": {"Vit\u00f3ria / BA": [[0.043143, 0.073191, 0.062586, 0.034551, 0.014775, 0.006855], [0.050444, 0.097783, 0.092906, 0.057927, 0.026968, 0.014234], [0.02948, 0.064151, 0.067805, 0.04726, 0.023894, 0.013843], [0.0114, 0.0276, 0.032374, 0.024773, 0.013832, 0.008892], [0.003464, 0.008788, 0.011459, 0.009468, 0.005798, 0.004142], [0.000979, 0.002757, 0.004105, 0.003701, 0.002555, 0.002117]], "S\u00e3o Paulo / SP": [[0.072563, 0.109288, 0.08205, 0.041218, 0.015621, 0.006177], [0.080749, 0.12227, 0.092002, 0.046328, 0.017464, 0.006799], [0.045335, 0.068093, 0.051348, 0.025821, 0.009602, 0.003846], [0.016798, 0.025759, 0.019136, 0.009587, 0.003627, 0.001443], [0.004826, 0.00715, 0.005252, 0.002665, 0.001, 0.000391], [0.001275, 0.001971, 0.001444, 0.000726, 0.000267, 0.000109]], "Athletico Paranaense / PR": [[0.049174, 0.087154, 0.076592, 0.045144, 0.019956, 0.009804], [0.039564, 0.092045, 0.10055, 0.069589, 0.035713, 0.020941], [0.015789, 0.045531, 0.06066, 0.050508, 0.029873, 0.020929], [0.004265, 0.014658, 0.023089, 0.02232, 0.015269, 0.013065], [0.000902, 0.003403, 0.006177, 0.007064, 0.005567, 0.005735], [0.000192, 0.000711, 0.001593, 0.002042, 0.001867, 0.002565]]}, "Cruzeiro / MG": {"Ponte Preta / SP": [[0.041668, 0.027774, 0.009307, 0.002001, 0.000346, 5.6e-05], [0.104307, 0.069962, 0.023188, 0.005153, 0.000917, 0.000152], [0.130717, 0.087671, 0.028993, 0.006562, 0.001039, 0.000162], [0.109789, 0.073666, 0.024446, 0.005458, 0.000904, 0.000152], [0.068944, 0.046228, 0.015444, 0.003481, 0.000582, 7.4e-05], [0.056767, 0.038236, 0.012416, 0.0029, 0.000466, 7.2e-05]], "Bahia / BA": [[0.057235, 0.040802, 0.014595, 0.003588, 0.000575, 0.000104], [0.12237, 0.08738, 0.031128, 0.007407, 0.001364, 0.000226], [0.13181, 0.094066, 0.033695, 0.008032, 0.001409, 0.00021], [0.094643, 0.067714, 0.023972, 0.005697, 0.000968, 0.00016], [0.050854, 0.036248, 0.012827, 0.003102, 0.000551, 9.4e-05], [0.032861, 0.023447, 0.008466, 0.001966, 0.000373, 6.1e-05]]},