{"Guarani / SP": {"Oper\u00e1rio / PR": [[0.207658, 0.103032, 0.025845, 0.004354, 0.000571, 5.9e-05], [0.22176, 0.111147, 0.027914, 0.004773, 0.000595, 6.7e-05], [0.11987, 0.060141, 0.014841, 0.002491, 0.000291, 3.4e-05], [0.042908, 0.021266, 0.005372, 0.000905, 0.000112, 1.5e-05], [0.011554, 0.005812, 0.001397, 0.000216, 2.4e-05, 2e-06], [0.003042, 0.001507, 0.000365, 5.3e-05, 7e-06, 0.0]], "Am\u00e9rica / MG": [[0.238903, 0.203016, 0.086985, 0.024412, 0.005306, 0.001016], [0.138627, 0.117636, 0.050644, 0.014369, 0.003006, 0.000645], [0.040219, 0.03429, 0.014563, 0.004093, 0.000914, 0.000192], [0.007605, 0.006731, 0.002822, 0.000761, 0.000175, 3.3e-05], [0.001129, 0.000972, 0.000417, 0.000136, 2.5e-05, 6e-06], [0.000138, 0.000131, 6.8e-05, 1.2e-05, 3e-06, 0.0]]}, "Botafogo / SP": {"Cuiab\u00e1 / MT": [[0.164779, 0.148134, 0.066093, 0.019824, 0.004481, 0.000925], [0.149597, 0.134218, 0.059369, 0.017893, 0.004019, 0.000852], [0.068015, 0.060468, 0.026986, 0.008065, 0.001883, 0.000395], [0.020623, 0.018291, 0.008192, 0.002486, 0.000553, 0.000122], [0.004692, 0.004077, 0.001871, 0.000522, 0.00013, 1.7e-05], [0.000993, 0.000865, 0.000417, 0.000123, 2.4e-05, 6e-06]]}, "S\u00e3o Bento / SP": {"Brasil / RS": [[0.088258, 0.10557, 0.063955, 0.025443, 0.007629, 0.002323], [0.107622, 0.130159, 0.077778, 0.031553, 0.009511, 0.002795], [0.066017, 0.07942, 0.047901, 0.01928, 0.005788, 0.00174], [0.027257, 0.032904, 0.019665, 0.007755, 0.002476, 0.000698], [0.008462, 0.009969, 0.006005, 0.002546, 0.000748, 0.000225], [0.002589, 0.003076, 0.001873, 0.000726, 0.000224, 6e-05]], "Londrina / PR": [[0.075436, 0.086871, 0.050307, 0.019481, 0.005611, 0.001607], [0.108539, 0.124516, 0.071715, 0.027612, 0.007953, 0.0022], [0.077345, 0.088986, 0.051307, 0.019699, 0.005668, 0.001669], [0.036834, 0.042464, 0.02435, 0.009546, 0.002644, 0.000799], [0.013138, 0.01495, 0.008761, 0.003281, 0.001014, 0.000236], [0.004789, 0.005616, 0.003304, 0.001233, 0.000385, 0.000134]]}, "Vila Nova / GO": {"Oeste / SP": [[0.11901, 0.16148, 0.110114, 0.049837, 0.016682, 0.005916], [0.092308, 0.124179, 0.084449, 0.0382, 0.013105, 0.004493], [0.035495, 0.048022, 0.032669, 0.014679, 0.004842, 0.001705], [0.009026, 0.012067, 0.008326, 0.003805, 0.00129, 0.000417], [0.00174, 0.002273, 0.001601, 0.000748, 0.000263, 8.9e-05], [0.000269, 0.000416, 0.000265, 0.000158, 4.8e-05, 1.4e-05]]}, "Coritiba / PR": {"Red Bull Bragantino / SP": [[0.120949, 0.136156, 0.077654, 0.029385, 0.008425, 0.002335], [0.118023, 0.134492, 0.076173, 0.028727, 0.008032, 0.002234], [0.058182, 0.066181, 0.036964, 0.013965, 0.004025, 0.001086], [0.01889, 0.021559, 0.012285, 0.004646, 0.001298, 0.000352], [0.004687, 0.005399, 0.002971, 0.00114, 0.000362, 8.2e-05], [0.001047, 0.001229, 0.000723, 0.000252, 7.2e-05, 1.8e-05]], "Oeste / SP": [[0.056579, 0.058759, 0.029849, 0.010188, 0.00263, 0.000709], [0.104371, 0.106707, 0.055225, 0.019079, 0.004969, 0.001243], [0.095693, 0.098538, 0.051016, 0.017461, 0.004471, 0.001107], [0.058723, 0.061538, 0.031524, 0.010639, 0.002777, 0.00064], [0.027108, 0.028018, 0.014266, 0.005016, 0.001309, 0.000299], [0.014135, 0.014507, 0.007568, 0.002557, 0.000648, 0.000134]]}, "Oper\u00e1rio / PR": {"Vit\u00f3ria / BA": [[0.093885, 0.078342, 0.032312, 0.008735, 0.001847, 0.000359], [0.144913, 0.119866, 0.049342, 0.013569, 0.002847, 0.000514], [0.11105, 0.091471, 0.038031, 0.010414, 0.002224, 0.000432], [0.056523, 0.046974, 0.019407, 0.005309, 0.001081, 0.000204], [0.02183, 0.017978, 0.007533, 0.002119, 0.000438, 7.2e-05], [0.008972, 0.007341, 0.002993, 0.000852, 0.000186, 3.5e-05]]}, "Crici\u00fama / SC": {"Paran\u00e1 / PR": [[0.135228, 0.119351, 0.052508, 0.015265, 0.003418, 0.000685], [0.150816, 0.133655, 0.059037, 0.01739, 0.003781, 0.000782], [0.085025, 0.074533, 0.032603, 0.00971, 0.00215, 0.000441], [0.031819, 0.027819, 0.012298, 0.003551, 0.000812, 0.000144], [0.008788, 0.007803, 0.003466, 0.001087, 0.000224, 3.9e-05], [0.002396, 0.002142, 0.000895, 0.000264, 6.4e-05, 1.1e-05]]}, "Brasil / RS": {"Atl\u00e9tico / GO": [[0.268546, 0.224226, 0.093492, 0.025539, 0.005499, 0.00105], [0.129195, 0.10775, 0.044513, 0.012322, 0.002607, 0.000502], [0.030922, 0.02609, 0.010897, 0.003017, 0.000651, 0.000119], [0.005079, 0.004127, 0.001736, 0.000486, 0.000128, 2.3e-05], [0.000602, 0.000484, 0.000207, 4.5e-05, 8e-06, 0.0], [6e-05, 4.6e-05, 2.4e-05, 6e-06, 2e-06, 0.0]]}, "Sport / PE": {"Vila Nova / GO": [[0.121845, 0.076904, 0.024345, 0.005172, 0.000817, 0.000102], [0.178968, 0.112924, 0.035779, 0.007599, 0.001172, 0.000159], [0.132708, 0.083505, 0.026436, 0.005493, 0.000892, 0.000121], [0.065499, 0.041279, 0.013132, 0.002639, 0.000438, 6.8e-05], [0.023845, 0.015024, 0.004814, 0.000974, 0.000173, 2e-05], [0.009006, 0.005862, 0.001804, 0.000419, 5.6e-05, 7e-06]], "Ponte Preta / SP": [[0.145808, 0.085921, 0.024754, 0.004887, 0.000677, 8.1e-05], [0.195821, 0.113933, 0.033312, 0.006628, 0.000909, 0.000138], [0.13105, 0.076314, 0.022498, 0.00439, 0.000619, 8.2e-05], [0.058652, 0.034238, 0.010002, 0.001997, 0.000263, 2.1e-05], [0.019596, 0.011406, 0.003236, 0.000645, 0.0001, 1.1e-05], [0.006699, 0.003971, 0.001113, 0.000201, 2.3e-05, 4e-06]]}, "CRB / AL": {"Ponte Preta / SP": [[0.141263, 0.138251, 0.06788, 0.022235, 0.005356, 0.001229], [0.138116, 0.135191, 0.066119, 0.021589, 0.005261, 0.001224], [0.067799, 0.066124, 0.032267, 0.010428, 0.002619, 0.000617], [0.022057, 0.021647, 0.010607, 0.003475, 0.000874, 0.000204], [0.00535, 0.00518, 0.00251, 0.000847, 0.000234, 5.1e-05], [0.001286, 0.00125, 0.000594, 0.000206, 4.8e-05, 1.2e-05]], "Figueirense / SC": [[0.171888, 0.176371, 0.090333, 0.030624, 0.007824, 0.001881], [0.126379, 0.12991, 0.066508, 0.022786, 0.005848, 0.001364], [0.046447, 0.047914, 0.024683, 0.008274, 0.002021, 0.000516], [0.011457, 0.01156, 0.005935, 0.001968, 0.000529, 0.000134], [0.002184, 0.002125, 0.001056, 0.000359, 7.9e-05, 2.6e-05], [0.000359, 0.000381, 0.000199, 6.4e-05, 1.2e-05, 2e-06]]}, "Ponte Preta / SP": {"Brasil / RS": [[0.086967, 0.083261, 0.039525, 0.012703, 0.003117, 0.000675], [0.129359, 0.12346, 0.058759, 0.018986, 0.004501, 0.000996], [0.096451, 0.091123, 0.043723, 0.014138, 0.003411, 0.000784], [0.047654, 0.04559, 0.021704, 0.007056, 0.001667, 0.000396], [0.017809, 0.016897, 0.008138, 0.002516, 0.000606, 0.000133], [0.006888, 0.00668, 0.003048, 0.001013, 0.000211, 5.5e-05]]}, "Red Bull Bragantino / SP": {"Crici\u00fama / SC": [[0.071334, 0.023371, 0.003786, 0.000418, 4.6e-05, 1e-06], [0.165304, 0.053839, 0.00878, 0.000957, 8.3e-05, 3e-06], [0.190981, 0.062201, 0.010213, 0.001082, 9.8e-05, 6e-06], [0.146805, 0.047994, 0.00793, 0.000824, 6.9e-05, 2e-06], [0.085509, 0.027774, 0.004586, 0.000472, 3.8e-05, 1e-06], [0.061415, 0.020377, 0.003326, 0.00034, 3.3e-05, 2e-06]], "CRB / AL": [[0.040223, 0.036562, 0.016564, 0.005078, 0.001032, 0.00025], [0.09268, 0.083863, 0.03802, 0.0115, 0.002484, 0.000548], [0.107299, 0.096792, 0.043837, 0.013122, 0.002996, 0.000644], [0.083053, 0.074125, 0.034005, 0.010294, 0.0023, 0.000489], [0.047846, 0.042671, 0.019295, 0.005845, 0.001305, 0.000282], [0.0345, 0.030839, 0.014153, 0.004316, 0.000979, 0.000209]]}, "Oeste / SP": {"Crici\u00fama / SC": [[0.19248, 0.094376, 0.02303, 0.003769, 0.000434, 5.3e-05], [0.222305, 0.108874, 0.026758, 0.004441, 0.000475, 6.7e-05], [0.128943, 0.063764, 0.015522, 0.002486, 0.000316, 3.2e-05], [0.050087, 0.024272, 0.005925, 0.000966, 0.000127, 1.1e-05], [0.014462, 0.00727, 0.001719, 0.000294, 4.1e-05, 4e-06], [0.004106, 0.001998, 0.000505, 7.5e-05, 1.2e-05, 1e-06]]}, "Atl\u00e9tico / GO": {"Sport / PE": [[0.127515, 0.122511, 0.058713, 0.018293, 0.004544, 0.00104], [0.1406, 0.134564, 0.064568, 0.020477, 0.00488, 0.001137], [0.077306, 0.073811, 0.035763, 0.011255, 0.002742, 0.000566], [0.028422, 0.026858, 0.013045, 0.004235, 0.000951, 0.000199], [0.007865, 0.007566, 0.003613, 0.001163, 0.000276, 7.4e-05], [0.002028, 0.00199, 0.001029, 0.000295, 8.8e-05, 1.8e-05]],