{"Botafogo / RJ": {"Atl\u00e9tico / MG": [[0.11282, 0.136199, 0.082936, 0.03387, 0.010077, 0.003125], [0.098424, 0.130162, 0.085843, 0.037562, 0.012221, 0.003934], [0.0428, 0.0615, 0.043471, 0.020498, 0.007246, 0.002478], [0.012574, 0.019323, 0.01472, 0.007388, 0.00269, 0.000986], [0.00281, 0.004466, 0.003603, 0.001927, 0.000775, 0.000322], [0.000582, 0.000995, 0.000869, 0.000494, 0.000209, 0.000101]]}, "Sport / PE": {"S\u00e3o Paulo / SP": [[0.07901, 0.104335, 0.068421, 0.029818, 0.009848, 0.003241], [0.077522, 0.121354, 0.091911, 0.045947, 0.017025, 0.006499], [0.038027, 0.068132, 0.059408, 0.033894, 0.014102, 0.006074], [0.012434, 0.02532, 0.025039, 0.015978, 0.007247, 0.003531], [0.003049, 0.006994, 0.007688, 0.005406, 0.002853, 0.001594], [0.000667, 0.001816, 0.002265, 0.00184, 0.001051, 0.00066]]}, "Corinthians / SP": {"Crici\u00fama / SC": [[0.120826, 0.032836, 0.004485, 0.000447, 2.3e-05, 2e-06], [0.219608, 0.06228, 0.008684, 0.000815, 4.5e-05, 2e-06], [0.199346, 0.060253, 0.008865, 0.000884, 5.8e-05, 5e-06], [0.119014, 0.038938, 0.006319, 0.000645, 5.8e-05, 5e-06], [0.053429, 0.019087, 0.003294, 0.000398, 3.2e-05, 4e-06], [0.026054, 0.01075, 0.002207, 0.000276, 2.6e-05, 0.0]]}, "Palmeiras / SP": {"Athletico Paranaense / PR": [[0.081625, 0.107739, 0.071895, 0.031766, 0.010608, 0.00368], [0.095578, 0.128162, 0.085095, 0.037529, 0.012531, 0.004237], [0.056577, 0.075338, 0.04977, 0.022237, 0.00729, 0.002466], [0.022136, 0.029324, 0.019503, 0.008961, 0.003025, 0.000984], [0.006577, 0.008673, 0.005702, 0.002569, 0.00088, 0.000292], [0.001905, 0.002569, 0.001751, 0.000704, 0.000229, 9.3e-05]]}, "Coritiba / PR": {"Bahia / BA": [[0.15958, 0.077741, 0.018782, 0.003051, 0.000365, 4e-05], [0.210189, 0.107797, 0.027837, 0.004622, 0.000627, 6.7e-05], [0.136903, 0.074331, 0.02033, 0.003621, 0.000496, 6.1e-05], [0.059336, 0.034253, 0.009849, 0.001857, 0.000257, 4.1e-05], [0.019217, 0.011982, 0.003651, 0.000724, 0.000106, 1.2e-05], [0.006302, 0.004284, 0.001312, 0.000315, 6e-05, 2e-06]]}, "Cruzeiro / MG": {"Fluminense / RJ": [[0.040598, 0.047065, 0.026831, 0.010288, 0.002916, 0.000802], [0.078326, 0.095491, 0.057466, 0.022947, 0.006921, 0.001932], [0.075638, 0.096346, 0.06134, 0.025743, 0.008074, 0.002549], [0.048539, 0.065667, 0.043569, 0.019395, 0.00635, 0.002145], [0.023234, 0.032943, 0.023264, 0.010758, 0.00384, 0.001299], [0.012928, 0.019244, 0.014597, 0.007232, 0.002694, 0.001029]]}, "Vit\u00f3ria / BA": {"Santos / SP": [[0.116403, 0.119657, 0.060923, 0.020902, 0.005314, 0.001378], [0.118382, 0.133702, 0.075503, 0.028067, 0.007896, 0.002017], [0.059928, 0.074199, 0.045391, 0.018431, 0.005387, 0.001602], [0.020273, 0.027661, 0.018053, 0.007995, 0.002553, 0.00082], [0.0051, 0.007484, 0.00534, 0.00252, 0.000851, 0.000331], [0.001199, 0.001976, 0.001522, 0.000834, 0.0003, 0.000106]]}, "Gr\u00eamio / RS": {"Flamengo / RJ": [[0.183417, 0.076496, 0.01619, 0.00222, 0.000244, 3e-05], [0.226964, 0.103219, 0.023248, 0.003469, 0.000381, 2.5e-05], [0.139029, 0.068535, 0.016904, 0.002632, 0.000319, 3.5e-05], [0.056249, 0.030361, 0.007663, 0.001339, 0.000163, 1.4e-05], [0.017227, 0.010055, 0.002918, 0.000585, 9e-05, 6e-06], [0.005251, 0.003394, 0.001042, 0.000231, 4.8e-05, 7e-06]]}, "Figueirense / SC": {"Internacional / RS": [[0.091257, 0.102824, 0.05824, 0.022159, 0.006151, 0.001621], [0.113239, 0.129914, 0.075235, 0.028645, 0.008296, 0.002408], [0.069439, 0.082136, 0.048174, 0.018715, 0.005481, 0.001544], [0.029076, 0.034556, 0.020218, 0.00818, 0.00246, 0.000702], [0.008719, 0.010867, 0.006602, 0.002625, 0.000835, 0.000239], [0.002766, 0.00339, 0.002093, 0.000821, 0.000298, 7.5e-05]]}, "Goi\u00e1s / GO": {"Chapecoense / SC": [[0.205774, 0.111184, 0.030297, 0.005381, 0.000722, 9.7e-05], [0.201621, 0.121567, 0.035793, 0.007119, 0.001029, 0.000132], [0.099546, 0.065574, 0.020999, 0.004567, 0.000776, 0.000112], [0.032637, 0.023245, 0.008101, 0.001881, 0.000341, 3.6e-05], [0.00791, 0.006178, 0.002383, 0.000591, 0.000116, 1.8e-05], [0.001837, 0.00155, 0.000678, 0.000171, 3.3e-05, 4e-06]]}}