Club,Position,Probability,Cumulative
ASA / AL,20,1.0,1.0
São Caetano / SP,19,0.859317,0.859317
Paysandu / PA,19,0.140683,0.140683
São Caetano / SP,18,0.140683,1.0
Paysandu / PA,18,0.833086,0.973769
Guaratinguetá / SP,18,0.017613,0.017613
Atlético / GO,18,0.008618,0.008618
Paysandu / PA,17,0.026231,1.0
Guaratinguetá / SP,17,0.480439,0.498052
Atlético / GO,17,0.49333,0.501948
Atlético / GO,16,0.498052,1.0
Guaratinguetá / SP,16,0.501948,1.0
América / RN,15,0.073881,0.073881
ABC / RN,15,0.41971,0.41971
Oeste / SP,15,0.506409,0.506409
ABC / RN,14,0.534495,0.9542050000000001
Red Bull Bragantino / SP,14,0.0313,0.0313
Oeste / SP,14,0.184234,0.690643
América / RN,14,0.249971,0.32385200000000003
ABC / RN,13,0.026549,0.9807540000000001
América / RN,13,0.309693,0.633545
Red Bull Bragantino / SP,13,0.547575,0.578875
Oeste / SP,13,0.116183,0.806826
Red Bull Bragantino / SP,12,0.421125,1.0
Oeste / SP,12,0.193174,1.0
ABC / RN,12,0.019246,1.0
América / RN,12,0.366455,1.0
Boa / MG,11,1.0,1.0
Paraná / PR,10,0.176955,0.176955
Avaí / SC,10,0.809287,0.809287
América / MG,10,0.013749,0.013749
Joinville / SC,10,9e-06,9e-06
Paraná / PR,9,0.302285,0.47924
Joinville / SC,9,0.433996,0.434005
Avaí / SC,9,0.180948,0.990235
América / MG,9,0.082771,0.09652
Joinville / SC,8,0.367515,0.80152
América / MG,8,0.219214,0.31573399999999996
Avaí / SC,8,0.009765,1.0
Paraná / PR,8,0.403506,0.882746
Joinville / SC,7,0.045699,0.8472189999999999
Ceará / CE,7,0.152781,0.152781
América / MG,7,0.684266,1.0
Paraná / PR,7,0.117254,1.0
Icasa / CE,6,0.588404,0.588404
Ceará / CE,6,0.117463,0.270244
Figueirense / SC,6,0.141352,0.141352
Joinville / SC,6,0.152781,1.0
Figueirense / SC,5,0.348926,0.490278
Icasa / CE,5,0.276209,0.8646130000000001
Ceará / CE,5,0.374865,0.6451089999999999
Ceará / CE,4,0.354891,1.0
Icasa / CE,4,0.135387,1.0
Figueirense / SC,4,0.509722,1.0
Sport / PE,3,1.0,1.0
Chapecoense / SC,2,1.0,1.0
Palmeiras / SP,1,1.0,1.0
