Club,Position,Probability,Cumulative
Criciúma / SC,20,0.242346,0.242346
São Bento / SP,20,0.161643,0.161643
Londrina / PR,20,0.03956,0.03956
Vila Nova / GO,20,0.556451,0.556451
Londrina / PR,19,0.144205,0.183765
São Bento / SP,19,0.335565,0.497208
Vila Nova / GO,19,0.164586,0.721037
Criciúma / SC,19,0.355644,0.59799
Vila Nova / GO,18,0.181172,0.902209
São Bento / SP,18,0.32934,0.8265480000000001
Criciúma / SC,18,0.243739,0.8417290000000001
Londrina / PR,18,0.245749,0.42951399999999995
Vila Nova / GO,17,0.097791,1.0
São Bento / SP,17,0.173452,1.0
Criciúma / SC,17,0.158271,1.0
Londrina / PR,17,0.570486,1.0
Figueirense / SC,16,0.634056,0.634056
Oeste / SP,16,0.365944,0.365944
Oeste / SP,15,0.634056,1.0
Ponte Preta / SP,15,0.038204,0.038204
Brasil / RS,15,0.040447,0.040447
Guarani / SP,15,0.010497,0.010497
Figueirense / SC,15,0.276796,0.910852
Vitória / BA,14,0.016557,0.016557
Figueirense / SC,14,0.009473,0.920325
Guarani / SP,14,0.139582,0.15007900000000002
Ponte Preta / SP,14,0.401019,0.43922300000000003
Brasil / RS,14,0.433369,0.473816
Guarani / SP,13,0.352613,0.502692
Figueirense / SC,13,0.036181,0.956506
Brasil / RS,13,0.226207,0.7000230000000001
Vitória / BA,13,0.242274,0.258831
Ponte Preta / SP,13,0.142725,0.581948
Ponte Preta / SP,12,0.184669,0.766617
Vitória / BA,12,0.345495,0.6043259999999999
Guarani / SP,12,0.243681,0.7463730000000001
Figueirense / SC,12,0.034347,0.990853
Brasil / RS,12,0.191808,0.891831
Ponte Preta / SP,11,0.233383,1.0
Figueirense / SC,11,0.009147,0.9999999999999999
Brasil / RS,11,0.108169,1.0
Vitória / BA,11,0.395674,1.0
Guarani / SP,11,0.253627,1.0
Cuiabá / MT,10,0.107258,0.107258
Botafogo / SP,10,0.304097,0.304097
Operário / PR,10,0.588645,0.588645
Cuiabá / MT,9,0.170279,0.27753700000000003
Botafogo / SP,9,0.530551,0.8346480000000001
Operário / PR,9,0.29917,0.887815
Paraná / PR,8,0.04552,0.04552
Botafogo / SP,8,0.165352,1.0
Operário / PR,8,0.112185,1.0
Cuiabá / MT,8,0.676943,0.95448
CRB / AL,7,0.588924,0.588924
Paraná / PR,7,0.365556,0.411076
Cuiabá / MT,7,0.04552,1.0
CRB / AL,6,0.411076,1.0
Paraná / PR,6,0.588924,1.0
Coritiba / PR,5,0.054998,0.054998
Atlético / GO,5,0.711195,0.711195
América / MG,5,0.233807,0.233807
Atlético / GO,4,0.242903,0.954098
América / MG,4,0.457619,0.691426
Coritiba / PR,4,0.299478,0.354476
Atlético / GO,3,0.045902,1.0
Coritiba / PR,3,0.645524,1.0
América / MG,3,0.308574,1.0
Sport / PE,2,1.0,1.0
Red Bull Bragantino / SP,1,1.0,1.0
