Club,Position,Probability,Cumulative
Vila Nova / GO,20,0.038763,0.038763
Portuguesa / SP,20,0.961237,0.961237
Vila Nova / GO,19,0.961237,1.0
Portuguesa / SP,19,0.038763,1.0
Icasa / CE,18,1.0,1.0
Oeste / SP,17,0.079537,0.079537
América / RN,17,0.333421,0.333421
Red Bull Bragantino / SP,17,0.587042,0.587042
América / RN,16,0.41543,0.748851
Red Bull Bragantino / SP,16,0.232805,0.819847
Oeste / SP,16,0.351765,0.43130199999999996
América / RN,15,0.251149,1.0
Red Bull Bragantino / SP,15,0.180153,1.0
Paraná / PR,15,4e-06,4e-06
Oeste / SP,15,0.485133,0.9164349999999999
Luverdense / MT,15,0.083561,0.083561
Paraná / PR,14,0.225384,0.225388
Oeste / SP,14,0.083562,0.9999969999999999
Náutico / PE,14,0.053248,0.053248
Luverdense / MT,14,0.553812,0.637373
ABC / RN,14,0.083994,0.083994
Luverdense / MT,13,0.138637,0.77601
ABC / RN,13,0.258278,0.342272
Paraná / PR,13,0.349908,0.575296
Oeste / SP,13,3e-06,0.9999999999999999
Náutico / PE,13,0.253174,0.306422
Paraná / PR,12,0.233939,0.809235
Náutico / PE,12,0.359632,0.666054
ABC / RN,12,0.271874,0.6141460000000001
Luverdense / MT,12,0.134555,0.910565
Paraná / PR,11,0.190765,1.0
Náutico / PE,11,0.273065,0.939119
ABC / RN,11,0.385854,1.0
Luverdense / MT,11,0.089435,1.0
Santa Cruz / PE,11,0.060881,0.060881
Náutico / PE,10,0.060881,1.0
Sampaio Corrêa / MA,10,0.377575,0.377575
Santa Cruz / PE,10,0.561544,0.622425
Sampaio Corrêa / MA,9,0.622425,1.0
Santa Cruz / PE,9,0.377575,1.0
Avaí / SC,8,0.228114,0.228114
Ceará / CE,8,0.565972,0.565972
Boa / MG,8,0.04261,0.04261
Atlético / GO,8,0.163304,0.163304
Atlético / GO,7,0.32739,0.490694
Boa / MG,7,0.134844,0.177454
Avaí / SC,7,0.378143,0.606257
Ceará / CE,7,0.159623,0.725595
Avaí / SC,6,0.251621,0.857878
Atlético / GO,6,0.316898,0.8075920000000001
Ceará / CE,6,0.216836,0.942431
Boa / MG,6,0.214645,0.392099
Ceará / CE,5,0.057569,1.0
Avaí / SC,5,0.142122,1.0
Atlético / GO,5,0.192408,1.0
Boa / MG,5,0.607901,1.0
América / MG,4,0.2498,0.2498
Vasco da Gama / RJ,4,0.7502,0.7502
América / MG,3,0.742447,0.992247
Vasco da Gama / RJ,3,0.2498,1.0
Joinville / SC,3,0.007753,0.007753
América / MG,2,0.007753,1.0
Joinville / SC,2,0.204766,0.212519
Ponte Preta / SP,2,0.787481,0.787481
Joinville / SC,1,0.787481,1.0
Ponte Preta / SP,1,0.212519,1.0
