Club,Position,Probability,Cumulative
Criciúma / SC,20,0.255853,0.255853
São Bento / SP,20,0.11513,0.11513
Londrina / PR,20,0.023007,0.023007
Vila Nova / GO,20,0.60601,0.60601
Londrina / PR,19,0.097145,0.120152
São Bento / SP,19,0.310928,0.426058
Vila Nova / GO,19,0.151442,0.757452
Criciúma / SC,19,0.440485,0.696338
Vila Nova / GO,18,0.158707,0.9161590000000001
São Bento / SP,18,0.411719,0.837777
Criciúma / SC,18,0.210748,0.9070860000000001
Londrina / PR,18,0.218826,0.338978
Vila Nova / GO,17,0.083841,1.0
São Bento / SP,17,0.162223,1.0
Criciúma / SC,17,0.092914,1.0
Londrina / PR,17,0.661022,1.0
Figueirense / SC,16,0.697614,0.697614
Oeste / SP,16,0.302386,0.302386
Oeste / SP,15,0.697614,1.0
Ponte Preta / SP,15,0.030216,0.030216
Brasil / RS,15,0.032294,0.032294
Guarani / SP,15,0.008773,0.008773
Figueirense / SC,15,0.231103,0.928717
Vitória / BA,14,0.012794,0.012794
Figueirense / SC,14,0.005252,0.9339689999999999
Guarani / SP,14,0.144012,0.152785
Ponte Preta / SP,14,0.403194,0.43341
Brasil / RS,14,0.434748,0.467042
Guarani / SP,13,0.419437,0.572222
Figueirense / SC,13,0.02908,0.9630489999999999
Brasil / RS,13,0.193879,0.660921
Vitória / BA,13,0.224529,0.237323
Ponte Preta / SP,13,0.133075,0.566485
Ponte Preta / SP,12,0.151712,0.718197
Vitória / BA,12,0.394992,0.632315
Guarani / SP,12,0.232059,0.804281
Figueirense / SC,12,0.02921,0.992259
Brasil / RS,12,0.192027,0.852948
Ponte Preta / SP,11,0.281803,1.0
Figueirense / SC,11,0.007741,1.0
Brasil / RS,11,0.147052,1.0
Vitória / BA,11,0.367685,1.0
Guarani / SP,11,0.195719,1.0
Cuiabá / MT,10,0.083937,0.083937
Botafogo / SP,10,0.254195,0.254195
Operário / PR,10,0.661868,0.661868
Cuiabá / MT,9,0.13521,0.21914699999999998
Botafogo / SP,9,0.588648,0.842843
Operário / PR,9,0.276142,0.93801
Paraná / PR,8,0.062663,0.062663
Botafogo / SP,8,0.157157,0.9999999999999999
Operário / PR,8,0.06199,1.0
Cuiabá / MT,8,0.71819,0.937337
CRB / AL,7,0.601418,0.601418
Paraná / PR,7,0.335919,0.398582
Cuiabá / MT,7,0.062663,1.0
CRB / AL,6,0.398582,1.0
Paraná / PR,6,0.601418,1.0
Coritiba / PR,5,0.031541,0.031541
Atlético / GO,5,0.722185,0.722185
América / MG,5,0.246274,0.246274
Atlético / GO,4,0.24482,0.967005
América / MG,4,0.472795,0.719069
Coritiba / PR,4,0.282385,0.313926
Atlético / GO,3,0.032995,1.0
Coritiba / PR,3,0.686074,1.0
América / MG,3,0.280931,1.0
Sport / PE,2,1.0,1.0
Red Bull Bragantino / SP,1,1.0,1.0
