Club,Position,Probability,Cumulative
Criciúma / SC,20,0.205397,0.205397
São Bento / SP,20,0.126027,0.126027
Londrina / PR,20,0.033889,0.033889
Vila Nova / GO,20,0.634687,0.634687
Londrina / PR,19,0.13612,0.170009
São Bento / SP,19,0.322712,0.448739
Vila Nova / GO,19,0.137584,0.772271
Criciúma / SC,19,0.403584,0.608981
Vila Nova / GO,18,0.151555,0.923826
São Bento / SP,18,0.363975,0.8127139999999999
Criciúma / SC,18,0.246535,0.8555159999999999
Londrina / PR,18,0.237935,0.407944
Vila Nova / GO,17,0.076174,1.0
São Bento / SP,17,0.187286,1.0
Criciúma / SC,17,0.144484,1.0
Londrina / PR,17,0.592056,1.0
Figueirense / SC,16,0.644532,0.644532
Oeste / SP,16,0.355468,0.355468
Oeste / SP,15,0.644532,1.0
Ponte Preta / SP,15,0.03259,0.03259
Brasil / RS,15,0.040046,0.040046
Guarani / SP,15,0.008871,0.008871
Figueirense / SC,15,0.273961,0.918493
Vitória / BA,14,0.01667,0.01667
Figueirense / SC,14,0.008964,0.927457
Guarani / SP,14,0.130742,0.139613
Ponte Preta / SP,14,0.378745,0.411335
Brasil / RS,14,0.464879,0.504925
Guarani / SP,13,0.392668,0.532281
Figueirense / SC,13,0.034076,0.961533
Brasil / RS,13,0.177738,0.682663
Vitória / BA,13,0.260537,0.27720700000000004
Ponte Preta / SP,13,0.134981,0.546316
Ponte Preta / SP,12,0.196596,0.742912
Vitória / BA,12,0.356311,0.633518
Guarani / SP,12,0.222892,0.755173
Figueirense / SC,12,0.031059,0.992592
Brasil / RS,12,0.193142,0.8758050000000001
Ponte Preta / SP,11,0.257088,1.0
Figueirense / SC,11,0.007408,1.0
Brasil / RS,11,0.124195,1.0
Vitória / BA,11,0.366482,1.0
Guarani / SP,11,0.244827,1.0
Cuiabá / MT,10,0.07867,0.07867
Botafogo / SP,10,0.260135,0.260135
Operário / PR,10,0.661195,0.661195
Cuiabá / MT,9,0.139378,0.21804800000000002
Botafogo / SP,9,0.594615,0.85475
Operário / PR,9,0.266007,0.927202
Paraná / PR,8,0.084943,0.084943
Botafogo / SP,8,0.14525,1.0
Operário / PR,8,0.072798,1.0
Cuiabá / MT,8,0.697009,0.915057
CRB / AL,7,0.571628,0.571628
Paraná / PR,7,0.343429,0.428372
Cuiabá / MT,7,0.084943,1.0
CRB / AL,6,0.428372,1.0
Paraná / PR,6,0.571628,1.0
Coritiba / PR,5,0.058718,0.058718
Atlético / GO,5,0.671295,0.671295
América / MG,5,0.269987,0.269987
Atlético / GO,4,0.275229,0.9465239999999999
América / MG,4,0.447504,0.717491
Coritiba / PR,4,0.277267,0.335985
Atlético / GO,3,0.053476,1.0
Coritiba / PR,3,0.664015,1.0
América / MG,3,0.282509,1.0
Sport / PE,2,1.0,1.0
Red Bull Bragantino / SP,1,1.0,1.0
