Club,Position,Probability,Cumulative
Vila Nova / GO,20,0.020408,0.020408
Portuguesa / SP,20,0.979592,0.979592
Vila Nova / GO,19,0.979592,1.0
Portuguesa / SP,19,0.020408,1.0
Icasa / CE,18,1.0,1.0
Oeste / SP,17,0.021073,0.021073
América / RN,17,0.26692,0.26692
Red Bull Bragantino / SP,17,0.712007,0.712007
América / RN,16,0.607842,0.874762
Red Bull Bragantino / SP,16,0.211024,0.9230309999999999
Oeste / SP,16,0.181134,0.202207
América / RN,15,0.125238,1.0
Red Bull Bragantino / SP,15,0.076969,0.9999999999999999
Paraná / PR,15,9e-06,9e-06
Oeste / SP,15,0.667808,0.870015
Luverdense / MT,15,0.129976,0.129976
Paraná / PR,14,0.273281,0.27329
Oeste / SP,14,0.129981,0.999996
Náutico / PE,14,0.111252,0.111252
Luverdense / MT,14,0.39384,0.5238160000000001
ABC / RN,14,0.091646,0.091646
Luverdense / MT,13,0.184822,0.708638
ABC / RN,13,0.194225,0.285871
Paraná / PR,13,0.300812,0.574102
Oeste / SP,13,4e-06,1.0
Náutico / PE,13,0.320137,0.431389
Paraná / PR,12,0.263071,0.837173
Náutico / PE,12,0.277817,0.709206
ABC / RN,12,0.258109,0.54398
Luverdense / MT,12,0.201003,0.9096409999999999
Paraná / PR,11,0.162827,1.0
Náutico / PE,11,0.188861,0.898067
ABC / RN,11,0.45602,1.0
Luverdense / MT,11,0.090359,1.0
Santa Cruz / PE,11,0.101933,0.101933
Náutico / PE,10,0.101933,1.0
Sampaio Corrêa / MA,10,0.32722,0.32722
Santa Cruz / PE,10,0.570847,0.6727799999999999
Sampaio Corrêa / MA,9,0.67278,1.0
Santa Cruz / PE,9,0.32722,1.0
Avaí / SC,8,0.150153,0.150153
Ceará / CE,8,0.723166,0.723166
Boa / MG,8,0.04951,0.04951
Atlético / GO,8,0.077171,0.077171
Atlético / GO,7,0.2605,0.337671
Boa / MG,7,0.191028,0.240538
Avaí / SC,7,0.426019,0.576172
Ceará / CE,7,0.122453,0.845619
Avaí / SC,6,0.274033,0.850205
Atlético / GO,6,0.380807,0.718478
Ceará / CE,6,0.12166,0.967279
Boa / MG,6,0.2235,0.464038
Ceará / CE,5,0.032721,1.0
Avaí / SC,5,0.149795,1.0
Atlético / GO,5,0.281522,1.0
Boa / MG,5,0.535962,1.0
América / MG,4,0.157692,0.157692
Vasco da Gama / RJ,4,0.842308,0.842308
América / MG,3,0.831959,0.9896510000000001
Vasco da Gama / RJ,3,0.157692,1.0
Joinville / SC,3,0.010349,0.010349
América / MG,2,0.010349,1.0
Joinville / SC,2,0.278512,0.288861
Ponte Preta / SP,2,0.711139,0.711139
Joinville / SC,1,0.711139,1.0
Ponte Preta / SP,1,0.288861,1.0
