Club,Position,Probability,Cumulative
Criciúma / SC,20,0.230089,0.230089
São Bento / SP,20,0.182904,0.182904
Londrina / PR,20,0.07088,0.07088
Vila Nova / GO,20,0.516127,0.516127
Londrina / PR,19,0.20599,0.27687
São Bento / SP,19,0.312298,0.49520200000000003
Vila Nova / GO,19,0.179648,0.695775
Criciúma / SC,19,0.302064,0.532153
Vila Nova / GO,18,0.198514,0.894289
São Bento / SP,18,0.281269,0.776471
Criciúma / SC,18,0.258248,0.7904009999999999
Londrina / PR,18,0.261969,0.5388390000000001
Vila Nova / GO,17,0.105711,1.0
São Bento / SP,17,0.223529,1.0
Criciúma / SC,17,0.209599,1.0
Londrina / PR,17,0.461161,1.0
Figueirense / SC,16,0.581969,0.581969
Oeste / SP,16,0.418031,0.418031
Oeste / SP,15,0.581969,1.0
Ponte Preta / SP,15,0.052184,0.052184
Brasil / RS,15,0.044078,0.044078
Guarani / SP,15,0.009939,0.009939
Figueirense / SC,15,0.31183,0.893799
Vitória / BA,14,0.02568,0.02568
Figueirense / SC,14,0.013855,0.907654
Guarani / SP,14,0.116728,0.126667
Ponte Preta / SP,14,0.448661,0.500845
Brasil / RS,14,0.395076,0.439154
Guarani / SP,13,0.305082,0.43174900000000005
Figueirense / SC,13,0.043253,0.950907
Brasil / RS,13,0.226397,0.665551
Vitória / BA,13,0.304343,0.33002299999999996
Ponte Preta / SP,13,0.120925,0.6217699999999999
Ponte Preta / SP,12,0.182467,0.804237
Vitória / BA,12,0.335308,0.6653309999999999
Guarani / SP,12,0.239674,0.671423
Figueirense / SC,12,0.038851,0.9897579999999999
Brasil / RS,12,0.2037,0.869251
Ponte Preta / SP,11,0.195763,1.0
Figueirense / SC,11,0.010242,1.0
Brasil / RS,11,0.130749,1.0
Vitória / BA,11,0.334669,1.0
Guarani / SP,11,0.328577,1.0
Cuiabá / MT,10,0.174431,0.174431
Botafogo / SP,10,0.275366,0.275366
Operário / PR,10,0.550203,0.550203
Cuiabá / MT,9,0.213395,0.387826
Botafogo / SP,9,0.479301,0.754667
Operário / PR,9,0.307304,0.857507
Paraná / PR,8,0.051717,0.051717
Botafogo / SP,8,0.245333,1.0
Operário / PR,8,0.142493,1.0
Cuiabá / MT,8,0.560457,0.948283
CRB / AL,7,0.486696,0.486696
Paraná / PR,7,0.461587,0.513304
Cuiabá / MT,7,0.051717,1.0
CRB / AL,6,0.513304,1.0
Paraná / PR,6,0.486696,1.0
Coritiba / PR,5,0.038227,0.038227
Atlético / GO,5,0.72418,0.72418
América / MG,5,0.237593,0.237593
Atlético / GO,4,0.237369,0.961549
América / MG,4,0.51156,0.749153
Coritiba / PR,4,0.251071,0.289298
Atlético / GO,3,0.038451,1.0
Coritiba / PR,3,0.710702,1.0
América / MG,3,0.250847,1.0
Sport / PE,2,1.0,1.0
Red Bull Bragantino / SP,1,1.0,1.0
