Club,Position,Probability,Cumulative
Vila Nova / GO,20,0.044824,0.044824
Portuguesa / SP,20,0.955176,0.955176
Vila Nova / GO,19,0.955176,1.0
Portuguesa / SP,19,0.044824,1.0
Icasa / CE,18,1.0,1.0
Oeste / SP,17,0.084582,0.084582
América / RN,17,0.327264,0.327264
Red Bull Bragantino / SP,17,0.588154,0.588154
América / RN,16,0.404468,0.731732
Red Bull Bragantino / SP,16,0.239713,0.8278669999999999
Oeste / SP,16,0.355819,0.440401
América / RN,15,0.268268,1.0
Red Bull Bragantino / SP,15,0.172133,1.0
Paraná / PR,15,3e-06,3e-06
Oeste / SP,15,0.473303,0.913704
Luverdense / MT,15,0.086293,0.086293
Paraná / PR,14,0.233334,0.23333700000000002
Oeste / SP,14,0.086292,0.999996
Náutico / PE,14,0.05414,0.05414
Luverdense / MT,14,0.543582,0.629875
ABC / RN,14,0.082652,0.082652
Luverdense / MT,13,0.145485,0.7753599999999999
ABC / RN,13,0.25621,0.338862
Paraná / PR,13,0.345704,0.579041
Oeste / SP,13,4e-06,1.0
Náutico / PE,13,0.252597,0.30673700000000004
Paraná / PR,12,0.230081,0.809122
Náutico / PE,12,0.353596,0.6603330000000001
ABC / RN,12,0.280183,0.6190450000000001
Luverdense / MT,12,0.13614,0.9115
Paraná / PR,11,0.190878,1.0
Náutico / PE,11,0.276588,0.9369210000000001
ABC / RN,11,0.380955,1.0
Luverdense / MT,11,0.0885,1.0
Santa Cruz / PE,11,0.063079,0.063079
Náutico / PE,10,0.063079,1.0
Sampaio Corrêa / MA,10,0.378542,0.378542
Santa Cruz / PE,10,0.558379,0.621458
Sampaio Corrêa / MA,9,0.621458,1.0
Santa Cruz / PE,9,0.378542,1.0
Avaí / SC,8,0.225197,0.225197
Ceará / CE,8,0.568498,0.568498
Boa / MG,8,0.041228,0.041228
Atlético / GO,8,0.165077,0.165077
Atlético / GO,7,0.329726,0.494803
Boa / MG,7,0.133328,0.174556
Avaí / SC,7,0.378773,0.60397
Ceará / CE,7,0.158173,0.726671
Avaí / SC,6,0.254368,0.858338
Atlético / GO,6,0.315196,0.809999
Ceará / CE,6,0.215938,0.9426089999999999
Boa / MG,6,0.214498,0.389054
Ceará / CE,5,0.057391,1.0
Avaí / SC,5,0.141662,1.0
Atlético / GO,5,0.190001,1.0
Boa / MG,5,0.610946,1.0
América / MG,4,0.24748,0.24748
Vasco da Gama / RJ,4,0.75252,0.75252
América / MG,3,0.743611,0.991091
Vasco da Gama / RJ,3,0.24748,1.0
Joinville / SC,3,0.008909,0.008909
América / MG,2,0.008909,1.0
Joinville / SC,2,0.210809,0.219718
Ponte Preta / SP,2,0.780282,0.780282
Joinville / SC,1,0.780282,1.0
Ponte Preta / SP,1,0.219718,1.0
