Club,Position,Probability,Cumulative
ASA / AL,20,1.0,1.0
São Caetano / SP,19,0.728897,0.728897
Paysandu / PA,19,0.271103,0.271103
São Caetano / SP,18,0.271103,1.0
Paysandu / PA,18,0.625435,0.896538
Guaratinguetá / SP,18,0.06608,0.06608
Atlético / GO,18,0.037382,0.037382
Paysandu / PA,17,0.103453,0.999991
Guaratinguetá / SP,17,0.395708,0.461788
Atlético / GO,17,0.500839,0.5382210000000001
Atlético / GO,16,0.461779,1.0
Paysandu / PA,16,9e-06,1.0
Guaratinguetá / SP,16,0.538212,1.0
América / RN,15,0.08787,0.08787
ABC / RN,15,0.302269,0.302269
Oeste / SP,15,0.609861,0.609861
ABC / RN,14,0.580105,0.882374
Red Bull Bragantino / SP,14,0.078256,0.078256
Oeste / SP,14,0.167125,0.776986
América / RN,14,0.174514,0.262384
ABC / RN,13,0.07544,0.9578139999999999
América / RN,13,0.366398,0.628782
Red Bull Bragantino / SP,13,0.453631,0.531887
Oeste / SP,13,0.104531,0.881517
Red Bull Bragantino / SP,12,0.468113,1.0
Oeste / SP,12,0.118483,1.0
América / RN,12,0.371218,1.0
ABC / RN,12,0.042186,1.0
Boa / MG,11,1.0,1.0
América / MG,10,0.054634,0.054634
Avaí / SC,10,0.734772,0.734772
Paraná / PR,10,0.21035,0.21035
Joinville / SC,10,0.000244,0.000244
Paraná / PR,9,0.261189,0.47153900000000004
Avaí / SC,9,0.233581,0.968353
Joinville / SC,9,0.363367,0.363611
América / MG,9,0.141863,0.19649699999999998
Joinville / SC,8,0.312322,0.675933
América / MG,8,0.300239,0.496736
Avaí / SC,8,0.031613,0.999966
Paraná / PR,8,0.355826,0.827365
Joinville / SC,7,0.059432,0.735365
Ceará / CE,7,0.264635,0.264635
América / MG,7,0.503264,1.0
Avaí / SC,7,3.4e-05,1.0
Paraná / PR,7,0.172635,1.0
Figueirense / SC,6,0.130048,0.130048
Ceará / CE,6,0.074333,0.338968
Joinville / SC,6,0.264635,1.0
Icasa / CE,6,0.530984,0.530984
Figueirense / SC,5,0.367405,0.497453
Ceará / CE,5,0.30837,0.647338
Icasa / CE,5,0.324225,0.855209
Icasa / CE,4,0.144791,1.0
Figueirense / SC,4,0.502547,1.0
Ceará / CE,4,0.352662,1.0
Sport / PE,3,1.0,1.0
Chapecoense / SC,2,1.0,1.0
Palmeiras / SP,1,1.0,1.0
