Club,Position,Probability,Cumulative
Criciúma / SC,20,0.345224,0.345224
São Bento / SP,20,0.131796,0.131796
Londrina / PR,20,0.032847,0.032847
Vila Nova / GO,20,0.490133,0.490133
Londrina / PR,19,0.12489,0.15773700000000002
São Bento / SP,19,0.309445,0.441241
Vila Nova / GO,19,0.162099,0.6522319999999999
Criciúma / SC,19,0.403566,0.74879
Vila Nova / GO,18,0.213735,0.8659669999999999
São Bento / SP,18,0.364046,0.8052870000000001
Criciúma / SC,18,0.182879,0.931669
Londrina / PR,18,0.23934,0.397077
Vila Nova / GO,17,0.134033,1.0
São Bento / SP,17,0.194713,1.0
Criciúma / SC,17,0.068331,1.0
Londrina / PR,17,0.602923,1.0
Figueirense / SC,16,0.630998,0.630998
Oeste / SP,16,0.369002,0.369002
Oeste / SP,15,0.630998,1.0
Ponte Preta / SP,15,0.050624,0.050624
Brasil / RS,15,0.070154,0.070154
Guarani / SP,15,0.014502,0.014502
Figueirense / SC,15,0.233722,0.8647199999999999
Vitória / BA,14,0.021013,0.021013
Figueirense / SC,14,0.013589,0.878309
Guarani / SP,14,0.155838,0.17034
Ponte Preta / SP,14,0.339637,0.390261
Brasil / RS,14,0.469923,0.5400769999999999
Guarani / SP,13,0.432583,0.602923
Figueirense / SC,13,0.062761,0.94107
Brasil / RS,13,0.170771,0.7108479999999999
Vitória / BA,13,0.208285,0.229298
Ponte Preta / SP,13,0.1256,0.515861
Ponte Preta / SP,12,0.202967,0.718828
Vitória / BA,12,0.355741,0.585039
Guarani / SP,12,0.21803,0.820953
Figueirense / SC,12,0.048783,0.989853
Brasil / RS,12,0.174479,0.885327
Ponte Preta / SP,11,0.281172,1.0
Figueirense / SC,11,0.010147,1.0
Brasil / RS,11,0.114673,1.0
Vitória / BA,11,0.414961,1.0
Guarani / SP,11,0.179047,1.0
Cuiabá / MT,10,0.197239,0.197239
Botafogo / SP,10,0.231209,0.231209
Operário / PR,10,0.571552,0.571552
Cuiabá / MT,9,0.176528,0.37376699999999996
Botafogo / SP,9,0.534309,0.765518
Operário / PR,9,0.289163,0.8607149999999999
Paraná / PR,8,0.016065,0.016065
Botafogo / SP,8,0.234482,1.0
Operário / PR,8,0.139285,1.0
Cuiabá / MT,8,0.610168,0.983935
CRB / AL,7,0.669927,0.669927
Paraná / PR,7,0.314008,0.330073
Cuiabá / MT,7,0.016065,1.0
CRB / AL,6,0.330073,1.0
Paraná / PR,6,0.669927,1.0
Coritiba / PR,5,0.042569,0.042569
Atlético / GO,5,0.659672,0.659672
América / MG,5,0.297759,0.297759
Atlético / GO,4,0.292659,0.952331
América / MG,4,0.396879,0.694638
Coritiba / PR,4,0.310462,0.35303100000000004
Atlético / GO,3,0.047669,1.0
Coritiba / PR,3,0.646969,1.0
América / MG,3,0.305362,1.0
Sport / PE,2,1.0,1.0
Red Bull Bragantino / SP,1,1.0,1.0
