Club,Position,Probability,Cumulative
ASA / AL,20,1.0,1.0
São Caetano / SP,19,0.786682,0.786682
Paysandu / PA,19,0.213318,0.213318
São Caetano / SP,18,0.213318,1.0
Paysandu / PA,18,0.760734,0.974052
Guaratinguetá / SP,18,0.016194,0.016194
Atlético / GO,18,0.009754,0.009754
Paysandu / PA,17,0.025948,1.0
Guaratinguetá / SP,17,0.417589,0.433783
Atlético / GO,17,0.556463,0.5662170000000001
Atlético / GO,16,0.433783,1.0
Guaratinguetá / SP,16,0.566217,1.0
América / RN,15,0.0808,0.0808
ABC / RN,15,0.378189,0.378189
Oeste / SP,15,0.541011,0.541011
ABC / RN,14,0.580998,0.959187
Red Bull Bragantino / SP,14,0.029338,0.029338
Oeste / SP,14,0.170897,0.711908
América / RN,14,0.218767,0.29956699999999997
ABC / RN,13,0.023898,0.983085
América / RN,13,0.298329,0.597896
Red Bull Bragantino / SP,13,0.575559,0.604897
Oeste / SP,13,0.102214,0.814122
Red Bull Bragantino / SP,12,0.395103,1.0
Oeste / SP,12,0.185878,1.0
ABC / RN,12,0.016915,1.0
América / RN,12,0.402104,1.0
Boa / MG,11,1.0,1.0
Joinville / SC,10,0.000272,0.000272
Paraná / PR,10,0.235193,0.235193
Avaí / SC,10,0.747809,0.747809
América / MG,10,0.016726,0.016726
América / MG,9,0.080759,0.097485
Joinville / SC,9,0.436753,0.437025
Avaí / SC,9,0.240579,0.9883879999999999
Paraná / PR,9,0.241909,0.477102
Paraná / PR,8,0.386174,0.863276
América / MG,8,0.252404,0.349889
Joinville / SC,8,0.349813,0.7868379999999999
Avaí / SC,8,0.011609,0.9999969999999999
América / MG,7,0.650111,1.0
Ceará / CE,7,0.174865,0.174865
Joinville / SC,7,0.038297,0.825135
Avaí / SC,7,3e-06,0.9999999999999999
Paraná / PR,7,0.136724,1.0
Figueirense / SC,6,0.132774,0.132774
Joinville / SC,6,0.174865,1.0
Ceará / CE,6,0.094916,0.269781
Icasa / CE,6,0.597445,0.597445
Figueirense / SC,5,0.347863,0.480637
Icasa / CE,5,0.281764,0.879209
Ceará / CE,5,0.370373,0.640154
Figueirense / SC,4,0.519363,1.0
Icasa / CE,4,0.120791,1.0
Ceará / CE,4,0.359846,1.0
Sport / PE,3,1.0,1.0
Chapecoense / SC,2,1.0,1.0
Palmeiras / SP,1,1.0,1.0
