Club,Position,Probability,Cumulative
Criciúma / SC,20,0.313161,0.313161
São Bento / SP,20,0.149871,0.149871
Londrina / PR,20,0.041025,0.041025
Vila Nova / GO,20,0.495943,0.495943
Londrina / PR,19,0.143307,0.184332
São Bento / SP,19,0.307508,0.457379
Vila Nova / GO,19,0.175805,0.671748
Criciúma / SC,19,0.37338,0.6865410000000001
Vila Nova / GO,18,0.215183,0.886931
São Bento / SP,18,0.34659,0.8039689999999999
Criciúma / SC,18,0.211612,0.898153
Londrina / PR,18,0.226615,0.410947
Vila Nova / GO,17,0.113069,1.0
São Bento / SP,17,0.196031,1.0
Criciúma / SC,17,0.101847,1.0
Londrina / PR,17,0.589053,1.0
Figueirense / SC,16,0.577752,0.577752
Oeste / SP,16,0.422248,0.422248
Oeste / SP,15,0.577752,1.0
Ponte Preta / SP,15,0.057064,0.057064
Brasil / RS,15,0.082118,0.082118
Guarani / SP,15,0.016771,0.016771
Figueirense / SC,15,0.266295,0.844047
Vitória / BA,14,0.025158,0.025158
Figueirense / SC,14,0.017605,0.8616520000000001
Guarani / SP,14,0.16388,0.180651
Ponte Preta / SP,14,0.326892,0.383956
Brasil / RS,14,0.466465,0.548583
Guarani / SP,13,0.424304,0.604955
Figueirense / SC,13,0.072053,0.933705
Brasil / RS,13,0.156351,0.7049340000000001
Vitória / BA,13,0.214005,0.23916300000000001
Ponte Preta / SP,13,0.133287,0.517243
Ponte Preta / SP,12,0.222302,0.739545
Vitória / BA,12,0.327279,0.566442
Guarani / SP,12,0.211186,0.816141
Figueirense / SC,12,0.055249,0.988954
Brasil / RS,12,0.183984,0.8889180000000001
Ponte Preta / SP,11,0.260455,1.0
Figueirense / SC,11,0.011046,1.0
Brasil / RS,11,0.111082,1.0
Vitória / BA,11,0.433558,1.0
Guarani / SP,11,0.183859,1.0
Cuiabá / MT,10,0.189626,0.189626
Botafogo / SP,10,0.238787,0.238787
Operário / PR,10,0.571587,0.571587
Cuiabá / MT,9,0.200298,0.389924
Botafogo / SP,9,0.520637,0.759424
Operário / PR,9,0.279065,0.850652
Paraná / PR,8,0.0256,0.0256
Botafogo / SP,8,0.240576,1.0
Operário / PR,8,0.149348,1.0
Cuiabá / MT,8,0.584476,0.9743999999999999
CRB / AL,7,0.599974,0.599974
Paraná / PR,7,0.374426,0.400026
Cuiabá / MT,7,0.0256,0.9999999999999999
CRB / AL,6,0.400026,1.0
Paraná / PR,6,0.599974,1.0
Coritiba / PR,5,0.06532,0.06532
Atlético / GO,5,0.64576,0.64576
América / MG,5,0.28892,0.28892
Atlético / GO,4,0.284564,0.9303239999999999
América / MG,4,0.408358,0.6972780000000001
Coritiba / PR,4,0.307078,0.372398
Atlético / GO,3,0.069676,1.0
Coritiba / PR,3,0.627602,1.0
América / MG,3,0.302722,1.0
Sport / PE,2,1.0,1.0
Red Bull Bragantino / SP,1,1.0,1.0
