Club,Position,Probability,Cumulative
Vila Nova / GO,20,0.025332,0.025332
Portuguesa / SP,20,0.974668,0.974668
Vila Nova / GO,19,0.974668,1.0
Portuguesa / SP,19,0.025332,1.0
Icasa / CE,18,1.0,1.0
Oeste / SP,17,0.025801,0.025801
América / RN,17,0.328097,0.328097
Red Bull Bragantino / SP,17,0.646102,0.646102
América / RN,16,0.530468,0.858565
Red Bull Bragantino / SP,16,0.277762,0.923864
Oeste / SP,16,0.19177,0.217571
América / RN,15,0.141435,1.0000000000000002
Red Bull Bragantino / SP,15,0.076136,1.0
Paraná / PR,15,3.1e-05,3.1e-05
Oeste / SP,15,0.605454,0.823025
Luverdense / MT,15,0.176944,0.176944
Paraná / PR,14,0.2115,0.211531
Oeste / SP,14,0.176953,0.999978
Náutico / PE,14,0.032986,0.032986
Luverdense / MT,14,0.52167,0.698614
ABC / RN,14,0.056891,0.056891
Luverdense / MT,13,0.142273,0.8408869999999999
ABC / RN,13,0.278187,0.335078
Paraná / PR,13,0.373577,0.585108
Oeste / SP,13,2.2e-05,1.0
Náutico / PE,13,0.205941,0.238927
Paraná / PR,12,0.21174,0.796848
Náutico / PE,12,0.353654,0.592581
ABC / RN,12,0.340585,0.6756630000000001
Luverdense / MT,12,0.094021,0.934908
Paraná / PR,11,0.203152,1.0
Náutico / PE,11,0.329222,0.921803
ABC / RN,11,0.324337,1.0
Luverdense / MT,11,0.065092,1.0
Santa Cruz / PE,11,0.078197,0.078197
Náutico / PE,10,0.078197,1.0
Sampaio Corrêa / MA,10,0.336087,0.336087
Santa Cruz / PE,10,0.585716,0.663913
Sampaio Corrêa / MA,9,0.663913,1.0
Santa Cruz / PE,9,0.336087,1.0
Avaí / SC,8,0.194215,0.194215
Ceará / CE,8,0.614225,0.614225
Boa / MG,8,0.096126,0.096126
Atlético / GO,8,0.095434,0.095434
Atlético / GO,7,0.255599,0.35103300000000004
Boa / MG,7,0.263926,0.360052
Avaí / SC,7,0.380532,0.574747
Ceará / CE,7,0.099943,0.714168
Avaí / SC,6,0.234314,0.809061
Atlético / GO,6,0.303321,0.6543540000000001
Ceará / CE,6,0.182216,0.8963840000000001
Boa / MG,6,0.280149,0.640201
Ceará / CE,5,0.103616,1.0
Avaí / SC,5,0.190939,1.0
Atlético / GO,5,0.345646,1.0
Boa / MG,5,0.359799,1.0
América / MG,4,0.253054,0.253054
Vasco da Gama / RJ,4,0.746946,0.746946
América / MG,3,0.738706,0.99176
Vasco da Gama / RJ,3,0.253054,1.0
Joinville / SC,3,0.00824,0.00824
América / MG,2,0.00824,1.0
Joinville / SC,2,0.242234,0.25047400000000003
Ponte Preta / SP,2,0.749526,0.749526
Joinville / SC,1,0.749526,1.0
Ponte Preta / SP,1,0.250474,1.0
