Club,Position,Probability,Cumulative
Vila Nova / GO,20,0.026655,0.026655
Portuguesa / SP,20,0.973345,0.973345
Portuguesa / SP,19,0.026655,1.0
Vila Nova / GO,19,0.973345,1.0
Icasa / CE,18,1.0,1.0
América / RN,17,0.317962,0.317962
Red Bull Bragantino / SP,17,0.654292,0.654292
Oeste / SP,17,0.027746,0.027746
Red Bull Bragantino / SP,16,0.228545,0.882837
América / RN,16,0.540806,0.858768
Oeste / SP,16,0.230649,0.258395
Red Bull Bragantino / SP,15,0.117163,1.0
América / RN,15,0.141232,1.0
Paraná / PR,15,1e-06,1e-06
Luverdense / MT,15,0.098456,0.098456
Oeste / SP,15,0.643148,0.901543
ABC / RN,14,0.090641,0.090641
Náutico / PE,14,0.095463,0.095463
Paraná / PR,14,0.199597,0.199598
Oeste / SP,14,0.098457,1.0
Luverdense / MT,14,0.515842,0.614298
Náutico / PE,13,0.299552,0.395015
Paraná / PR,13,0.306663,0.5062610000000001
Luverdense / MT,13,0.170123,0.784421
ABC / RN,13,0.223662,0.314303
ABC / RN,12,0.276129,0.5904320000000001
Paraná / PR,12,0.300744,0.807005
Náutico / PE,12,0.268706,0.663721
Luverdense / MT,12,0.154421,0.938842
Paraná / PR,11,0.192995,1.0
Santa Cruz / PE,11,0.111175,0.111175
Náutico / PE,11,0.225104,0.888825
ABC / RN,11,0.409568,1.0
Luverdense / MT,11,0.061158,1.0
Náutico / PE,10,0.111175,1.0
Santa Cruz / PE,10,0.510787,0.621962
Sampaio Corrêa / MA,10,0.378038,0.378038
Santa Cruz / PE,9,0.378038,1.0
Sampaio Corrêa / MA,9,0.621962,1.0
Boa / MG,8,0.066639,0.066639
Avaí / SC,8,0.147602,0.147602
Atlético / GO,8,0.118755,0.118755
Ceará / CE,8,0.667004,0.667004
Ceará / CE,7,0.142134,0.809138
Atlético / GO,7,0.293755,0.41251
Avaí / SC,7,0.342757,0.490359
Boa / MG,7,0.221354,0.287993
Avaí / SC,6,0.290265,0.780624
Boa / MG,6,0.252719,0.5407120000000001
Ceará / CE,6,0.145969,0.955107
Atlético / GO,6,0.311047,0.723557
Atlético / GO,5,0.276443,1.0
Ceará / CE,5,0.044893,1.0
Avaí / SC,5,0.219376,1.0
Boa / MG,5,0.459288,1.0
América / MG,4,0.139512,0.139512
Vasco da Gama / RJ,4,0.860488,0.860488
América / MG,3,0.853041,0.992553
Vasco da Gama / RJ,3,0.139512,1.0
Joinville / SC,3,0.007447,0.007447
América / MG,2,0.007447,1.0
Ponte Preta / SP,2,0.812875,0.812875
Joinville / SC,2,0.179678,0.187125
Joinville / SC,1,0.812875,1.0
Ponte Preta / SP,1,0.187125,1.0
