Club,Position,Probability,Cumulative
Botafogo / RJ,20,0.035449,0.035449
Criciúma / SC,20,0.964551,0.964551
Botafogo / RJ,19,0.964551,1.0
Criciúma / SC,19,0.035449,1.0
Bahia / BA,18,0.890919,0.890919
Palmeiras / SP,18,0.018897,0.018897
Vitória / BA,18,0.090184,0.090184
Bahia / BA,17,0.07303,0.9639490000000001
Vitória / BA,17,0.67898,0.7691640000000001
Palmeiras / SP,17,0.24799,0.266887
Bahia / BA,16,0.036051,1.0
Vitória / BA,16,0.230836,1.0
Palmeiras / SP,16,0.733113,1.0
Goiás / GO,15,0.170244,0.170244
Chapecoense / SC,15,0.754157,0.754157
Coritiba / PR,15,0.075599,0.075599
Goiás / GO,14,0.228113,0.398357
Chapecoense / SC,14,0.161235,0.915392
Coritiba / PR,14,0.610652,0.6862509999999999
Figueirense / SC,13,0.150883,0.150883
Goiás / GO,13,0.45076,0.849117
Coritiba / PR,13,0.313749,1.0
Chapecoense / SC,13,0.084608,1.0
Goiás / GO,12,0.150883,1.0
Figueirense / SC,12,0.569583,0.7204659999999999
Sport / PE,12,0.279534,0.279534
Sport / PE,11,0.484846,0.7643800000000001
Santos / SP,11,0.1322,0.1322
Flamengo / RJ,11,0.10342,0.10342
Figueirense / SC,11,0.279534,1.0
Sport / PE,10,0.132623,0.897003
Santos / SP,10,0.421368,0.5535680000000001
Flamengo / RJ,10,0.431554,0.534974
Athletico Paranaense / PR,10,0.014455,0.014455
Athletico Paranaense / PR,9,0.133554,0.148009
Flamengo / RJ,9,0.417561,0.952535
Santos / SP,9,0.345888,0.899456
Sport / PE,9,0.102997,1.0
Santos / SP,8,0.100544,1.0
Athletico Paranaense / PR,8,0.851991,1.0
Flamengo / RJ,8,0.047465,1.0
Atlético / MG,7,0.252543,0.252543
Fluminense / RJ,7,0.287689,0.287689
Grêmio / RS,7,0.459768,0.459768
Atlético / MG,6,0.335475,0.588018
Fluminense / RJ,6,0.371863,0.6595519999999999
Grêmio / RS,6,0.292662,0.7524299999999999
Atlético / MG,5,0.411982,1.0
Fluminense / RJ,5,0.340448,1.0
Grêmio / RS,5,0.24757,1.0
Corinthians / SP,4,0.420438,0.420438
Internacional / RS,4,0.579562,0.579562
Corinthians / SP,3,0.579562,1.0
Internacional / RS,3,0.420438,1.0
São Paulo / SP,2,1.0,1.0
Cruzeiro / MG,1,1.0,1.0
