Club,Position,Probability,Cumulative
Avaí / SC,20,1.0,1.0
Chapecoense / SC,19,0.812189,0.812189
CSA / AL,19,0.187811,0.187811
CSA / AL,18,0.812189,1.0
Chapecoense / SC,18,0.187811,1.0
Cruzeiro / MG,17,0.929566,0.929566
Ceará / CE,17,0.070434,0.070434
Cruzeiro / MG,16,0.070434,1.0
Ceará / CE,16,0.929566,1.0
Botafogo / RJ,15,0.480105,0.480105
Fluminense / RJ,15,0.519895,0.519895
Fluminense / RJ,14,0.480105,1.0
Botafogo / RJ,14,0.519895,1.0
Fortaleza / CE,13,0.008417,0.008417
Vasco da Gama / RJ,13,0.375634,0.375634
Bahia / BA,13,0.09359,0.09359
Goiás / GO,13,0.035308,0.035308
Atlético / MG,13,0.487051,0.487051
Bahia / BA,12,0.269094,0.362684
Goiás / GO,12,0.218239,0.25354699999999997
Atlético / MG,12,0.267732,0.754783
Vasco da Gama / RJ,12,0.178406,0.5540400000000001
Fortaleza / CE,12,0.066529,0.074946
Fortaleza / CE,11,0.157282,0.232228
Bahia / BA,11,0.238959,0.601643
Goiás / GO,11,0.329498,0.583045
Atlético / MG,11,0.104304,0.859087
Vasco da Gama / RJ,11,0.169957,0.723997
Goiás / GO,10,0.249814,0.832859
Vasco da Gama / RJ,10,0.276003,1.0
Fortaleza / CE,10,0.1801,0.41232800000000003
Bahia / BA,10,0.153938,0.7555810000000001
Atlético / MG,10,0.140145,0.999232
Fortaleza / CE,9,0.587672,1.0
Goiás / GO,9,0.167141,1.0
Bahia / BA,9,0.244419,1.0
Atlético / MG,9,0.000768,1.0
Internacional / RS,8,0.752706,0.752706
Corinthians / SP,8,0.247294,0.247294
Corinthians / SP,7,0.752706,1.0
Internacional / RS,7,0.247294,1.0
São Paulo / SP,6,1.0,1.0
Athletico Paranaense / PR,5,0.797442,0.797442
Grêmio / RS,5,0.202558,0.202558
Athletico Paranaense / PR,4,0.202558,1.0
Grêmio / RS,4,0.797442,1.0
Santos / SP,3,0.31652,0.31652
Palmeiras / SP,3,0.68348,0.68348
Santos / SP,2,0.68348,1.0
Palmeiras / SP,2,0.31652,1.0
Flamengo / RJ,1,1.0,1.0
