Club,Position,Probability,Cumulative
ASA / AL,20,1.0,1.0
São Caetano / SP,19,0.818066,0.818066
Paysandu / PA,19,0.181934,0.181934
São Caetano / SP,18,0.181934,1.0
Paysandu / PA,18,0.747877,0.929811
Guaratinguetá / SP,18,0.047114,0.047114
Atlético / GO,18,0.023075,0.023075
Paysandu / PA,17,0.070187,0.999998
Guaratinguetá / SP,17,0.440205,0.487319
Atlético / GO,17,0.489608,0.512683
Atlético / GO,16,0.487317,1.0
Paysandu / PA,16,2e-06,1.0
Guaratinguetá / SP,16,0.512681,1.0
América / RN,15,0.087813,0.087813
ABC / RN,15,0.389959,0.389959
Oeste / SP,15,0.522228,0.522228
ABC / RN,14,0.527363,0.917322
Red Bull Bragantino / SP,14,0.055386,0.055386
Oeste / SP,14,0.189345,0.711573
América / RN,14,0.227906,0.31571899999999997
ABC / RN,13,0.047856,0.965178
América / RN,13,0.32276,0.638479
Red Bull Bragantino / SP,13,0.513477,0.568863
Oeste / SP,13,0.115907,0.82748
Red Bull Bragantino / SP,12,0.431137,1.0
Oeste / SP,12,0.17252,1.0
América / RN,12,0.361521,1.0
ABC / RN,12,0.034822,1.0
Boa / MG,11,1.0,1.0
América / MG,10,0.023036,0.023036
Avaí / SC,10,0.809258,0.809258
Paraná / PR,10,0.167678,0.167678
Joinville / SC,10,2.8e-05,2.8e-05
Paraná / PR,9,0.348806,0.5164839999999999
Avaí / SC,9,0.174212,0.9834700000000001
Joinville / SC,9,0.368824,0.36885199999999996
América / MG,9,0.108158,0.131194
Joinville / SC,8,0.337546,0.706398
América / MG,8,0.292777,0.423971
Avaí / SC,8,0.016529,0.9999990000000001
Paraná / PR,8,0.353148,0.869632
Joinville / SC,7,0.052498,0.758896
Ceará / CE,7,0.241104,0.241104
América / MG,7,0.576029,1.0
Avaí / SC,7,1e-06,1.0
Paraná / PR,7,0.130368,1.0
Figueirense / SC,6,0.134976,0.134976
Ceará / CE,6,0.091384,0.332488
Joinville / SC,6,0.241104,1.0
Icasa / CE,6,0.532536,0.532536
Figueirense / SC,5,0.349517,0.48449300000000006
Ceará / CE,5,0.323466,0.6559539999999999
Icasa / CE,5,0.327017,0.859553
Icasa / CE,4,0.140447,1.0
Figueirense / SC,4,0.515507,1.0
Ceará / CE,4,0.344046,1.0
Sport / PE,3,1.0,1.0
Chapecoense / SC,2,1.0,1.0
Palmeiras / SP,1,1.0,1.0
