Club,Position,Probability,Cumulative
Vila Nova / GO,20,0.030983,0.030983
Portuguesa / SP,20,0.969017,0.969017
Vila Nova / GO,19,0.969017,1.0
Portuguesa / SP,19,0.030983,1.0
Icasa / CE,18,1.0,1.0
Oeste / SP,17,0.027482,0.027482
América / RN,17,0.268179,0.268179
Red Bull Bragantino / SP,17,0.704339,0.704339
América / RN,16,0.575362,0.8435410000000001
Red Bull Bragantino / SP,16,0.212778,0.9171170000000001
Oeste / SP,16,0.21186,0.239342
América / RN,15,0.156459,1.0
Red Bull Bragantino / SP,15,0.082883,1.0
Paraná / PR,15,3.9e-05,3.9e-05
Oeste / SP,15,0.651285,0.8906270000000001
Luverdense / MT,15,0.109334,0.109334
Paraná / PR,14,0.285445,0.285484
Oeste / SP,14,0.109365,0.999992
Náutico / PE,14,0.116176,0.116176
Luverdense / MT,14,0.391562,0.500896
ABC / RN,14,0.097452,0.097452
Luverdense / MT,13,0.211184,0.71208
ABC / RN,13,0.195425,0.292877
Paraná / PR,13,0.287288,0.5727720000000001
Oeste / SP,13,8e-06,1.0
Náutico / PE,13,0.306095,0.422271
Paraná / PR,12,0.268759,0.841531
Náutico / PE,12,0.247563,0.669834
ABC / RN,12,0.280089,0.5729659999999999
Luverdense / MT,12,0.203589,0.9156690000000001
Paraná / PR,11,0.158469,1.0
Náutico / PE,11,0.208748,0.878582
ABC / RN,11,0.427034,1.0
Luverdense / MT,11,0.084331,1.0
Santa Cruz / PE,11,0.121418,0.121418
Náutico / PE,10,0.121418,1.0
Sampaio Corrêa / MA,10,0.368014,0.368014
Santa Cruz / PE,10,0.510568,0.631986
Sampaio Corrêa / MA,9,0.631986,1.0
Santa Cruz / PE,9,0.368014,1.0
Avaí / SC,8,0.132828,0.132828
Ceará / CE,8,0.739737,0.739737
Boa / MG,8,0.043629,0.043629
Atlético / GO,8,0.083806,0.083806
Atlético / GO,7,0.281105,0.364911
Boa / MG,7,0.189769,0.233398
Avaí / SC,7,0.41797,0.550798
Ceará / CE,7,0.111156,0.850893
Avaí / SC,6,0.29076,0.841558
Atlético / GO,6,0.351253,0.716164
Ceará / CE,6,0.116308,0.967201
Boa / MG,6,0.241679,0.47507699999999997
Ceará / CE,5,0.032799,1.0
Avaí / SC,5,0.158442,1.0
Atlético / GO,5,0.283836,1.0
Boa / MG,5,0.524923,1.0
América / MG,4,0.146596,0.146596
Vasco da Gama / RJ,4,0.853404,0.853404
América / MG,3,0.839027,0.9856229999999999
Vasco da Gama / RJ,3,0.146596,1.0
Joinville / SC,3,0.014377,0.014377
América / MG,2,0.014377,0.9999999999999999
Joinville / SC,2,0.245895,0.260272
Ponte Preta / SP,2,0.739728,0.739728
Joinville / SC,1,0.739728,1.0
Ponte Preta / SP,1,0.260272,1.0
