Club,Position,Probability,Cumulative
América / MG,20,1.0,1.0
Santa Cruz / PE,19,1.0,1.0
Figueirense / SC,18,1.0,1.0
Sport / PE,17,0.026744,0.026744
Internacional / RS,17,0.970273,0.970273
Vitória / BA,17,0.002983,0.002983
Coritiba / PR,16,0.222771,0.222771
Vitória / BA,16,0.538771,0.541754
Internacional / RS,16,0.028875,0.999148
Sport / PE,16,0.209583,0.23632699999999998
Cruzeiro / MG,15,0.007347,0.007347
Vitória / BA,15,0.259438,0.8011919999999999
Sport / PE,15,0.193194,0.429521
Internacional / RS,15,0.000852,1.0
Coritiba / PR,15,0.539169,0.7619400000000001
Cruzeiro / MG,14,0.096666,0.10401300000000001
Sport / PE,14,0.570479,1.0
Vitória / BA,14,0.135037,0.936229
Coritiba / PR,14,0.197818,0.9597580000000001
Cruzeiro / MG,13,0.613153,0.717166
São Paulo / SP,13,0.077013,0.077013
Coritiba / PR,13,0.040242,1.0
Vitória / BA,13,0.063771,1.0
Ponte Preta / SP,13,0.043044,0.043044
Fluminense / RJ,13,0.162777,0.162777
São Paulo / SP,12,0.198194,0.275207
Ponte Preta / SP,12,0.158461,0.201505
Fluminense / RJ,12,0.436136,0.598913
Chapecoense / SC,12,0.063241,0.063241
Cruzeiro / MG,12,0.143968,0.861134
São Paulo / SP,11,0.317403,0.59261
Chapecoense / SC,11,0.15515,0.218391
Fluminense / RJ,11,0.243491,0.842404
Ponte Preta / SP,11,0.173054,0.374559
Cruzeiro / MG,11,0.110902,0.972036
Grêmio / RS,10,0.030517,0.030517
Chapecoense / SC,10,0.272901,0.491292
Cruzeiro / MG,10,0.027964,1.0
Ponte Preta / SP,10,0.232547,0.607106
São Paulo / SP,10,0.306098,0.898708
Fluminense / RJ,10,0.129973,0.972377
São Paulo / SP,9,0.101292,1.0
Fluminense / RJ,9,0.027623,1.0
Chapecoense / SC,9,0.310463,0.801755
Ponte Preta / SP,9,0.340064,0.94717
Grêmio / RS,9,0.220558,0.251075
Grêmio / RS,8,0.595689,0.8467640000000001
Ponte Preta / SP,8,0.05283,1.0
Corinthians / SP,8,0.153236,0.153236
Chapecoense / SC,8,0.198245,1.0
Athletico Paranaense / PR,7,0.039695,0.039695
Corinthians / SP,7,0.485675,0.638911
Botafogo / RJ,7,0.321394,0.321394
Grêmio / RS,7,0.153236,1.0
Corinthians / SP,6,0.19825,0.837161
Botafogo / RJ,6,0.588736,0.9101300000000001
Athletico Paranaense / PR,6,0.213014,0.252709
Botafogo / RJ,5,0.08987,1.0
Corinthians / SP,5,0.162839,1.0
Athletico Paranaense / PR,5,0.747291,1.0
Atlético / MG,4,1.0,1.0
Flamengo / RJ,3,0.818074,0.818074
Santos / SP,3,0.181926,0.181926
Flamengo / RJ,2,0.181926,1.0
Santos / SP,2,0.818074,1.0
Palmeiras / SP,1,1.0,1.0
