Club,Position,Probability,Cumulative
América / MG,20,1.0,1.0
Santa Cruz / PE,19,1.0,1.0
Figueirense / SC,18,1.0,1.0
Sport / PE,17,0.073248,0.073248
Internacional / RS,17,0.917579,0.917579
Vitória / BA,17,0.009173,0.009173
Coritiba / PR,16,0.211727,0.211727
Vitória / BA,16,0.468698,0.477871
Internacional / RS,16,0.078631,0.99621
Sport / PE,16,0.240944,0.31419199999999997
Cruzeiro / MG,15,0.014304,0.014304
Vitória / BA,15,0.298939,0.77681
Sport / PE,15,0.221266,0.535458
Internacional / RS,15,0.00379,1.0
Coritiba / PR,15,0.461701,0.6734279999999999
Cruzeiro / MG,14,0.121731,0.13603500000000002
Sport / PE,14,0.464542,1.0
Vitória / BA,14,0.155332,0.932142
Coritiba / PR,14,0.258395,0.931823
Cruzeiro / MG,13,0.538039,0.6740740000000001
São Paulo / SP,13,0.081888,0.081888
Coritiba / PR,13,0.068177,1.0
Vitória / BA,13,0.067858,1.0
Ponte Preta / SP,13,0.047877,0.047877
Fluminense / RJ,13,0.196161,0.196161
São Paulo / SP,12,0.199462,0.28135
Ponte Preta / SP,12,0.163831,0.211708
Fluminense / RJ,12,0.396762,0.592923
Chapecoense / SC,12,0.066728,0.066728
Cruzeiro / MG,12,0.173217,0.847291
São Paulo / SP,11,0.313034,0.594384
Chapecoense / SC,11,0.163144,0.22987200000000002
Fluminense / RJ,11,0.23225,0.825173
Ponte Preta / SP,11,0.170043,0.381751
Cruzeiro / MG,11,0.121529,0.96882
Grêmio / RS,10,0.03738,0.03738
Chapecoense / SC,10,0.260402,0.49027400000000004
Cruzeiro / MG,10,0.03118,1.0
Ponte Preta / SP,10,0.228375,0.610126
São Paulo / SP,10,0.300388,0.894772
Fluminense / RJ,10,0.142275,0.9674480000000001
São Paulo / SP,9,0.105228,1.0
Fluminense / RJ,9,0.032552,1.0
Chapecoense / SC,9,0.311302,0.8015760000000001
Ponte Preta / SP,9,0.32716,0.9372860000000001
Grêmio / RS,9,0.223758,0.261138
Grêmio / RS,8,0.566072,0.82721
Ponte Preta / SP,8,0.062714,1.0
Corinthians / SP,8,0.17279,0.17279
Chapecoense / SC,8,0.198424,1.0
Athletico Paranaense / PR,7,0.052894,0.052894
Corinthians / SP,7,0.471039,0.643829
Botafogo / RJ,7,0.303277,0.303277
Grêmio / RS,7,0.17279,1.0
Corinthians / SP,6,0.200413,0.8442419999999999
Botafogo / RJ,6,0.581087,0.884364
Athletico Paranaense / PR,6,0.2185,0.271394
Botafogo / RJ,5,0.115636,1.0
Corinthians / SP,5,0.155758,1.0
Athletico Paranaense / PR,5,0.728606,1.0
Atlético / MG,4,1.0,1.0
Flamengo / RJ,3,0.743565,0.743565
Santos / SP,3,0.256435,0.256435
Flamengo / RJ,2,0.256435,1.0
Santos / SP,2,0.743565,1.0
Palmeiras / SP,1,1.0,1.0
