Club,Position,Probability,Cumulative
Vila Nova / GO,20,0.017573,0.017573
Portuguesa / SP,20,0.982427,0.982427
Vila Nova / GO,19,0.982427,1.0
Portuguesa / SP,19,0.017573,1.0
Icasa / CE,18,1.0,1.0
Oeste / SP,17,0.019111,0.019111
América / RN,17,0.261428,0.261428
Red Bull Bragantino / SP,17,0.719461,0.719461
América / RN,16,0.613403,0.874831
Red Bull Bragantino / SP,16,0.211745,0.931206
Oeste / SP,16,0.174852,0.193963
América / RN,15,0.125169,1.0
Red Bull Bragantino / SP,15,0.068794,1.0
Paraná / PR,15,1.6e-05,1.6e-05
Oeste / SP,15,0.687567,0.88153
Luverdense / MT,15,0.118454,0.118454
Paraná / PR,14,0.300886,0.300902
Oeste / SP,14,0.118458,0.999988
Náutico / PE,14,0.131605,0.131605
Luverdense / MT,14,0.357664,0.476118
ABC / RN,14,0.091387,0.091387
Luverdense / MT,13,0.190101,0.666219
ABC / RN,13,0.187225,0.27861199999999997
Paraná / PR,13,0.278772,0.579674
Oeste / SP,13,1.2e-05,1.0
Náutico / PE,13,0.34389,0.475495
Paraná / PR,12,0.25268,0.832354
Náutico / PE,12,0.270541,0.7460359999999999
ABC / RN,12,0.249565,0.528177
Luverdense / MT,12,0.227214,0.8934329999999999
Paraná / PR,11,0.167646,1.0
Náutico / PE,11,0.155895,0.9019309999999999
ABC / RN,11,0.471823,1.0
Luverdense / MT,11,0.106567,1.0
Santa Cruz / PE,11,0.098069,0.098069
Náutico / PE,10,0.098069,0.9999999999999999
Sampaio Corrêa / MA,10,0.293603,0.293603
Santa Cruz / PE,10,0.608328,0.7063969999999999
Sampaio Corrêa / MA,9,0.706397,1.0
Santa Cruz / PE,9,0.293603,1.0
Avaí / SC,8,0.14011,0.14011
Ceará / CE,8,0.745524,0.745524
Boa / MG,8,0.055059,0.055059
Atlético / GO,8,0.059307,0.059307
Atlético / GO,7,0.221693,0.281
Boa / MG,7,0.230803,0.285862
Avaí / SC,7,0.446562,0.5866720000000001
Ceará / CE,7,0.100942,0.8464659999999999
Avaí / SC,6,0.269446,0.856118
Atlético / GO,6,0.344698,0.625698
Ceará / CE,6,0.115139,0.9616049999999999
Boa / MG,6,0.270717,0.5565789999999999
Ceará / CE,5,0.038395,1.0
Avaí / SC,5,0.143882,1.0
Atlético / GO,5,0.374302,1.0
Boa / MG,5,0.443421,1.0
América / MG,4,0.190644,0.190644
Vasco da Gama / RJ,4,0.809356,0.809356
América / MG,3,0.799274,0.9899180000000001
Vasco da Gama / RJ,3,0.190644,1.0
Joinville / SC,3,0.010082,0.010082
América / MG,2,0.010082,1.0
Joinville / SC,2,0.308853,0.31893499999999997
Ponte Preta / SP,2,0.681065,0.681065
Joinville / SC,1,0.681065,1.0
Ponte Preta / SP,1,0.318935,1.0
