Club,Position,Probability,Cumulative
América / MG,20,1.0,1.0
Santa Cruz / PE,19,1.0,1.0
Figueirense / SC,18,1.0,1.0
Sport / PE,17,0.156082,0.156082
Internacional / RS,17,0.839868,0.839868
Vitória / BA,17,0.00405,0.00405
Coritiba / PR,16,0.081287,0.081287
Vitória / BA,16,0.328148,0.332198
Internacional / RS,16,0.15491,0.9947779999999999
Sport / PE,16,0.435655,0.591737
Cruzeiro / MG,15,0.029912,0.029912
Vitória / BA,15,0.486349,0.8185469999999999
Sport / PE,15,0.189585,0.7813220000000001
Internacional / RS,15,0.005222,0.9999999999999999
Coritiba / PR,15,0.288932,0.370219
Cruzeiro / MG,14,0.182458,0.21237
Sport / PE,14,0.218678,1.0
Vitória / BA,14,0.135241,0.953788
Coritiba / PR,14,0.463623,0.833842
Cruzeiro / MG,13,0.484291,0.696661
São Paulo / SP,13,0.082172,0.082172
Coritiba / PR,13,0.166158,1.0
Vitória / BA,13,0.046212,1.0
Ponte Preta / SP,13,0.036627,0.036627
Fluminense / RJ,13,0.18454,0.18454
São Paulo / SP,12,0.262417,0.34458900000000003
Ponte Preta / SP,12,0.186767,0.22339399999999998
Fluminense / RJ,12,0.420138,0.604678
Chapecoense / SC,12,0.026604,0.026604
Cruzeiro / MG,12,0.104074,0.800735
São Paulo / SP,11,0.247884,0.592473
Chapecoense / SC,11,0.132602,0.159206
Fluminense / RJ,11,0.181991,0.7866690000000001
Ponte Preta / SP,11,0.304756,0.52815
Cruzeiro / MG,11,0.132767,0.933502
Grêmio / RS,10,0.03439,0.03439
Chapecoense / SC,10,0.285967,0.44517300000000004
Cruzeiro / MG,10,0.066498,1.0
Ponte Preta / SP,10,0.211295,0.739445
São Paulo / SP,10,0.249154,0.841627
Fluminense / RJ,10,0.152696,0.939365
São Paulo / SP,9,0.158373,1.0
Fluminense / RJ,9,0.060635,1.0
Chapecoense / SC,9,0.354099,0.799272
Ponte Preta / SP,9,0.174669,0.914114
Grêmio / RS,9,0.252224,0.286614
Grêmio / RS,8,0.625076,0.9116899999999999
Ponte Preta / SP,8,0.085886,1.0
Corinthians / SP,8,0.08831,0.08831
Chapecoense / SC,8,0.200728,1.0
Athletico Paranaense / PR,7,0.171031,0.171031
Corinthians / SP,7,0.530959,0.619269
Botafogo / RJ,7,0.2097,0.2097
Grêmio / RS,7,0.08831,0.9999999999999999
Corinthians / SP,6,0.188232,0.807501
Botafogo / RJ,6,0.438826,0.6485259999999999
Athletico Paranaense / PR,6,0.372942,0.543973
Botafogo / RJ,5,0.351474,1.0
Corinthians / SP,5,0.192499,1.0
Athletico Paranaense / PR,5,0.456027,1.0
Atlético / MG,4,1.0,1.0
Flamengo / RJ,3,0.44627,0.44627
Santos / SP,3,0.55373,0.55373
Flamengo / RJ,2,0.55373,1.0
Santos / SP,2,0.44627,1.0
Palmeiras / SP,1,1.0,1.0
