Club,Position,Probability,Cumulative
Vila Nova / GO,20,0.025275,0.025275
Portuguesa / SP,20,0.974725,0.974725
Portuguesa / SP,19,0.025275,1.0
Vila Nova / GO,19,0.974725,1.0
Icasa / CE,18,1.0,1.0
América / RN,17,0.325276,0.325276
Red Bull Bragantino / SP,17,0.596397,0.596397
Oeste / SP,17,0.078327,0.078327
Red Bull Bragantino / SP,16,0.224423,0.82082
América / RN,16,0.425739,0.751015
Oeste / SP,16,0.349838,0.42816499999999996
Red Bull Bragantino / SP,15,0.17918,1.0
América / RN,15,0.248985,1.0
Paraná / PR,15,2e-06,2e-06
Luverdense / MT,15,0.084291,0.084291
Oeste / SP,15,0.487542,0.9157069999999999
ABC / RN,14,0.082814,0.082814
Náutico / PE,14,0.050862,0.050862
Paraná / PR,14,0.228718,0.22872
Oeste / SP,14,0.084293,1.0
Luverdense / MT,14,0.553313,0.6376040000000001
Náutico / PE,13,0.248252,0.299114
Paraná / PR,13,0.364168,0.592888
Luverdense / MT,13,0.132996,0.7706000000000001
ABC / RN,13,0.254584,0.337398
ABC / RN,12,0.27003,0.607428
Paraná / PR,12,0.228407,0.821295
Náutico / PE,12,0.36638,0.665494
Luverdense / MT,12,0.135183,0.905783
Paraná / PR,11,0.178705,1.0
Santa Cruz / PE,11,0.057495,0.057495
Náutico / PE,11,0.277011,0.9425049999999999
ABC / RN,11,0.392572,1.0
Luverdense / MT,11,0.094217,1.0
Náutico / PE,10,0.057495,1.0
Santa Cruz / PE,10,0.568632,0.626127
Sampaio Corrêa / MA,10,0.373873,0.373873
Santa Cruz / PE,9,0.373873,1.0
Sampaio Corrêa / MA,9,0.626127,1.0
Boa / MG,8,0.041298,0.041298
Avaí / SC,8,0.22986,0.22986
Atlético / GO,8,0.167582,0.167582
Ceará / CE,8,0.56126,0.56126
Ceará / CE,7,0.159895,0.721155
Atlético / GO,7,0.331557,0.499139
Avaí / SC,7,0.376591,0.6064510000000001
Boa / MG,7,0.131957,0.173255
Avaí / SC,6,0.252958,0.8594090000000001
Boa / MG,6,0.211115,0.38437
Ceará / CE,6,0.220782,0.941937
Atlético / GO,6,0.315145,0.814284
Atlético / GO,5,0.185716,1.0
Ceará / CE,5,0.058063,1.0
Avaí / SC,5,0.140591,1.0
Boa / MG,5,0.61563,1.0
América / MG,4,0.255933,0.255933
Vasco da Gama / RJ,4,0.744067,0.744067
América / MG,3,0.738133,0.9940660000000001
Vasco da Gama / RJ,3,0.255933,1.0
Joinville / SC,3,0.005934,0.005934
América / MG,2,0.005934,1.0
Ponte Preta / SP,2,0.791125,0.791125
Joinville / SC,2,0.202941,0.208875
Joinville / SC,1,0.791125,1.0
Ponte Preta / SP,1,0.208875,1.0
