Club,Position,Probability,Cumulative
Avaí / SC,20,1.0,1.0
Chapecoense / SC,19,0.805671,0.805671
CSA / AL,19,0.194329,0.194329
CSA / AL,18,0.805671,1.0
Chapecoense / SC,18,0.194329,1.0
Cruzeiro / MG,17,0.930285,0.930285
Ceará / CE,17,0.069715,0.069715
Cruzeiro / MG,16,0.069715,1.0
Ceará / CE,16,0.930285,1.0
Botafogo / RJ,15,0.474161,0.474161
Fluminense / RJ,15,0.525839,0.525839
Fluminense / RJ,14,0.474161,1.0
Botafogo / RJ,14,0.525839,1.0
Fortaleza / CE,13,0.006868,0.006868
Vasco da Gama / RJ,13,0.379704,0.379704
Bahia / BA,13,0.093292,0.093292
Goiás / GO,13,0.032606,0.032606
Atlético / MG,13,0.48753,0.48753
Bahia / BA,12,0.276956,0.37024799999999997
Goiás / GO,12,0.214401,0.247007
Atlético / MG,12,0.275708,0.7632380000000001
Vasco da Gama / RJ,12,0.175144,0.554848
Fortaleza / CE,12,0.057791,0.06465900000000001
Fortaleza / CE,11,0.142347,0.20700600000000002
Bahia / BA,11,0.256143,0.6263909999999999
Goiás / GO,11,0.335864,0.582871
Atlético / MG,11,0.1023,0.865538
Vasco da Gama / RJ,11,0.163346,0.718194
Goiás / GO,10,0.254841,0.837712
Vasco da Gama / RJ,10,0.281806,1.0
Fortaleza / CE,10,0.180102,0.387108
Bahia / BA,10,0.14945,0.775841
Atlético / MG,10,0.133801,0.999339
Fortaleza / CE,9,0.612892,1.0
Goiás / GO,9,0.162288,1.0
Bahia / BA,9,0.224159,1.0
Atlético / MG,9,0.000661,1.0
Internacional / RS,8,0.743628,0.743628
Corinthians / SP,8,0.256372,0.256372
Corinthians / SP,7,0.743628,1.0
Internacional / RS,7,0.256372,1.0
São Paulo / SP,6,1.0,1.0
Athletico Paranaense / PR,5,0.803687,0.803687
Grêmio / RS,5,0.196313,0.196313
Athletico Paranaense / PR,4,0.196313,1.0
Grêmio / RS,4,0.803687,1.0
Santos / SP,3,0.318468,0.318468
Palmeiras / SP,3,0.681532,0.681532
Santos / SP,2,0.681532,1.0
Palmeiras / SP,2,0.318468,1.0
Flamengo / RJ,1,1.0,1.0
