Club,Position,Probability,Cumulative
Criciúma / SC,20,0.220023,0.220023
São Bento / SP,20,0.180177,0.180177
Londrina / PR,20,0.070754,0.070754
Vila Nova / GO,20,0.529046,0.529046
Londrina / PR,19,0.205907,0.276661
São Bento / SP,19,0.315296,0.49547300000000005
Vila Nova / GO,19,0.169606,0.698652
Criciúma / SC,19,0.309191,0.529214
Vila Nova / GO,18,0.190132,0.888784
São Bento / SP,18,0.281436,0.7769090000000001
Criciúma / SC,18,0.257139,0.786353
Londrina / PR,18,0.271293,0.547954
Vila Nova / GO,17,0.111216,1.0
São Bento / SP,17,0.223091,1.0
Criciúma / SC,17,0.213647,1.0
Londrina / PR,17,0.452046,1.0
Figueirense / SC,16,0.609828,0.609828
Oeste / SP,16,0.390172,0.390172
Oeste / SP,15,0.609828,1.0
Ponte Preta / SP,15,0.043223,0.043223
Brasil / RS,15,0.030461,0.030461
Guarani / SP,15,0.008334,0.008334
Figueirense / SC,15,0.308154,0.9179820000000001
Vitória / BA,14,0.017616,0.017616
Figueirense / SC,14,0.010047,0.928029
Guarani / SP,14,0.116321,0.12465499999999999
Ponte Preta / SP,14,0.49216,0.5353829999999999
Brasil / RS,14,0.363856,0.39431700000000003
Guarani / SP,13,0.271429,0.396084
Figueirense / SC,13,0.031992,0.960021
Brasil / RS,13,0.282824,0.677141
Vitória / BA,13,0.292057,0.30967300000000003
Ponte Preta / SP,13,0.121698,0.657081
Ponte Preta / SP,12,0.159393,0.816474
Vitória / BA,12,0.367645,0.6773180000000001
Guarani / SP,12,0.242712,0.6387959999999999
Figueirense / SC,12,0.03064,0.990661
Brasil / RS,12,0.19961,0.8767510000000001
Ponte Preta / SP,11,0.183526,1.0
Figueirense / SC,11,0.009339,1.0
Brasil / RS,11,0.123249,1.0
Vitória / BA,11,0.322682,1.0
Guarani / SP,11,0.361204,1.0
Cuiabá / MT,10,0.164319,0.164319
Botafogo / SP,10,0.284569,0.284569
Operário / PR,10,0.551112,0.551112
Cuiabá / MT,9,0.203584,0.367903
Botafogo / SP,9,0.481355,0.765924
Operário / PR,9,0.315061,0.8661730000000001
Paraná / PR,8,0.048059,0.048059
Botafogo / SP,8,0.234076,1.0
Operário / PR,8,0.133827,1.0
Cuiabá / MT,8,0.584038,0.9519409999999999
CRB / AL,7,0.508972,0.508972
Paraná / PR,7,0.442969,0.491028
Cuiabá / MT,7,0.048059,0.9999999999999999
CRB / AL,6,0.491028,1.0
Paraná / PR,6,0.508972,1.0
Coritiba / PR,5,0.020751,0.020751
Atlético / GO,5,0.772991,0.772991
América / MG,5,0.206258,0.206258
Atlético / GO,4,0.20618,0.979171
América / MG,4,0.53524,0.741498
Coritiba / PR,4,0.25858,0.279331
Atlético / GO,3,0.020829,1.0
Coritiba / PR,3,0.720669,1.0
América / MG,3,0.258502,1.0
Sport / PE,2,1.0,1.0
Red Bull Bragantino / SP,1,1.0,1.0
