Club,Position,Probability,Cumulative
Joinville / SC,20,1.0,1.0
Vasco da Gama / RJ,19,0.172739,0.172739
Avaí / SC,19,0.0169,0.0169
Figueirense / SC,19,0.087075,0.087075
Goiás / GO,19,0.723286,0.723286
Figueirense / SC,18,0.329742,0.416817
Avaí / SC,18,0.143084,0.159984
Goiás / GO,18,0.042882,0.766168
Vasco da Gama / RJ,18,0.484292,0.657031
Avaí / SC,17,0.396942,0.556926
Vasco da Gama / RJ,17,0.182692,0.839723
Figueirense / SC,17,0.29745,0.714267
Goiás / GO,17,0.121488,0.887656
Coritiba / PR,17,0.001428,0.001428
Figueirense / SC,16,0.269459,0.983726
Vasco da Gama / RJ,16,0.160277,1.0
Avaí / SC,16,0.395013,0.9519390000000001
Coritiba / PR,16,0.062907,0.064335
Goiás / GO,16,0.112344,1.0
Figueirense / SC,15,0.016274,1.0
Avaí / SC,15,0.048061,1.0
Coritiba / PR,15,0.935665,1.0
Flamengo / RJ,14,0.047376,0.047376
Fluminense / RJ,14,0.222091,0.222091
Chapecoense / SC,14,0.730533,0.730533
Fluminense / RJ,13,0.423868,0.6459590000000001
Palmeiras / SP,13,0.117811,0.117811
Chapecoense / SC,13,0.200091,0.930624
Flamengo / RJ,13,0.25823,0.30560600000000004
Fluminense / RJ,12,0.354041,1.0
Palmeiras / SP,12,0.172296,0.290107
Chapecoense / SC,12,0.069376,1.0
Flamengo / RJ,12,0.404287,0.709893
Ponte Preta / SP,11,0.547671,0.547671
Flamengo / RJ,11,0.022881,0.732774
Athletico Paranaense / PR,11,0.321134,0.321134
Palmeiras / SP,11,0.108314,0.398421
Athletico Paranaense / PR,10,0.360037,0.681171
Ponte Preta / SP,10,0.216095,0.7637660000000001
Flamengo / RJ,10,0.117024,0.849798
Palmeiras / SP,10,0.306844,0.705265
Palmeiras / SP,9,0.294735,1.0
Ponte Preta / SP,9,0.236234,1.0
Athletico Paranaense / PR,9,0.318829,1.0
Flamengo / RJ,9,0.150202,1.0
Cruzeiro / MG,8,0.431867,0.431867
Internacional / RS,8,0.080221,0.080221
Sport / PE,8,0.20595,0.20595
Santos / SP,8,0.281962,0.281962
Sport / PE,7,0.254274,0.46022399999999997
Santos / SP,7,0.265719,0.547681
Internacional / RS,7,0.265816,0.346037
Cruzeiro / MG,7,0.214191,0.646058
Sport / PE,6,0.223967,0.684191
Internacional / RS,6,0.290455,0.6364920000000001
Santos / SP,6,0.258611,0.806292
Cruzeiro / MG,6,0.226967,0.8730249999999999
Sport / PE,5,0.315809,1.0
Cruzeiro / MG,5,0.126975,1.0
Internacional / RS,5,0.28959,0.9260820000000001
Santos / SP,5,0.193708,1.0
São Paulo / SP,5,0.073918,0.073918
Internacional / RS,4,0.073918,1.0
São Paulo / SP,4,0.926082,1.0
Grêmio / RS,3,0.710553,0.710553
Atlético / MG,3,0.289447,0.289447
Grêmio / RS,2,0.289447,1.0
Atlético / MG,2,0.710553,1.0
Corinthians / SP,1,1.0,1.0
