Club,Position,Probability,Cumulative
América / MG,20,1.0,1.0
Santa Cruz / PE,19,1.0,1.0
Figueirense / SC,18,1.0,1.0
Sport / PE,17,0.028461,0.028461
Internacional / RS,17,0.970843,0.970843
Vitória / BA,17,0.000696,0.000696
Coritiba / PR,16,0.208871,0.208871
Vitória / BA,16,0.380055,0.38075099999999995
Internacional / RS,16,0.028758,0.999601
Sport / PE,16,0.382316,0.410777
Cruzeiro / MG,15,0.018147,0.018147
Vitória / BA,15,0.338222,0.718973
Sport / PE,15,0.234111,0.644888
Internacional / RS,15,0.000399,1.0
Coritiba / PR,15,0.409121,0.617992
Cruzeiro / MG,14,0.115282,0.133429
Sport / PE,14,0.355112,1.0
Vitória / BA,14,0.212754,0.931727
Coritiba / PR,14,0.316852,0.934844
Cruzeiro / MG,13,0.515877,0.649306
São Paulo / SP,13,0.097983,0.097983
Coritiba / PR,13,0.065156,1.0
Vitória / BA,13,0.068273,1.0
Ponte Preta / SP,13,0.070043,0.070043
Fluminense / RJ,13,0.182668,0.182668
São Paulo / SP,12,0.190611,0.288594
Ponte Preta / SP,12,0.208941,0.278984
Fluminense / RJ,12,0.378074,0.5607420000000001
Chapecoense / SC,12,0.0542,0.0542
Cruzeiro / MG,12,0.168174,0.81748
São Paulo / SP,11,0.266824,0.555418
Chapecoense / SC,11,0.143724,0.197924
Fluminense / RJ,11,0.251996,0.812738
Ponte Preta / SP,11,0.193926,0.47290999999999994
Cruzeiro / MG,11,0.14353,0.96101
Grêmio / RS,10,0.036087,0.036087
Chapecoense / SC,10,0.240167,0.438091
Cruzeiro / MG,10,0.03899,1.0
Ponte Preta / SP,10,0.206289,0.679199
São Paulo / SP,10,0.325591,0.8810089999999999
Fluminense / RJ,10,0.152876,0.965614
São Paulo / SP,9,0.118991,1.0
Fluminense / RJ,9,0.034386,1.0
Chapecoense / SC,9,0.364721,0.802812
Ponte Preta / SP,9,0.265887,0.945086
Grêmio / RS,9,0.216015,0.252102
Grêmio / RS,8,0.540189,0.7922910000000001
Ponte Preta / SP,8,0.054914,1.0
Corinthians / SP,8,0.207709,0.207709
Chapecoense / SC,8,0.197188,1.0
Athletico Paranaense / PR,7,0.047563,0.047563
Corinthians / SP,7,0.510698,0.718407
Botafogo / RJ,7,0.23403,0.23403
Grêmio / RS,7,0.207709,1.0
Corinthians / SP,6,0.144587,0.862994
Botafogo / RJ,6,0.627147,0.861177
Athletico Paranaense / PR,6,0.228266,0.275829
Botafogo / RJ,5,0.138823,1.0
Corinthians / SP,5,0.137006,1.0
Athletico Paranaense / PR,5,0.724171,1.0
Atlético / MG,4,1.0,1.0
Flamengo / RJ,3,0.714126,0.714126
Santos / SP,3,0.285874,0.285874
Flamengo / RJ,2,0.285874,1.0
Santos / SP,2,0.714126,1.0
Palmeiras / SP,1,1.0,1.0
