Club,Position,Probability,Cumulative
ASA / AL,20,1.0,1.0
São Caetano / SP,19,0.723006,0.723006
Paysandu / PA,19,0.276994,0.276994
São Caetano / SP,18,0.276994,1.0
Paysandu / PA,18,0.551167,0.8281609999999999
Guaratinguetá / SP,18,0.083502,0.083502
Atlético / GO,18,0.088337,0.088337
Paysandu / PA,17,0.17173,0.9998909999999999
Guaratinguetá / SP,17,0.266766,0.350268
Atlético / GO,17,0.561504,0.649841
Atlético / GO,16,0.350159,1.0
Paysandu / PA,16,0.000109,0.9999999999999999
Guaratinguetá / SP,16,0.649732,1.0
América / RN,15,0.163422,0.163422
ABC / RN,15,0.300121,0.300121
Oeste / SP,15,0.536457,0.536457
ABC / RN,14,0.482041,0.782162
Red Bull Bragantino / SP,14,0.162164,0.162164
Oeste / SP,14,0.152975,0.6894319999999999
América / RN,14,0.20282,0.366242
ABC / RN,13,0.11193,0.894092
América / RN,13,0.244295,0.610537
Red Bull Bragantino / SP,13,0.517292,0.679456
Oeste / SP,13,0.126483,0.815915
Red Bull Bragantino / SP,12,0.320544,1.0
Oeste / SP,12,0.184085,1.0
América / RN,12,0.389463,1.0
ABC / RN,12,0.105908,1.0
Boa / MG,11,1.0,1.0
América / MG,10,0.050515,0.050515
Avaí / SC,10,0.718687,0.718687
Paraná / PR,10,0.230772,0.230772
Joinville / SC,10,2.6e-05,2.6e-05
Paraná / PR,9,0.385412,0.616184
Avaí / SC,9,0.224978,0.943665
Joinville / SC,9,0.196077,0.196103
América / MG,9,0.193533,0.24404800000000001
Joinville / SC,8,0.320681,0.516784
América / MG,8,0.385853,0.629901
Avaí / SC,8,0.056325,0.9999899999999999
Paraná / PR,8,0.237141,0.8533249999999999
Joinville / SC,7,0.113577,0.6303610000000001
Ceará / CE,7,0.369639,0.369639
América / MG,7,0.370099,1.0
Avaí / SC,7,1e-05,1.0
Paraná / PR,7,0.146675,1.0
Figueirense / SC,6,0.116871,0.116871
Ceará / CE,6,0.14341,0.513049
Joinville / SC,6,0.369639,1.0
Icasa / CE,6,0.37008,0.37008
Figueirense / SC,5,0.251896,0.368767
Ceará / CE,5,0.305931,0.81898
Icasa / CE,5,0.442173,0.812253
Icasa / CE,4,0.187747,1.0
Figueirense / SC,4,0.631233,1.0
Ceará / CE,4,0.18102,1.0
Sport / PE,3,1.0,1.0
Chapecoense / SC,2,1.0,1.0
Palmeiras / SP,1,1.0,1.0
