Club,Position,Probability,Cumulative
ASA / AL,20,1.0,1.0
São Caetano / SP,19,0.73063,0.73063
Paysandu / PA,19,0.26937,0.26937
São Caetano / SP,18,0.26937,1.0
Paysandu / PA,18,0.643246,0.912616
Guaratinguetá / SP,18,0.057161,0.057161
Atlético / GO,18,0.030223,0.030223
Paysandu / PA,17,0.087378,0.9999939999999999
Guaratinguetá / SP,17,0.397649,0.45481
Atlético / GO,17,0.514973,0.545196
Atlético / GO,16,0.454804,1.0
Paysandu / PA,16,6e-06,1.0
Guaratinguetá / SP,16,0.54519,1.0
América / RN,15,0.083736,0.083736
ABC / RN,15,0.304273,0.304273
Oeste / SP,15,0.611991,0.611991
ABC / RN,14,0.584964,0.889237
Red Bull Bragantino / SP,14,0.073048,0.073048
Oeste / SP,14,0.172464,0.7844549999999999
América / RN,14,0.169524,0.25326000000000004
ABC / RN,13,0.071219,0.9604560000000001
América / RN,13,0.375947,0.629207
Red Bull Bragantino / SP,13,0.452113,0.525161
Oeste / SP,13,0.100721,0.885176
Red Bull Bragantino / SP,12,0.474839,1.0
Oeste / SP,12,0.114824,1.0
América / RN,12,0.370793,1.0
ABC / RN,12,0.039544,1.0
Boa / MG,11,1.0,1.0
América / MG,10,0.052622,0.052622
Avaí / SC,10,0.738621,0.738621
Paraná / PR,10,0.208629,0.208629
Joinville / SC,10,0.000128,0.000128
Paraná / PR,9,0.243535,0.452164
Avaí / SC,9,0.231968,0.9705889999999999
Joinville / SC,9,0.38602,0.386148
América / MG,9,0.138477,0.191099
Joinville / SC,8,0.323493,0.709641
América / MG,8,0.28091,0.472009
Avaí / SC,8,0.029398,0.999987
Paraná / PR,8,0.366199,0.818363
Joinville / SC,7,0.059965,0.769606
Ceará / CE,7,0.230394,0.230394
América / MG,7,0.527991,1.0
Avaí / SC,7,1.3e-05,1.0
Paraná / PR,7,0.181637,1.0
Figueirense / SC,6,0.133631,0.133631
Ceará / CE,6,0.076536,0.30693
Joinville / SC,6,0.230394,1.0
Icasa / CE,6,0.559439,0.559439
Figueirense / SC,5,0.37677,0.510401
Ceará / CE,5,0.322178,0.629108
Icasa / CE,5,0.301052,0.860491
Icasa / CE,4,0.139509,1.0
Figueirense / SC,4,0.489599,1.0
Ceará / CE,4,0.370892,1.0
Sport / PE,3,1.0,1.0
Chapecoense / SC,2,1.0,1.0
Palmeiras / SP,1,1.0,1.0
