Club,Position,Probability,Cumulative
Vila Nova / GO,20,0.021317,0.021317
Portuguesa / SP,20,0.978683,0.978683
Vila Nova / GO,19,0.978683,1.0
Portuguesa / SP,19,0.021317,1.0
Icasa / CE,18,1.0,1.0
Oeste / SP,17,0.023776,0.023776
América / RN,17,0.270924,0.270924
Red Bull Bragantino / SP,17,0.7053,0.7053
América / RN,16,0.594042,0.8649659999999999
Red Bull Bragantino / SP,16,0.216901,0.922201
Oeste / SP,16,0.189057,0.212833
América / RN,15,0.135034,0.9999999999999999
Red Bull Bragantino / SP,15,0.077799,1.0
Paraná / PR,15,3.9e-05,3.9e-05
Oeste / SP,15,0.668539,0.881372
Luverdense / MT,15,0.118589,0.118589
Paraná / PR,14,0.300611,0.30065000000000003
Oeste / SP,14,0.118616,0.9999880000000001
Náutico / PE,14,0.130531,0.130531
Luverdense / MT,14,0.351472,0.470061
ABC / RN,14,0.09877,0.09877
Luverdense / MT,13,0.199257,0.669318
ABC / RN,13,0.192337,0.291107
Paraná / PR,13,0.27131,0.57196
Oeste / SP,13,1.2e-05,1.0
Náutico / PE,13,0.337084,0.467615
Paraná / PR,12,0.258186,0.830146
Náutico / PE,12,0.264946,0.732561
ABC / RN,12,0.249981,0.541088
Luverdense / MT,12,0.226887,0.896205
Paraná / PR,11,0.169854,1.0
Náutico / PE,11,0.16106,0.893621
ABC / RN,11,0.458912,1.0
Luverdense / MT,11,0.103795,1.0
Santa Cruz / PE,11,0.106379,0.106379
Náutico / PE,10,0.106379,1.0
Sampaio Corrêa / MA,10,0.288943,0.288943
Santa Cruz / PE,10,0.604678,0.711057
Sampaio Corrêa / MA,9,0.711057,1.0
Santa Cruz / PE,9,0.288943,1.0
Avaí / SC,8,0.136473,0.136473
Ceará / CE,8,0.7492,0.7492
Boa / MG,8,0.053285,0.053285
Atlético / GO,8,0.061042,0.061042
Atlético / GO,7,0.223823,0.284865
Boa / MG,7,0.229385,0.28267
Avaí / SC,7,0.444882,0.5813550000000001
Ceará / CE,7,0.10191,0.85111
Avaí / SC,6,0.275325,0.85668
Atlético / GO,6,0.34157,0.626435
Ceará / CE,6,0.112152,0.963262
Boa / MG,6,0.270953,0.553623
Ceará / CE,5,0.036738,1.0
Avaí / SC,5,0.14332,1.0
Atlético / GO,5,0.373565,1.0
Boa / MG,5,0.446377,1.0
América / MG,4,0.188853,0.188853
Vasco da Gama / RJ,4,0.811147,0.811147
América / MG,3,0.799183,0.9880359999999999
Vasco da Gama / RJ,3,0.188853,1.0
Joinville / SC,3,0.011964,0.011964
América / MG,2,0.011964,0.9999999999999999
Joinville / SC,2,0.309641,0.321605
Ponte Preta / SP,2,0.678395,0.678395
Joinville / SC,1,0.678395,1.0
Ponte Preta / SP,1,0.321605,1.0
