Club,Position,Probability,Cumulative
Botafogo / RJ,20,0.037027,0.037027
Criciúma / SC,20,0.962973,0.962973
Botafogo / RJ,19,0.962973,1.0
Criciúma / SC,19,0.037027,1.0
Bahia / BA,18,0.858448,0.858448
Palmeiras / SP,18,0.026196,0.026196
Vitória / BA,18,0.115356,0.115356
Bahia / BA,17,0.090579,0.949027
Vitória / BA,17,0.647943,0.7632990000000001
Palmeiras / SP,17,0.261478,0.287674
Bahia / BA,16,0.050973,1.0
Vitória / BA,16,0.236701,1.0
Palmeiras / SP,16,0.712326,1.0
Goiás / GO,15,0.096762,0.096762
Chapecoense / SC,15,0.841259,0.841259
Coritiba / PR,15,0.061979,0.061979
Goiás / GO,14,0.134121,0.230883
Chapecoense / SC,14,0.097919,0.939178
Coritiba / PR,14,0.76796,0.829939
Figueirense / SC,13,0.180518,0.180518
Goiás / GO,13,0.588599,0.819482
Coritiba / PR,13,0.170061,1.0
Chapecoense / SC,13,0.060822,1.0
Goiás / GO,12,0.180518,1.0
Figueirense / SC,12,0.500391,0.680909
Sport / PE,12,0.319091,0.319091
Sport / PE,11,0.465643,0.784734
Santos / SP,11,0.113456,0.113456
Flamengo / RJ,11,0.10181,0.10181
Figueirense / SC,11,0.319091,1.0
Sport / PE,10,0.120474,0.905208
Santos / SP,10,0.412967,0.526423
Flamengo / RJ,10,0.450779,0.552589
Athletico Paranaense / PR,10,0.01578,0.01578
Athletico Paranaense / PR,9,0.133632,0.149412
Flamengo / RJ,9,0.398215,0.950804
Santos / SP,9,0.373361,0.8997839999999999
Sport / PE,9,0.094792,1.0
Santos / SP,8,0.100216,1.0
Athletico Paranaense / PR,8,0.850588,1.0
Flamengo / RJ,8,0.049196,1.0
Atlético / MG,7,0.302807,0.302807
Fluminense / RJ,7,0.277244,0.277244
Grêmio / RS,7,0.419949,0.419949
Atlético / MG,6,0.319594,0.622401
Fluminense / RJ,6,0.360825,0.638069
Grêmio / RS,6,0.319581,0.73953
Atlético / MG,5,0.377599,1.0
Fluminense / RJ,5,0.361931,1.0
Grêmio / RS,5,0.26047,1.0
Corinthians / SP,4,0.365079,0.365079
Internacional / RS,4,0.634921,0.634921
Corinthians / SP,3,0.634921,1.0
Internacional / RS,3,0.365079,1.0
São Paulo / SP,2,1.0,1.0
Cruzeiro / MG,1,1.0,1.0
