Club,Position,Probability,Cumulative
América / MG,20,1.0,1.0
Santa Cruz / PE,19,1.0,1.0
Figueirense / SC,18,1.0,1.0
Sport / PE,17,0.119038,0.119038
Internacional / RS,17,0.876839,0.876839
Vitória / BA,17,0.004123,0.004123
Coritiba / PR,16,0.081559,0.081559
Vitória / BA,16,0.346857,0.35098
Internacional / RS,16,0.118626,0.995465
Sport / PE,16,0.452958,0.5719960000000001
Cruzeiro / MG,15,0.030798,0.030798
Vitória / BA,15,0.472716,0.823696
Sport / PE,15,0.2012,0.773196
Internacional / RS,15,0.004535,1.0
Coritiba / PR,15,0.290751,0.37231
Cruzeiro / MG,14,0.18401,0.214808
Sport / PE,14,0.226804,1.0
Vitória / BA,14,0.130095,0.953791
Coritiba / PR,14,0.459091,0.8314010000000001
Cruzeiro / MG,13,0.490594,0.705402
São Paulo / SP,13,0.080521,0.080521
Coritiba / PR,13,0.168599,1.0
Vitória / BA,13,0.046209,1.0
Ponte Preta / SP,13,0.030656,0.030656
Fluminense / RJ,13,0.183421,0.183421
São Paulo / SP,12,0.259392,0.339913
Ponte Preta / SP,12,0.173918,0.20457399999999998
Fluminense / RJ,12,0.457548,0.640969
Chapecoense / SC,12,0.02224,0.02224
Cruzeiro / MG,12,0.086902,0.792304
São Paulo / SP,11,0.247265,0.587178
Chapecoense / SC,11,0.123126,0.145366
Fluminense / RJ,11,0.18263,0.823599
Ponte Preta / SP,11,0.311809,0.516383
Cruzeiro / MG,11,0.13517,0.9274739999999999
Grêmio / RS,10,0.032954,0.032954
Chapecoense / SC,10,0.292592,0.437958
Cruzeiro / MG,10,0.072526,1.0
Ponte Preta / SP,10,0.225063,0.741446
São Paulo / SP,10,0.250764,0.837942
Fluminense / RJ,10,0.126101,0.9497
São Paulo / SP,9,0.162058,1.0
Fluminense / RJ,9,0.0503,1.0
Chapecoense / SC,9,0.367734,0.8056920000000001
Ponte Preta / SP,9,0.174426,0.915872
Grêmio / RS,9,0.245482,0.278436
Grêmio / RS,8,0.630133,0.9085690000000001
Ponte Preta / SP,8,0.084128,1.0
Corinthians / SP,8,0.091431,0.091431
Chapecoense / SC,8,0.194308,1.0
Athletico Paranaense / PR,7,0.171429,0.171429
Corinthians / SP,7,0.523927,0.6153580000000001
Botafogo / RJ,7,0.213213,0.213213
Grêmio / RS,7,0.091431,1.0
Corinthians / SP,6,0.183396,0.7987540000000001
Botafogo / RJ,6,0.431222,0.644435
Athletico Paranaense / PR,6,0.385382,0.556811
Botafogo / RJ,5,0.355565,1.0
Corinthians / SP,5,0.201246,1.0
Athletico Paranaense / PR,5,0.443189,1.0
Atlético / MG,4,1.0,1.0
Flamengo / RJ,3,0.461401,0.461401
Santos / SP,3,0.538599,0.538599
Flamengo / RJ,2,0.538599,1.0
Santos / SP,2,0.461401,1.0
Palmeiras / SP,1,1.0,1.0
