Club,Position,Probability,Cumulative
ABC / RN,20,0.102469,0.102469
Santa Cruz / PE,20,0.057586,0.057586
Náutico / PE,20,0.839945,0.839945
Santa Cruz / PE,19,0.368594,0.42618
Náutico / PE,19,0.074889,0.914834
ABC / RN,19,0.556517,0.6589860000000001
ABC / RN,18,0.341014,1.0
Santa Cruz / PE,18,0.57382,1.0
Náutico / PE,18,0.085166,1.0
Luverdense / MT,17,1.0,1.0
Goiás / GO,16,0.229429,0.229429
CRB / AL,16,0.011512,0.011512
Figueirense / SC,16,0.01923,0.01923
Guarani / SP,16,0.739829,0.739829
Goiás / GO,15,0.534682,0.764111
Guarani / SP,15,0.152463,0.892292
Figueirense / SC,15,0.164491,0.183721
CRB / AL,15,0.148364,0.159876
Guarani / SP,14,0.054318,0.94661
Criciúma / SC,14,0.018827,0.018827
Figueirense / SC,14,0.362089,0.54581
Goiás / GO,14,0.1371,0.901211
CRB / AL,14,0.427666,0.587542
Criciúma / SC,13,0.196056,0.21488300000000002
Guarani / SP,13,0.05339,1.0
Figueirense / SC,13,0.292985,0.838795
CRB / AL,13,0.35878,0.946322
Goiás / GO,13,0.098789,1.0
Brasil / RS,12,0.112766,0.112766
Criciúma / SC,12,0.421564,0.636447
Figueirense / SC,12,0.161205,1.0
Paysandu / PA,12,0.168459,0.168459
CRB / AL,12,0.053678,1.0
Boa / MG,12,0.082328,0.082328
Brasil / RS,11,0.095048,0.207814
Juventude / RS,11,0.004891,0.004891
Paysandu / PA,11,0.244824,0.413283
Boa / MG,11,0.505393,0.5877209999999999
Criciúma / SC,11,0.149844,0.7862910000000001
Brasil / RS,10,0.15885,0.366664
Paysandu / PA,10,0.295366,0.7086490000000001
Criciúma / SC,10,0.112285,0.898576
Boa / MG,10,0.325766,0.9134869999999999
Juventude / RS,10,0.107733,0.112624
Brasil / RS,9,0.421092,0.787756
Paysandu / PA,9,0.206796,0.9154450000000001
Juventude / RS,9,0.215221,0.327845
Criciúma / SC,9,0.092956,0.9915320000000001
Boa / MG,9,0.063935,0.9774219999999999
Boa / MG,8,0.022578,1.0
Paysandu / PA,8,0.084555,1.0
Criciúma / SC,8,0.008468,1.0
Brasil / RS,8,0.212244,1.0
Juventude / RS,8,0.672155,1.0
Londrina / PR,7,0.318306,0.318306
Oeste / SP,7,0.234096,0.234096
Vila Nova / GO,7,0.447598,0.447598
Oeste / SP,6,0.566638,0.800734
Londrina / PR,6,0.33083,0.6491359999999999
Vila Nova / GO,6,0.102532,0.55013
Oeste / SP,5,0.199266,1.0
Londrina / PR,5,0.350864,1.0
Vila Nova / GO,5,0.44987,1.0
Paraná / PR,4,0.741781,0.741781
Ceará / CE,4,0.258219,0.258219
Paraná / PR,3,0.258219,1.0
Ceará / CE,3,0.741781,1.0
América / MG,2,0.23297,0.23297
Internacional / RS,2,0.76703,0.76703
Internacional / RS,1,0.23297,1.0
América / MG,1,0.76703,1.0
