Club,Position,Probability,Cumulative
Avaí / SC,20,1.0,1.0
Chapecoense / SC,19,0.759321,0.759321
CSA / AL,19,0.240679,0.240679
CSA / AL,18,0.759321,1.0
Chapecoense / SC,18,0.240679,1.0
Cruzeiro / MG,17,0.913487,0.913487
Ceará / CE,17,0.086513,0.086513
Cruzeiro / MG,16,0.086513,1.0
Ceará / CE,16,0.913487,1.0
Botafogo / RJ,15,0.397591,0.397591
Fluminense / RJ,15,0.602409,0.602409
Fluminense / RJ,14,0.397591,1.0
Botafogo / RJ,14,0.602409,1.0
Fortaleza / CE,13,0.005236,0.005236
Vasco da Gama / RJ,13,0.450053,0.450053
Bahia / BA,13,0.086872,0.086872
Goiás / GO,13,0.027692,0.027692
Atlético / MG,13,0.430147,0.430147
Bahia / BA,12,0.279162,0.366034
Goiás / GO,12,0.187884,0.215576
Atlético / MG,12,0.308927,0.739074
Vasco da Gama / RJ,12,0.177316,0.627369
Fortaleza / CE,12,0.046711,0.051947
Fortaleza / CE,11,0.126804,0.178751
Bahia / BA,11,0.27361,0.6396440000000001
Goiás / GO,11,0.346522,0.562098
Atlético / MG,11,0.117411,0.856485
Vasco da Gama / RJ,11,0.135653,0.763022
Goiás / GO,10,0.286077,0.848175
Vasco da Gama / RJ,10,0.236978,1.0
Fortaleza / CE,10,0.186177,0.36492800000000003
Bahia / BA,10,0.147885,0.787529
Atlético / MG,10,0.142883,0.999368
Fortaleza / CE,9,0.635072,1.0
Goiás / GO,9,0.151825,1.0
Bahia / BA,9,0.212471,1.0
Atlético / MG,9,0.000632,1.0
Internacional / RS,8,0.793366,0.793366
Corinthians / SP,8,0.206634,0.206634
Corinthians / SP,7,0.793366,1.0
Internacional / RS,7,0.206634,1.0
São Paulo / SP,6,1.0,1.0
Athletico Paranaense / PR,5,0.814084,0.814084
Grêmio / RS,5,0.185916,0.185916
Athletico Paranaense / PR,4,0.185916,1.0
Grêmio / RS,4,0.814084,1.0
Santos / SP,3,0.434621,0.434621
Palmeiras / SP,3,0.565379,0.565379
Santos / SP,2,0.565379,1.0
Palmeiras / SP,2,0.434621,1.0
Flamengo / RJ,1,1.0,1.0
