Club,Position,Probability,Cumulative
ASA / AL,20,1.0,1.0
São Caetano / SP,19,0.812899,0.812899
Paysandu / PA,19,0.187101,0.187101
São Caetano / SP,18,0.187101,1.0
Paysandu / PA,18,0.732665,0.919766
Guaratinguetá / SP,18,0.052478,0.052478
Atlético / GO,18,0.027756,0.027756
Paysandu / PA,17,0.080226,0.999992
Guaratinguetá / SP,17,0.436756,0.48923399999999995
Atlético / GO,17,0.483018,0.510774
Atlético / GO,16,0.489226,1.0
Paysandu / PA,16,8e-06,1.0
Guaratinguetá / SP,16,0.510766,1.0
América / RN,15,0.088205,0.088205
ABC / RN,15,0.381897,0.381897
Oeste / SP,15,0.529898,0.529898
ABC / RN,14,0.531949,0.9138459999999999
Red Bull Bragantino / SP,14,0.058013,0.058013
Oeste / SP,14,0.18177,0.711668
América / RN,14,0.228268,0.316473
ABC / RN,13,0.050622,0.9644679999999999
América / RN,13,0.32075,0.637223
Red Bull Bragantino / SP,13,0.51118,0.569193
Oeste / SP,13,0.117448,0.829116
Red Bull Bragantino / SP,12,0.430807,1.0
Oeste / SP,12,0.170884,1.0
América / RN,12,0.362777,1.0
ABC / RN,12,0.035532,0.9999999999999999
Boa / MG,11,1.0,1.0
América / MG,10,0.025263,0.025263
Avaí / SC,10,0.791912,0.791912
Paraná / PR,10,0.182742,0.182742
Joinville / SC,10,8.3e-05,8.3e-05
Paraná / PR,9,0.352903,0.535645
Avaí / SC,9,0.18903,0.980942
Joinville / SC,9,0.350418,0.350501
América / MG,9,0.107649,0.132912
Joinville / SC,8,0.332224,0.682725
América / MG,8,0.307759,0.44067100000000003
Avaí / SC,8,0.019047,0.9999889999999999
Paraná / PR,8,0.34097,0.8766149999999999
Joinville / SC,7,0.05156,0.7342850000000001
Ceará / CE,7,0.265715,0.265715
América / MG,7,0.559329,1.0
Avaí / SC,7,1.1e-05,1.0
Paraná / PR,7,0.123385,1.0
Figueirense / SC,6,0.13608,0.13608
Ceará / CE,6,0.08669,0.35240499999999997
Joinville / SC,6,0.265715,1.0
Icasa / CE,6,0.511515,0.511515
Figueirense / SC,5,0.349688,0.485768
Ceará / CE,5,0.308084,0.660489
Icasa / CE,5,0.342228,0.853743
Icasa / CE,4,0.146257,1.0
Figueirense / SC,4,0.514232,1.0
Ceará / CE,4,0.339511,1.0
Sport / PE,3,1.0,1.0
Chapecoense / SC,2,1.0,1.0
Palmeiras / SP,1,1.0,1.0
