Club,Position,Probability,Cumulative
ASA / AL,20,1.0,1.0
São Caetano / SP,19,0.73164,0.73164
Paysandu / PA,19,0.26836,0.26836
São Caetano / SP,18,0.26836,1.0
Paysandu / PA,18,0.623161,0.891521
Guaratinguetá / SP,18,0.065606,0.065606
Atlético / GO,18,0.042873,0.042873
Paysandu / PA,17,0.108465,0.9999859999999999
Guaratinguetá / SP,17,0.374667,0.44027299999999997
Atlético / GO,17,0.516868,0.559741
Atlético / GO,16,0.440259,1.0
Paysandu / PA,16,1.4e-05,0.9999999999999999
Guaratinguetá / SP,16,0.559727,1.0
América / RN,15,0.097167,0.097167
ABC / RN,15,0.377473,0.377473
Oeste / SP,15,0.52536,0.52536
ABC / RN,14,0.541642,0.9191149999999999
Red Bull Bragantino / SP,14,0.056187,0.056187
Oeste / SP,14,0.175043,0.7004030000000001
América / RN,14,0.227128,0.324295
ABC / RN,13,0.046414,0.9655289999999999
América / RN,13,0.300421,0.624716
Red Bull Bragantino / SP,13,0.538729,0.594916
Oeste / SP,13,0.114436,0.8148390000000001
Red Bull Bragantino / SP,12,0.405084,1.0
Oeste / SP,12,0.185161,1.0
América / RN,12,0.375284,1.0
ABC / RN,12,0.034471,0.9999999999999999
Boa / MG,11,1.0,1.0
América / MG,10,0.031873,0.031873
Avaí / SC,10,0.730466,0.730466
Paraná / PR,10,0.236989,0.236989
Joinville / SC,10,0.000672,0.000672
Paraná / PR,9,0.26392,0.500909
Avaí / SC,9,0.246075,0.9765409999999999
Joinville / SC,9,0.390624,0.39129600000000003
América / MG,9,0.099381,0.13125399999999998
Joinville / SC,8,0.347081,0.7383770000000001
América / MG,8,0.27509,0.406344
Avaí / SC,8,0.023418,0.9999589999999999
Paraná / PR,8,0.354411,0.85532
Joinville / SC,7,0.049517,0.787894
Ceará / CE,7,0.212106,0.212106
América / MG,7,0.593656,1.0
Avaí / SC,7,4.1e-05,0.9999999999999999
Paraná / PR,7,0.14468,1.0
Figueirense / SC,6,0.140321,0.140321
Ceará / CE,6,0.089788,0.301894
Joinville / SC,6,0.212106,1.0
Icasa / CE,6,0.557785,0.557785
Figueirense / SC,5,0.355671,0.495992
Ceará / CE,5,0.342974,0.644868
Icasa / CE,5,0.301355,0.85914
Icasa / CE,4,0.14086,1.0
Figueirense / SC,4,0.504008,1.0
Ceará / CE,4,0.355132,1.0
Sport / PE,3,1.0,1.0
Chapecoense / SC,2,1.0,1.0
Palmeiras / SP,1,1.0,1.0
