{"Flamengo / RJ": {"Atk": 1.0, "Def": 0.8331461586110208}, "Botafogo / RJ": {"Atk": 0.7153839552653053, "Def": 0.8768133366781714}, "Palmeiras / SP": {"Atk": 0.9962736784240559, "Def": 1.1365356138856515}, "Santos / SP": {"Atk": 1.0175312103898888, "Def": 0.9401569277047443}, "Corinthians / SP": {"Atk": 0.9401990207248718, "Def": 0.6881628544498031}, "Gr\u00eamio / RS": {"Atk": 0.6902013194964132, "Def": 1.2315998727267623}, "Sport / PE": {"Atk": 0.7771857249216169, "Def": 0.9797977416172365}, "Coritiba / PR": {"Atk": 0.4854818883012069, "Def": 0.8667968747955161}, "Fortaleza / CE": {"Atk": 0.7875575770701992, "Def": 1.361193306107479}, "Goi\u00e1s / GO": {"Atk": 1.1261807904063899, "Def": 0.4832252469355146}, "Fluminense / RJ": {"Atk": 1.093499768489797, "Def": 0.823285203302854}, "Vasco da Gama / RJ": {"Atk": 1.2105222969570535, "Def": 0.9873479097180878}, "S\u00e3o Paulo / SP": {"Atk": 1.0665980522435623, "Def": 1.1444733039710493}, "Red Bull Bragantino / SP": {"Atk": 1.012642840534923, "Def": 0.6498867538559083}, "Atl\u00e9tico / MG": {"Atk": 1.462939881527648, "Def": 0.7578865278688852}, "Internacional / RS": {"Atk": 0.9486948790641603, "Def": 1.733795839964229}, "Bahia / BA": {"Atk": 0.9854397352901799, "Def": 0.540931483526823}, "Athletico Paranaense / PR": {"Atk": 0.6649251602809125, "Def": 1.3543656908488126}, "Cear\u00e1 / CE": {"Atk": 0.8721617601564393, "Def": 0.7182320409352481}, "Atl\u00e9tico / GO": {"Atk": 0.7308748812463699, "Def": 0.7918619966667755}, "Home bonus": 0.23923100687080093}