{"Palmeiras / SP": {"Atk": 0.9732394270742105, "Def": 0.73455431404634}, "Flamengo / RJ": {"Atk": 0.7556194541237471, "Def": 0.768575911932286}, "Atl\u00e9tico / MG": {"Atk": 0.9174945015740466, "Def": 0.5448774482674984}, "Coritiba / PR": {"Atk": 0.6519092147006682, "Def": 0.6049084940324269}, "Botafogo / RJ": {"Atk": 0.6965660755393773, "Def": 0.6068258190474897}, "Santa Cruz / PE": {"Atk": 0.6731309272337089, "Def": 0.3918364463687999}, "Corinthians / SP": {"Atk": 0.7198062047244799, "Def": 0.6907226981974985}, "Figueirense / SC": {"Atk": 0.5078298870752875, "Def": 0.5505237289561359}, "Am\u00e9rica / MG": {"Atk": 0.35417465182135005, "Def": 0.4447336108136161}, "Internacional / RS": {"Atk": 0.5364488173061779, "Def": 0.5891977832246833}, "Vit\u00f3ria / BA": {"Atk": 0.7038141481342649, "Def": 0.48750978891062774}, "Fluminense / RJ": {"Atk": 0.6821707352718064, "Def": 0.6658867093668297}, "Cruzeiro / MG": {"Atk": 0.6949719340610035, "Def": 0.5013804416734464}, "Santos / SP": {"Atk": 0.8976091653412388, "Def": 0.7448975778950636}, "Athletico Paranaense / PR": {"Atk": 0.5525841843286737, "Def": 0.784285287695428}, "Chapecoense / SC": {"Atk": 0.8042220220088808, "Def": 0.4008349072845524}, "S\u00e3o Paulo / SP": {"Atk": 0.5315827900233464, "Def": 0.6993132879516578}, "Gr\u00eamio / RS": {"Atk": 0.6577820517972606, "Def": 0.6463733670821334}, "Ponte Preta / SP": {"Atk": 0.737707298293572, "Def": 0.45996556522972326}, "Sport / PE": {"Atk": 0.7460502391703397, "Def": 0.43573616194604453}}