{"Palmeiras / SP": {"Atk": 1.0, "Def": 0.5373783331120542, "Ext": 0.0005395234991042}, "Chapecoense / SC": {"Atk": 0.4500501942218968, "Def": 0.8142296685186969, "Ext": 0.18179564903053191}, "Fluminense / RJ": {"Atk": 0.6692403798099207, "Def": 0.5850530266101598, "Ext": 0.0}, "S\u00e3o Paulo / SP": {"Atk": 0.8942885607709358, "Def": 0.5750020506785566, "Ext": 0.0}, "Cruzeiro / MG": {"Atk": 0.7337716705085614, "Def": 0.8393576692901299, "Ext": 0.0}, "Athletico Paranaense / PR": {"Atk": 0.7129959360499564, "Def": 0.6315692050095775, "Ext": 0.0}, "Sport / PE": {"Atk": 0.868002169456776, "Def": 0.726062148773324, "Ext": 0.0}, "Vasco da Gama / RJ": {"Atk": 0.4851336616589665, "Def": 0.5126115730802536, "Ext": 0.0}, "Gr\u00eamio / RS": {"Atk": 0.773666513695235, "Def": 0.9838589224177108, "Ext": 0.08794414348264408}, "Ava\u00ed / SC": {"Atk": 0.6335481858507592, "Def": 0.4574223298112704, "Ext": 0.0}, "Coritiba / PR": {"Atk": 0.5249035453272396, "Def": 0.6670834441498109, "Ext": 0.0}, "Goi\u00e1s / GO": {"Atk": 0.6512119199867943, "Def": 0.5792025145391654, "Ext": 0.0}, "Corinthians / SP": {"Atk": 1.143842998347823, "Def": 0.9797331312387322, "Ext": 0.05616143108705876}, "Flamengo / RJ": {"Atk": 0.7633533474577063, "Def": 0.5259300902495961, "Ext": 0.0}, "Santos / SP": {"Atk": 0.9175011325714861, "Def": 0.6759552658388899, "Ext": 0.0}, "Atl\u00e9tico / MG": {"Atk": 1.0668149231549748, "Def": 0.5674511719574243, "Ext": 0.0}, "Joinville / SC": {"Atk": 0.4422406788470917, "Def": 0.5986344786174853, "Ext": 0.0}, "Ponte Preta / SP": {"Atk": 0.6483055812435147, "Def": 0.7483733979749203, "Ext": 0.040710154190849265}, "Internacional / RS": {"Atk": 0.6262113038347593, "Def": 0.71824929760561, "Ext": 0.0}, "Figueirense / SC": {"Atk": 0.5043367892426946, "Def": 0.6210182028104967, "Ext": 0.13809980959557047}}