{"Vasco da Gama / RJ": {"Atk": 1.0, "Def": 0.3273981771738378, "Home bonus": 0.0, "Ext": 0.0}, "Fluminense / RJ": {"Atk": 0.3677315791975856, "Def": 0.6366193665451099, "Home bonus": 1.108250433366605, "Ext": 0.1}, "Corinthians / SP": {"Atk": 0.515186783718811, "Def": 2.3154909783413453, "Home bonus": 0.11699282199438354, "Ext": 0.0}, "Vit\u00f3ria / BA": {"Atk": 0.8127639284741528, "Def": 0.82269637851161, "Home bonus": 0.15361487575720453, "Ext": 0.1}, "Gr\u00eamio / RS": {"Atk": 0.37336399442283585, "Def": 1.1120470893300873, "Home bonus": 1.1240344251283878, "Ext": 0.0}, "Ponte Preta / SP": {"Atk": 0.9167864112778645, "Def": 0.4190815376419567, "Home bonus": 0.0, "Ext": 0.1}, "Crici\u00fama / SC": {"Atk": 0.49829373855443604, "Def": 0.383904151496301, "Home bonus": 1.1194893647204276, "Ext": 0.0}, "Cruzeiro / MG": {"Atk": 0.8105762725484367, "Def": 1.0027046198871552, "Home bonus": 2.001852246413398, "Ext": 0.0}, "Coritiba / PR": {"Atk": 1.128247460250908, "Def": 0.6413360319211033, "Home bonus": 0.0, "Ext": 0.1}, "Santos / SP": {"Atk": 0.7083813376737244, "Def": 0.8718925431909365, "Home bonus": 0.45631013112342067, "Ext": 0.1}, "Botafogo / RJ": {"Atk": 0.9850223489703114, "Def": 1.3722422064927435, "Home bonus": 0.541029314126425, "Ext": 0.1}, "Flamengo / RJ": {"Atk": 0.42449610188518516, "Def": 0.8910950767843258, "Home bonus": 0.24295869823065744, "Ext": 0.0}, "S\u00e3o Paulo / SP": {"Atk": 0.7813309502854873, "Def": 0.6160970146587301, "Home bonus": 0.0, "Ext": 0.0}, "Bahia / BA": {"Atk": 0.34739327778915163, "Def": 1.1059749621977173, "Home bonus": 1.0229621015455457, "Ext": 0.1}, "Internacional / RS": {"Atk": 1.10165662565476, "Def": 0.44274662239066925, "Home bonus": 0.0, "Ext": 0.0}, "Goi\u00e1s / GO": {"Atk": 0.3670100877726516, "Def": 1.0717877912054465, "Home bonus": 0.6316013915453929, "Ext": 0.1}, "N\u00e1utico / PE": {"Atk": 0.26761956438641865, "Def": 0.5686645986627854, "Home bonus": 0.5390918499121226, "Ext": 0.0}, "Atl\u00e9tico / MG": {"Atk": 0.4356775388809258, "Def": 0.7947549077192447, "Home bonus": 1.1377774799797358, "Ext": 0.0}, "Athletico Paranaense / PR": {"Atk": 1.2044873189079222, "Def": 0.40526425360121665, "Home bonus": 0.4354294166780035, "Ext": 0.1}, "Portuguesa / SP": {"Atk": 0.4716857253569984, "Def": 0.5390853512560846, "Home bonus": 0.4989986873766839, "Ext": 0.1}}