{"Red Bull Bragantino / SP": {"Atk": 1.0, "Def": 0.7115951297076344, "Home bonus": 0.7979861026944909, "Ext": 0.0}, "Ponte Preta / SP": {"Atk": 1.4409973098313784, "Def": 1.2000710215585246, "Home bonus": 0.23295306725346743, "Ext": 0.1}, "Vasco da Gama / RJ": {"Atk": 1.154374036893366, "Def": 3.0961946949381676, "Home bonus": 1.1592685720473048, "Ext": 0.09099780620420157}, "Santa Cruz / PE": {"Atk": 1.3805032860672721, "Def": 1.8017192108868991, "Home bonus": 0.35747239394120445, "Ext": 0.1}, "Sampaio Corr\u00eaa / MA": {"Atk": 1.9241498179509497, "Def": 1.2887549650286847, "Home bonus": 0.0, "Ext": 0.0}, "Cear\u00e1 / CE": {"Atk": 1.3757565629129571, "Def": 1.0227937641052103, "Home bonus": 0.9162585433545329, "Ext": 0.1}, "Vila Nova / GO": {"Atk": 0.0, "Def": 0.8678870697242781, "Home bonus": 0.3250873704893915, "Ext": 0.1}, "Am\u00e9rica / RN": {"Atk": 1.5443495850209195, "Def": 0.7318839799047081, "Home bonus": 0.5171443376854706, "Ext": 0.1}, "Boa / MG": {"Atk": 1.2550872779522235, "Def": 0.9586514647917377, "Home bonus": 0.0, "Ext": 0.1}, "Oeste / SP": {"Atk": 0.9888754987204199, "Def": 1.2995329611750883, "Home bonus": 0.28096457980487927, "Ext": 0.1}, "Portuguesa / SP": {"Atk": 1.0892518571101417, "Def": 0.986547927638675, "Home bonus": 0.5742182918303648, "Ext": 0.0}, "Paran\u00e1 / PR": {"Atk": 1.3825347848800333, "Def": 1.1588219355855809, "Home bonus": 0.06291070738308467, "Ext": 0.02930479283107661}, "N\u00e1utico / PE": {"Atk": 1.460043047202438, "Def": 1.3814181289176677, "Home bonus": 0.0, "Ext": 0.0}, "Luverdense / MT": {"Atk": 0.6787112789991764, "Def": 1.7304675406026122, "Home bonus": 1.7941245750315593, "Ext": 0.1}, "Icasa / CE": {"Atk": 0.8593578457343136, "Def": 1.0215508006217695, "Home bonus": 0.15515502300361816, "Ext": 0.0}, "Ava\u00ed / SC": {"Atk": 1.0207456116854328, "Def": 1.1338364321203702, "Home bonus": 0.21385204585367273, "Ext": 0.0}, "Atl\u00e9tico / GO": {"Atk": 0.8775562575253006, "Def": 1.101569057185724, "Home bonus": 1.600529477885833, "Ext": 0.1}, "ABC / RN": {"Atk": 1.2088389843472243, "Def": 2.9136115116045813, "Home bonus": 0.12099367088598943, "Ext": 0.0}, "Am\u00e9rica / MG": {"Atk": 1.4517707845471812, "Def": 1.5919318610407454, "Home bonus": 0.8617543611967035, "Ext": 0.0}, "Joinville / SC": {"Atk": 1.424996399040137, "Def": 1.8963060038894282, "Home bonus": 0.0, "Ext": 0.1}}