{"Ponte Preta / SP": {"Home": {"Atk": 1.0, "Def": 0.5690719132599408}, "Away": {"Atk": 0.6394562629146323, "Def": 1.3868730031514147}, "Ext": 0.0}, "Oeste / SP": {"Home": {"Atk": 0.7517612025219461, "Def": 0.7801479021834018}, "Away": {"Atk": 0.5860731099824343, "Def": 0.87953367244359}, "Ext": 0.09976833517408094}, "Brasil / RS": {"Home": {"Atk": 0.8054287697990881, "Def": 0.550563991206565}, "Away": {"Atk": 0.41711068482880864, "Def": 1.0817273641720162}, "Ext": 0.0}, "Figueirense / SC": {"Home": {"Atk": 1.1906195922197291, "Def": 0.3733237915708341}, "Away": {"Atk": 0.6654459508305679, "Def": 1.0198998820651541}, "Ext": 0.1}, "Fortaleza / CE": {"Home": {"Atk": 1.5518433335919462, "Def": 0.6774964876906342}, "Away": {"Atk": 0.577349564038867, "Def": 1.0987384350952192}, "Ext": 0.1}, "Vila Nova / GO": {"Home": {"Atk": 0.8638449487258788, "Def": 1.4848889109436498}, "Away": {"Atk": 0.5323176763219533, "Def": 0.9421495943614442}, "Ext": 0.1}, "Atl\u00e9tico / GO": {"Home": {"Atk": 1.4697434468772888, "Def": 0.37150952785535674}, "Away": {"Atk": 0.6977164785111623, "Def": 0.7489581394853329}, "Ext": 0.1}, "CSA / AL": {"Home": {"Atk": 1.4950339616712205, "Def": 0.5512169392960741}, "Away": {"Atk": 0.5911937569882303, "Def": 0.9372989739679313}, "Ext": 0.0}, "Londrina / PR": {"Home": {"Atk": 1.5473860426844446, "Def": 0.5000134110655378}, "Away": {"Atk": 0.3759729749172199, "Def": 1.0552158880288953}, "Ext": 0.0}, "Sampaio Corr\u00eaa / MA": {"Home": {"Atk": 1.0095330787323291, "Def": 0.4425945476349896}, "Away": {"Atk": 0.34622373189726263, "Def": 0.8681269861898537}, "Ext": 0.1}, "Guarani / SP": {"Home": {"Atk": 1.265019188216448, "Def": 0.5143926599708032}, "Away": {"Atk": 0.6140605637612218, "Def": 1.0920544388866815}, "Ext": 0.1}, "S\u00e3o Bento / SP": {"Home": {"Atk": 0.9332131688265211, "Def": 0.6904169082931576}, "Away": {"Atk": 0.5156853873359409, "Def": 0.9074480882114281}, "Ext": 0.1}, "Juventude / RS": {"Home": {"Atk": 0.6516024026481035, "Def": 0.4228054236930179}, "Away": {"Atk": 0.4125554792051554, "Def": 1.2151451930746342}, "Ext": 0.1}, "Ava\u00ed / SC": {"Home": {"Atk": 1.082431894850395, "Def": 0.644842143899258}, "Away": {"Atk": 0.8284750090824812, "Def": 1.117850821670382}, "Ext": 0.1}, "Crici\u00fama / SC": {"Home": {"Atk": 1.1727705692638426, "Def": 0.5977732480335538}, "Away": {"Atk": 0.45753001021560347, "Def": 0.796907726221141}, "Ext": 0.1}, "Goi\u00e1s / GO": {"Home": {"Atk": 1.281872756774028, "Def": 0.4163722165870094}, "Away": {"Atk": 0.8277485153705743, "Def": 0.7383765848784886}, "Ext": 0.0}, "Boa / MG": {"Home": {"Atk": 0.9775061342062997, "Def": 0.4100153676615405}, "Away": {"Atk": 0.2577866065339121, "Def": 0.8043765939423964}, "Ext": 0.0}, "CRB / AL": {"Home": {"Atk": 1.013551743207123, "Def": 0.5894433569224373}, "Away": {"Atk": 0.2134366898538246, "Def": 0.9877022243771552}, "Ext": 0.09931097654235514}, "Coritiba / PR": {"Home": {"Atk": 1.0257922220149076, "Def": 0.7094643146694748}, "Away": {"Atk": 0.5422798972371233, "Def": 0.7751030096066975}, "Ext": 0.1}, "Paysandu / PA": {"Home": {"Atk": 1.1287274513249006, "Def": 0.44414153148840213}, "Away": {"Atk": 0.347419923530206, "Def": 0.8259111834768204}, "Ext": 0.1}}