{"Flamengo / RJ": {"Atk": 1.0, "Def": 0.5062099793640757, "Ext": 0.0}, "Corinthians / SP": {"Atk": 0.40924740585603964, "Def": 0.5770859911225285, "Ext": 0.1}, "S\u00e3o Paulo / SP": {"Atk": 0.31658455516812967, "Def": 0.5061133592523518, "Ext": 0.1}, "Atl\u00e9tico Mineiro / MG": {"Atk": 0.6972447490962035, "Def": 0.7336143014560698, "Ext": 0.0}, "Internacional / RS": {"Atk": 0.42175349306511545, "Def": 0.4135943164307364, "Ext": 0.1}, "Cear\u00e1 / CE": {"Atk": 0.5632574705283885, "Def": 0.5605322775838456, "Ext": 0.1}, "Bahia / BA": {"Atk": 0.6333737969618675, "Def": 0.3437932364559802, "Ext": 0.0}, "Athletico Paranaense / PR": {"Atk": 0.7901287640959668, "Def": 0.46138449979494706, "Ext": 0.0}, "Chapecoense / SC": {"Atk": 0.3784345496943163, "Def": 0.3542961688806637, "Ext": 0.1}, "Cuiab\u00e1 / MT": {"Atk": 0.43925142475597734, "Def": 0.4043925979878296, "Ext": 0.1}, "Fluminense / RJ": {"Atk": 0.3998872074862007, "Def": 0.6255407876520778, "Ext": 0.1}, "Palmeiras / SP": {"Atk": 0.8453740690232829, "Def": 0.5499738913524609, "Ext": 0.1}, "Santos / SP": {"Atk": 0.5633365375673914, "Def": 0.4607871818949492, "Ext": 0.0}, "Am\u00e9rica / MG": {"Atk": 0.3900720351695991, "Def": 0.4172532394255895, "Ext": 0.1}, "Gr\u00eamio / RS": {"Atk": 0.31920962704702505, "Def": 0.5099001803268052, "Ext": 0.1}, "Fortaleza / CE": {"Atk": 0.790354139609572, "Def": 0.6037230445514177, "Ext": 0.1}, "Sport / PE": {"Atk": 0.2714929900747388, "Def": 0.6877121399137495, "Ext": 0.1}, "Red Bull Bragantino / SP": {"Atk": 0.8521016758281383, "Def": 0.48993683045198116, "Ext": 0.1}, "Juventude / RS": {"Atk": 0.3364430044256873, "Def": 0.5025463104437013, "Ext": 0.0}, "Atl\u00e9tico / GO": {"Atk": 0.4557636763996105, "Def": 0.49068901718492025, "Ext": 0.0}}