{"Cear\u00e1 / CE": {"Atk": 1.0, "Def": 3.682924619817002, "Ext": 0.4096703193641216}, "Bahia / BA": {"Atk": 1.8452786710752769, "Def": 3.0616488788244753, "Ext": 0.07743758572338681}, "Sampaio Corr\u00eaa / MA": {"Atk": 0.6596136213481208, "Def": 1.2742789483636572, "Ext": 0.06518140766593628}, "Oeste / SP": {"Atk": 1.085927143361626, "Def": 1.3099574235369515, "Ext": 0.0}, "Vila Nova / GO": {"Atk": 1.6940751796038422, "Def": 1.6539595440827755, "Ext": 0.2017040627602679}, "Luverdense / MT": {"Atk": 0.6772808858350179, "Def": 3.673644609377062, "Ext": 0.3479363414211417}, "Tupi / MG": {"Atk": 0.964896532710635, "Def": 1.4203218216147826, "Ext": 0.08054820923890123}, "Brasil / RS": {"Atk": 1.3445562873418353, "Def": 2.0486506869571546, "Ext": 0.0}, "Londrina / PR": {"Atk": 1.07345506175095, "Def": 4.500493871456822, "Ext": 0.087456625369111}, "Crici\u00fama / SC": {"Atk": 1.4770432680874301, "Def": 1.772890622276615, "Ext": 0.05619250650099085}, "N\u00e1utico / PE": {"Atk": 2.125908338547686, "Def": 1.6470403487263667, "Ext": 0.0}, "CRB / AL": {"Atk": 2.336435022457592, "Def": 1.041206611587191, "Ext": 0.0}, "Paysandu / PA": {"Atk": 1.1631995285004733, "Def": 1.5602451220010005, "Ext": 0.0}, "Red Bull Bragantino / SP": {"Atk": 0.9002046902046463, "Def": 1.3124396317912679, "Ext": 0.0}, "Goi\u00e1s / GO": {"Atk": 1.1440036373962885, "Def": 2.0673906892508187, "Ext": 0.2513134272507664}, "Vasco da Gama / RJ": {"Atk": 2.2449441499607463, "Def": 1.4463309612962965, "Ext": 0.0}, "Atl\u00e9tico / GO": {"Atk": 1.2357083676504188, "Def": 4.767271508781511, "Ext": 0.21569634844485155}, "Joinville / SC": {"Atk": 0.48787784286985136, "Def": 2.0203141810996716, "Ext": 0.0}, "Paran\u00e1 / PR": {"Atk": 1.202471790348864, "Def": 1.3594436998766755, "Ext": 0.14398517270728214}, "Ava\u00ed / SC": {"Atk": 1.4133075365902412, "Def": 1.7786769205420396, "Ext": 0.0}, "Home bonus": 0.45497654406549454}