{"Flamengo / RJ": {"Atk": 1.0, "Def": 0.47050307132937674, "Ext": 0.0}, "Botafogo / RJ": {"Atk": 0.20819515901365282, "Def": 0.8043216337189848, "Ext": 0.4556006822912208}, "Palmeiras / SP": {"Atk": 0.684829324154685, "Def": 0.6410428566852185, "Ext": 0.0}, "Santos / SP": {"Atk": 0.5005750589995935, "Def": 0.8231814128482269, "Ext": 0.36124610209522545}, "Corinthians / SP": {"Atk": 0.37943461691270464, "Def": 0.6553013632418968, "Ext": 0.32824802127343694}, "Gr\u00eamio / RS": {"Atk": 0.2866967331060639, "Def": 2.4114917144682053, "Ext": 0.49489113623088454}, "Sport / PE": {"Atk": 0.33213786291793307, "Def": 0.6125925610661878, "Ext": 0.20739985403646422}, "Coritiba / PR": {"Atk": 0.31099125571261427, "Def": 0.6946253208157924, "Ext": 0.030811746450562786}, "Fortaleza / CE": {"Atk": 0.3807013845285594, "Def": 1.1795620425603641, "Ext": 0.0}, "Goi\u00e1s / GO": {"Atk": 0.15810679421852172, "Def": 0.5073749728665572, "Ext": 0.5807540220105507}, "Fluminense / RJ": {"Atk": 0.7536280304226397, "Def": 0.6543042245133301, "Ext": 0.0}, "Vasco da Gama / RJ": {"Atk": 0.5411935156296356, "Def": 0.5077329490457503, "Ext": 0.0}, "S\u00e3o Paulo / SP": {"Atk": 0.9406695983943824, "Def": 0.9115729196541859, "Ext": 0.0}, "Red Bull Bragantino / SP": {"Atk": 0.5758656965549162, "Def": 0.4990437448306525, "Ext": 0.0}, "Atl\u00e9tico / MG": {"Atk": 0.7971420382251742, "Def": 0.561369797137455, "Ext": 0.06981868306312784}, "Internacional / RS": {"Atk": 0.8435080917048132, "Def": 0.8972438567513658, "Ext": 0.0}, "Bahia / BA": {"Atk": 0.6772884421849048, "Def": 0.4158713738504705, "Ext": 0.0}, "Athletico Paranaense / PR": {"Atk": 0.3552568722417548, "Def": 0.7210083627851107, "Ext": 0.0}, "Cear\u00e1 / CE": {"Atk": 0.4419627017706629, "Def": 0.6475649410516896, "Ext": 0.25490355288391425}, "Atl\u00e9tico / GO": {"Atk": 0.42879490930084535, "Def": 0.4899436478133701, "Ext": 0.0}, "Home bonus": 0.27981758442971383}