{"Flamengo / RJ": {"Atk": 1.0, "Def": 0.604445635967725, "Ext": 0.0}, "Corinthians / SP": {"Atk": 0.5163366465067334, "Def": 0.6670278699959842, "Ext": 0.1}, "S\u00e3o Paulo / SP": {"Atk": 0.3817742011558902, "Def": 0.5925558932761871, "Ext": 0.1}, "Atl\u00e9tico Mineiro / MG": {"Atk": 0.8110637334027914, "Def": 0.8394316623251642, "Ext": 0.0}, "Internacional / RS": {"Atk": 0.6510247558559245, "Def": 0.5449995689738233, "Ext": 0.1}, "Cear\u00e1 / CE": {"Atk": 0.41583911103686744, "Def": 0.5733082794284654, "Ext": 0.1}, "Bahia / BA": {"Atk": 0.5642354475193566, "Def": 0.3964580127832197, "Ext": 0.1}, "Athletico Paranaense / PR": {"Atk": 0.632211322819232, "Def": 0.4348374606770253, "Ext": 0.0}, "Chapecoense / SC": {"Atk": 0.44159212381151325, "Def": 0.3562535619218305, "Ext": 0.1}, "Cuiab\u00e1 / MT": {"Atk": 0.4740097190770943, "Def": 0.5509569923745598, "Ext": 0.1}, "Fluminense / RJ": {"Atk": 0.458979165204143, "Def": 0.5465964944514421, "Ext": 0.1}, "Palmeiras / SP": {"Atk": 0.7459616618132545, "Def": 0.4519086310891248, "Ext": 0.1}, "Santos / SP": {"Atk": 0.47248213155767904, "Def": 0.48665866911358047, "Ext": 0.0}, "Am\u00e9rica / MG": {"Atk": 0.4666155214472955, "Def": 0.5659650079945394, "Ext": 0.0}, "Gr\u00eamio / RS": {"Atk": 0.42950721381560136, "Def": 0.49974171950407315, "Ext": 0.1}, "Fortaleza / CE": {"Atk": 0.6590549834870084, "Def": 0.5344634543702298, "Ext": 0.0}, "Sport / PE": {"Atk": 0.25971646267646864, "Def": 0.7473926517534613, "Ext": 0.1}, "Red Bull Bragantino / SP": {"Atk": 0.7760246580106983, "Def": 0.5053101474965901, "Ext": 0.1}, "Juventude / RS": {"Atk": 0.46681329454680437, "Def": 0.47440377653773963, "Ext": 0.0}, "Atl\u00e9tico / GO": {"Atk": 0.3838003953164987, "Def": 0.6271460343953239, "Ext": 0.0}, "Home bonus": 0.14707865686918825}