{"Palmeiras / SP": {"Home": {"Atk": 1.0, "Def": 0.8698324178636131}, "Away": {"Atk": 0.4175303815591278, "Def": 0.869600117034013}, "Ext": 0.7004801191093298}, "Chapecoense / SC": {"Home": {"Atk": 0.4906465975424062, "Def": 0.7141083858561831}, "Away": {"Atk": 0.19735292010105165, "Def": 0.4666014195960036}, "Ext": 0.4328388195536195}, "Fluminense / RJ": {"Home": {"Atk": 0.5928146202071205, "Def": 0.8262757922952242}, "Away": {"Atk": 0.4551475530361981, "Def": 0.513424415115565}, "Ext": 0.710190875407006}, "S\u00e3o Paulo / SP": {"Home": {"Atk": 0.5642560397441868, "Def": 0.46894463818045823}, "Away": {"Atk": 0.7368730023553645, "Def": 0.4790400699048116}, "Ext": 0.06661292142258143}, "Cruzeiro / MG": {"Home": {"Atk": 0.3373890080507415, "Def": 0.5866535595471785}, "Away": {"Atk": 0.3214164093820689, "Def": 0.8741684144335843}, "Ext": 0.1291043928727195}, "Athletico Paranaense / PR": {"Home": {"Atk": 0.7613664931255163, "Def": 0.7041071363705969}, "Away": {"Atk": 0.41379511442818845, "Def": 0.4905832247337288}, "Ext": 0.24138825696006655}, "Sport / PE": {"Home": {"Atk": 0.8710586977579203, "Def": 0.7234094489452356}, "Away": {"Atk": 0.7307074141378576, "Def": 0.613119909927968}, "Ext": 0.19630263005984058}, "Vasco da Gama / RJ": {"Home": {"Atk": 0.2020248717428909, "Def": 0.3488268380392257}, "Away": {"Atk": 0.043396244093023, "Def": 0.5581923053942186}, "Ext": 0.29205285839706485}, "Gr\u00eamio / RS": {"Home": {"Atk": 0.8215480498032308, "Def": 0.7628755443243742}, "Away": {"Atk": 0.30911294167451375, "Def": 0.47242216117052893}, "Ext": 0.679634756368023}, "Ava\u00ed / SC": {"Home": {"Atk": 0.4436915880730277, "Def": 0.6033141947990922}, "Away": {"Atk": 0.22907980351026547, "Def": 0.5505137281658897}, "Ext": 0.27836114256562194}, "Coritiba / PR": {"Home": {"Atk": 0.3211953668205407, "Def": 0.3677185905826485}, "Away": {"Atk": 0.5223103984356162, "Def": 0.4466989519181287}, "Ext": 0.0}, "Goi\u00e1s / GO": {"Home": {"Atk": 0.37778432768646103, "Def": 0.509090631167564}, "Away": {"Atk": 0.6492561894441664, "Def": 0.6600570242196803}, "Ext": 0.24007718232723463}, "Corinthians / SP": {"Home": {"Atk": 0.5228571404114785, "Def": 0.520618532046052}, "Away": {"Atk": 0.5053191187763838, "Def": 0.8057465133406748}, "Ext": 0.6488548922354062}, "Flamengo / RJ": {"Home": {"Atk": 0.47337021475373803, "Def": 0.8752333688424269}, "Away": {"Atk": 0.2236789370152485, "Def": 0.4116640733220363}, "Ext": 0.15014474748554135}, "Santos / SP": {"Home": {"Atk": 0.689533300469406, "Def": 0.4487742926032344}, "Away": {"Atk": 0.46208714729415157, "Def": 0.48237484955081805}, "Ext": 0.05235139317852748}, "Atl\u00e9tico / MG": {"Home": {"Atk": 0.9281402867116857, "Def": 0.5216051909754992}, "Away": {"Atk": 0.7417209579935502, "Def": 0.7100222179005617}, "Ext": 0.7276995475371566}, "Joinville / SC": {"Home": {"Atk": 0.19807472799305112, "Def": 1.1080197498702489}, "Away": {"Atk": 0.0, "Def": 0.5117805457784461}, "Ext": 0.0}, "Ponte Preta / SP": {"Home": {"Atk": 0.5623544230179964, "Def": 0.6568327498161105}, "Away": {"Atk": 0.4724504494122311, "Def": 0.744366924738503}, "Ext": 0.09640283814763922}, "Internacional / RS": {"Home": {"Atk": 0.7080510918681674, "Def": 0.6368483011558446}, "Away": {"Atk": 0.0, "Def": 0.7151459096107123}, "Ext": 0.34258145977927135}, "Figueirense / SC": {"Home": {"Atk": 0.8454732396875525, "Def": 0.5741236181851131}, "Away": {"Atk": 0.5712148096113059, "Def": 0.5339246265670288}, "Ext": 0.152181152353293}}