{"Cear\u00e1 / CE": {"Atk": 1.0, "Def": 0.875894433311593, "Home bonus": 0.0}, "Bahia / BA": {"Atk": 0.8388930886559447, "Def": 1.1294394922737894, "Home bonus": 0.6300060217039254}, "Sampaio Corr\u00eaa / MA": {"Atk": 0.37030945602178095, "Def": 0.5908967737971177, "Home bonus": 0.5238133399506895}, "Oeste / SP": {"Atk": 0.6206958674258198, "Def": 0.6406992252524014, "Home bonus": 0.15980928685694928}, "Vila Nova / GO": {"Atk": 1.1163537652602367, "Def": 0.6715329702613342, "Home bonus": 0.0}, "Luverdense / MT": {"Atk": 0.5271495392196286, "Def": 1.0259532361094519, "Home bonus": 0.9084329369637271}, "Tupi / MG": {"Atk": 0.518168050582891, "Def": 0.703285077035991, "Home bonus": 0.6111696933291868}, "Brasil / RS": {"Atk": 0.5954363616143723, "Def": 0.9474175021937465, "Home bonus": 0.7178884769965904}, "Londrina / PR": {"Atk": 0.8142636344863453, "Def": 1.3532935946987177, "Home bonus": 0.0}, "Crici\u00fama / SC": {"Atk": 0.6777026134521388, "Def": 0.7015674799130166, "Home bonus": 0.920893151932134}, "N\u00e1utico / PE": {"Atk": 0.8973620839010478, "Def": 0.804950645951279, "Home bonus": 0.7658453515996142}, "CRB / AL": {"Atk": 1.1707351734665281, "Def": 0.5997564811356132, "Home bonus": 0.0}, "Paysandu / PA": {"Atk": 0.5775298079741198, "Def": 0.7780457515775061, "Home bonus": 0.676782302256153}, "Red Bull Bragantino / SP": {"Atk": 0.518881110276226, "Def": 0.657653350635758, "Home bonus": 0.2076749103913553}, "Goi\u00e1s / GO": {"Atk": 0.6725890137937063, "Def": 0.7204568090584154, "Home bonus": 0.7754940083795162}, "Vasco da Gama / RJ": {"Atk": 0.9996905077016152, "Def": 0.7839697720779646, "Home bonus": 0.5713039893470951}, "Atl\u00e9tico / GO": {"Atk": 0.6706430081400113, "Def": 1.2785751971257475, "Home bonus": 0.8265158169759765}, "Joinville / SC": {"Atk": 0.4503884820256382, "Def": 0.7983400731672194, "Home bonus": 0.1616330844110261}, "Paran\u00e1 / PR": {"Atk": 0.7578747605963906, "Def": 0.6793986326707134, "Home bonus": 0.0}, "Ava\u00ed / SC": {"Atk": 0.5057133775805763, "Def": 0.9829606895003248, "Home bonus": 1.13555945271964}}