{"Ponte Preta / SP": {"Atk": 1.0, "Def": 1.2538960368897885, "Home bonus": 0.0, "Ext": 0.0}, "Oeste / SP": {"Atk": 0.9211949761956126, "Def": 0.8798573729586224, "Home bonus": 0.1456071429349392, "Ext": 0.0}, "Brasil / RS": {"Atk": 0.7314986726316406, "Def": 1.100980686476326, "Home bonus": 0.0947615500982876, "Ext": 0.1}, "Figueirense / SC": {"Atk": 1.2456137800562943, "Def": 0.8858171350357961, "Home bonus": 0.0, "Ext": 0.0}, "Fortaleza / CE": {"Atk": 1.1482549423146844, "Def": 1.005780879786007, "Home bonus": 0.5249251458075384, "Ext": 0.0}, "Vila Nova / GO": {"Atk": 0.8583392753470316, "Def": 1.59464417131616, "Home bonus": 0.0, "Ext": 0.0}, "Atl\u00e9tico / GO": {"Atk": 1.0558347483260409, "Def": 0.7554607898681291, "Home bonus": 0.6222849861406586, "Ext": 0.1}, "CSA / AL": {"Atk": 1.1260801554779207, "Def": 1.002084323532464, "Home bonus": 0.4238002967407754, "Ext": 0.0}, "Londrina / PR": {"Atk": 0.6710211770655656, "Def": 0.8225637852716239, "Home bonus": 0.7386330624213632, "Ext": 0.0}, "Sampaio Corr\u00eaa / MA": {"Atk": 0.6244700797957914, "Def": 0.7886845440745206, "Home bonus": 0.27580488375712825, "Ext": 0.1}, "Guarani / SP": {"Atk": 1.0707210194313463, "Def": 0.9240182373930302, "Home bonus": 0.3514820532596119, "Ext": 0.1}, "S\u00e3o Bento / SP": {"Atk": 0.8582459313222356, "Def": 1.0652955608365284, "Home bonus": 0.14773721039074864, "Ext": 0.1}, "Juventude / RS": {"Atk": 0.7114676477810553, "Def": 0.9693456342776307, "Home bonus": 0.0, "Ext": 0.1}, "Ava\u00ed / SC": {"Atk": 1.1892735423791236, "Def": 1.194104867055329, "Home bonus": 0.0, "Ext": 0.1}, "Crici\u00fama / SC": {"Atk": 0.7757730901304494, "Def": 0.9097800437612084, "Home bonus": 0.37484568576494715, "Ext": 0.1}, "Goi\u00e1s / GO": {"Atk": 1.271141283144435, "Def": 0.8023713903314603, "Home bonus": 0.15594247385426205, "Ext": 0.0}, "Boa / MG": {"Atk": 0.4980332012351991, "Def": 0.8091217062930176, "Home bonus": 0.5373242436845204, "Ext": 0.0}, "CRB / AL": {"Atk": 0.4520605864048874, "Def": 0.9623979395901209, "Home bonus": 0.5619134663333526, "Ext": 0.045194294278658}, "Coritiba / PR": {"Atk": 0.8797807556989704, "Def": 0.9950527477102917, "Home bonus": 0.2993208918918925, "Ext": 0.1}, "Paysandu / PA": {"Atk": 0.6990820339031998, "Def": 0.7648846319753881, "Home bonus": 0.44229855811552526, "Ext": 0.1}}