{"Oeste / SP": {"Atk": 1.0, "Def": 0.7478020898489972, "Home bonus": 0.13869144140841472, "Ext": 0.0}, "Boa / MG": {"Atk": 0.5274059583873831, "Def": 1.7498922595117454, "Home bonus": 0.21357432444185165, "Ext": 0.16932945923636633}, "Figueirense / SC": {"Atk": 1.1376467641940584, "Def": 0.7871183143603319, "Home bonus": 0.9396675650885788, "Ext": 0.0}, "Joinville / SC": {"Atk": 1.0964663616856265, "Def": 2.107324025295367, "Home bonus": 0.0, "Ext": 0.3765011753237916}, "Icasa / CE": {"Atk": 1.108762930601354, "Def": 0.6385366956580922, "Home bonus": 0.4964410511096025, "Ext": 0.0}, "ABC / RN": {"Atk": 0.0, "Def": 0.8600501404807389, "Home bonus": 1.3467965281246996, "Ext": 0.2659964875739708}, "Palmeiras / SP": {"Atk": 1.5257966560985605, "Def": 4.14737119481925, "Home bonus": 0.0, "Ext": 0.19424122576640607}, "S\u00e3o Caetano / SP": {"Atk": 0.8359648391229836, "Def": 1.2145853206338653, "Home bonus": 0.0, "Ext": 0.35320632773638755}, "Guaratinguet\u00e1 / SP": {"Atk": 0.4775368969252143, "Def": 1.062576348122942, "Home bonus": 0.850468847441658, "Ext": 0.0}, "Paysandu / PA": {"Atk": 0.0, "Def": 1.424325097637197, "Home bonus": 1.0597819017959893, "Ext": 0.438796639593473}, "ASA / AL": {"Atk": 1.117759878097245, "Def": 0.5464416623303703, "Home bonus": 0.04945701663001477, "Ext": 0.0}, "Am\u00e9rica / MG": {"Atk": 1.011001437759868, "Def": 0.8297243944019819, "Home bonus": 0.7820333852108763, "Ext": 0.0}, "Ava\u00ed / SC": {"Atk": 1.0179738014602493, "Def": 1.0100906909387157, "Home bonus": 0.42081403907873655, "Ext": 0.1925220329944346}, "Chapecoense / SC": {"Atk": 0.9326489631136161, "Def": 2.198956691883696, "Home bonus": 0.9867282896623506, "Ext": 0.17648986441868691}, "Cear\u00e1 / CE": {"Atk": 0.6586436548685642, "Def": 0.964478448246685, "Home bonus": 1.3761737475637936, "Ext": 0.014359484410100331}, "Am\u00e9rica / RN": {"Atk": 0.8407751731496277, "Def": 0.8113306267279775, "Home bonus": 0.3346707968412821, "Ext": 0.0}, "Paran\u00e1 / PR": {"Atk": 1.1587104094641845, "Def": 2.0007683764422386, "Home bonus": 0.6404437141122348, "Ext": 0.0}, "Atl\u00e9tico / GO": {"Atk": 0.37947648783548504, "Def": 0.8579905188599899, "Home bonus": 0.8018315161633914, "Ext": 0.0}, "Red Bull Bragantino / SP": {"Atk": 0.8793074479335115, "Def": 1.1815888023856587, "Home bonus": 0.035424926364996515, "Ext": 0.0}, "Sport / PE": {"Atk": 1.1957602782509182, "Def": 1.062236122695344, "Home bonus": 0.05460229035998373, "Ext": 0.3041087875113027}}