{"Flamengo / RJ": {"Atk": 1.0, "Def": 0.5825700037430902, "Home bonus": 0.04063171928871941, "Ext": 0.0}, "Corinthians / SP": {"Atk": 0.4002196799515752, "Def": 0.7276383466988736, "Home bonus": 0.19204614143578275, "Ext": 0.0}, "S\u00e3o Paulo / SP": {"Atk": 0.1503608247224137, "Def": 0.7269190999680865, "Home bonus": 0.3296095194909616, "Ext": 0.2948058395862968}, "Atl\u00e9tico Mineiro / MG": {"Atk": 0.4846800443526546, "Def": 1.0017914302370639, "Home bonus": 0.986603468490183, "Ext": 0.03925742327571729}, "Internacional / RS": {"Atk": 0.42834188343340895, "Def": 0.6625117070990827, "Home bonus": 0.7435747004644254, "Ext": 0.02718592000496282}, "Cear\u00e1 / CE": {"Atk": 0.09510493149357611, "Def": 0.9322185155963355, "Home bonus": 0.3397257235766509, "Ext": 0.2009639500065084}, "Bahia / BA": {"Atk": 0.3553359085150913, "Def": 0.49000395825264886, "Home bonus": 0.4082809864488223, "Ext": 0.3249823007162142}, "Athletico Paranaense / PR": {"Atk": 0.4361902483779954, "Def": 0.6273468611117515, "Home bonus": 0.5248533643417121, "Ext": 0.0}, "Chapecoense / SC": {"Atk": 0.20517235264242745, "Def": 0.5085930994773779, "Home bonus": 0.502264213350749, "Ext": 0.585608984713548}, "Cuiab\u00e1 / MT": {"Atk": 0.18439110204454215, "Def": 0.9449789467914752, "Home bonus": 0.5886979583714745, "Ext": 0.30985299311278997}, "Fluminense / RJ": {"Atk": 0.23048721929663918, "Def": 0.6733774411835252, "Home bonus": 0.1602751120550663, "Ext": 0.45632364815394116}, "Palmeiras / SP": {"Atk": 0.4593228015125393, "Def": 0.7621401779500386, "Home bonus": 0.49359581521287926, "Ext": 0.6055073966628587}, "Santos / SP": {"Atk": 0.21036888792374644, "Def": 0.698282008133597, "Home bonus": 0.3530079404598621, "Ext": 0.452455554487023}, "Am\u00e9rica / MG": {"Atk": 0.3406926186647601, "Def": 0.7407242407343627, "Home bonus": 0.12079815263780516, "Ext": 0.5838616206331819}, "Gr\u00eamio / RS": {"Atk": 0.1984064115454921, "Def": 0.6326952180789486, "Home bonus": 0.3014676061657169, "Ext": 0.3738997281349956}, "Fortaleza / CE": {"Atk": 0.4736401921720785, "Def": 0.6370426894096933, "Home bonus": 0.28401904955887897, "Ext": 0.4383350581469208}, "Sport / PE": {"Atk": 0.059838640164960315, "Def": 0.7114107207509548, "Home bonus": 0.4340130936214446, "Ext": 0.18904679420577225}, "Red Bull Bragantino / SP": {"Atk": 0.4686783932999696, "Def": 0.9990351889050102, "Home bonus": 0.05970179023928516, "Ext": 0.670288794067212}, "Juventude / RS": {"Atk": 0.10328840159593163, "Def": 0.7081785653354566, "Home bonus": 0.8337503915155741, "Ext": 0.27753048181257617}, "Atl\u00e9tico / GO": {"Atk": 0.24359593546582348, "Def": 0.8192036446351438, "Home bonus": 0.3326799990477957, "Ext": 0.4845768592163586}}