{"Vasco da Gama / RJ": {"Atk": 1.0, "Def": 0.820956901618327, "Ext": 0.19579577232512824}, "Fluminense / RJ": {"Atk": 0.751877861011421, "Def": 1.1130348797336673, "Ext": 0.22547893608699723}, "Corinthians / SP": {"Atk": 0.6504662807888826, "Def": 2.0027949055158447, "Ext": 0.0}, "Vit\u00f3ria / BA": {"Atk": 1.1223065229598541, "Def": 0.9849175631567915, "Ext": 0.24394687641393797}, "Gr\u00eamio / RS": {"Atk": 0.9986660377665575, "Def": 1.1675423313441804, "Ext": 0.0}, "Ponte Preta / SP": {"Atk": 0.8580694748847911, "Def": 0.7489369873103832, "Ext": 0.0}, "Crici\u00fama / SC": {"Atk": 1.2467209814887854, "Def": 0.6350454826548844, "Ext": 0.0}, "Cruzeiro / MG": {"Atk": 1.843422259600451, "Def": 1.118861736614538, "Ext": 0.0}, "Coritiba / PR": {"Atk": 0.8770182099867326, "Def": 0.9941089206151423, "Ext": 0.13097996368084136}, "Santos / SP": {"Atk": 1.1719706259144353, "Def": 1.0380213129629319, "Ext": 0.0}, "Botafogo / RJ": {"Atk": 1.2287821177012115, "Def": 1.0187796283736434, "Ext": 0.01967611582758817}, "Flamengo / RJ": {"Atk": 0.9637502259105075, "Def": 0.9113773032170525, "Ext": 0.0}, "S\u00e3o Paulo / SP": {"Atk": 0.872853381568708, "Def": 1.112240208741275, "Ext": 0.0}, "Bahia / BA": {"Atk": 0.8773621892102667, "Def": 0.9274561876451072, "Ext": 0.0}, "Internacional / RS": {"Atk": 0.725291421127005, "Def": 1.3058805753274416, "Ext": 0.53477868397213}, "Goi\u00e1s / GO": {"Atk": 1.0573916861656367, "Def": 1.085000357218912, "Ext": 0.06523923062286245}, "N\u00e1utico / PE": {"Atk": 0.5017727576377927, "Def": 0.5086196533622577, "Ext": 0.0}, "Atl\u00e9tico / MG": {"Atk": 1.1124745085391416, "Def": 1.1423903099984625, "Ext": 0.0}, "Athletico Paranaense / PR": {"Atk": 1.291901657156959, "Def": 0.9744374054381265, "Ext": 0.19093589421406484}, "Portuguesa / SP": {"Atk": 1.2313910756807267, "Def": 0.8500522916037111, "Ext": 0.0}}