{"Palmeiras / SP": {"Atk": 1.0, "Def": 0.6732280072463966, "Home bonus": 0.7846108183001201}, "Chapecoense / SC": {"Atk": 0.25696303141597454, "Def": 0.8461613505742885, "Home bonus": 0.9242330563395544}, "Fluminense / RJ": {"Atk": 0.8026204352101488, "Def": 0.7483346996344151, "Home bonus": 0.11989543600031365}, "S\u00e3o Paulo / SP": {"Atk": 0.5863158659879083, "Def": 0.724041437139072, "Home bonus": 1.0456733341273203}, "Cruzeiro / MG": {"Atk": 0.564742148759446, "Def": 0.886431251234592, "Home bonus": 0.34514002237956387}, "Athletico Paranaense / PR": {"Atk": 0.6550429940113761, "Def": 0.913350081913045, "Home bonus": 0.6403239411562385}, "Sport / PE": {"Atk": 0.9009181299199593, "Def": 0.7918654099492164, "Home bonus": 0.3670547824345755}, "Vasco da Gama / RJ": {"Atk": 0.2887238791818827, "Def": 0.450784568991532, "Home bonus": 0.10775739331150293}, "Gr\u00eamio / RS": {"Atk": 0.6361258362189968, "Def": 1.1818475852047983, "Home bonus": 1.1829509197017252}, "Ava\u00ed / SC": {"Atk": 0.440442968264619, "Def": 0.47038905438042905, "Home bonus": 0.7989677412261996}, "Coritiba / PR": {"Atk": 0.3812877859033462, "Def": 0.9974235221014928, "Home bonus": 0.40033614122926514}, "Goi\u00e1s / GO": {"Atk": 0.5921559446717293, "Def": 1.286779904943532, "Home bonus": 0.23620049416366531}, "Corinthians / SP": {"Atk": 1.015517523380297, "Def": 1.2650379211678795, "Home bonus": 0.5908820076703636}, "Flamengo / RJ": {"Atk": 0.8298137262204394, "Def": 0.6020058115178699, "Home bonus": 0.4670614407504593}, "Santos / SP": {"Atk": 0.727599691488323, "Def": 0.6672907675899373, "Home bonus": 1.2374042378463788}, "Atl\u00e9tico / MG": {"Atk": 1.222744923501347, "Def": 0.8619006268540262, "Home bonus": 0.018358565833996303}, "Joinville / SC": {"Atk": 0.35757645376970587, "Def": 0.9195413146850263, "Home bonus": 0.47421149385453887}, "Ponte Preta / SP": {"Atk": 0.6952409425478572, "Def": 0.7421595207072429, "Home bonus": 0.0}, "Internacional / RS": {"Atk": 0.32452856885603765, "Def": 0.9792075049401922, "Home bonus": 1.0100226244847015}, "Figueirense / SC": {"Atk": 0.5774071958440572, "Def": 0.5469240657857793, "Home bonus": 0.42707612106036597}}