{"Cruzeiro / MG": {"Atk": 1.0, "Def": 1.0885844598466081}, "Ava\u00ed / SC": {"Atk": 0.9216980020384407, "Def": 0.7697304116624025}, "CSA / AL": {"Atk": 1.155630077966103, "Def": 1.1399916609553706}, "Ponte Preta / SP": {"Atk": 1.056439860689897, "Def": 0.7664196839951639}, "Oeste / SP": {"Atk": 0.6731794612730518, "Def": 0.6290319754764536}, "Oper\u00e1rio / PR": {"Atk": 0.6552912075245448, "Def": 1.2063226161016218}, "Juventude / RS": {"Atk": 1.2228352428957119, "Def": 1.0497749266369965}, "Vit\u00f3ria / BA": {"Atk": 1.04231718428152, "Def": 0.9119126322774619}, "Confian\u00e7a / SE": {"Atk": 0.9152788261435036, "Def": 0.8498419705648623}, "Cuiab\u00e1 / MT": {"Atk": 1.0097086028577476, "Def": 1.0789688689105563}, "Am\u00e9rica / MG": {"Atk": 0.9071489181972064, "Def": 1.563385866064835}, "Figueirense / SC": {"Atk": 0.6748742993684049, "Def": 1.0975424664921614}, "CRB / AL": {"Atk": 0.8732262342911032, "Def": 0.871812400611894}, "Guarani / SP": {"Atk": 1.0392777265424724, "Def": 0.901828621484161}, "Botafogo / SP": {"Atk": 0.37926186431536135, "Def": 1.0680734476448488}, "Paran\u00e1 / PR": {"Atk": 0.8149752436065498, "Def": 0.7836734698571203}, "Brasil / RS": {"Atk": 0.7111945560515297, "Def": 1.406834120218561}, "N\u00e1utico / PE": {"Atk": 0.7271040413046468, "Def": 0.9815485048480354}, "Sampaio Corr\u00eaa / MA": {"Atk": 1.194862988385423, "Def": 1.0402726444541956}, "Chapecoense / SC": {"Atk": 1.007769118011855, "Def": 3.2935670322611466}, "Home bonus": 0.3401649056198214}