{"Vasco da Gama / RJ": {"Atk": 1.0, "Def": 0.47909026450342246, "Home bonus": 0.20891328133813364, "Ext": 0.002208233698361614}, "Fluminense / RJ": {"Atk": 0.43600025548896526, "Def": 1.0363441371470767, "Home bonus": 0.3578571553266688, "Ext": 0.22711579029462384}, "Corinthians / SP": {"Atk": 0.3936600210459895, "Def": 2.603504952087312, "Home bonus": 0.5043896273564882, "Ext": 0.0}, "Vit\u00f3ria / BA": {"Atk": 0.7589171205431213, "Def": 1.04044691557078, "Home bonus": 0.08700134455215343, "Ext": 0.38605766292093385}, "Gr\u00eamio / RS": {"Atk": 0.7038576490252986, "Def": 1.2390472055737913, "Home bonus": 0.34242535236470406, "Ext": 0.0}, "Ponte Preta / SP": {"Atk": 0.5825631648838516, "Def": 0.6465471955045529, "Home bonus": 0.2820996568211047, "Ext": 0.0}, "Crici\u00fama / SC": {"Atk": 1.1176834440359278, "Def": 0.45313958212112665, "Home bonus": 0.03296541145238855, "Ext": 0.0}, "Cruzeiro / MG": {"Atk": 1.353317446695348, "Def": 1.081191543139915, "Home bonus": 0.9867153676059057, "Ext": 0.0}, "Coritiba / PR": {"Atk": 0.12713154562796058, "Def": 1.351257247209401, "Home bonus": 0.92725123695918, "Ext": 0.41353885652653666}, "Santos / SP": {"Atk": 0.7869867759998965, "Def": 1.185397268274279, "Home bonus": 0.3490384908697903, "Ext": 0.11981641013423174}, "Botafogo / RJ": {"Atk": 0.9902301631177318, "Def": 0.8497992548418948, "Home bonus": 0.19080779535019776, "Ext": 0.0}, "Flamengo / RJ": {"Atk": 0.5589349154605819, "Def": 0.838055113098749, "Home bonus": 0.49414309730064493, "Ext": 0.0}, "S\u00e3o Paulo / SP": {"Atk": 0.8155685640120325, "Def": 0.9262974135383906, "Home bonus": 0.0, "Ext": 0.0}, "Bahia / BA": {"Atk": 0.5916226865386413, "Def": 0.7765122176080989, "Home bonus": 0.32055080705928507, "Ext": 0.0}, "Internacional / RS": {"Atk": 0.5640323819147938, "Def": 1.2578522019400389, "Home bonus": 0.2318306229143784, "Ext": 0.5844878753722432}, "Goi\u00e1s / GO": {"Atk": 0.573526077525084, "Def": 1.5359663973496982, "Home bonus": 0.4539471993207106, "Ext": 0.22235682699158157}, "N\u00e1utico / PE": {"Atk": 0.2226012966292094, "Def": 0.39914808474674346, "Home bonus": 0.46622434327581547, "Ext": 0.0}, "Atl\u00e9tico / MG": {"Atk": 0.27239223545121866, "Def": 1.1210560514359278, "Home bonus": 1.542408659560682, "Ext": 0.0}, "Athletico Paranaense / PR": {"Atk": 0.7338858280848507, "Def": 1.3081159387377106, "Home bonus": 0.46564554966397637, "Ext": 0.38179486475040125}, "Portuguesa / SP": {"Atk": 0.4156450430176127, "Def": 0.9653288401669045, "Home bonus": 0.9526951097149242, "Ext": 0.2939903160531097}}