{"Flamengo / RJ": {"Atk": 1.0, "Def": 0.546557847221493, "Home bonus": 0.0, "Ext": 0.1}, "Corinthians / SP": {"Atk": 0.36440907723357513, "Def": 0.5713892233044571, "Home bonus": 0.18077065428490388, "Ext": 0.1}, "S\u00e3o Paulo / SP": {"Atk": 0.30582925799173827, "Def": 0.497993752335357, "Home bonus": 0.0, "Ext": 0.1}, "Atl\u00e9tico Mineiro / MG": {"Atk": 0.4659462503848786, "Def": 0.9480651400667431, "Home bonus": 0.996998387121408, "Ext": 0.0}, "Internacional / RS": {"Atk": 0.4164838404372831, "Def": 0.40716431828560323, "Home bonus": 0.0, "Ext": 0.1}, "Cear\u00e1 / CE": {"Atk": 0.23188253885796187, "Def": 0.5847755586718384, "Home bonus": 1.3925111278735918, "Ext": 0.1}, "Bahia / BA": {"Atk": 0.6345015402688063, "Def": 0.3254799553752609, "Home bonus": 0.0, "Ext": 0.0}, "Athletico Paranaense / PR": {"Atk": 0.6960562713432271, "Def": 0.47105810895785843, "Home bonus": 0.4651621375955095, "Ext": 0.0}, "Chapecoense / SC": {"Atk": 0.3885575984529261, "Def": 0.33596209040324665, "Home bonus": 0.0, "Ext": 0.1}, "Cuiab\u00e1 / MT": {"Atk": 0.4183665768401416, "Def": 0.3640597266157829, "Home bonus": 0.13156749078511998, "Ext": 0.1}, "Fluminense / RJ": {"Atk": 0.4087925448386626, "Def": 0.5675652688658404, "Home bonus": 0.0, "Ext": 0.1}, "Palmeiras / SP": {"Atk": 0.7635342885506475, "Def": 0.5241404391688675, "Home bonus": 0.3342577917171252, "Ext": 0.0}, "Santos / SP": {"Atk": 0.42849231395568593, "Def": 0.4231841827351198, "Home bonus": 0.5749146324050834, "Ext": 0.003047198512185563}, "Am\u00e9rica / MG": {"Atk": 0.39403804689065924, "Def": 0.4117498760173724, "Home bonus": 0.0, "Ext": 0.1}, "Gr\u00eamio / RS": {"Atk": 0.29857780343296797, "Def": 0.5781907719465526, "Home bonus": 0.056699148261467214, "Ext": 0.1}, "Fortaleza / CE": {"Atk": 0.5266469752687425, "Def": 0.8022808323420508, "Home bonus": 1.0380091486924325, "Ext": 0.1}, "Sport / PE": {"Atk": 0.274159931902844, "Def": 0.6818600915557788, "Home bonus": 0.0, "Ext": 0.1}, "Red Bull Bragantino / SP": {"Atk": 0.859307869551327, "Def": 0.4728075748454618, "Home bonus": 0.0, "Ext": 0.1}, "Juventude / RS": {"Atk": 0.22587826808027706, "Def": 0.532056653207864, "Home bonus": 0.4865700313790227, "Ext": 0.0}, "Atl\u00e9tico / GO": {"Atk": 0.46063092711622067, "Def": 0.5644930203774123, "Home bonus": 0.0, "Ext": 0.0}}