{"Ponte Preta / SP": {"Atk": 1.0, "Def": 5.301743889557522, "Home bonus": 0.0, "Ext": 0.05294338975830007}, "CSA / AL": {"Atk": 0.2850284844218295, "Def": 2.1158116810985304, "Home bonus": 0.831513912513505, "Ext": 0.1}, "Sport / PE": {"Atk": 0.5709427689045852, "Def": 4.040946189661934, "Home bonus": 0.9060306205355566, "Ext": 0.1}, "Brusque / SC": {"Atk": 0.9555050654095616, "Def": 1.4686222458696039, "Home bonus": 0.5719136595034269, "Ext": 0.1}, "Novorizontino / SP": {"Atk": 1.552760039847488, "Def": 1.4857810902102389, "Home bonus": 0.0, "Ext": 0.0}, "Londrina / PR": {"Atk": 1.0459087932555524, "Def": 1.5489264779658876, "Home bonus": 1.0785136517726355, "Ext": 0.0}, "Vasco da Gama / RJ": {"Atk": 0.6970401736649876, "Def": 6.145431379636391, "Home bonus": 0.677518793277416, "Ext": 0.1}, "Bahia / BA": {"Atk": 0.725135188469354, "Def": 3.2702559142207828, "Home bonus": 1.9009831441518474, "Ext": 0.0}, "Tombense / MG": {"Atk": 1.005877669200115, "Def": 1.4344575555401176, "Home bonus": 0.7673857717485701, "Ext": 0.1}, "Chapecoense / SC": {"Atk": 1.2890262118930753, "Def": 1.587570980367075, "Home bonus": 0.0, "Ext": 0.0}, "Guarani / SP": {"Atk": 1.2888216640166983, "Def": 2.5795977213632533, "Home bonus": 0.0, "Ext": 0.1}, "CRB / AL": {"Atk": 0.9917876759248369, "Def": 0.7459145795320604, "Home bonus": 0.49214771124366796, "Ext": 0.1}, "N\u00e1utico / PE": {"Atk": 1.3551187409865753, "Def": 1.3766278499595441, "Home bonus": 0.030493266275731536, "Ext": 0.0}, "Crici\u00fama / SC": {"Atk": 1.4641726096209156, "Def": 1.9159888926968376, "Home bonus": 0.08533429601160433, "Ext": 0.1}, "Ituano / SP": {"Atk": 1.3962344709282242, "Def": 1.4094004410184207, "Home bonus": 0.5096199997962103, "Ext": 0.1}, "Oper\u00e1rio / PR": {"Atk": 1.10217405108867, "Def": 1.2486085986420756, "Home bonus": 1.1730362000205894, "Ext": 0.0}, "Gr\u00eamio / RS": {"Atk": 0.8460877723151414, "Def": 4.32925737846884, "Home bonus": 0.6465331179400995, "Ext": 0.1}, "Sampaio Corr\u00eaa / MA": {"Atk": 0.3539937935154334, "Def": 1.6303679554417572, "Home bonus": 1.5872468503551458, "Ext": 0.1}, "Cruzeiro / MG": {"Atk": 1.8204616599334873, "Def": 59.41175124214132, "Home bonus": 0.3345806417619966, "Ext": 0.1}, "Vila Nova / GO": {"Atk": 1.3865966545729562, "Def": 2.396164065912406, "Home bonus": 0.0, "Ext": 0.1}}