{"Flamengo / RJ": {"Home": {"Atk": 1.0, "Def": 0.7431121269197272}, "Away": {"Atk": 0.9124303587669825, "Def": 0.6958329450257176}, "Ext": 0.2573405210827726}, "Corinthians / SP": {"Home": {"Atk": 0.08251526727296835, "Def": 0.7364868768935894}, "Away": {"Atk": 0.45923683459240033, "Def": 0.8638117253705228}, "Ext": 0.07490020522209588}, "S\u00e3o Paulo / SP": {"Home": {"Atk": 0.08866011997943019, "Def": 0.9350035555927878}, "Away": {"Atk": 0.2615486982681106, "Def": 0.3694308368663015}, "Ext": 0.07326814287204891}, "Atl\u00e9tico Mineiro / MG": {"Home": {"Atk": 0.8104613290811066, "Def": 0.8765699389618868}, "Away": {"Atk": 0.5975257766962315, "Def": 0.9244868341539733}, "Ext": 0.08492851562409989}, "Internacional / RS": {"Home": {"Atk": 0.13012286762951994, "Def": 0.5250211308337978}, "Away": {"Atk": 0.28221307033959464, "Def": 0.8092748574389537}, "Ext": 0.2517306673543047}, "Cear\u00e1 / CE": {"Home": {"Atk": 0.7613924359491298, "Def": 0.7648786095292905}, "Away": {"Atk": 0.0, "Def": 0.7506173564422257}, "Ext": 0.25082954022009263}, "Bahia / BA": {"Home": {"Atk": 0.4266171001822001, "Def": 0.37454389249334014}, "Away": {"Atk": 0.8036498567290504, "Def": 0.31366305872080796}, "Ext": 0.25028354909158423}, "Athletico Paranaense / PR": {"Home": {"Atk": 0.8781027019614628, "Def": 0.6762330791518595}, "Away": {"Atk": 0.6190078884285257, "Def": 0.8598206886822487}, "Ext": 0.10419945801537131}, "Chapecoense / SC": {"Home": {"Atk": 0.0, "Def": 0.4720787729133458}, "Away": {"Atk": 0.6511333210532847, "Def": 0.5519986185826562}, "Ext": 0.13649343738906514}, "Cuiab\u00e1 / MT": {"Home": {"Atk": 0.11931532407332987, "Def": 0.7572993284013311}, "Away": {"Atk": 0.15995122704690895, "Def": 0.5524451302578797}, "Ext": 0.4895134245608348}, "Fluminense / RJ": {"Home": {"Atk": 0.2539242601988417, "Def": 0.5832157729493884}, "Away": {"Atk": 0.5835221581371823, "Def": 0.7994505575739491}, "Ext": 0.1767736308335763}, "Palmeiras / SP": {"Home": {"Atk": 0.7750938466198819, "Def": 0.8921962651103721}, "Away": {"Atk": 0.6787074247672006, "Def": 0.6783518254851706}, "Ext": 0.0}, "Santos / SP": {"Home": {"Atk": 0.6727203541311811, "Def": 0.7972355804282762}, "Away": {"Atk": 0.4229273507120479, "Def": 0.2735818481296515}, "Ext": 0.3658418074241423}, "Am\u00e9rica / MG": {"Home": {"Atk": 0.11477937291920833, "Def": 0.7270973516722062}, "Away": {"Atk": 0.11319288279266908, "Def": 0.6233590845148571}, "Ext": 0.3076687093797739}, "Gr\u00eamio / RS": {"Home": {"Atk": 0.283139372405838, "Def": 0.6546516608271068}, "Away": {"Atk": 0.3990823960093696, "Def": 0.5031560343701296}, "Ext": 0.0}, "Fortaleza / CE": {"Home": {"Atk": 1.0827576000512065, "Def": 0.9523181281613934}, "Away": {"Atk": 0.4392360981717921, "Def": 0.6621812522050992}, "Ext": 0.0}, "Sport / PE": {"Home": {"Atk": 0.08762765280848935, "Def": 0.7952782784160056}, "Away": {"Atk": 0.1553195008311393, "Def": 0.7508851190897992}, "Ext": 0.2735702464743064}, "Red Bull Bragantino / SP": {"Home": {"Atk": 0.4697229129052951, "Def": 0.8036273995371261}, "Away": {"Atk": 0.8357074519693548, "Def": 0.7858138993588648}, "Ext": 0.4189971885663497}, "Juventude / RS": {"Home": {"Atk": 0.5526896814740698, "Def": 0.5823437820606978}, "Away": {"Atk": 0.0, "Def": 0.6383292627334873}, "Ext": 0.14311290588926434}, "Atl\u00e9tico / GO": {"Home": {"Atk": 0.2815378698871127, "Def": 0.6470873213894116}, "Away": {"Atk": 0.4404694527512638, "Def": 0.6472175619707825}, "Ext": 0.2951561418160443}}