{"Flamengo / RJ": {"Atk": 1.0, "Def": 0.6847227594379439}, "Corinthians / SP": {"Atk": 0.517626897386276, "Def": 0.651646586857573}, "S\u00e3o Paulo / SP": {"Atk": 0.3610082662225716, "Def": 0.6737837007053417}, "Atl\u00e9tico Mineiro / MG": {"Atk": 0.8151917224472551, "Def": 0.9309286905872586}, "Internacional / RS": {"Atk": 0.6033470099311662, "Def": 0.5594056770227698}, "Cear\u00e1 / CE": {"Atk": 0.5006145599148663, "Def": 0.6184177446734814}, "Bahia / BA": {"Atk": 0.49988787042704985, "Def": 0.4474817508912058}, "Athletico Paranaense / PR": {"Atk": 0.56835097967697, "Def": 0.4727855624788255}, "Chapecoense / SC": {"Atk": 0.3850529289249263, "Def": 0.3506330360085827}, "Cuiab\u00e1 / MT": {"Atk": 0.44334579462678875, "Def": 0.6548726776597059}, "Fluminense / RJ": {"Atk": 0.46035682081463036, "Def": 0.636522941336785}, "Palmeiras / SP": {"Atk": 0.7741241318316677, "Def": 0.4775279756938028}, "Santos / SP": {"Atk": 0.40891521013885296, "Def": 0.5551201665156053}, "Am\u00e9rica / MG": {"Atk": 0.5182752863013167, "Def": 0.6187066672489934}, "Gr\u00eamio / RS": {"Atk": 0.4898243081560681, "Def": 0.4764443543355128}, "Fortaleza / CE": {"Atk": 0.6075603872531438, "Def": 0.5069021426924859}, "Sport / PE": {"Atk": 0.28205001529954343, "Def": 0.6692895190604533}, "Red Bull Bragantino / SP": {"Atk": 0.7440588544482607, "Def": 0.4950950519953945}, "Juventude / RS": {"Atk": 0.47219218674208857, "Def": 0.5331458091717952}, "Atl\u00e9tico / GO": {"Atk": 0.36453128019056225, "Def": 0.6305743632980719}, "Home bonus": 0.2683392864865371}