{"Palmeiras / SP": {"Atk": 1.0, "Def": 0.8331013474814545}, "Chapecoense / SC": {"Atk": 0.5361145088255598, "Def": 0.7171732439733661}, "Fluminense / RJ": {"Atk": 0.7422188149319305, "Def": 0.7368682776194851}, "S\u00e3o Paulo / SP": {"Atk": 0.8464533347169232, "Def": 0.6491840126563407}, "Cruzeiro / MG": {"Atk": 0.54567315024575, "Def": 0.877750870522143}, "Athletico Paranaense / PR": {"Atk": 0.7959607436703549, "Def": 0.6287713718422011}, "Sport / PE": {"Atk": 0.9667219119251846, "Def": 0.7016698351001821}, "Vasco da Gama / RJ": {"Atk": 0.3116184798635027, "Def": 0.41425040787903905}, "Gr\u00eamio / RS": {"Atk": 0.9023075140199603, "Def": 0.7033890669047924}, "Ava\u00ed / SC": {"Atk": 0.623217898209027, "Def": 0.48207853989089056}, "Coritiba / PR": {"Atk": 0.37675625563170484, "Def": 0.5426616692611959}, "Goi\u00e1s / GO": {"Atk": 0.4692151407335692, "Def": 0.735923011038567}, "Corinthians / SP": {"Atk": 0.7604893521145568, "Def": 1.1277484104173692}, "Flamengo / RJ": {"Atk": 0.5870997514991083, "Def": 0.5110829382437757}, "Santos / SP": {"Atk": 0.9257356163677668, "Def": 0.48303453113168715}, "Atl\u00e9tico / MG": {"Atk": 1.1463299220128864, "Def": 0.7887328141056886}, "Joinville / SC": {"Atk": 0.32332149877608557, "Def": 0.6239876542445395}, "Ponte Preta / SP": {"Atk": 0.673140013015622, "Def": 0.56819652019337}, "Internacional / RS": {"Atk": 0.4687329298011471, "Def": 0.5652354322799729}, "Figueirense / SC": {"Atk": 0.6255808263023703, "Def": 0.518732721335637}}