{"Paran\u00e1 / PR": {"Atk": 1.0, "Def": 1.0483426266964784, "Home bonus": 0.12634042773260326, "Ext": 0.1}, "Atl\u00e9tico / GO": {"Atk": 0.627806292257262, "Def": 1.1676868093291808, "Home bonus": 0.4855534489577185, "Ext": 0.1}, "Paysandu / PA": {"Atk": 0.8538678709321124, "Def": 1.321163708179527, "Home bonus": 0.8013192740101972, "Ext": 0.0}, "Mogi Mirim / SP": {"Atk": 1.0666677720127284, "Def": 0.6219627662362288, "Home bonus": 0.0, "Ext": 0.1}, "Vit\u00f3ria / BA": {"Atk": 1.0539390365228467, "Def": 1.1998516648833069, "Home bonus": 1.0228404849465436, "Ext": 0.1}, "Maca\u00e9 / RJ": {"Atk": 1.0852732873156905, "Def": 0.7607213582478768, "Home bonus": 0.4739894723914741, "Ext": 0.1}, "Am\u00e9rica / MG": {"Atk": 1.0776340344489765, "Def": 1.1511272135257615, "Home bonus": 0.5953418891010958, "Ext": 0.1}, "N\u00e1utico / PE": {"Atk": 0.6417260207332758, "Def": 1.0046020240233753, "Home bonus": 1.0904992350265987, "Ext": 0.1}, "ABC / RN": {"Atk": 0.9787121902107343, "Def": 0.6587015644252839, "Home bonus": 0.0, "Ext": 0.1}, "CRB / AL": {"Atk": 0.6500609577415953, "Def": 1.262797155851617, "Home bonus": 0.9306370458711711, "Ext": 0.1}, "Bahia / BA": {"Atk": 1.1209228229674773, "Def": 1.0857912942131427, "Home bonus": 0.5324169487418924, "Ext": 0.1}, "Crici\u00fama / SC": {"Atk": 0.7036951174779469, "Def": 1.0755401573864163, "Home bonus": 0.2906079433293696, "Ext": 0.1}, "Sampaio Corr\u00eaa / MA": {"Atk": 0.9128028316737206, "Def": 1.2035426454378788, "Home bonus": 0.6976502572846826, "Ext": 0.044981131859827495}, "Santa Cruz / PE": {"Atk": 1.0186267952118138, "Def": 1.0595610825636288, "Home bonus": 0.8358962259455561, "Ext": 0.1}, "Botafogo / RJ": {"Atk": 1.1440093998722394, "Def": 1.6019246495109398, "Home bonus": 1.0022864888904333, "Ext": 0.1}, "Red Bull Bragantino / SP": {"Atk": 1.1912131529473056, "Def": 0.8008985118809271, "Home bonus": 0.538181588155653, "Ext": 0.0}, "Boa / MG": {"Atk": 0.7012232049480729, "Def": 0.8064967739912564, "Home bonus": 0.1779073078562282, "Ext": 0.1}, "Oeste / SP": {"Atk": 0.8662607118291825, "Def": 1.2268160894190945, "Home bonus": 0.17866744347365515, "Ext": 0.1}, "Cear\u00e1 / CE": {"Atk": 0.7844828797006815, "Def": 0.7307606494706554, "Home bonus": 0.4952834950731516, "Ext": 0.1}, "Luverdense / MT": {"Atk": 0.792050010306695, "Def": 1.1317185608730356, "Home bonus": 0.7322515021370234, "Ext": 0.0}}