{"Palmeiras / SP": {"Atk": 1.0, "Def": 0.6819492825514419, "Ext": 0.4211565039367073}, "Chapecoense / SC": {"Atk": 0.2303062989353509, "Def": 0.6096115259913698, "Ext": 0.40676381551637314}, "Fluminense / RJ": {"Atk": 0.3564975842688169, "Def": 0.6690942497481032, "Ext": 0.7371490513809259}, "S\u00e3o Paulo / SP": {"Atk": 0.5667258727969025, "Def": 0.5207822667770805, "Ext": 0.16414526580960626}, "Cruzeiro / MG": {"Atk": 0.3082704029370193, "Def": 0.7999785739626554, "Ext": 0.10421422424932678}, "Athletico Paranaense / PR": {"Atk": 0.38372393886266976, "Def": 0.8472971055490064, "Ext": 0.4252047240936537}, "Sport / PE": {"Atk": 0.45886870417162334, "Def": 0.9158691440158466, "Ext": 0.28073202730856617}, "Vasco da Gama / RJ": {"Atk": 0.22862737195678595, "Def": 0.33282501205133747, "Ext": 0.40142449773998246}, "Gr\u00eamio / RS": {"Atk": 0.5602089171117347, "Def": 0.5805853267270243, "Ext": 0.0}, "Ava\u00ed / SC": {"Atk": 0.49944844106963115, "Def": 0.437992884381738, "Ext": 0.09313931996005351}, "Coritiba / PR": {"Atk": 0.5242716699059128, "Def": 0.4554918055768624, "Ext": 0.0}, "Goi\u00e1s / GO": {"Atk": 0.2584715384407186, "Def": 0.587306019654114, "Ext": 0.3421936583822043}, "Corinthians / SP": {"Atk": 0.48131197791629315, "Def": 0.7882010840448834, "Ext": 0.0}, "Flamengo / RJ": {"Atk": 0.4030881420408629, "Def": 0.4523354047269542, "Ext": 0.18772617208635034}, "Santos / SP": {"Atk": 0.371275747110803, "Def": 0.6658149737945297, "Ext": 0.7351579094502746}, "Atl\u00e9tico / MG": {"Atk": 0.7623340613790045, "Def": 0.659833068751252, "Ext": 0.07977793025076066}, "Joinville / SC": {"Atk": 0.29111962880320574, "Def": 0.5033155338134496, "Ext": 0.6718613441132306}, "Ponte Preta / SP": {"Atk": 0.37648670129372275, "Def": 0.5595814137000577, "Ext": 0.6119400009581125}, "Internacional / RS": {"Atk": 0.23913454072116638, "Def": 0.9278491809878916, "Ext": 0.5602958768913652}, "Figueirense / SC": {"Atk": 0.4478179025048692, "Def": 0.5190726286809891, "Ext": 0.05312811990569148}, "Home bonus": 0.25712208938851894}