{"Oeste / SP": {"Atk": 1.0, "Def": 1.2009569898171615, "Ext": 0.0}, "Boa / MG": {"Atk": 1.247128224874057, "Def": 2.034939682079534, "Ext": 0.135708491917328}, "Figueirense / SC": {"Atk": 2.7403496723093057, "Def": 1.050063942708999, "Ext": 0.0}, "Joinville / SC": {"Atk": 2.3980197951087074, "Def": 1.7441374666303526, "Ext": 0.0}, "Icasa / CE": {"Atk": 2.004335047453021, "Def": 1.0351896797824818, "Ext": 0.0}, "ABC / RN": {"Atk": 0.930345117322097, "Def": 1.0954035228848469, "Ext": 0.0}, "Palmeiras / SP": {"Atk": 2.417494890893776, "Def": 2.9706526432818117, "Ext": 0.19275010654228542}, "S\u00e3o Caetano / SP": {"Atk": 1.0113138327176832, "Def": 1.957498099070438, "Ext": 0.3106756788172279}, "Guaratinguet\u00e1 / SP": {"Atk": 1.553091926222663, "Def": 1.0806782376322428, "Ext": 0.0}, "Paysandu / PA": {"Atk": 1.133357265505838, "Def": 1.3740334126234908, "Ext": 0.19528329947905973}, "ASA / AL": {"Atk": 1.85065247651345, "Def": 1.118948954935982, "Ext": 0.0}, "Am\u00e9rica / MG": {"Atk": 1.856973061872802, "Def": 1.6495060755106659, "Ext": 0.3240408074752456}, "Ava\u00ed / SC": {"Atk": 1.7667835047392095, "Def": 1.7535124928603123, "Ext": 0.22204899030441752}, "Chapecoense / SC": {"Atk": 2.380935714573482, "Def": 2.581429986074371, "Ext": 0.23344785584704655}, "Cear\u00e1 / CE": {"Atk": 1.6054927128479395, "Def": 1.5507948226901895, "Ext": 0.05771128314472395}, "Am\u00e9rica / RN": {"Atk": 1.4569792491443636, "Def": 1.2255472849463387, "Ext": 0.0}, "Paran\u00e1 / PR": {"Atk": 2.1039151067534156, "Def": 3.1075073854844897, "Ext": 0.0}, "Atl\u00e9tico / GO": {"Atk": 1.2864085410139696, "Def": 1.4278317745599551, "Ext": 0.0}, "Red Bull Bragantino / SP": {"Atk": 1.366451929080681, "Def": 1.9711509299379273, "Ext": 0.0}, "Sport / PE": {"Atk": 2.6922596547465627, "Def": 1.0996573008523158, "Ext": 0.0}}