{"Cear\u00e1 / CE": {"Home": {"Atk": 1.0, "Def": 1.1022627913854617}, "Away": {"Atk": 0.8493544765577541, "Def": 0.6463573972256991}}, "Bahia / BA": {"Home": {"Atk": 1.6877421470390184, "Def": 1.1114760485529105}, "Away": {"Atk": 0.6485356319098059, "Def": 0.9704211321082744}}, "Sampaio Corr\u00eaa / MA": {"Home": {"Atk": 0.9444269117413446, "Def": 0.4403189913202063}, "Away": {"Atk": 0.25065628226296466, "Def": 0.7379377949337717}}, "Oeste / SP": {"Home": {"Atk": 0.9258033830919594, "Def": 0.5036828962260564}, "Away": {"Atk": 0.51925400560252, "Def": 0.9037342730109641}}, "Vila Nova / GO": {"Home": {"Atk": 0.9896796271544398, "Def": 0.4254561701557161}, "Away": {"Atk": 1.0642888286856957, "Def": 0.8935182971353068}}, "Luverdense / MT": {"Home": {"Atk": 1.3268214967693777, "Def": 0.7487912370139279}, "Away": {"Atk": 0.4513523242317912, "Def": 1.2780469492939694}}, "Tupi / MG": {"Home": {"Atk": 1.229924095385893, "Def": 0.5777822029847076}, "Away": {"Atk": 0.3680571028966519, "Def": 0.8562631275948536}}, "Brasil / RS": {"Home": {"Atk": 1.350650740804879, "Def": 0.8450005239119696}, "Away": {"Atk": 0.4547378671040276, "Def": 0.9745230350089747}}, "Londrina / PR": {"Home": {"Atk": 0.7932396268150114, "Def": 0.9475595488156732}, "Away": {"Atk": 0.6570906930258466, "Def": 1.361078744799875}}, "Crici\u00fama / SC": {"Home": {"Atk": 1.5919174762355564, "Def": 0.4534948814316846}, "Away": {"Atk": 0.4900785383672728, "Def": 0.9460829537345103}}, "N\u00e1utico / PE": {"Home": {"Atk": 1.7851299944842116, "Def": 0.5705681610616106}, "Away": {"Atk": 0.6545359687755271, "Def": 0.8283442706229649}}, "CRB / AL": {"Home": {"Atk": 1.324519137381514, "Def": 0.3998500878937931}, "Away": {"Atk": 0.8605810838441693, "Def": 1.0181368645392483}}, "Paysandu / PA": {"Home": {"Atk": 1.232883023552897, "Def": 0.5747258111001956}, "Away": {"Atk": 0.4654989794353653, "Def": 0.9132609857451266}}, "Red Bull Bragantino / SP": {"Home": {"Atk": 0.8317475167837173, "Def": 0.5676912448210449}, "Away": {"Atk": 0.3579742700449561, "Def": 0.7669270141093167}}, "Goi\u00e1s / GO": {"Home": {"Atk": 1.373436511138581, "Def": 0.5602992601192182}, "Away": {"Atk": 0.5385464844087164, "Def": 0.787302184849406}}, "Vasco da Gama / RJ": {"Home": {"Atk": 1.5840131778488207, "Def": 0.44652333340901856}, "Away": {"Atk": 0.847658248434029, "Def": 1.4191885936282571}}, "Atl\u00e9tico / GO": {"Home": {"Atk": 1.6007073408969927, "Def": 0.801892734818738}, "Away": {"Atk": 0.48864139054767586, "Def": 1.5228843097463418}}, "Joinville / SC": {"Home": {"Atk": 0.6853015782086396, "Def": 0.6164331411344725}, "Away": {"Atk": 0.2826737072918042, "Def": 1.0585375950808287}}, "Paran\u00e1 / PR": {"Home": {"Atk": 0.8072213060658279, "Def": 0.701306375509836}, "Away": {"Atk": 0.5607433596258877, "Def": 0.6933327027625709}}, "Ava\u00ed / SC": {"Home": {"Atk": 1.726236456564703, "Def": 0.6473015241005667}, "Away": {"Atk": 0.3892791576261316, "Def": 1.0101058479073257}}}