{"Gr\u00eamio / RS": {"Home": {"Atk": 1.0, "Def": 0.8203317519372444}, "Away": {"Atk": 0.694050800089742, "Def": 0.5766333905541773}, "Ext": 0.022321651473854925}, "Atl\u00e9tico / MG": {"Home": {"Atk": 0.5466680935274811, "Def": 0.7912312926376045}, "Away": {"Atk": 0.2625817333951327, "Def": 0.5723859726781975}, "Ext": 0.03396659647764985}, "Cear\u00e1 / CE": {"Home": {"Atk": 0.47258942114875335, "Def": 0.8557052925525546}, "Away": {"Atk": 0.5251698122802689, "Def": 0.5346384579846553}, "Ext": 0.07800225337076408}, "Palmeiras / SP": {"Home": {"Atk": 0.8518982251355723, "Def": 0.7924976896403493}, "Away": {"Atk": 0.38571607058656837, "Def": 0.6846367578780493}, "Ext": 0.4609830142903456}, "S\u00e3o Paulo / SP": {"Home": {"Atk": 0.4392055719450621, "Def": 1.0287962072454562}, "Away": {"Atk": 0.32378308877246786, "Def": 0.9130564700644045}, "Ext": 0.060978417481603334}, "Flamengo / RJ": {"Home": {"Atk": 0.9772855862370255, "Def": 0.8257031308114615}, "Away": {"Atk": 0.6070635467892007, "Def": 0.6113904148355918}, "Ext": 0.6305689421228942}, "Fluminense / RJ": {"Home": {"Atk": 0.33846681579872256, "Def": 0.9031629356770522}, "Away": {"Atk": 0.6678796507266694, "Def": 0.4884473538351338}, "Ext": 0.07209441374960313}, "Chapecoense / SC": {"Home": {"Atk": 0.613920666973841, "Def": 0.45342655782382174}, "Away": {"Atk": 0.3158163709056809, "Def": 0.439073781276031}, "Ext": 0.33638008577965045}, "Bahia / BA": {"Home": {"Atk": 0.5390733609412617, "Def": 0.6160515181318469}, "Away": {"Atk": 0.27472417053975673, "Def": 0.8886143146652035}, "Ext": 0.6171697136912705}, "Athletico Paranaense / PR": {"Home": {"Atk": 0.5818975312307402, "Def": 0.7446212182671186}, "Away": {"Atk": 0.4281950209935574, "Def": 0.7615069836802995}, "Ext": 0.35464679697408025}, "Internacional / RS": {"Home": {"Atk": 0.5216626860875474, "Def": 0.6967409615431517}, "Away": {"Atk": 0.29926393776365934, "Def": 0.5576916464233564}, "Ext": 0.10839515945374512}, "Cruzeiro / MG": {"Home": {"Atk": 0.21344141583240192, "Def": 0.6391872365531002}, "Away": {"Atk": 0.51929637152115, "Def": 0.5959772811721228}, "Ext": 0.2340444734927189}, "Fortaleza / CE": {"Home": {"Atk": 0.5364987218003247, "Def": 0.6794687283301709}, "Away": {"Atk": 0.29280508596497534, "Def": 0.7153612981712552}, "Ext": 0.6376631749565418}, "Corinthians / SP": {"Home": {"Atk": 0.46682086303669185, "Def": 0.6464894376219198}, "Away": {"Atk": 0.4236115932616348, "Def": 0.6167525272411084}, "Ext": 0.3058842240742943}, "Santos / SP": {"Home": {"Atk": 0.8711192349488432, "Def": 0.9844940929622635}, "Away": {"Atk": 0.48651050497521453, "Def": 0.6412170782964779}, "Ext": 0.4752587134703272}, "Vasco da Gama / RJ": {"Home": {"Atk": 0.6452915889117543, "Def": 0.4507533106237274}, "Away": {"Atk": 0.3273917704504749, "Def": 0.8527799250087306}, "Ext": 0.03905667849283688}, "Botafogo / RJ": {"Home": {"Atk": 0.3565554922200528, "Def": 0.7133187568534122}, "Away": {"Atk": 0.34836090794339286, "Def": 0.4554086520919384}, "Ext": 0.1336184323414167}, "Ava\u00ed / SC": {"Home": {"Atk": 0.02338720157307329, "Def": 0.45228520163750086}, "Away": {"Atk": 0.18802181752007713, "Def": 0.3379790366248855}, "Ext": 0.4853044000141203}, "Goi\u00e1s / GO": {"Home": {"Atk": 0.5259007408601184, "Def": 0.5736886346788205}, "Away": {"Atk": 0.25436544373178066, "Def": 0.3155081778154768}, "Ext": 0.21636082506275595}, "CSA / AL": {"Home": {"Atk": 0.5325591366564284, "Def": 0.45769857884850396}, "Away": {"Atk": 0.13513594147963995, "Def": 0.3291887183924422}, "Ext": 0.5342293585622414}}