{"Palmeiras / SP": {"Atk": 0.9252488135349977, "Def": 0.603879037070644}, "Flamengo / RJ": {"Atk": 0.6028515422273473, "Def": 0.6650901989106337}, "Atl\u00e9tico / MG": {"Atk": 0.8574662897258968, "Def": 0.4837121447341459}, "Coritiba / PR": {"Atk": 0.61182134911508, "Def": 0.4827297843682222}, "Botafogo / RJ": {"Atk": 0.7129259580688414, "Def": 0.45389345980897844}, "Santa Cruz / PE": {"Atk": 0.5408233147703784, "Def": 0.47527678784587096}, "Corinthians / SP": {"Atk": 0.7213273518287208, "Def": 0.7252204241158398}, "Figueirense / SC": {"Atk": 0.45230764857146843, "Def": 0.517331573039916}, "Am\u00e9rica / MG": {"Atk": 0.31962383528073085, "Def": 0.4263943171198286}, "Internacional / RS": {"Atk": 0.5326610758360603, "Def": 0.5517267433616388}, "Vit\u00f3ria / BA": {"Atk": 0.6738241751062091, "Def": 0.42628631483218454}, "Fluminense / RJ": {"Atk": 0.596923078178663, "Def": 0.6658537961625247}, "Cruzeiro / MG": {"Atk": 0.694254999926618, "Def": 0.3835067212111392}, "Santos / SP": {"Atk": 0.8636861046645504, "Def": 0.7188683409146361}, "Athletico Paranaense / PR": {"Atk": 0.48468837263430137, "Def": 0.7175894213234624}, "Chapecoense / SC": {"Atk": 0.7405686880443786, "Def": 0.38720396902337134}, "S\u00e3o Paulo / SP": {"Atk": 0.5320222750733515, "Def": 0.6257623638365781}, "Gr\u00eamio / RS": {"Atk": 0.7725775208438606, "Def": 0.5915156297756144}, "Ponte Preta / SP": {"Atk": 0.6729043557186609, "Def": 0.4169050459495504}, "Sport / PE": {"Atk": 0.7445809254935383, "Def": 0.42575819767019896}}