{"Flamengo / RJ": {"Atk": 1.0, "Def": 0.5484327362324606}, "Botafogo / RJ": {"Atk": 1.0376000109026007, "Def": 1.3035741799151213}, "Palmeiras / SP": {"Atk": 1.0727951306960308, "Def": 0.8358106478580866}, "Corinthians / SP": {"Atk": 0.6786235433781249, "Def": 0.620458646912518}, "Red Bull Bragantino / SP": {"Atk": 0.8066397159763716, "Def": 0.690639750921024}, "Atl\u00e9tico Mineiro / MG": {"Atk": 0.646218349548955, "Def": 0.8060248092177712}, "Gr\u00eamio / RS": {"Atk": 0.9080587115451594, "Def": 0.5477756468848058}, "Athletico Paranaense / PR": {"Atk": 0.8656630493486016, "Def": 0.6240670403379439}, "Fortaleza / CE": {"Atk": 0.6559012772170514, "Def": 0.7633515847197988}, "Am\u00e9rica / MG": {"Atk": 0.6788455881643496, "Def": 0.32396297946717034}, "Fluminense / RJ": {"Atk": 0.8014266483108357, "Def": 0.7260254158876663}, "Vasco da Gama / RJ": {"Atk": 0.5115084782787449, "Def": 0.4861678234997391}, "S\u00e3o Paulo / SP": {"Atk": 0.7334050622132468, "Def": 0.7867072507577639}, "Santos / SP": {"Atk": 0.638143400734696, "Def": 0.46603258160325495}, "Goi\u00e1s / GO": {"Atk": 0.576541902352267, "Def": 0.5332941447548852}, "Cruzeiro / MG": {"Atk": 0.5937235290607116, "Def": 0.8663837290929408}, "Internacional / RS": {"Atk": 0.516499745186756, "Def": 0.6159395350208312}, "Coritiba / PR": {"Atk": 0.6162158093711382, "Def": 0.3853243560802465}, "Bahia / BA": {"Atk": 0.6669725172052056, "Def": 0.59131088833225}, "Cuiab\u00e1 / MT": {"Atk": 0.6383153679583023, "Def": 0.6555428933167046}}