{"Guarani / SP": {"Atk": 1.0, "Def": 0.9688022953737068, "Ext": 0.06785410574661258}, "Vila Nova / GO": {"Atk": 0.7922805715258516, "Def": 1.025423670844762, "Ext": 0.43994220950823404}, "Crici\u00fama / SC": {"Atk": 0.49260659046331906, "Def": 1.0140298820911928, "Ext": 0.001067782341130863}, "Ituano / SP": {"Atk": 0.3654885407662457, "Def": 0.5417939122332766, "Ext": 0.023735183241787736}, "Mirassol / SP": {"Atk": 0.46634349622450505, "Def": 1.0311059989347662, "Ext": 0.0}, "Vit\u00f3ria / BA": {"Atk": 0.9035432952401549, "Def": 0.8059132723199874, "Ext": 0.352563337880592}, "Sampaio Corr\u00eaa / MA": {"Atk": 0.2801305926631797, "Def": 0.6906995237328101, "Ext": 0.32268848733504524}, "Juventude / RS": {"Atk": 0.6022893599502528, "Def": 0.7919122354959373, "Ext": 0.0}, "Londrina / PR": {"Atk": 0.4176371936147227, "Def": 0.4987035713001931, "Ext": 0.06992411384077865}, "CRB / AL": {"Atk": 0.29699086059186897, "Def": 0.8461052699339284, "Ext": 0.3694342695373035}, "Ponte Preta / SP": {"Atk": 0.16708506192294123, "Def": 0.8180392923153719, "Ext": 0.0}, "Atl\u00e9tico / GO": {"Atk": 0.39349244647582865, "Def": 0.9248811215352266, "Ext": 0.3083188704521812}, "Ava\u00ed / SC": {"Atk": 0.34426033050855076, "Def": 0.5817551675501309, "Ext": 0.0005864964357606695}, "Botafogo / SP": {"Atk": 0.40931448470991183, "Def": 0.6305615131026743, "Ext": 0.0}, "Novorizontino / SP": {"Atk": 0.6852690830322358, "Def": 0.9642336937063305, "Ext": 0.0}, "Sport / PE": {"Atk": 0.6205667448300066, "Def": 1.0823061207823912, "Ext": 0.28218072001397926}, "Cear\u00e1 / CE": {"Atk": 0.5532582668058712, "Def": 0.5439709972303662, "Ext": 0.13700091003406914}, "Chapecoense / SC": {"Atk": 0.6470562649696464, "Def": 0.5155100627310037, "Ext": 0.0}, "Tombense / MG": {"Atk": 0.0, "Def": 0.810598894811044, "Ext": 0.12148686360979916}, "ABC / RN": {"Atk": 0.0, "Def": 0.45557342273742113, "Ext": 0.34201416423210834}, "Home bonus": 0.4350979319975862}