{"Flamengo / RJ": {"Home": {"Atk": 1.0, "Def": 0.7123945397847647}, "Away": {"Atk": 0.7710098002914743, "Def": 0.37239413657769643}}, "Corinthians / SP": {"Home": {"Atk": 0.45088066904632085, "Def": 0.46208869072695685}, "Away": {"Atk": 0.5902932945339163, "Def": 0.8933098864369678}}, "S\u00e3o Paulo / SP": {"Home": {"Atk": 0.5228720536900849, "Def": 0.4247525820622019}, "Away": {"Atk": 0.2560327324979187, "Def": 0.6201637384861608}}, "Atl\u00e9tico Mineiro / MG": {"Home": {"Atk": 0.896173721814905, "Def": 0.5139893803649734}, "Away": {"Atk": 0.5809093990341481, "Def": 0.5026445831454637}}, "Internacional / RS": {"Home": {"Atk": 0.6342314651759181, "Def": 0.4613398260192716}, "Away": {"Atk": 0.5754509249322253, "Def": 0.33986219101185366}}, "Cear\u00e1 / CE": {"Home": {"Atk": 0.6598929085660171, "Def": 0.3841374017004563}, "Away": {"Atk": 0.4006067971582752, "Def": 0.8820710395496862}}, "Bahia / BA": {"Home": {"Atk": 0.6361161767977417, "Def": 1.021421411448586}, "Away": {"Atk": 0.7707532516206732, "Def": 0.3849629855575333}}, "Athletico Paranaense / PR": {"Home": {"Atk": 0.7020506103746788, "Def": 0.5495462773287458}, "Away": {"Atk": 1.0436252824428396, "Def": 0.5015104786422585}}, "Chapecoense / SC": {"Home": {"Atk": 0.3142893934017333, "Def": 0.4015866128450814}, "Away": {"Atk": 0.7030843218130982, "Def": 0.4530585511523091}}, "Cuiab\u00e1 / MT": {"Home": {"Atk": 0.29483695647267316, "Def": 0.3754241007958508}, "Away": {"Atk": 0.3082537481624007, "Def": 0.7684180216224088}}, "Fluminense / RJ": {"Home": {"Atk": 0.6465123200476318, "Def": 0.5485542538037133}, "Away": {"Atk": 0.5065640658752292, "Def": 0.7389234312982063}}, "Palmeiras / SP": {"Home": {"Atk": 0.7716937262252814, "Def": 0.7974338333926927}, "Away": {"Atk": 0.7849428851526058, "Def": 0.5995344527294411}}, "Santos / SP": {"Home": {"Atk": 0.687825683878108, "Def": 0.9247564947341411}, "Away": {"Atk": 0.33674120588041534, "Def": 0.25214087302518623}}, "Am\u00e9rica / MG": {"Home": {"Atk": 0.3757156714653169, "Def": 0.742020501391394}, "Away": {"Atk": 0.6910554083466384, "Def": 0.3032061209283119}}, "Gr\u00eamio / RS": {"Home": {"Atk": 0.32802050137769917, "Def": 0.5845466503461378}, "Away": {"Atk": 0.28582998170713736, "Def": 0.19343758630985342}}, "Fortaleza / CE": {"Home": {"Atk": 0.9944073401327989, "Def": 0.8822198730115292}, "Away": {"Atk": 0.4337365191527391, "Def": 0.8036691630124307}}, "Sport / PE": {"Home": {"Atk": 0.1871067536330857, "Def": 0.6401891256208653}, "Away": {"Atk": 0.4037919303686665, "Def": 0.5161856179920171}}, "Red Bull Bragantino / SP": {"Home": {"Atk": 0.9876412280489661, "Def": 0.4158327333417063}, "Away": {"Atk": 0.7998191072651556, "Def": 0.7376223120268318}}, "Juventude / RS": {"Home": {"Atk": 0.3167232180786426, "Def": 0.5542157016972894}, "Away": {"Atk": 0.32450668134852484, "Def": 0.4666611027353252}}, "Atl\u00e9tico / GO": {"Home": {"Atk": 0.7101133328412123, "Def": 0.6453115781881819}, "Away": {"Atk": 0.5453900852382988, "Def": 0.3131184210765438}}}