{"Fluminense / RJ": {"Atk": 1.0, "Def": 0.47535598942407165, "Home bonus": 0.18844846531343085}, "Flamengo / RJ": {"Atk": 0.8346656679952971, "Def": 0.9462394822327986, "Home bonus": 0.24794230365720338}, "Palmeiras / SP": {"Atk": 0.9044073292708857, "Def": 0.8200835013943769, "Home bonus": 0.0}, "Corinthians / SP": {"Atk": 0.7573577057120754, "Def": 1.5350487698239834, "Home bonus": 0.8492445354262396}, "Cruzeiro / MG": {"Atk": 0.48753154605079063, "Def": 0.9361527885585941, "Home bonus": 1.0045863598122005}, "Coritiba / PR": {"Atk": 0.7025342330927499, "Def": 0.6602903266654631, "Home bonus": 0.0}, "Gr\u00eamio / RS": {"Atk": 1.3019230323574311, "Def": 0.8060069856993798, "Home bonus": 0.0}, "Bahia / BA": {"Atk": 0.4892102911185059, "Def": 0.7409607384578109, "Home bonus": 1.2126866564761092}, "Ponte Preta / SP": {"Atk": 0.30234859778807804, "Def": 0.5904387890981112, "Home bonus": 1.5281691875479113}, "Ava\u00ed / SC": {"Atk": 0.36019841443068473, "Def": 0.744486742931912, "Home bonus": 0.0}, "Botafogo / RJ": {"Atk": 0.43254524378038967, "Def": 0.8457914496051264, "Home bonus": 0.8475517483636643}, "Vasco da Gama / RJ": {"Atk": 0.6776489748304568, "Def": 0.4537776744308951, "Home bonus": 0.4456001635762464}, "Santos / SP": {"Atk": 0.598234201352598, "Def": 1.2616061470494313, "Home bonus": 0.0}, "S\u00e3o Paulo / SP": {"Atk": 0.3653929821201128, "Def": 0.6505384196468964, "Home bonus": 0.8883273688121799}, "Atl\u00e9tico / MG": {"Atk": 0.5525527793601323, "Def": 0.6000395438933489, "Home bonus": 0.37139507681439704}, "Athletico Paranaense / PR": {"Atk": 0.6100234340635685, "Def": 0.6912026456565661, "Home bonus": 0.0}, "Sport / PE": {"Atk": 0.7473472291947634, "Def": 0.7463115333686333, "Home bonus": 0.7398919057685625}, "Vit\u00f3ria / BA": {"Atk": 0.6766708597224629, "Def": 0.39011544217985333, "Home bonus": 0.0}, "Atl\u00e9tico / GO": {"Atk": 0.32190559797214185, "Def": 0.3881965824725917, "Home bonus": 0.6370434244945379}, "Chapecoense / SC": {"Atk": 0.9734563188305515, "Def": 0.43342776837585606, "Home bonus": 0.0}}