{"ABC / RN": {"Atk": 1.0, "Def": 0.5177157872819631, "Home bonus": 0.0, "Ext": 0.0}, "N\u00e1utico / PE": {"Atk": 0.0, "Def": 0.5584914377615788, "Home bonus": 0.0, "Ext": 0.6849610389983242}, "Crici\u00fama / SC": {"Atk": 0.37692406205406853, "Def": 0.8122142127679487, "Home bonus": 1.3232817330770659, "Ext": 0.0}, "Goi\u00e1s / GO": {"Atk": 0.5019799556935094, "Def": 0.5442920068271935, "Home bonus": 0.6354065603874894, "Ext": 0.0}, "Guarani / SP": {"Atk": 0.9598116032585996, "Def": 30.243494870239218, "Home bonus": 0.0, "Ext": 0.18140232830437128}, "Juventude / RS": {"Atk": 0.6297577212585672, "Def": 1.8401927650122982, "Home bonus": 0.8733494588358307, "Ext": 0.22448099828034637}, "Londrina / PR": {"Atk": 0.8756693623400142, "Def": 0.7330166586155206, "Home bonus": 0.0, "Ext": 0.31501139875157114}, "Boa / MG": {"Atk": 0.5242505008885051, "Def": 1.0064471898978045, "Home bonus": 0.0, "Ext": 0.2356509425356504}, "Paysandu / PA": {"Atk": 0.485042861855715, "Def": 0.9935217218981072, "Home bonus": 0.4932247621155544, "Ext": 0.0}, "CRB / AL": {"Atk": 0.6021629630933154, "Def": 0.6459320505612829, "Home bonus": 0.24254488480599187, "Ext": 0.0}, "Cear\u00e1 / CE": {"Atk": 0.6039560363914267, "Def": 0.7640165102368464, "Home bonus": 0.9028393174590115, "Ext": 0.0}, "Santa Cruz / PE": {"Atk": 0.6623271180745949, "Def": 0.8724509224804391, "Home bonus": 0.5260560756283247, "Ext": 0.0}, "Figueirense / SC": {"Atk": 0.8692327340684299, "Def": 0.4567894711246242, "Home bonus": 0.5949966158066581, "Ext": 0.0}, "Vila Nova / GO": {"Atk": 0.509641441613799, "Def": 1.5774069070897099, "Home bonus": 0.862177176158569, "Ext": 0.0}, "Oeste / SP": {"Atk": 0.0, "Def": 52.58828021472823, "Home bonus": 0.9999351873496608, "Ext": 0.0}, "Brasil / RS": {"Atk": 0.5286026676154175, "Def": 0.49538387872796147, "Home bonus": 0.994850539890946, "Ext": 0.0}, "Paran\u00e1 / PR": {"Atk": 0.4817276177145448, "Def": 4.37158928427527, "Home bonus": 0.0, "Ext": 0.0}, "Am\u00e9rica / MG": {"Atk": 0.9748552432871502, "Def": 1.0948077659084932, "Home bonus": 0.0, "Ext": 0.0}, "Luverdense / MT": {"Atk": 0.9688689773064019, "Def": 0.5749161858828242, "Home bonus": 0.0, "Ext": 0.0}, "Internacional / RS": {"Atk": 0.7365143629866622, "Def": 1.6558798632600213, "Home bonus": 0.0, "Ext": 0.0}}