{"Oeste / SP": {"Atk": 1.0, "Def": 0.8352737998359078}, "Boa / MG": {"Atk": 0.7949180403880056, "Def": 1.0425214753706513}, "Figueirense / SC": {"Atk": 1.5425249422959895, "Def": 0.8311158232771906}, "Joinville / SC": {"Atk": 1.3341623464992336, "Def": 1.0355838925618568}, "Icasa / CE": {"Atk": 1.1932507233769647, "Def": 0.850717964413739}, "ABC / RN": {"Atk": 1.1005532702416025, "Def": 0.7377939997364049}, "Palmeiras / SP": {"Atk": 1.6595638673436812, "Def": 1.592229236986599}, "S\u00e3o Caetano / SP": {"Atk": 1.0955880386097592, "Def": 0.780386982263232}, "Guaratinguet\u00e1 / SP": {"Atk": 1.0257101386761187, "Def": 0.9124303231543359}, "Paysandu / PA": {"Atk": 1.0209054991341908, "Def": 0.7639857952246603}, "ASA / AL": {"Atk": 1.0387192762377977, "Def": 0.6027557574282272}, "Am\u00e9rica / MG": {"Atk": 1.2035829230112536, "Def": 1.077985933537292}, "Ava\u00ed / SC": {"Atk": 1.2626267113587006, "Def": 0.9720748473095612}, "Chapecoense / SC": {"Atk": 1.4159343665454625, "Def": 1.3784318181113524}, "Cear\u00e1 / CE": {"Atk": 1.4723087884368722, "Def": 0.9428867723491088}, "Am\u00e9rica / RN": {"Atk": 1.1079881740933273, "Def": 0.821012605346472}, "Paran\u00e1 / PR": {"Atk": 1.291072517008332, "Def": 1.2136161413384383}, "Atl\u00e9tico / GO": {"Atk": 0.9141804090554807, "Def": 0.9157363241251929}, "Red Bull Bragantino / SP": {"Atk": 0.878723505771887, "Def": 1.048663501846001}, "Sport / PE": {"Atk": 1.5618485281486323, "Def": 0.7823885060433582}}