{"Flamengo / RJ": {"Home": {"Atk": 1.0, "Def": 0.5237639231992554}, "Away": {"Atk": 0.37985688397691414, "Def": 0.42509522283915957}}, "Fluminense / RJ": {"Home": {"Atk": 0.6704935722134135, "Def": 0.8554609581140639}, "Away": {"Atk": 0.7370865402048599, "Def": 0.474895112200018}}, "S\u00e3o Paulo / SP": {"Home": {"Atk": 0.887481918149918, "Def": 0.5554528833256357}, "Away": {"Atk": 0.5925600049402892, "Def": 0.6636893214656445}}, "Santos / SP": {"Home": {"Atk": 0.41622207112192305, "Def": 0.6957508971347649}, "Away": {"Atk": 0.4412491956409099, "Def": 0.5456138324946662}}, "Athletico Paranaense / PR": {"Home": {"Atk": 0.7663252882489996, "Def": 0.5057564341766015}, "Away": {"Atk": 0.7122708851730304, "Def": 0.36495327612387923}}, "Atl\u00e9tico / MG": {"Home": {"Atk": 0.5236424123618957, "Def": 0.84326373143899}, "Away": {"Atk": 0.6267746230531993, "Def": 0.4543221423305717}}, "Bahia / BA": {"Home": {"Atk": 0.6841279243943399, "Def": 0.6783152039835156}, "Away": {"Atk": 0.6804077385541195, "Def": 0.9301500670612336}}, "Internacional / RS": {"Home": {"Atk": 0.5068650994423711, "Def": 0.6608959614177778}, "Away": {"Atk": 0.6364707664641673, "Def": 0.7675037036220858}}, "Crici\u00fama / SC": {"Home": {"Atk": 0.7801126891695606, "Def": 0.9696254399052364}, "Away": {"Atk": 0.22058283406697896, "Def": 0.6592615840276929}}, "Chapecoense / SC": {"Home": {"Atk": 0.4054745136891424, "Def": 0.6403703695654187}, "Away": {"Atk": 0.7454084840317164, "Def": 0.439181271566739}}, "Botafogo / RJ": {"Home": {"Atk": 0.5878511110102143, "Def": 0.6930689741251901}, "Away": {"Atk": 0.5781840886876147, "Def": 0.42187742377718407}}, "Sport / PE": {"Home": {"Atk": 0.5779304538622306, "Def": 0.6105306315550093}, "Away": {"Atk": 0.6671323455407964, "Def": 0.4423731103321725}}, "Corinthians / SP": {"Home": {"Atk": 0.9256605552530954, "Def": 0.7713334745330054}, "Away": {"Atk": 0.5669081424382253, "Def": 0.5055013248886511}}, "Palmeiras / SP": {"Home": {"Atk": 0.37525593056851314, "Def": 0.5336046308238053}, "Away": {"Atk": 0.6819789422211271, "Def": 0.6501496510032224}}, "Coritiba / PR": {"Home": {"Atk": 0.4880304205025404, "Def": 0.6050921134951976}, "Away": {"Atk": 0.7891068264244696, "Def": 0.38178782837545455}}, "Cruzeiro / MG": {"Home": {"Atk": 1.0192983094841723, "Def": 0.883645976347212}, "Away": {"Atk": 0.5564633196582446, "Def": 0.6462290360556177}}, "Vit\u00f3ria / BA": {"Home": {"Atk": 0.7017194205158639, "Def": 0.47777194455568206}, "Away": {"Atk": 0.46155965344562266, "Def": 0.47538244714515904}}, "Gr\u00eamio / RS": {"Home": {"Atk": 0.6397352765263556, "Def": 0.6099473923169269}, "Away": {"Atk": 0.3079868523521133, "Def": 0.606571232801121}}, "Figueirense / SC": {"Home": {"Atk": 0.655394455927358, "Def": 0.39220368739526823}, "Away": {"Atk": 0.45644751666367916, "Def": 0.5344913755449616}}, "Goi\u00e1s / GO": {"Home": {"Atk": 0.8386437455473174, "Def": 0.5443196261217406}, "Away": {"Atk": 0.25452168243774564, "Def": 0.5954657867201506}}}