{"Gr\u00eamio / RS": {"Home": {"Atk": 1.0, "Def": 0.3353394925616668}, "Away": {"Atk": 0.25350677307441827, "Def": 0.4198471832142139}, "Ext": 0.08089370828161975}, "Atl\u00e9tico / MG": {"Home": {"Atk": 0.49709773494595366, "Def": 0.35952671747204756}, "Away": {"Atk": 0.6644540441629464, "Def": 0.7333386945841205}, "Ext": 0.7087668898148453}, "Cear\u00e1 / CE": {"Home": {"Atk": 0.8261871575461245, "Def": 0.7000828677947017}, "Away": {"Atk": 0.8713763759819708, "Def": 0.32962793145390695}, "Ext": 0.0}, "Palmeiras / SP": {"Home": {"Atk": 0.5207004281933536, "Def": 0.8370268640199555}, "Away": {"Atk": 0.24028525917422475, "Def": 1.0090179740590224}, "Ext": 0.0832160018043826}, "S\u00e3o Paulo / SP": {"Home": {"Atk": 0.2919606178342292, "Def": 0.6686352782321047}, "Away": {"Atk": 0.2765199377989105, "Def": 0.5324497662717154}, "Ext": 0.08818603666380417}, "Flamengo / RJ": {"Home": {"Atk": 0.5154627808926197, "Def": 0.7246173175923365}, "Away": {"Atk": 0.6046802830125168, "Def": 0.4167040403945589}, "Ext": 0.3501912332361233}, "Fluminense / RJ": {"Home": {"Atk": 0.7171191413638269, "Def": 0.3767576759017429}, "Away": {"Atk": 0.11473907872335139, "Def": 0.784172650835278}, "Ext": 0.6789498943493898}, "Chapecoense / SC": {"Home": {"Atk": 0.5086034286661403, "Def": 0.7019975063213719}, "Away": {"Atk": 0.8655482363515888, "Def": 0.290513100414529}, "Ext": 0.8381559693071143}, "Bahia / BA": {"Home": {"Atk": 0.6203213151375079, "Def": 0.3279444598669335}, "Away": {"Atk": 0.6367605063398667, "Def": 0.5762335834054529}, "Ext": 0.7622791171419554}, "Athletico Paranaense / PR": {"Home": {"Atk": 0.7095911268878741, "Def": 0.6532753030331937}, "Away": {"Atk": 0.2986177207098935, "Def": 0.9020272177064116}, "Ext": 0.0}, "Internacional / RS": {"Home": {"Atk": 0.49119079326851695, "Def": 0.7994605602344829}, "Away": {"Atk": 0.44927164540461406, "Def": 0.8597376861579256}, "Ext": 0.46137125703477083}, "Cruzeiro / MG": {"Home": {"Atk": 0.4943440781580799, "Def": 0.361398645510406}, "Away": {"Atk": 0.07931826111719222, "Def": 0.7997919726536707}, "Ext": 0.09911347359786747}, "Fortaleza / CE": {"Home": {"Atk": 0.42736732394086885, "Def": 0.8015765631850156}, "Away": {"Atk": 0.3228200836316448, "Def": 0.9395459092872441}, "Ext": 0.5643863015495783}, "Corinthians / SP": {"Home": {"Atk": 0.728881604562206, "Def": 0.42045899815561916}, "Away": {"Atk": 0.24372496548056066, "Def": 0.5575221379632003}, "Ext": 0.22597470687634624}, "Santos / SP": {"Home": {"Atk": 0.4324983200859624, "Def": 0.37553649928412847}, "Away": {"Atk": 0.29910464134490744, "Def": 0.6674328792200904}, "Ext": 0.2820962289623055}, "Vasco da Gama / RJ": {"Home": {"Atk": 0.21926146195581833, "Def": 0.8300724366374115}, "Away": {"Atk": 0.46710996535681226, "Def": 0.37079049781412243}, "Ext": 0.6342000670691379}, "Botafogo / RJ": {"Home": {"Atk": 0.2483761399148586, "Def": 0.4066303807134209}, "Away": {"Atk": 0.2202204919010888, "Def": 0.39959538697783575}, "Ext": 0.8746177244872717}, "Ava\u00ed / SC": {"Home": {"Atk": 0.16515539627420467, "Def": 0.3957990945695274}, "Away": {"Atk": 0.850556094951794, "Def": 0.3534778322086539}, "Ext": 0.13440680340752645}, "Goi\u00e1s / GO": {"Home": {"Atk": 0.6248680898635036, "Def": 0.4436908840617891}, "Away": {"Atk": 0.15516322122516057, "Def": 0.9033227083814769}, "Ext": 0.895008135791899}, "CSA / AL": {"Home": {"Atk": 0.5742789489582172, "Def": 0.48939375370067717}, "Away": {"Atk": 0.162073259304515, "Def": 0.9428520044401528}, "Ext": 0.0}}