{"Palmeiras / SP": {"Atk": 0.2938394551687589, "Def": 0.9121455954574801, "Home bonus": 0.2922170207203625, "Ext": 0.28504180347569846}, "Chapecoense / SC": {"Atk": 0.5682516402766093, "Def": 0.4692953339118362, "Home bonus": 0.5827281499850884, "Ext": 0.1233767538059923}, "Fluminense / RJ": {"Atk": 0.7244228042591128, "Def": 1.0481705961961665, "Home bonus": 0.3692020871811454, "Ext": 0.7634025910379326}, "S\u00e3o Paulo / SP": {"Atk": 0.3635293138527204, "Def": 0.4236936070522421, "Home bonus": 0.9819466344052555, "Ext": 0.10252245945212492}, "Cruzeiro / MG": {"Atk": 0.5159634193167365, "Def": 0.7989572919716625, "Home bonus": 0.0035864181721367927, "Ext": 0.7273490704830434}, "Athletico Paranaense / PR": {"Atk": 0.20570790767825872, "Def": 1.0038024442407552, "Home bonus": 0.6966644701083017, "Ext": 0.6639864730686273}, "Sport / PE": {"Atk": 0.34128283510261886, "Def": 0.5957789387218823, "Home bonus": 0.3554620367290162, "Ext": 0.41466844932503233}, "Vasco da Gama / RJ": {"Atk": 0.13260326462085764, "Def": 0.6048007367103027, "Home bonus": 0.23464308586969504, "Ext": 0.40126866665108896}, "Gr\u00eamio / RS": {"Atk": 0.5557219555416443, "Def": 0.5645891413410841, "Home bonus": 0.4662721903960528, "Ext": 0.07909901069993626}, "Ava\u00ed / SC": {"Atk": 0.20835777438361036, "Def": 0.7182044523446245, "Home bonus": 0.40606096299006234, "Ext": 0.260656858867512}, "Coritiba / PR": {"Atk": 0.8204726652693877, "Def": 0.9320060512410079, "Home bonus": 0.2919507758499049, "Ext": 0.12407125822892781}, "Goi\u00e1s / GO": {"Atk": 0.7544180566421145, "Def": 0.4106921001135801, "Home bonus": 0.014097150191424804, "Ext": 0.2816711000657234}, "Corinthians / SP": {"Atk": 0.2821477464402595, "Def": 0.5173236032728435, "Home bonus": 0.6579236955246557, "Ext": 0.8144185998589343}, "Flamengo / RJ": {"Atk": 0.21494109459865798, "Def": 0.4307591940432294, "Home bonus": 0.3599897313078921, "Ext": 0.4190771140315036}, "Santos / SP": {"Atk": 0.4911944760744823, "Def": 0.4893710728264502, "Home bonus": 0.6645218288297955, "Ext": 0.8874959473903465}, "Atl\u00e9tico / MG": {"Atk": 0.4536347908075036, "Def": 0.7234013885639395, "Home bonus": 0.554940757794118, "Ext": 0.31531381508914064}, "Joinville / SC": {"Atk": 0.0944594126960597, "Def": 0.38695990000094843, "Home bonus": 0.5782276207394411, "Ext": 0.6595001802700533}, "Ponte Preta / SP": {"Atk": 0.12765097626424854, "Def": 0.6612612407352244, "Home bonus": 0.9518214462583475, "Ext": 0.3928216478762141}, "Internacional / RS": {"Atk": 0.4044714047279512, "Def": 0.41468602295420703, "Home bonus": 0.8271245437948219, "Ext": 0.0}, "Figueirense / SC": {"Atk": 0.5934318504349868, "Def": 0.3244477822347238, "Home bonus": 0.7662144173994642, "Ext": 0.018204416102750462}}