{"Oeste / SP": {"Atk": 1.0, "Def": 0.9209422226658708, "Ext": 0.0}, "Boa / MG": {"Atk": 0.8360148418731342, "Def": 1.176325157804923, "Ext": 0.1}, "Figueirense / SC": {"Atk": 1.61635967721629, "Def": 0.8684736076195189, "Ext": 0.0}, "Joinville / SC": {"Atk": 1.3974881255416054, "Def": 1.2200333515161979, "Ext": 0.1}, "Icasa / CE": {"Atk": 1.3563877752785694, "Def": 0.9002812116050981, "Ext": 0.0}, "ABC / RN": {"Atk": 1.1673814767309432, "Def": 0.7949563650886561, "Ext": 0.0}, "Palmeiras / SP": {"Atk": 1.755148492026158, "Def": 1.6758618848405893, "Ext": 0.1}, "S\u00e3o Caetano / SP": {"Atk": 1.2331852304842048, "Def": 0.86638057945677, "Ext": 0.1}, "Guaratinguet\u00e1 / SP": {"Atk": 1.1539386129787672, "Def": 0.9490326062128722, "Ext": 0.07590575532836544}, "Paysandu / PA": {"Atk": 1.0198002550214174, "Def": 0.9187439417090106, "Ext": 0.046951333905775564}, "ASA / AL": {"Atk": 1.1749704097781186, "Def": 0.6099184840155203, "Ext": 0.0}, "Am\u00e9rica / MG": {"Atk": 1.3702087886045369, "Def": 1.1233166416516103, "Ext": 0.05537582004182725}, "Ava\u00ed / SC": {"Atk": 1.4821442068767527, "Def": 1.1093442831120328, "Ext": 0.1}, "Chapecoense / SC": {"Atk": 1.6443866868998365, "Def": 1.4394612160222706, "Ext": 0.1}, "Cear\u00e1 / CE": {"Atk": 1.4868246121082616, "Def": 1.0181470475175167, "Ext": 0.1}, "Am\u00e9rica / RN": {"Atk": 1.1860984940840034, "Def": 0.8855629647488205, "Ext": 0.0}, "Paran\u00e1 / PR": {"Atk": 1.3786851974012497, "Def": 1.411758507417355, "Ext": 0.0}, "Atl\u00e9tico / GO": {"Atk": 1.0176270591377612, "Def": 1.0499136420400532, "Ext": 0.07443255092023188}, "Red Bull Bragantino / SP": {"Atk": 0.95585443757381, "Def": 1.140127293002979, "Ext": 0.0}, "Sport / PE": {"Atk": 1.6806784330733966, "Def": 0.8654235786263293, "Ext": 0.0}}