{"Oeste / SP": {"Atk": 1.0, "Def": 0.9003792725811807, "Ext": 0.0}, "Boa / MG": {"Atk": 0.8843806948941875, "Def": 1.3106559700409726, "Ext": 0.1}, "Figueirense / SC": {"Atk": 1.6531989331557346, "Def": 0.7872335092877691, "Ext": 0.0}, "Joinville / SC": {"Atk": 1.562779887512589, "Def": 1.235621444196091, "Ext": 0.1}, "Icasa / CE": {"Atk": 1.3730971270090597, "Def": 0.7463841636414994, "Ext": 0.0}, "ABC / RN": {"Atk": 0.8652242729605529, "Def": 0.7335875740220976, "Ext": 0.0}, "Palmeiras / SP": {"Atk": 1.9038034731686673, "Def": 1.4921277291064923, "Ext": 0.1}, "S\u00e3o Caetano / SP": {"Atk": 1.2470383474380144, "Def": 0.8613247447416819, "Ext": 0.1}, "Guaratinguet\u00e1 / SP": {"Atk": 1.0057372864009682, "Def": 0.9048846654615968, "Ext": 0.012165975247987876}, "Paysandu / PA": {"Atk": 1.0514548544692766, "Def": 0.8268161970298565, "Ext": 0.0}, "ASA / AL": {"Atk": 1.0377367163625195, "Def": 0.7707137386005578, "Ext": 0.0}, "Am\u00e9rica / MG": {"Atk": 1.4601753713272452, "Def": 0.9340726736934645, "Ext": 0.0}, "Ava\u00ed / SC": {"Atk": 1.3994487969468128, "Def": 0.9511436318432515, "Ext": 0.1}, "Chapecoense / SC": {"Atk": 1.8045497101882824, "Def": 1.4140151079867989, "Ext": 0.1}, "Cear\u00e1 / CE": {"Atk": 1.370568975420579, "Def": 1.030435183065311, "Ext": 0.0}, "Am\u00e9rica / RN": {"Atk": 1.1215120654269701, "Def": 0.8918565032791478, "Ext": 0.1}, "Paran\u00e1 / PR": {"Atk": 1.508172122673436, "Def": 1.592147969002126, "Ext": 0.0}, "Atl\u00e9tico / GO": {"Atk": 0.9924786987400689, "Def": 0.9227672606890329, "Ext": 0.0}, "Red Bull Bragantino / SP": {"Atk": 0.9181663531956833, "Def": 1.2490846725055487, "Ext": 0.0}, "Sport / PE": {"Atk": 1.504623061501013, "Def": 0.79372656610743, "Ext": 0.0}}