{"Cruzeiro / MG": {"Atk": 1.0, "Def": 1.3813262726159532, "Home bonus": 0.0}, "Ava\u00ed / SC": {"Atk": 1.0686950115146843, "Def": 0.7521290320284031, "Home bonus": 0.2858121938679969}, "CSA / AL": {"Atk": 0.5550016909662647, "Def": 1.0516317085392732, "Home bonus": 1.4767874966752519}, "Ponte Preta / SP": {"Atk": 1.5267589282605518, "Def": 0.6445469832240984, "Home bonus": 0.0}, "Oeste / SP": {"Atk": 0.7000998846935141, "Def": 0.5956791583549984, "Home bonus": 0.0}, "Oper\u00e1rio / PR": {"Atk": 0.48712576347296827, "Def": 1.0663308868406698, "Home bonus": 1.100615457182998}, "Juventude / RS": {"Atk": 1.5875717463383474, "Def": 1.1826312954821063, "Home bonus": 0.0}, "Vit\u00f3ria / BA": {"Atk": 1.0219750671867667, "Def": 0.9552259804521597, "Home bonus": 0.4316006125745475}, "Confian\u00e7a / SE": {"Atk": 0.9428465919661629, "Def": 1.0543858041970577, "Home bonus": 0.5206889513117162}, "Cuiab\u00e1 / MT": {"Atk": 1.1107428554359733, "Def": 1.5889615321963955, "Home bonus": 0.6120374694797831}, "Am\u00e9rica / MG": {"Atk": 1.0128640048938689, "Def": 1.8143038407355412, "Home bonus": 0.2783917950701064}, "Figueirense / SC": {"Atk": 0.672577296860241, "Def": 1.5182955156652438, "Home bonus": 0.08483874988875385}, "CRB / AL": {"Atk": 1.173083042690652, "Def": 0.8874267554645575, "Home bonus": 0.41171276110120303}, "Guarani / SP": {"Atk": 0.7768407503796025, "Def": 0.8702682176936346, "Home bonus": 0.5359113704440023}, "Botafogo / SP": {"Atk": 0.4298091738590574, "Def": 1.1026807218871197, "Home bonus": 0.41670371492785846}, "Paran\u00e1 / PR": {"Atk": 1.0466048773453505, "Def": 1.6566183076670045, "Home bonus": 0.20961080587926684}, "Brasil / RS": {"Atk": 0.8267110547475689, "Def": 1.472943341370343, "Home bonus": 0.0}, "N\u00e1utico / PE": {"Atk": 0.6179666355252803, "Def": 0.927075336624105, "Home bonus": 0.6662869387758126}, "Sampaio Corr\u00eaa / MA": {"Atk": 1.3109822349841742, "Def": 1.1138901806323138, "Home bonus": 0.11986114967652346}, "Chapecoense / SC": {"Atk": 1.097041255305046, "Def": 9.291296000128904, "Home bonus": 0.0}}