{"Fluminense / RJ": {"Home": {"Atk": 1.0, "Def": 0.5430047001386872}, "Away": {"Atk": 0.39572603642127735, "Def": 1.1149001103537588}, "Ext": 0.331227872717651}, "Flamengo / RJ": {"Home": {"Atk": 1.3604841209148615, "Def": 0.7942810835790418}, "Away": {"Atk": 0.3843757108322606, "Def": 1.0787869586304841}, "Ext": 0.11158349988046203}, "Palmeiras / SP": {"Home": {"Atk": 1.3670691657430758, "Def": 0.609906056027662}, "Away": {"Atk": 0.7666275356041086, "Def": 0.9674082145994394}, "Ext": 0.0}, "Corinthians / SP": {"Home": {"Atk": 1.2727647269559499, "Def": 0.8214043025153451}, "Away": {"Atk": 0.4758207769265714, "Def": 1.913727278866311}, "Ext": 0.0}, "Cruzeiro / MG": {"Home": {"Atk": 1.1961704305537826, "Def": 0.5905822509694201}, "Away": {"Atk": 0.5231425662798569, "Def": 1.1632932240032205}, "Ext": 0.021425106255405498}, "Coritiba / PR": {"Home": {"Atk": 0.6942200996870193, "Def": 0.6483698387511986}, "Away": {"Atk": 0.5315187864062926, "Def": 0.7676735723101077}, "Ext": 0.09010421232669685}, "Gr\u00eamio / RS": {"Home": {"Atk": 1.2133737389837538, "Def": 0.7562962415523586}, "Away": {"Atk": 0.6696501485870392, "Def": 1.2758787990225482}, "Ext": 0.14098218888630923}, "Bahia / BA": {"Home": {"Atk": 1.6534991702899602, "Def": 0.4501132661291766}, "Away": {"Atk": 0.3977224361131023, "Def": 0.7403057967840085}, "Ext": 0.0}, "Ponte Preta / SP": {"Home": {"Atk": 1.284264114048756, "Def": 0.4605876187361828}, "Away": {"Atk": 0.21913754838191235, "Def": 0.7621681283018328}, "Ext": 0.0}, "Ava\u00ed / SC": {"Home": {"Atk": 0.4873565385291554, "Def": 0.5117613420022181}, "Away": {"Atk": 0.3534205252206947, "Def": 0.8557521348643218}, "Ext": 0.0}, "Botafogo / RJ": {"Home": {"Atk": 1.2511139643443716, "Def": 0.5863054303445736}, "Away": {"Atk": 0.2444851721390653, "Def": 1.9191294075852936}, "Ext": 0.22694111709305442}, "Vasco da Gama / RJ": {"Home": {"Atk": 0.8214449872628388, "Def": 0.511067931278167}, "Away": {"Atk": 0.3913139412980973, "Def": 0.9054974497037037}, "Ext": 0.12019597727180062}, "Santos / SP": {"Home": {"Atk": 0.9058655849172351, "Def": 1.7890990543748184}, "Away": {"Atk": 0.37281435902254656, "Def": 1.4316854961093413}, "Ext": 0.0}, "S\u00e3o Paulo / SP": {"Home": {"Atk": 0.9328632681615447, "Def": 1.7225975149507762}, "Away": {"Atk": 0.1141976152518712, "Def": 1.0367220483865578}, "Ext": 0.6544261406150393}, "Atl\u00e9tico / MG": {"Home": {"Atk": 0.9777929957415639, "Def": 0.32305842600987217}, "Away": {"Atk": 0.6058192553412468, "Def": 1.2883965293637418}, "Ext": 0.0}, "Athletico Paranaense / PR": {"Home": {"Atk": 1.287717163094122, "Def": 0.4114722607883437}, "Away": {"Atk": 0.4260550019140597, "Def": 0.9539305486573915}, "Ext": 0.0}, "Sport / PE": {"Home": {"Atk": 1.3031425699104002, "Def": 0.44205044381567726}, "Away": {"Atk": 0.5406864581446651, "Def": 0.5805798582783676}, "Ext": 0.0}, "Vit\u00f3ria / BA": {"Home": {"Atk": 0.5535727344070395, "Def": 0.34755627535787664}, "Away": {"Atk": 0.62351762670038, "Def": 1.0594633123122432}, "Ext": 0.3211212826706795}, "Atl\u00e9tico / GO": {"Home": {"Atk": 0.9233859929110699, "Def": 0.3628063606512991}, "Away": {"Atk": 0.43650682626839815, "Def": 0.671961229727666}, "Ext": 0.0}, "Chapecoense / SC": {"Home": {"Atk": 1.0701404040742066, "Def": 0.38131029988149107}, "Away": {"Atk": 0.5772407757314101, "Def": 0.7366935974109359}, "Ext": 0.0}}