{"Flamengo / RJ": {"Home": {"Atk": 1.0, "Def": 0.49873122466293374}, "Away": {"Atk": 1.0433986066680396, "Def": 0.5709748070830464}, "Ext": 0.0}, "Botafogo / RJ": {"Home": {"Atk": 0.45323500771665376, "Def": 0.4070162837424228}, "Away": {"Atk": 0.512553042436854, "Def": 0.4651952617329126}, "Ext": 0.1}, "Palmeiras / SP": {"Home": {"Atk": 0.9310683909224736, "Def": 0.7458122613922054}, "Away": {"Atk": 0.551083926652513, "Def": 0.6765922421560656}, "Ext": 0.0}, "Santos / SP": {"Home": {"Atk": 0.9867694016955101, "Def": 0.5259051685687992}, "Away": {"Atk": 0.5197667413604677, "Def": 0.5131508696420383}, "Ext": 0.1}, "Corinthians / SP": {"Home": {"Atk": 0.8369071994987352, "Def": 0.5270098556818125}, "Away": {"Atk": 0.511741657092803, "Def": 0.667681439159591}, "Ext": 0.07356118020574277}, "Gr\u00eamio / RS": {"Home": {"Atk": 0.9391309035922711, "Def": 0.5185597177234689}, "Away": {"Atk": 0.5644242578278931, "Def": 0.8563812415448189}, "Ext": 0.1}, "Sport / PE": {"Home": {"Atk": 0.5413155916524681, "Def": 0.547219764768886}, "Away": {"Atk": 0.3749196895946089, "Def": 0.5420345810197146}, "Ext": 0.09358942599016375}, "Coritiba / PR": {"Home": {"Atk": 0.36561265080900923, "Def": 0.6529286832748387}, "Away": {"Atk": 0.5494845251537189, "Def": 0.42397227445630536}, "Ext": 0.1}, "Fortaleza / CE": {"Home": {"Atk": 0.5834488643758285, "Def": 0.8147645393966609}, "Away": {"Atk": 0.42775743752440876, "Def": 0.5115331836383221}, "Ext": 0.0}, "Goi\u00e1s / GO": {"Home": {"Atk": 0.5440717430158105, "Def": 0.4281902360464522}, "Away": {"Atk": 0.6857336123634795, "Def": 0.4187500640507917}, "Ext": 0.1}, "Fluminense / RJ": {"Home": {"Atk": 0.8961094742345006, "Def": 0.8467344601867816}, "Away": {"Atk": 0.7051456598726664, "Def": 0.5020722314886463}, "Ext": 0.1}, "Vasco da Gama / RJ": {"Home": {"Atk": 0.6094728274008006, "Def": 0.5799378349666489}, "Away": {"Atk": 0.48988069760515185, "Def": 0.4183849407705907}, "Ext": 0.0}, "S\u00e3o Paulo / SP": {"Home": {"Atk": 0.8220054958785232, "Def": 0.7240822790438491}, "Away": {"Atk": 0.9182233389907202, "Def": 0.5717990269849879}, "Ext": 0.0}, "Red Bull Bragantino / SP": {"Home": {"Atk": 0.9592991524218797, "Def": 0.6167046094621754}, "Away": {"Atk": 0.48799415500874405, "Def": 0.677974208132341}, "Ext": 0.1}, "Atl\u00e9tico / MG": {"Home": {"Atk": 1.1766013963889694, "Def": 0.9136782680586907}, "Away": {"Atk": 0.6942134270651227, "Def": 0.4423197999672404}, "Ext": 0.1}, "Internacional / RS": {"Home": {"Atk": 0.940118688238839, "Def": 0.678590409260583}, "Away": {"Atk": 0.829187575933382, "Def": 0.821249841716652}, "Ext": 0.1}, "Bahia / BA": {"Home": {"Atk": 0.7806073944113926, "Def": 0.4567267702250092}, "Away": {"Atk": 0.6535069227192786, "Def": 0.434658155913834}, "Ext": 0.0}, "Athletico Paranaense / PR": {"Home": {"Atk": 0.5624497449491401, "Def": 0.9151843470382823}, "Away": {"Atk": 0.5474427159985139, "Def": 0.6419117732920523}, "Ext": 0.0}, "Cear\u00e1 / CE": {"Home": {"Atk": 0.6190511369838888, "Def": 0.4634961725602705}, "Away": {"Atk": 0.9838475017296401, "Def": 0.5561689602328891}, "Ext": 0.0}, "Atl\u00e9tico / GO": {"Home": {"Atk": 0.6672686143909309, "Def": 0.5784698114114053}, "Away": {"Atk": 0.4973304023627247, "Def": 0.6021857471770093}, "Ext": 0.0}}