{"Palmeiras / SP": {"Atk": 0.7068820563152473, "Def": 0.7351688489618952, "Home bonus": 1.9582017649134744, "Ext": 0.1}, "Flamengo / RJ": {"Atk": 0.4129224806070789, "Def": 0.641736163884812, "Home bonus": 0.5167450917722372, "Ext": 0.1}, "Atl\u00e9tico / MG": {"Atk": 0.8341615170912537, "Def": 0.44835285543832126, "Home bonus": 0.6072490095113122, "Ext": 0.1}, "Coritiba / PR": {"Atk": 0.41786967164304545, "Def": 0.46802362913634854, "Home bonus": 0.9067009965483895, "Ext": 0.1}, "Botafogo / RJ": {"Atk": 0.7484177290817262, "Def": 0.43008612687659253, "Home bonus": 0.0, "Ext": 0.1}, "Santa Cruz / PE": {"Atk": 0.6963560489207536, "Def": 0.45413734894009705, "Home bonus": 0.0, "Ext": 0.0}, "Corinthians / SP": {"Atk": 0.6469094265362387, "Def": 1.5058970832780696, "Home bonus": 0.9126144963416517, "Ext": 0.0}, "Figueirense / SC": {"Atk": 0.19765107628228754, "Def": 0.7295168058450243, "Home bonus": 0.8740244140236838, "Ext": 0.1}, "Am\u00e9rica / MG": {"Atk": 0.4081581663391785, "Def": 0.39007007434324836, "Home bonus": 0.0, "Ext": 0.1}, "Internacional / RS": {"Atk": 0.6264196371609082, "Def": 1.0551949857339076, "Home bonus": 0.0, "Ext": 0.1}, "Vit\u00f3ria / BA": {"Atk": 0.4638345208720437, "Def": 0.4343680495993421, "Home bonus": 1.001101965390599, "Ext": 0.046897540395235054}, "Fluminense / RJ": {"Atk": 0.42327318358554417, "Def": 0.8652938022599828, "Home bonus": 0.5568423138903587, "Ext": 0.1}, "Cruzeiro / MG": {"Atk": 0.7243212351590276, "Def": 0.3968985986831316, "Home bonus": 0.0, "Ext": 0.0}, "Santos / SP": {"Atk": 0.9954781280347774, "Def": 1.1390023386426211, "Home bonus": 0.3216456207686282, "Ext": 0.1}, "Athletico Paranaense / PR": {"Atk": 0.3331630548704438, "Def": 1.0629518653763876, "Home bonus": 0.8748049230889237, "Ext": 0.1}, "Chapecoense / SC": {"Atk": 0.8020751816314386, "Def": 0.4507018619555794, "Home bonus": 0.22184085766256664, "Ext": 0.1}, "S\u00e3o Paulo / SP": {"Atk": 0.3947593203382424, "Def": 0.7416756163122106, "Home bonus": 0.5359893318267358, "Ext": 0.1}, "Gr\u00eamio / RS": {"Atk": 0.9282064148462696, "Def": 0.9804348818465541, "Home bonus": 0.20041032162855696, "Ext": 0.1}, "Ponte Preta / SP": {"Atk": 0.4338627974912153, "Def": 0.4591472799893118, "Home bonus": 0.8751628492224404, "Ext": 0.0}, "Sport / PE": {"Atk": 0.5401386268334899, "Def": 0.4451377394010563, "Home bonus": 1.0394722003709633, "Ext": 0.1}}