{"Red Bull Bragantino / SP": {"Atk": 1.0, "Def": 0.7812928059587392, "Ext": 0.0}, "Ponte Preta / SP": {"Atk": 1.2423195574033317, "Def": 1.1024117176924708, "Ext": 0.1}, "Vasco da Gama / RJ": {"Atk": 1.166981230307228, "Def": 2.5411664586542138, "Ext": 0.1}, "Santa Cruz / PE": {"Atk": 1.1494820154356864, "Def": 1.2466386764865847, "Ext": 0.1}, "Sampaio Corr\u00eaa / MA": {"Atk": 1.5163537315876936, "Def": 1.0789857639621439, "Ext": 0.0}, "Cear\u00e1 / CE": {"Atk": 1.719832513558087, "Def": 0.7867854288506051, "Ext": 0.1}, "Vila Nova / GO": {"Atk": 0.0, "Def": 0.8118400761309058, "Ext": 0.1}, "Am\u00e9rica / RN": {"Atk": 1.3428981379800888, "Def": 0.9316758207187131, "Ext": 0.1}, "Boa / MG": {"Atk": 1.2149301262489838, "Def": 0.8743749032436718, "Ext": 0.1}, "Oeste / SP": {"Atk": 0.804584167337779, "Def": 0.9680696935361872, "Ext": 0.1}, "Portuguesa / SP": {"Atk": 0.8488809590604814, "Def": 0.9785811614755165, "Ext": 0.0}, "Paran\u00e1 / PR": {"Atk": 0.9635813436095685, "Def": 1.1371736912028088, "Ext": 0.1}, "N\u00e1utico / PE": {"Atk": 1.0216950908696423, "Def": 1.042549943475863, "Ext": 0.0}, "Luverdense / MT": {"Atk": 1.1693372529428865, "Def": 1.3128257046750598, "Ext": 0.1}, "Icasa / CE": {"Atk": 0.6433621680496188, "Def": 1.155588220700678, "Ext": 0.0}, "Ava\u00ed / SC": {"Atk": 0.9163131399372335, "Def": 1.2228457697215191, "Ext": 0.0}, "Atl\u00e9tico / GO": {"Atk": 1.518542882471857, "Def": 1.1201801928453976, "Ext": 0.0}, "ABC / RN": {"Atk": 0.8895555908682102, "Def": 1.7211307421030968, "Ext": 0.0}, "Am\u00e9rica / MG": {"Atk": 1.427342380152978, "Def": 1.509611448998694, "Ext": 0.0}, "Joinville / SC": {"Atk": 0.9753080230598312, "Def": 1.5706207583529412, "Ext": 0.1}, "Home bonus": 0.4310813813443028}