{"Guarani / SP": {"Home": {"Atk": 1.0, "Def": 0.6994684826910121}, "Away": {"Atk": 0.3446187326646462, "Def": 1.1769730190527732}, "Ext": 0.09189492859060928}, "Botafogo / SP": {"Home": {"Atk": 1.0926698982665817, "Def": 0.5698571864344776}, "Away": {"Atk": 0.5522179614420922, "Def": 1.5070674519467748}, "Ext": 0.0715734568061831}, "S\u00e3o Bento / SP": {"Home": {"Atk": 1.469213425846456, "Def": 0.4574610474195659}, "Away": {"Atk": 0.6974393666621301, "Def": 0.7690987898395166}, "Ext": 0.1}, "Vila Nova / GO": {"Home": {"Atk": 0.6466974124203961, "Def": 0.5412263457203396}, "Away": {"Atk": 0.49461139855740255, "Def": 1.1983594715325436}, "Ext": 0.0}, "Coritiba / PR": {"Home": {"Atk": 1.468989792108902, "Def": 0.828947649546856}, "Away": {"Atk": 0.7198414084314283, "Def": 1.1340231669129763}, "Ext": 0.1}, "Oper\u00e1rio / PR": {"Home": {"Atk": 1.2706066245468615, "Def": 0.682875070385385}, "Away": {"Atk": 0.34095865381289914, "Def": 1.000338166858986}, "Ext": 0.1}, "Crici\u00fama / SC": {"Home": {"Atk": 1.1204568996872892, "Def": 0.6855532525755085}, "Away": {"Atk": 0.30282214601923446, "Def": 1.1277396592663764}, "Ext": 0.1}, "Brasil / RS": {"Home": {"Atk": 0.9091606663344981, "Def": 0.6605442331841065}, "Away": {"Atk": 0.5479908341109689, "Def": 0.8988028689945842}, "Ext": 0.1}, "Sport / PE": {"Home": {"Atk": 1.6212591381931496, "Def": 0.8066797687587512}, "Away": {"Atk": 0.6829618667981865, "Def": 1.3934892900300653}, "Ext": 0.1}, "CRB / AL": {"Home": {"Atk": 1.2620161675234198, "Def": 0.5342611027437598}, "Away": {"Atk": 0.7942728842040776, "Def": 1.041537270110707}, "Ext": 0.0}, "Ponte Preta / SP": {"Home": {"Atk": 1.4372371012303133, "Def": 0.5790620895369134}, "Away": {"Atk": 0.4625000456059417, "Def": 1.175016124505378}, "Ext": 0.1}, "Red Bull Bragantino / SP": {"Home": {"Atk": 2.358236752487691, "Def": 0.8033885121715314}, "Away": {"Atk": 0.7772775401846153, "Def": 1.5533043433062248}, "Ext": 0.0}, "Oeste / SP": {"Home": {"Atk": 1.22916366142967, "Def": 0.5486494211637862}, "Away": {"Atk": 0.6900505788591991, "Def": 0.8702440691042508}, "Ext": 0.1}, "Atl\u00e9tico / GO": {"Home": {"Atk": 1.4828001345011228, "Def": 0.7941087031192454}, "Away": {"Atk": 0.620014904712977, "Def": 1.5314886347206706}, "Ext": 0.1}, "Paran\u00e1 / PR": {"Home": {"Atk": 0.7361686381473354, "Def": 1.6830000262972864}, "Away": {"Atk": 0.6089759714864809, "Def": 1.0495622342057358}, "Ext": 0.0605429832725824}, "Londrina / PR": {"Home": {"Atk": 1.1770378066450478, "Def": 0.486516246427575}, "Away": {"Atk": 0.514253113716221, "Def": 0.7705668004356501}, "Ext": 0.08632353870632738}, "Figueirense / SC": {"Home": {"Atk": 1.0397065521413518, "Def": 0.507273909821011}, "Away": {"Atk": 0.44600065276677736, "Def": 1.74062916695943}, "Ext": 0.1}, "Am\u00e9rica / MG": {"Home": {"Atk": 1.31682869285214, "Def": 0.49980029348427135}, "Away": {"Atk": 0.6239902628671351, "Def": 1.887054846565584}, "Ext": 0.1}, "Vit\u00f3ria / BA": {"Home": {"Atk": 1.348316680174015, "Def": 0.5964475717944966}, "Away": {"Atk": 0.637789707183692, "Def": 0.8308530327901875}, "Ext": 0.0}, "Cuiab\u00e1 / MT": {"Home": {"Atk": 1.6510950072709052, "Def": 0.4690159756218825}, "Away": {"Atk": 0.4242782568419233, "Def": 1.4030945945372555}, "Ext": 0.0}}