{"Cear\u00e1 / CE": {"Atk": 1.0, "Def": 0.7988811656240358}, "Bahia / BA": {"Atk": 1.1290360777217954, "Def": 1.0417775692376736}, "Sampaio Corr\u00eaa / MA": {"Atk": 0.5672482364998246, "Def": 0.62933616563165}, "Oeste / SP": {"Atk": 0.7273889136670179, "Def": 0.6941114051973272}, "Vila Nova / GO": {"Atk": 1.160194593363896, "Def": 0.6907792759030725}, "Luverdense / MT": {"Atk": 0.864039687026665, "Def": 1.014528741385446}, "Tupi / MG": {"Atk": 0.8221495053927337, "Def": 0.762607501398813}, "Brasil / RS": {"Atk": 0.913595742969774, "Def": 0.9776524427496562}, "Londrina / PR": {"Atk": 0.8320783093448355, "Def": 1.2366432064629842}, "Crici\u00fama / SC": {"Atk": 1.0355619422459839, "Def": 0.7537549313958593}, "N\u00e1utico / PE": {"Atk": 1.2397697206751628, "Def": 0.7639758283784335}, "CRB / AL": {"Atk": 1.1802052154201867, "Def": 0.6834755579630273}, "Paysandu / PA": {"Atk": 0.8152216110848888, "Def": 0.7617044766374951}, "Red Bull Bragantino / SP": {"Atk": 0.6383067323962955, "Def": 0.6856625238349146}, "Goi\u00e1s / GO": {"Atk": 1.0208960584929856, "Def": 0.7831605273799649}, "Vasco da Gama / RJ": {"Atk": 1.2607872521896855, "Def": 0.8437941800059483}, "Atl\u00e9tico / GO": {"Atk": 0.9919989898769412, "Def": 1.1464647245106003}, "Joinville / SC": {"Atk": 0.5064166274660143, "Def": 0.9015715496207919}, "Paran\u00e1 / PR": {"Atk": 0.7350872284939207, "Def": 0.6732461847528982}, "Ava\u00ed / SC": {"Atk": 0.9694150706072253, "Def": 0.8681462584728982}}