{"Red Bull Bragantino / SP": {"Atk": 0.5819542527884716, "Def": 0.43791735471564175, "Home bonus": 0.5320667450517925, "Ext": 0.0}, "Ponte Preta / SP": {"Atk": 0.7229255374051047, "Def": 1.9833131914048057, "Home bonus": 0.21150757174265492, "Ext": 0.34397276044662767}, "Vasco da Gama / RJ": {"Atk": 0.5883929454640805, "Def": 0.8903523737313647, "Home bonus": 0.8047010342594857, "Ext": 0.0}, "Santa Cruz / PE": {"Atk": 0.3222104615878506, "Def": 2.414367713135419, "Home bonus": 0.883852896607228, "Ext": 0.3668856733929424}, "Sampaio Corr\u00eaa / MA": {"Atk": 0.6483608607844588, "Def": 0.870825191245613, "Home bonus": 0.0, "Ext": 0.3538312182190818}, "Cear\u00e1 / CE": {"Atk": 0.7497104944091479, "Def": 0.5163797862894028, "Home bonus": 0.5689501339860823, "Ext": 0.0967839249855894}, "Vila Nova / GO": {"Atk": 0.3807599165043955, "Def": 0.4051881735798477, "Home bonus": 0.3085915299290122, "Ext": 0.0}, "Am\u00e9rica / RN": {"Atk": 0.6227939513487551, "Def": 0.4670185443001063, "Home bonus": 0.27073436765001857, "Ext": 0.0}, "Boa / MG": {"Atk": 0.8895323741689531, "Def": 0.5898787590730958, "Home bonus": 0.0, "Ext": 0.0}, "Oeste / SP": {"Atk": 0.21900280146705464, "Def": 0.6851380108297277, "Home bonus": 0.7829153993042994, "Ext": 0.2215034326678119}, "Portuguesa / SP": {"Atk": 0.43495552904312385, "Def": 0.5048931983199174, "Home bonus": 0.020135788631847257, "Ext": 0.08763743962072384}, "Paran\u00e1 / PR": {"Atk": 0.4009922664372918, "Def": 0.9740255798995476, "Home bonus": 0.16763644908243888, "Ext": 0.2656997108904945}, "N\u00e1utico / PE": {"Atk": 0.6193605219809302, "Def": 0.5837448143760293, "Home bonus": 0.20901191104660555, "Ext": 0.027556850319003522}, "Luverdense / MT": {"Atk": 0.3339278141929013, "Def": 0.555498636315573, "Home bonus": 1.027772821623825, "Ext": 0.0}, "Icasa / CE": {"Atk": 0.31775563873337986, "Def": 0.7231236715577282, "Home bonus": 0.4831414054586604, "Ext": 0.0}, "Ava\u00ed / SC": {"Atk": 0.7813866346900787, "Def": 0.6481153943723038, "Home bonus": 0.0, "Ext": 0.0}, "Atl\u00e9tico / GO": {"Atk": 0.6602999981537793, "Def": 0.6138783208565155, "Home bonus": 0.5662538407255919, "Ext": 0.0}, "ABC / RN": {"Atk": 0.2667818509778345, "Def": 0.8493739191770231, "Home bonus": 0.6392837459226236, "Ext": 0.0}, "Am\u00e9rica / MG": {"Atk": 0.619325517090948, "Def": 0.6028209588176565, "Home bonus": 0.8807593397692506, "Ext": 0.0}, "Joinville / SC": {"Atk": 0.5961504793635801, "Def": 1.7866965627391365, "Home bonus": 0.5408978975127574, "Ext": 0.13322041391162023}}