{"Cear\u00e1 / CE": {"Atk": 0.4617855099254456, "Def": 0.9954905026971806, "Ext": 0.09988065612497038}, "Bahia / BA": {"Atk": 0.6565338950118808, "Def": 0.8355558886766629, "Ext": 0.1}, "Sampaio Corr\u00eaa / MA": {"Atk": 0.8801569006938211, "Def": 0.6988856775512298, "Ext": 0.1}, "Oeste / SP": {"Atk": 0.818577186801676, "Def": 0.3262642154319524, "Ext": 0.1}, "Vila Nova / GO": {"Atk": 0.6265974337887739, "Def": 0.8572685963786825, "Ext": 0.09988065612497038}, "Luverdense / MT": {"Atk": 0.8179657140937916, "Def": 0.8032513176911645, "Ext": 0.09988065612497038}, "Tupi / MG": {"Atk": 0.35694862571153974, "Def": 0.3377039940880697, "Ext": 0.09988065612497038}, "Brasil / RS": {"Atk": 0.3299111996381618, "Def": 0.8813061412504658, "Ext": 0.09988065612497038}, "Londrina / PR": {"Atk": 0.2537117814212936, "Def": 0.3956829109951352, "Ext": 0.09988065612497038}, "Crici\u00fama / SC": {"Atk": 0.2458998620048743, "Def": 0.622022175306746, "Ext": 0.09988065612497038}, "N\u00e1utico / PE": {"Atk": 0.3964775815284768, "Def": 0.7144392775129993, "Ext": 0.1}, "CRB / AL": {"Atk": 0.444996639787974, "Def": 0.4779634000047693, "Ext": 0.09988065612497038}, "Paysandu / PA": {"Atk": 0.23526318397367474, "Def": 0.6709130176827958, "Ext": 0.09988065612497038}, "Red Bull Bragantino / SP": {"Atk": 0.5237426305282912, "Def": 0.5241884259596654, "Ext": 0.09988065612497038}, "Goi\u00e1s / GO": {"Atk": 0.5263106224923944, "Def": 0.7989374614802041, "Ext": 0.09988065612497038}, "Vasco da Gama / RJ": {"Atk": 0.0016520603486063024, "Def": 0.8997957432149047, "Ext": 0.1}, "Atl\u00e9tico / GO": {"Atk": 0.7254356711926162, "Def": 0.8890150389760728, "Ext": 0.07656734850983538}, "Joinville / SC": {"Atk": 0.666108958676823, "Def": 0.7149337502202548, "Ext": 0.09988065612497038}, "Paran\u00e1 / PR": {"Atk": 0.38183706978305887, "Def": 0.3231190875477963, "Ext": 0.1}, "Ava\u00ed / SC": {"Atk": 0.5972551912856188, "Def": 0.3670463097288711, "Ext": 0.09988065612497038}}