{"Cruzeiro / MG": {"Home": {"Atk": 1.0, "Def": 0.6318042615060597}, "Away": {"Atk": 0.279583928005542, "Def": 0.9921910931436646}, "Ext": 0.0}, "Athletico Paranaense / PR": {"Home": {"Atk": 1.7726272138688697, "Def": 0.6245019848835678}, "Away": {"Atk": 0.3033243278990414, "Def": 0.8519886906311065}, "Ext": 0.1}, "Am\u00e9rica / MG": {"Home": {"Atk": 0.8832343667775253, "Def": 0.5398745672443073}, "Away": {"Atk": 0.25133774149558574, "Def": 0.6611542918068447}, "Ext": 0.1}, "Vit\u00f3ria / BA": {"Home": {"Atk": 0.8791984470298664, "Def": 0.37624495328075264}, "Away": {"Atk": 0.44465477867282394, "Def": 0.5166825071333285}, "Ext": 0.1}, "Vasco da Gama / RJ": {"Home": {"Atk": 1.1395362313357076, "Def": 0.3659643146058133}, "Away": {"Atk": 0.37913910676937385, "Def": 0.8273345820457628}, "Ext": 0.0}, "Botafogo / RJ": {"Home": {"Atk": 0.8968971634231607, "Def": 0.6088672982983531}, "Away": {"Atk": 0.49619026257921717, "Def": 0.6451100984231045}, "Ext": 0.1}, "S\u00e3o Paulo / SP": {"Home": {"Atk": 0.983793794291923, "Def": 0.6674139754370948}, "Away": {"Atk": 0.6380133198731207, "Def": 0.9641368923833098}, "Ext": 0.1}, "Santos / SP": {"Home": {"Atk": 1.1240105580413733, "Def": 0.6312476927269133}, "Away": {"Atk": 0.5625007593771276, "Def": 0.7660023196842801}, "Ext": 0.1}, "Corinthians / SP": {"Home": {"Atk": 0.7519187380980344, "Def": 0.7333991662246399}, "Away": {"Atk": 0.44518169012128617, "Def": 0.8721076383431537}, "Ext": 0.1}, "Internacional / RS": {"Home": {"Atk": 1.2496899750626014, "Def": 0.862963969832639}, "Away": {"Atk": 0.5656751307967619, "Def": 1.055150702825408}, "Ext": 0.1}, "Atl\u00e9tico / MG": {"Home": {"Atk": 1.214350621565414, "Def": 0.576208542573508}, "Away": {"Atk": 0.7790106667163592, "Def": 0.7292319865438208}, "Ext": 0.1}, "Paran\u00e1 / PR": {"Home": {"Atk": 0.5330621108405029, "Def": 0.3907299430381671}, "Away": {"Atk": 0.1613392839193909, "Def": 0.6017315514491941}, "Ext": 0.0}, "Chapecoense / SC": {"Home": {"Atk": 0.9936635900221725, "Def": 0.568289109121706}, "Away": {"Atk": 0.30537275116519025, "Def": 0.5972235702361923}, "Ext": 0.1}, "Bahia / BA": {"Home": {"Atk": 1.072410589705776, "Def": 0.6957233006870932}, "Away": {"Atk": 0.3683990807809291, "Def": 0.6960291880809266}, "Ext": 0.1}, "Fluminense / RJ": {"Home": {"Atk": 0.6926550366239982, "Def": 0.7766717960143525}, "Away": {"Atk": 0.45685298461747587, "Def": 0.5832449836376489}, "Ext": 0.0}, "Flamengo / RJ": {"Home": {"Atk": 1.1997267015102109, "Def": 1.040814682228477}, "Away": {"Atk": 0.864585784518889, "Def": 0.9293953520248731}, "Ext": 0.0}, "Cear\u00e1 / CE": {"Home": {"Atk": 0.7171314874456262, "Def": 0.5641682564363568}, "Away": {"Atk": 0.4282268997218612, "Def": 0.9142773457340461}, "Ext": 0.1}, "Sport / PE": {"Home": {"Atk": 0.7945257747741717, "Def": 0.5380188975613052}, "Away": {"Atk": 0.490569339654263, "Def": 0.4979562646595708}, "Ext": 0.1}, "Palmeiras / SP": {"Home": {"Atk": 1.6335796043275936, "Def": 0.6568869467901278}, "Away": {"Atk": 0.6733688415610125, "Def": 1.505148868363218}, "Ext": 0.0}, "Gr\u00eamio / RS": {"Home": {"Atk": 1.4008171302982506, "Def": 0.6412323801982348}, "Away": {"Atk": 0.3676616209144369, "Def": 1.5231833569521795}, "Ext": 0.0}}