{"Fluminense / RJ": {"Atk": 1.0, "Def": 1.5596966579563782, "Ext": 0.5160861520198753}, "Flamengo / RJ": {"Atk": 1.3424893878141677, "Def": 1.6108974085844654, "Ext": 0.1635687514852476}, "Palmeiras / SP": {"Atk": 1.5824582195525794, "Def": 1.1359043111756013, "Ext": 0.0}, "Corinthians / SP": {"Atk": 1.353891151678178, "Def": 4.515789340507634, "Ext": 0.14284756271087826}, "Cruzeiro / MG": {"Atk": 1.220087497055813, "Def": 1.5541349405860139, "Ext": 0.0}, "Coritiba / PR": {"Atk": 1.0189784241970905, "Def": 1.03422362605858, "Ext": 0.0}, "Gr\u00eamio / RS": {"Atk": 1.8431593749095487, "Def": 1.7967209207252979, "Ext": 0.18006620024911157}, "Bahia / BA": {"Atk": 1.4981398082360224, "Def": 0.8977610100546979, "Ext": 0.0}, "Ponte Preta / SP": {"Atk": 1.1995924293004059, "Def": 1.00344881369136, "Ext": 0.0}, "Ava\u00ed / SC": {"Atk": 0.6290545689889374, "Def": 1.0628238929024962, "Ext": 0.0}, "Botafogo / RJ": {"Atk": 1.1921345970991197, "Def": 1.326427346710107, "Ext": 0.0}, "Vasco da Gama / RJ": {"Atk": 1.0649752973840316, "Def": 0.8790858831145728, "Ext": 0.045263199045276}, "Santos / SP": {"Atk": 0.9498487181438318, "Def": 2.9113090461617177, "Ext": 0.0}, "S\u00e3o Paulo / SP": {"Atk": 0.7607187493293686, "Def": 1.3828262551053816, "Ext": 0.5827354050516138}, "Atl\u00e9tico / MG": {"Atk": 1.1877500760324098, "Def": 1.104622048068114, "Ext": 0.0}, "Athletico Paranaense / PR": {"Atk": 1.2747359888058245, "Def": 1.163030522699407, "Ext": 0.0}, "Sport / PE": {"Atk": 1.5395798233338998, "Def": 0.8660593033145071, "Ext": 0.0}, "Vit\u00f3ria / BA": {"Atk": 1.2235866571614928, "Def": 0.8584834352595525, "Ext": 0.0}, "Atl\u00e9tico / GO": {"Atk": 0.9200202791034177, "Def": 0.7848465052320583, "Ext": 0.0}, "Chapecoense / SC": {"Atk": 1.2651855659571525, "Def": 0.8318051094159818, "Ext": 0.0}}