{"Vasco da Gama / RJ": {"Atk": 1.0, "Def": 0.42807996993303854, "Home bonus": 0.5337246628885111, "Ext": 0.4657273683964377}, "Fluminense / RJ": {"Atk": 0.28875476180291726, "Def": 0.6714115225704538, "Home bonus": 0.13038919856359973, "Ext": 0.29873687931044346}, "Corinthians / SP": {"Atk": 0.3171758991075348, "Def": 0.772592366000234, "Home bonus": 0.6266794147232048, "Ext": 0.0}, "Vit\u00f3ria / BA": {"Atk": 0.5133867766112438, "Def": 0.6247194804063515, "Home bonus": 0.7762927253926858, "Ext": 0.5864250834524474}, "Gr\u00eamio / RS": {"Atk": 0.3856222929104003, "Def": 0.9105512742179102, "Home bonus": 0.5338294098809004, "Ext": 0.6599667884314651}, "Ponte Preta / SP": {"Atk": 0.36508487518498317, "Def": 0.47028335680608174, "Home bonus": 0.16522327574189605, "Ext": 0.48200816282409426}, "Crici\u00fama / SC": {"Atk": 0.4045098447869258, "Def": 0.26940059368718056, "Home bonus": 0.7994951313257916, "Ext": 0.0}, "Cruzeiro / MG": {"Atk": 0.6460477775491399, "Def": 0.5912151629089878, "Home bonus": 0.49511367207165624, "Ext": 0.39008016914529814}, "Coritiba / PR": {"Atk": 0.44666659659867086, "Def": 0.8640131295375089, "Home bonus": 0.038804511383880906, "Ext": 0.24221451365979502}, "Santos / SP": {"Atk": 0.29187888240196513, "Def": 0.6585143757564178, "Home bonus": 0.6376234439666976, "Ext": 0.25979099693628876}, "Botafogo / RJ": {"Atk": 0.6557882543358299, "Def": 0.6666604594145281, "Home bonus": 0.3807444911344904, "Ext": 0.2157782988586642}, "Flamengo / RJ": {"Atk": 0.34046869813734604, "Def": 0.7862578799884705, "Home bonus": 0.6385426313455937, "Ext": 0.2524766427841747}, "S\u00e3o Paulo / SP": {"Atk": 0.296681542396921, "Def": 0.5218615570860713, "Home bonus": 0.5377504168474364, "Ext": 0.12269579994546544}, "Bahia / BA": {"Atk": 0.29983470754616665, "Def": 0.6487621891381041, "Home bonus": 0.686097803597333, "Ext": 0.3488970253346165}, "Internacional / RS": {"Atk": 0.38319992967195615, "Def": 0.8848638778575101, "Home bonus": 0.4585425739194333, "Ext": 0.6351507901284104}, "Goi\u00e1s / GO": {"Atk": 0.032141685566085376, "Def": 0.7301593524852786, "Home bonus": 0.7938532675938198, "Ext": 0.47645338494199724}, "N\u00e1utico / PE": {"Atk": 0.30088116891995426, "Def": 0.6641636000918903, "Home bonus": 0.3022983894464077, "Ext": 0.0}, "Atl\u00e9tico / MG": {"Atk": 0.42205421404891336, "Def": 0.6028475629828477, "Home bonus": 0.4968822552265023, "Ext": 0.5255479197556876}, "Athletico Paranaense / PR": {"Atk": 0.6005189359391991, "Def": 0.5492448627637116, "Home bonus": 0.07142384878517555, "Ext": 0.3023067428685771}, "Portuguesa / SP": {"Atk": 0.13684694193876773, "Def": 0.6384325679101762, "Home bonus": 0.3102792409680854, "Ext": 0.39699330712840447}}