{"Guarani / SP": {"Atk": 1.0, "Def": 1.0684126705689256, "Ext": 0.0}, "Vila Nova / GO": {"Atk": 0.9114189133391384, "Def": 1.573901352747517, "Ext": 0.0}, "Crici\u00fama / SC": {"Atk": 0.9005948566419263, "Def": 1.0230082521065005, "Ext": 0.0}, "Ituano / SP": {"Atk": 0.8149824391553262, "Def": 0.7946020125964234, "Ext": 0.0}, "Mirassol / SP": {"Atk": 0.7135937473523931, "Def": 0.9875926982301645, "Ext": 0.06667810248912205}, "Vit\u00f3ria / BA": {"Atk": 1.172366542757764, "Def": 0.9779554646093683, "Ext": 0.0}, "Sampaio Corr\u00eaa / MA": {"Atk": 0.47778788726649846, "Def": 0.8321761040079807, "Ext": 0.007706952814501251}, "Juventude / RS": {"Atk": 0.8636314135211868, "Def": 1.031108661121023, "Ext": 0.0}, "Londrina / PR": {"Atk": 0.6955714874439476, "Def": 0.5320244456452317, "Ext": 0.0}, "CRB / AL": {"Atk": 0.8397824697389786, "Def": 0.7216065229425611, "Ext": 0.0}, "Ponte Preta / SP": {"Atk": 0.5175857219162477, "Def": 0.971728945695505, "Ext": 0.0}, "Atl\u00e9tico / GO": {"Atk": 0.729760238701082, "Def": 0.8387435687871385, "Ext": 0.4709114229809956}, "Ava\u00ed / SC": {"Atk": 0.6684780540867664, "Def": 0.6764400332798919, "Ext": 0.12032175017852713}, "Botafogo / SP": {"Atk": 0.5232547636076468, "Def": 0.7391423256684417, "Ext": 0.0}, "Novorizontino / SP": {"Atk": 1.0175335263206073, "Def": 1.2323817851822592, "Ext": 0.0}, "Sport / PE": {"Atk": 1.1389022807893023, "Def": 1.049223156013148, "Ext": 0.0}, "Cear\u00e1 / CE": {"Atk": 0.8327750186941127, "Def": 0.7944332265348125, "Ext": 0.0}, "Chapecoense / SC": {"Atk": 0.8067417916184622, "Def": 0.6903902619985324, "Ext": 0.0762064181586552}, "Tombense / MG": {"Atk": 0.6885096622595529, "Def": 0.6329790617778621, "Ext": 0.1132077308803752}, "ABC / RN": {"Atk": 0.29686145708642037, "Def": 0.7376387149428609, "Ext": 0.22809972584242166}}