{"Cruzeiro / MG": {"Home": {"Atk": 1.0, "Def": 0.5874741752511975}, "Away": {"Atk": 0.6028980276807253, "Def": 1.1976654828581499}}, "Ava\u00ed / SC": {"Home": {"Atk": 0.7737423339754567, "Def": 0.42407480081019766}, "Away": {"Atk": 0.6919829614912768, "Def": 0.7319059559027585}}, "CSA / AL": {"Home": {"Atk": 1.304862628507303, "Def": 0.6800461169820883}, "Away": {"Atk": 0.5576424727255694, "Def": 0.869607609830229}}, "Ponte Preta / SP": {"Home": {"Atk": 1.073699762506897, "Def": 0.4139123727211494}, "Away": {"Atk": 0.6599892563433779, "Def": 0.7677434819518724}}, "Oeste / SP": {"Home": {"Atk": 0.5917440752065769, "Def": 0.40301665174876056}, "Away": {"Atk": 0.5429731901209788, "Def": 0.5031070636248025}}, "Oper\u00e1rio / PR": {"Home": {"Atk": 1.0511352057048697, "Def": 0.7983947289601478}, "Away": {"Atk": 0.27017936987993957, "Def": 0.8401658015837411}}, "Juventude / RS": {"Home": {"Atk": 1.1776140707268101, "Def": 0.7281452459052052}, "Away": {"Atk": 0.7297582393414302, "Def": 0.701197146869204}}, "Vit\u00f3ria / BA": {"Home": {"Atk": 0.9149019650874212, "Def": 0.630434310850432}, "Away": {"Atk": 0.7361094379856837, "Def": 0.5551089395070745}}, "Confian\u00e7a / SE": {"Home": {"Atk": 0.8915340606191833, "Def": 0.49590797273785053}, "Away": {"Atk": 0.5697980718821802, "Def": 0.7462006408871682}}, "Cuiab\u00e1 / MT": {"Home": {"Atk": 1.1492712141510006, "Def": 0.927028782150944}, "Away": {"Atk": 0.48150928966070544, "Def": 0.6953422650948353}}, "Am\u00e9rica / MG": {"Home": {"Atk": 1.0954880996248555, "Def": 0.6953728581436781}, "Away": {"Atk": 0.551678588170141, "Def": 2.1264827500165926}}, "Figueirense / SC": {"Home": {"Atk": 0.7034126264618802, "Def": 0.8822208695774761}, "Away": {"Atk": 0.40563277768111117, "Def": 0.6861422174307424}}, "CRB / AL": {"Home": {"Atk": 0.9236743940108838, "Def": 0.8349387646643053}, "Away": {"Atk": 0.5679130936549229, "Def": 0.5534187621460056}}, "Guarani / SP": {"Home": {"Atk": 1.1340030663575562, "Def": 0.5396159702235501}, "Away": {"Atk": 0.5647266278740504, "Def": 0.7281729968316559}}, "Botafogo / SP": {"Home": {"Atk": 0.7266787351725037, "Def": 0.6176549323918749}, "Away": {"Atk": 0.2252533307710274, "Def": 0.9298350620441592}}, "Paran\u00e1 / PR": {"Home": {"Atk": 0.7953360978790734, "Def": 0.6007224858674909}, "Away": {"Atk": 0.5512158328808283, "Def": 0.5410460009455793}}, "Brasil / RS": {"Home": {"Atk": 0.733642610803072, "Def": 0.9724816076697824}, "Away": {"Atk": 0.4340534518633135, "Def": 0.8778793121735469}}, "N\u00e1utico / PE": {"Home": {"Atk": 0.9333169434240616, "Def": 0.7048665490145227}, "Away": {"Atk": 0.38847281319165317, "Def": 0.6214957266547845}}, "Sampaio Corr\u00eaa / MA": {"Home": {"Atk": 0.9260060655474839, "Def": 0.5764913351903469}, "Away": {"Atk": 0.8860452536071279, "Def": 0.8250694713291759}}, "Chapecoense / SC": {"Home": {"Atk": 0.6442786680998803, "Def": 2.1930909255568767}, "Away": {"Atk": 0.7861674212403277, "Def": 1.2256374003668171}}}