{"Vasco da Gama / RJ": {"Atk": 1.0, "Def": 0.4667070434642611, "Ext": 0.1}, "Fluminense / RJ": {"Atk": 0.8075702484511783, "Def": 0.7166092147771882, "Ext": 0.0}, "Corinthians / SP": {"Atk": 0.6346212399610854, "Def": 1.856707720863438, "Ext": 0.0}, "Vit\u00f3ria / BA": {"Atk": 0.9522275561254572, "Def": 0.845606012942308, "Ext": 0.1}, "Gr\u00eamio / RS": {"Atk": 0.719302394093363, "Def": 0.9398106965262782, "Ext": 0.0}, "Ponte Preta / SP": {"Atk": 0.8509972051712295, "Def": 0.5181984624642687, "Ext": 0.1}, "Crici\u00fama / SC": {"Atk": 0.8913576591810793, "Def": 0.47402204592036173, "Ext": 0.0}, "Cruzeiro / MG": {"Atk": 1.4288822101184497, "Def": 1.081935316475253, "Ext": 0.0}, "Coritiba / PR": {"Atk": 1.0509824105226884, "Def": 0.9047107681854339, "Ext": 0.1}, "Santos / SP": {"Atk": 0.9496067183173499, "Def": 0.8115884800147585, "Ext": 0.039821566312455516}, "Botafogo / RJ": {"Atk": 1.271402424131591, "Def": 0.8591838604108014, "Ext": 0.0}, "Flamengo / RJ": {"Atk": 0.6797694230842062, "Def": 0.8933593622956022, "Ext": 0.0}, "S\u00e3o Paulo / SP": {"Atk": 0.7554451752245498, "Def": 0.780284397438567, "Ext": 0.1}, "Bahia / BA": {"Atk": 0.7467594475584047, "Def": 1.0247460290047061, "Ext": 0.0}, "Internacional / RS": {"Atk": 1.1796891797941473, "Def": 0.5777175368024923, "Ext": 0.1}, "Goi\u00e1s / GO": {"Atk": 0.6682046532557377, "Def": 0.6775039999222937, "Ext": 0.1}, "N\u00e1utico / PE": {"Atk": 0.5589094880051273, "Def": 0.560330233290135, "Ext": 0.0}, "Atl\u00e9tico / MG": {"Atk": 0.9354556740669027, "Def": 0.6381513899005764, "Ext": 0.0}, "Athletico Paranaense / PR": {"Atk": 1.3764679481023565, "Def": 0.5703026175050334, "Ext": 0.1}, "Portuguesa / SP": {"Atk": 0.7342696602097711, "Def": 0.5880312953596724, "Ext": 0.1}}