{"Fluminense / RJ": {"Home": {"Atk": 1.0, "Def": 0.5305759884940435}, "Away": {"Atk": 0.7763218256136077, "Def": 0.6766661122213873}}, "Flamengo / RJ": {"Home": {"Atk": 1.0573991985879154, "Def": 0.9672024963827808}, "Away": {"Atk": 0.589271972271683, "Def": 0.7047961361666089}}, "Palmeiras / SP": {"Home": {"Atk": 1.123893654079988, "Def": 0.6928569074925931}, "Away": {"Atk": 0.9778110831756232, "Def": 0.7253076218837825}}, "Corinthians / SP": {"Home": {"Atk": 1.0875041669171153, "Def": 0.8748244870582208}, "Away": {"Atk": 0.6445905392069524, "Def": 1.308425998358129}}, "Cruzeiro / MG": {"Home": {"Atk": 0.9051140237642108, "Def": 0.8194133659196663}, "Away": {"Atk": 0.714306020615297, "Def": 0.8638445284064666}}, "Coritiba / PR": {"Home": {"Atk": 0.8131456616559096, "Def": 0.7224170917901266}, "Away": {"Atk": 0.7282533390922004, "Def": 0.584008681465617}}, "Gr\u00eamio / RS": {"Home": {"Atk": 1.0242155037896297, "Def": 0.9114743452491831}, "Away": {"Atk": 0.9482704886067393, "Def": 0.8263529127019372}}, "Bahia / BA": {"Home": {"Atk": 1.2374698942007114, "Def": 0.6198185900810087}, "Away": {"Atk": 0.5061921367316816, "Def": 0.6098140023731}}, "Ponte Preta / SP": {"Home": {"Atk": 0.9501908985305857, "Def": 0.6455775348188048}, "Away": {"Atk": 0.35212181317193975, "Def": 0.5771249101344361}}, "Ava\u00ed / SC": {"Home": {"Atk": 0.4792585839347007, "Def": 0.6276001934767496}, "Away": {"Atk": 0.4037690472249124, "Def": 0.6298947094503895}}, "Botafogo / RJ": {"Home": {"Atk": 1.1471474407088529, "Def": 0.5365467095770405}, "Away": {"Atk": 0.5081783850767605, "Def": 1.005760557612851}}, "Vasco da Gama / RJ": {"Home": {"Atk": 0.7508259319496894, "Def": 0.600193067185954}, "Away": {"Atk": 0.5643687091246923, "Def": 0.680594666943747}}, "Santos / SP": {"Home": {"Atk": 0.9297475372745465, "Def": 1.185424389415205}, "Away": {"Atk": 0.5246351293323425, "Def": 1.0367669779236053}}, "S\u00e3o Paulo / SP": {"Home": {"Atk": 1.1470633664147185, "Def": 0.7157083236341021}, "Away": {"Atk": 0.6038028805289621, "Def": 0.5280152052902706}}, "Atl\u00e9tico / MG": {"Home": {"Atk": 0.7409308505953249, "Def": 0.45652903455476446}, "Away": {"Atk": 0.7864143873684483, "Def": 0.8648507139774894}}, "Athletico Paranaense / PR": {"Home": {"Atk": 0.9604698509037519, "Def": 0.5761186160432122}, "Away": {"Atk": 0.553320512492673, "Def": 0.749105641258036}}, "Sport / PE": {"Home": {"Atk": 1.0200860161886196, "Def": 0.5689107524793563}, "Away": {"Atk": 0.6419116308514751, "Def": 0.5081111188078933}}, "Vit\u00f3ria / BA": {"Home": {"Atk": 0.724136518074072, "Def": 0.36672179252034953}, "Away": {"Atk": 0.9272958050469934, "Def": 0.6836312477467174}}, "Atl\u00e9tico / GO": {"Home": {"Atk": 0.6399242216978716, "Def": 0.4920285718774932}, "Away": {"Atk": 0.6033740816238202, "Def": 0.5345408146458835}}, "Chapecoense / SC": {"Home": {"Atk": 0.780718604841087, "Def": 0.5354712261153816}, "Away": {"Atk": 0.7559955531150152, "Def": 0.5885651897548525}}}