{"Fluminense / RJ": {"Atk": 1.0, "Def": 0.6772120015404633}, "Flamengo / RJ": {"Atk": 0.9691426101149889, "Def": 0.924785746066313}, "Palmeiras / SP": {"Atk": 1.1432393705042714, "Def": 0.8608570024702337}, "Corinthians / SP": {"Atk": 0.9907412516266463, "Def": 1.3534273360842246}, "Cruzeiro / MG": {"Atk": 0.9043428884468847, "Def": 0.9664639473925349}, "Coritiba / PR": {"Atk": 0.7274413646088562, "Def": 0.7292883528858928}, "Gr\u00eamio / RS": {"Atk": 1.081165166029688, "Def": 1.0527513264744275}, "Bahia / BA": {"Atk": 1.0088366147659598, "Def": 0.683236263789092}, "Ponte Preta / SP": {"Atk": 0.7669298649094578, "Def": 0.6781835175849733}, "Ava\u00ed / SC": {"Atk": 0.48474655501923075, "Def": 0.7892531386680279}, "Botafogo / RJ": {"Atk": 1.0017361995095801, "Def": 0.8318757203620716}, "Vasco da Gama / RJ": {"Atk": 0.7858426630546346, "Def": 0.7015592323299348}, "Santos / SP": {"Atk": 0.7902133733085847, "Def": 1.370565685357487}, "S\u00e3o Paulo / SP": {"Atk": 0.9995369676940066, "Def": 0.6446344333447401}, "Atl\u00e9tico / MG": {"Atk": 0.8927792535163963, "Def": 0.7569135729838924}, "Athletico Paranaense / PR": {"Atk": 0.9250468408220143, "Def": 0.7374421204254569}, "Sport / PE": {"Atk": 0.9318755977388062, "Def": 0.6217063272663258}, "Vit\u00f3ria / BA": {"Atk": 0.9835756817345979, "Def": 0.5713161541235873}, "Atl\u00e9tico / GO": {"Atk": 0.743662996766038, "Def": 0.5709635481029239}, "Chapecoense / SC": {"Atk": 0.9511635575491518, "Def": 0.6314334962769994}}