{"Red Bull Bragantino / SP": {"Home": {"Atk": 1.0, "Def": 0.3311088755548741}, "Away": {"Atk": 0.4550380424179057, "Def": 0.5223701146166756}, "Ext": 0.0}, "Ponte Preta / SP": {"Home": {"Atk": 0.8703110717884801, "Def": 1.2372278383265876}, "Away": {"Atk": 0.5172391580374462, "Def": 1.1146930586418915}, "Ext": 0.3698301045083911}, "Vasco da Gama / RJ": {"Home": {"Atk": 1.1933197032732714, "Def": 0.4541392131726824}, "Away": {"Atk": 0.5603164835920776, "Def": 0.9684712495100409}, "Ext": 0.0}, "Santa Cruz / PE": {"Home": {"Atk": 0.9510294118103073, "Def": 1.5006032852243745}, "Away": {"Atk": 0.1698329036597988, "Def": 1.0416199770859162}, "Ext": 0.4066207419060348}, "Sampaio Corr\u00eaa / MA": {"Home": {"Atk": 0.7723912183553718, "Def": 0.6332339555751076}, "Away": {"Atk": 0.5523468483746559, "Def": 1.1186876954779592}, "Ext": 0.32291586804357436}, "Cear\u00e1 / CE": {"Home": {"Atk": 1.5214561001628526, "Def": 0.3353997418137608}, "Away": {"Atk": 0.5004544701233237, "Def": 0.7624315301250875}, "Ext": 0.21258593051120492}, "Vila Nova / GO": {"Home": {"Atk": 0.3250085079752625, "Def": 0.2569711526668675}, "Away": {"Atk": 0.3171417195866136, "Def": 0.6222793937017636}, "Ext": 0.0}, "Am\u00e9rica / RN": {"Home": {"Atk": 0.8451777358107176, "Def": 0.28862568036434116}, "Away": {"Atk": 0.3915785784741725, "Def": 0.6542736015469693}, "Ext": 0.0}, "Boa / MG": {"Home": {"Atk": 1.0323189428987996, "Def": 0.3584236957682141}, "Away": {"Atk": 0.590830660893101, "Def": 0.6980604569624898}, "Ext": 0.0}, "Oeste / SP": {"Home": {"Atk": 0.6517379453571381, "Def": 1.3084498994841434}, "Away": {"Atk": 0.15720277171836397, "Def": 0.552895182982554}, "Ext": 0.425716451324964}, "Portuguesa / SP": {"Home": {"Atk": 0.30948612152749627, "Def": 0.4703941278154687}, "Away": {"Atk": 0.1114291411522713, "Def": 1.1224154584392068}, "Ext": 0.4886732477008647}, "Paran\u00e1 / PR": {"Home": {"Atk": 0.5891537681721019, "Def": 0.9415335029908753}, "Away": {"Atk": 0.29318976726341106, "Def": 0.8256168198861951}, "Ext": 0.27675053888383694}, "N\u00e1utico / PE": {"Home": {"Atk": 0.8477399845877642, "Def": 0.5445713385049159}, "Away": {"Atk": 0.49181321687851765, "Def": 0.7066599360050074}, "Ext": 0.0}, "Luverdense / MT": {"Home": {"Atk": 1.1336601316843864, "Def": 0.42268966744170167}, "Away": {"Atk": 0.20998873990895436, "Def": 0.7226266013556588}, "Ext": 0.028625455017383016}, "Icasa / CE": {"Home": {"Atk": 0.6902913555563449, "Def": 0.4802937168609151}, "Away": {"Atk": 0.1642673777095031, "Def": 0.7529902582726923}, "Ext": 0.0}, "Ava\u00ed / SC": {"Home": {"Atk": 0.8093137404745491, "Def": 0.48549152196797063}, "Away": {"Atk": 0.7173856253961046, "Def": 1.1494317590384207}, "Ext": 0.0}, "Atl\u00e9tico / GO": {"Home": {"Atk": 1.1126688256476354, "Def": 0.42382205112356447}, "Away": {"Atk": 0.4377692271523171, "Def": 0.538528400172027}, "Ext": 0.0}, "ABC / RN": {"Home": {"Atk": 0.695726290040547, "Def": 0.5495156356910219}, "Away": {"Atk": 0.22413469916849318, "Def": 0.9881450964295962}, "Ext": 0.0}, "Am\u00e9rica / MG": {"Home": {"Atk": 1.1854292700452538, "Def": 0.4535472368892187}, "Away": {"Atk": 0.31850630757381776, "Def": 0.6947379519245084}, "Ext": 0.0}, "Joinville / SC": {"Home": {"Atk": 0.8646469695191709, "Def": 2.266171387008729}, "Away": {"Atk": 0.35125049631099553, "Def": 0.7997886263129265}, "Ext": 0.22170605350135075}}