{"Palmeiras / SP": {"Home": {"Atk": 0.6803875820258938, "Def": 0.7577607417534831}, "Away": {"Atk": 0.5383058166810769, "Def": 0.6280043804386574}, "Ext": 0.20018634201976213}, "Chapecoense / SC": {"Home": {"Atk": 0.7882416308569614, "Def": 0.6849521640313142}, "Away": {"Atk": 0.16364300338747545, "Def": 0.6940739001843294}, "Ext": 0.0}, "Fluminense / RJ": {"Home": {"Atk": 0.48397972682805657, "Def": 1.018800107944882}, "Away": {"Atk": 0.518237313641157, "Def": 0.5616360157122021}, "Ext": 0.2503672546994362}, "S\u00e3o Paulo / SP": {"Home": {"Atk": 0.8658757254843121, "Def": 0.810751619452521}, "Away": {"Atk": 0.7679408132639332, "Def": 0.4645213304923691}, "Ext": 0.07215252653925885}, "Cruzeiro / MG": {"Home": {"Atk": 0.3514436268372467, "Def": 0.6564656634713488}, "Away": {"Atk": 0.39001424878175034, "Def": 0.5051195301480877}, "Ext": 0.39490570143881465}, "Athletico Paranaense / PR": {"Home": {"Atk": 0.71463852677543, "Def": 0.7940438586020638}, "Away": {"Atk": 0.30629279869572323, "Def": 0.40032096571026154}, "Ext": 0.0}, "Sport / PE": {"Home": {"Atk": 0.6305906424052371, "Def": 0.7630382106863829}, "Away": {"Atk": 0.424917299220551, "Def": 0.6691127731978823}, "Ext": 0.19474076135569585}, "Vasco da Gama / RJ": {"Home": {"Atk": 0.1639491759990962, "Def": 0.6768809518420227}, "Away": {"Atk": 0.22536779379983016, "Def": 0.41754857382379634}, "Ext": 0.33278389408697506}, "Gr\u00eamio / RS": {"Home": {"Atk": 0.6519755224740204, "Def": 0.9149061542415177}, "Away": {"Atk": 0.3426316389042684, "Def": 0.8629372079313548}, "Ext": 0.6209459604953225}, "Ava\u00ed / SC": {"Home": {"Atk": 0.4003657887962633, "Def": 0.5062272015811933}, "Away": {"Atk": 0.3930051003393592, "Def": 0.4127599141833445}, "Ext": 0.41041683423749276}, "Coritiba / PR": {"Home": {"Atk": 0.4398196288408758, "Def": 0.6848268166620471}, "Away": {"Atk": 0.3265904134714768, "Def": 0.40620515344075975}, "Ext": 0.05429415576429}, "Goi\u00e1s / GO": {"Home": {"Atk": 0.5565141487346641, "Def": 0.6252581035727652}, "Away": {"Atk": 0.4063839364744831, "Def": 0.7222023472018655}, "Ext": 0.328182884495419}, "Corinthians / SP": {"Home": {"Atk": 0.6685737178820308, "Def": 0.7407198818249889}, "Away": {"Atk": 0.5906648681026165, "Def": 1.0073163514001378}, "Ext": 0.5385044062856678}, "Flamengo / RJ": {"Home": {"Atk": 0.5039640730017604, "Def": 0.472260735376462}, "Away": {"Atk": 0.318441818067413, "Def": 0.8640493639157056}, "Ext": 0.4176245824109091}, "Santos / SP": {"Home": {"Atk": 0.7026415765682945, "Def": 0.6388515088214848}, "Away": {"Atk": 0.10049569715120822, "Def": 0.5664400944864286}, "Ext": 0.3821372135883869}, "Atl\u00e9tico / MG": {"Home": {"Atk": 0.641024066909863, "Def": 0.7345634513236081}, "Away": {"Atk": 0.5706742236742398, "Def": 0.7528320082308209}, "Ext": 0.4842371415894368}, "Joinville / SC": {"Home": {"Atk": 0.6941809374613847, "Def": 0.805365726078602}, "Away": {"Atk": 0.13059067401221364, "Def": 0.5934019352686786}, "Ext": 0.15976547438182168}, "Ponte Preta / SP": {"Home": {"Atk": 0.44787620592312694, "Def": 0.7988827689743803}, "Away": {"Atk": 0.5723951452496079, "Def": 0.4929026551682242}, "Ext": 0.0}, "Internacional / RS": {"Home": {"Atk": 0.5323264854679348, "Def": 0.7689604102166068}, "Away": {"Atk": 0.19818462264957212, "Def": 0.4487495384808383}, "Ext": 0.014984245567135568}, "Figueirense / SC": {"Home": {"Atk": 0.6615614968134733, "Def": 0.547349428286822}, "Away": {"Atk": 0.4858153548572287, "Def": 0.37477018366933146}, "Ext": 0.0}}