{"Fluminense / RJ": {"Atk": 1.0, "Def": 0.5021086457340461}, "Flamengo / RJ": {"Atk": 0.8853343403166036, "Def": 0.9369865539781885}, "Palmeiras / SP": {"Atk": 0.9135327484337554, "Def": 0.7130674720058798}, "Corinthians / SP": {"Atk": 0.9642838558813908, "Def": 1.701152242705499}, "Cruzeiro / MG": {"Atk": 0.7176262529451479, "Def": 0.7810145407578847}, "Coritiba / PR": {"Atk": 0.6856527765893063, "Def": 0.5660593917678068}, "Gr\u00eamio / RS": {"Atk": 1.2090893532270217, "Def": 0.7213288420153009}, "Bahia / BA": {"Atk": 0.8041248261483911, "Def": 0.6343884882633813}, "Ponte Preta / SP": {"Atk": 0.7998326046753796, "Def": 0.5739317831282774}, "Ava\u00ed / SC": {"Atk": 0.37627433183510217, "Def": 0.711885916714543}, "Botafogo / RJ": {"Atk": 0.6384888398369393, "Def": 0.887954873693395}, "Vasco da Gama / RJ": {"Atk": 0.8370918602001566, "Def": 0.47727542658306793}, "Santos / SP": {"Atk": 0.6601565931346941, "Def": 1.2185961012327278}, "S\u00e3o Paulo / SP": {"Atk": 0.6162194650968805, "Def": 0.6617217882859401}, "Atl\u00e9tico / MG": {"Atk": 0.6391809168851995, "Def": 0.6220445145973212}, "Athletico Paranaense / PR": {"Atk": 0.5533245147669145, "Def": 0.5744037991715876}, "Sport / PE": {"Atk": 0.920612605357826, "Def": 0.5814037675617311}, "Vit\u00f3ria / BA": {"Atk": 0.6275797972916568, "Def": 0.4236878253255447}, "Atl\u00e9tico / GO": {"Atk": 0.545996514011127, "Def": 0.40135886771423973}, "Chapecoense / SC": {"Atk": 0.9226715465426182, "Def": 0.4413783683348997}}