{"Flamengo / RJ": {"Atk": 1.0, "Def": 0.49313872516595697, "Ext": 0.002749304517250218}, "Botafogo / RJ": {"Atk": 0.461738235272676, "Def": 0.48102378935059353, "Ext": 0.1}, "Palmeiras / SP": {"Atk": 0.773461823786391, "Def": 0.8218781315600688, "Ext": 0.0}, "Santos / SP": {"Atk": 0.7108116936114356, "Def": 0.5976645106636586, "Ext": 0.1}, "Corinthians / SP": {"Atk": 0.670513257558921, "Def": 0.6116722835373409, "Ext": 0.0}, "Gr\u00eamio / RS": {"Atk": 0.6672874855685752, "Def": 0.763641868376819, "Ext": 0.1}, "Sport / PE": {"Atk": 0.4074545822471736, "Def": 0.5900613187668934, "Ext": 0.1}, "Coritiba / PR": {"Atk": 0.407336409426651, "Def": 0.5780549461533304, "Ext": 0.1}, "Fortaleza / CE": {"Atk": 0.42066237995395334, "Def": 0.9235253556240399, "Ext": 0.1}, "Goi\u00e1s / GO": {"Atk": 0.5600138778338263, "Def": 0.4644362577369134, "Ext": 0.1}, "Fluminense / RJ": {"Atk": 0.756055960360607, "Def": 0.6020132161738058, "Ext": 0.0}, "Vasco da Gama / RJ": {"Atk": 0.578470997578915, "Def": 0.5385726450013613, "Ext": 0.0}, "S\u00e3o Paulo / SP": {"Atk": 0.9194879901544417, "Def": 0.8555162514320166, "Ext": 0.0}, "Red Bull Bragantino / SP": {"Atk": 0.6673956732555318, "Def": 0.6087230521302998, "Ext": 0.1}, "Atl\u00e9tico / MG": {"Atk": 0.9481414419864275, "Def": 0.6234355793785191, "Ext": 0.0}, "Internacional / RS": {"Atk": 0.8013552402051717, "Def": 0.8707396221286963, "Ext": 0.1}, "Bahia / BA": {"Atk": 0.674674812563174, "Def": 0.4144013775779964, "Ext": 0.0}, "Athletico Paranaense / PR": {"Atk": 0.47112045771141065, "Def": 0.803842509261723, "Ext": 0.0}, "Cear\u00e1 / CE": {"Atk": 0.7697614917598681, "Def": 0.5480057858242211, "Ext": 0.0}, "Atl\u00e9tico / GO": {"Atk": 0.4424051480443884, "Def": 0.6494620832106228, "Ext": 0.0}, "Home bonus": 0.2866533848090473}