{"Cear\u00e1 / CE": {"Atk": 0.9143810110513279, "Def": 0.5256509006266521}, "Bahia / BA": {"Atk": 0.9020606165414419, "Def": 0.6756698644112704}, "Sampaio Corr\u00eaa / MA": {"Atk": 0.2079693617016994, "Def": 0.4009136758761504}, "Oeste / SP": {"Atk": 0.3669088397987213, "Def": 0.6717257331101862}, "Vila Nova / GO": {"Atk": 0.7401410032204172, "Def": 0.4189539903485228}, "Luverdense / MT": {"Atk": 0.4766806763595957, "Def": 0.6397646333336737}, "Tupi / MG": {"Atk": 0.4882507049169661, "Def": 0.4627187379051306}, "Brasil / RS": {"Atk": 0.3387311000225453, "Def": 0.9096330419096518}, "Londrina / PR": {"Atk": 0.41416235565224824, "Def": 1.3017263619268402}, "Crici\u00fama / SC": {"Atk": 0.6186067308163302, "Def": 0.6274977970183826}, "N\u00e1utico / PE": {"Atk": 0.9232466043628688, "Def": 0.7510019237121558}, "CRB / AL": {"Atk": 0.7764693777730205, "Def": 0.44136324594317383}, "Paysandu / PA": {"Atk": 0.4368432857674241, "Def": 0.5679256623694733}, "Red Bull Bragantino / SP": {"Atk": 0.2736226307015281, "Def": 0.6818174662863169}, "Goi\u00e1s / GO": {"Atk": 0.3610323373109064, "Def": 0.663639998710151}, "Vasco da Gama / RJ": {"Atk": 0.9700635623557432, "Def": 0.5937485932100851}, "Atl\u00e9tico / GO": {"Atk": 0.4680919486241667, "Def": 1.2292955318843586}, "Joinville / SC": {"Atk": 0.2646417022089056, "Def": 0.7259365468883877}, "Paran\u00e1 / PR": {"Atk": 0.5345293121114275, "Def": 0.7095588521266638}, "Ava\u00ed / SC": {"Atk": 0.49323531002156934, "Def": 0.5857750098783144}, "Home bonus": 0.4506009191181469}