{"Flamengo / RJ": {"Atk": 1.0, "Def": 1.0241164161912835}, "Fluminense / RJ": {"Atk": 1.8102224283736108, "Def": 1.1230093936017067}, "S\u00e3o Paulo / SP": {"Atk": 1.9909333273274012, "Def": 1.087431361861746}, "Santos / SP": {"Atk": 1.261828808920545, "Def": 1.387273721802729}, "Athletico Paranaense / PR": {"Atk": 1.4370856380069998, "Def": 0.9484078879741163}, "Atl\u00e9tico / MG": {"Atk": 1.4573571723530527, "Def": 1.1888090225525025}, "Bahia / BA": {"Atk": 0.9175533117006803, "Def": 1.3414266400294836}, "Internacional / RS": {"Atk": 1.3601860396381869, "Def": 1.4793738208203375}, "Crici\u00fama / SC": {"Atk": 0.5623487133221482, "Def": 0.9924025164527158}, "Chapecoense / SC": {"Atk": 0.9023919930681831, "Def": 1.082773848176465}, "Botafogo / RJ": {"Atk": 1.2208668153532973, "Def": 1.022056517329972}, "Sport / PE": {"Atk": 1.0640058045175544, "Def": 1.0002832479474357}, "Corinthians / SP": {"Atk": 1.2695354883691525, "Def": 1.9027690429879867}, "Palmeiras / SP": {"Atk": 0.9355868495528378, "Def": 0.8994930354263615}, "Coritiba / PR": {"Atk": 1.0892328042865551, "Def": 1.3149674115257286}, "Cruzeiro / MG": {"Atk": 2.3189027948187704, "Def": 1.2654539629768666}, "Vit\u00f3ria / BA": {"Atk": 1.156335002643227, "Def": 0.9332981263093982}, "Gr\u00eamio / RS": {"Atk": 0.9188842929830142, "Def": 1.9839838933949496}, "Figueirense / SC": {"Atk": 0.9998771217074129, "Def": 0.8946080272935308}, "Goi\u00e1s / GO": {"Atk": 0.874479251178816, "Def": 1.160603647495969}}