{"Fluminense / RJ": {"Atk": 1.0, "Def": 0.6924717075142571, "Home bonus": 0.10716277210267859, "Ext": 0.11511460472245962}, "Flamengo / RJ": {"Atk": 0.753554088080445, "Def": 0.9323181912718642, "Home bonus": 0.24855929964548673, "Ext": 0.032336228847457155}, "Palmeiras / SP": {"Atk": 0.7156060740700306, "Def": 1.159096144925813, "Home bonus": 0.1254263201782975, "Ext": 0.4443137184504827}, "Corinthians / SP": {"Atk": 0.7800356493341858, "Def": 1.1413219839330588, "Home bonus": 0.3035462963321426, "Ext": 0.05115853361105824}, "Cruzeiro / MG": {"Atk": 0.5568940672220714, "Def": 0.8003183454376406, "Home bonus": 0.4435449841145658, "Ext": 0.17837571331402405}, "Coritiba / PR": {"Atk": 0.46110492900519845, "Def": 0.610336359631998, "Home bonus": 0.18675027242584605, "Ext": 0.3725753699166234}, "Gr\u00eamio / RS": {"Atk": 0.7444694096962168, "Def": 0.9942836181146163, "Home bonus": 0.6607044642181823, "Ext": 0.11010371968903988}, "Bahia / BA": {"Atk": 0.4201052903935387, "Def": 0.7448173319767076, "Home bonus": 0.5884095425935426, "Ext": 0.3034210604517072}, "Ponte Preta / SP": {"Atk": 0.3763644903968128, "Def": 0.6723941824843224, "Home bonus": 0.6392580753284793, "Ext": 0.0}, "Ava\u00ed / SC": {"Atk": 0.11283763203739663, "Def": 0.5250085908784143, "Home bonus": 0.47100406562061564, "Ext": 0.0}, "Botafogo / RJ": {"Atk": 0.20393697366253624, "Def": 0.815740405044493, "Home bonus": 0.8466936206102352, "Ext": 0.22433006824216872}, "Vasco da Gama / RJ": {"Atk": 0.2884703651701911, "Def": 0.46026684740924106, "Home bonus": 0.5639277931179522, "Ext": 0.36619102154558414}, "Santos / SP": {"Atk": 0.4840949459074155, "Def": 0.9440788187897202, "Home bonus": 0.7905217786066991, "Ext": 0.0}, "S\u00e3o Paulo / SP": {"Atk": 0.2523630292887846, "Def": 0.9161686203460423, "Home bonus": 0.4143983757351721, "Ext": 0.5077007530158067}, "Atl\u00e9tico / MG": {"Atk": 0.3539613500759185, "Def": 0.8915941421235724, "Home bonus": 0.3661345119162183, "Ext": 0.0}, "Athletico Paranaense / PR": {"Atk": 0.43272714272855856, "Def": 0.6648981543920911, "Home bonus": 0.24753542300768636, "Ext": 0.0}, "Sport / PE": {"Atk": 0.5366675797866903, "Def": 0.9153462871069591, "Home bonus": 0.8481979345169527, "Ext": 0.4039519020328665}, "Vit\u00f3ria / BA": {"Atk": 0.19790550631638348, "Def": 0.4790974414970934, "Home bonus": 0.6613243898309457, "Ext": 0.527405596763878}, "Atl\u00e9tico / GO": {"Atk": 0.20075355332727873, "Def": 0.38432336445936144, "Home bonus": 0.40973752610241654, "Ext": 0.3527717562550244}, "Chapecoense / SC": {"Atk": 0.40512291624019414, "Def": 0.5479678905218961, "Home bonus": 0.43876053811380994, "Ext": 0.5081171543729482}}