{"Flamengo / RJ": {"Home": {"Atk": 1.0, "Def": 0.5996688456575641}, "Away": {"Atk": 0.5151825351451997, "Def": 0.87238359034888}, "Ext": 0.0}, "Fluminense / RJ": {"Home": {"Atk": 2.0611502909863164, "Def": 0.7232720247951254}, "Away": {"Atk": 0.6733478385780022, "Def": 0.9194960950817558}, "Ext": 0.0}, "S\u00e3o Paulo / SP": {"Home": {"Atk": 1.700579982061356, "Def": 0.5009511383291546}, "Away": {"Atk": 1.12113367135074, "Def": 0.83447752839787}, "Ext": 0.0}, "Santos / SP": {"Home": {"Atk": 1.4431240239038805, "Def": 0.8273891011880383}, "Away": {"Atk": 0.5592197116494781, "Def": 1.1118537564660107}, "Ext": 0.1}, "Athletico Paranaense / PR": {"Home": {"Atk": 1.2140980218721855, "Def": 0.6324001794607129}, "Away": {"Atk": 0.6899705249405338, "Def": 0.7140453948863843}, "Ext": 0.0}, "Atl\u00e9tico / MG": {"Home": {"Atk": 1.2632300743796072, "Def": 0.9414070879073241}, "Away": {"Atk": 1.0172680742644242, "Def": 0.8432188136760108}, "Ext": 0.1}, "Bahia / BA": {"Home": {"Atk": 0.7164416464114473, "Def": 0.6676132724018495}, "Away": {"Atk": 0.6541895869655173, "Def": 1.0845994583400773}, "Ext": 0.0}, "Internacional / RS": {"Home": {"Atk": 1.8348076349537266, "Def": 0.6138149010720256}, "Away": {"Atk": 0.5145647543983648, "Def": 1.7074673623777532}, "Ext": 0.1}, "Crici\u00fama / SC": {"Home": {"Atk": 0.8108732819650178, "Def": 0.5917484867170144}, "Away": {"Atk": 0.15591731048991164, "Def": 0.7397414701300911}, "Ext": 0.011118831047074118}, "Chapecoense / SC": {"Home": {"Atk": 1.017168665321258, "Def": 0.8030258042158132}, "Away": {"Atk": 0.3325033515539166, "Def": 0.9105404925704821}, "Ext": 0.1}, "Botafogo / RJ": {"Home": {"Atk": 1.7339430982695117, "Def": 0.5304577833029266}, "Away": {"Atk": 0.2146407159336859, "Def": 0.8225381867900152}, "Ext": 0.0}, "Sport / PE": {"Home": {"Atk": 1.1836343804523426, "Def": 0.7725385334753043}, "Away": {"Atk": 0.2721660412999141, "Def": 0.886072561741439}, "Ext": 0.1}, "Corinthians / SP": {"Home": {"Atk": 1.4329515022767751, "Def": 0.8047287399016315}, "Away": {"Atk": 0.41262104742987143, "Def": 2.124730046190361}, "Ext": 0.1}, "Palmeiras / SP": {"Home": {"Atk": 0.9412845139933343, "Def": 0.5995069809878504}, "Away": {"Atk": 0.4772914133512763, "Def": 0.5613214645476893}, "Ext": 0.0}, "Coritiba / PR": {"Home": {"Atk": 1.0950252161111154, "Def": 0.8364070883924338}, "Away": {"Atk": 0.5591173875763138, "Def": 0.9470029925928676}, "Ext": 0.1}, "Cruzeiro / MG": {"Home": {"Atk": 2.3563852992381, "Def": 0.6990024716286101}, "Away": {"Atk": 0.919984596853124, "Def": 1.1603425836435195}, "Ext": 0.1}, "Vit\u00f3ria / BA": {"Home": {"Atk": 1.1312283086300887, "Def": 0.504746637377277}, "Away": {"Atk": 0.5112806600212161, "Def": 0.837125509397024}, "Ext": 0.0}, "Gr\u00eamio / RS": {"Home": {"Atk": 0.9729387894684771, "Def": 1.0248913339577885}, "Away": {"Atk": 0.3401706774288692, "Def": 2.3529163738996806}, "Ext": 0.1}, "Figueirense / SC": {"Home": {"Atk": 1.0001465517847814, "Def": 0.4494250023241643}, "Away": {"Atk": 0.5685983949733913, "Def": 0.8377117259084039}, "Ext": 0.0}, "Goi\u00e1s / GO": {"Home": {"Atk": 1.330459064279356, "Def": 0.7486260547697494}, "Away": {"Atk": 0.18678812740326242, "Def": 0.925298443058711}, "Ext": 0.1}}