{"Guarani / SP": {"Atk": 1.0, "Def": 0.7321430665901243, "Ext": 0.37818550570308573}, "Vila Nova / GO": {"Atk": 0.7960699226467314, "Def": 0.9427424346309906, "Ext": 0.5728179822742556}, "Crici\u00fama / SC": {"Atk": 0.5452790762123566, "Def": 1.0490375749799998, "Ext": 0.150514744269945}, "Ituano / SP": {"Atk": 0.526113954060357, "Def": 0.7129140734180806, "Ext": 0.11492439175827984}, "Mirassol / SP": {"Atk": 0.45647019150922896, "Def": 0.9557629755516831, "Ext": 0.4719475811739885}, "Vit\u00f3ria / BA": {"Atk": 0.8404842763164141, "Def": 0.9024338774462881, "Ext": 0.3298541306899252}, "Sampaio Corr\u00eaa / MA": {"Atk": 0.5018858829323525, "Def": 0.7160135617529653, "Ext": 0.017642921255401497}, "Juventude / RS": {"Atk": 0.6177355667691268, "Def": 0.7742948255012989, "Ext": 0.4466226604791602}, "Londrina / PR": {"Atk": 0.4802563247518255, "Def": 0.9773027151943211, "Ext": 0.5403838642355951}, "CRB / AL": {"Atk": 0.3159506000570959, "Def": 0.7946532184196333, "Ext": 0.3272033168848212}, "Ponte Preta / SP": {"Atk": 0.20210184658999253, "Def": 0.8361574603045869, "Ext": 0.0}, "Atl\u00e9tico / GO": {"Atk": 0.3976880265941056, "Def": 0.5269379122412226, "Ext": 0.3875045894742684}, "Ava\u00ed / SC": {"Atk": 0.17770673776295864, "Def": 0.5000834921976997, "Ext": 0.6323614830436228}, "Botafogo / SP": {"Atk": 0.36641833418901953, "Def": 0.6255741526148562, "Ext": 0.4758870225587415}, "Novorizontino / SP": {"Atk": 0.8028361295955132, "Def": 0.8963094654197631, "Ext": 0.0}, "Sport / PE": {"Atk": 0.7845441503158416, "Def": 0.7996365030013757, "Ext": 0.0}, "Cear\u00e1 / CE": {"Atk": 0.6395728529530395, "Def": 0.7004858585557259, "Ext": 0.07671478882949337}, "Chapecoense / SC": {"Atk": 0.5886680217584335, "Def": 0.8919875482294657, "Ext": 0.5658672280852017}, "Tombense / MG": {"Atk": 0.48261540358296895, "Def": 0.48573768785713173, "Ext": 0.0}, "ABC / RN": {"Atk": 0.1779604979968599, "Def": 0.49782161526264035, "Ext": 0.38338789623484004}, "Home bonus": 0.220111910813252}