{"Cear\u00e1 / CE": {"Home": {"Atk": 1.0, "Def": 1.0811839792855678}, "Away": {"Atk": 0.8108447075694357, "Def": 0.6699810150869783}, "Ext": 0.1}, "Bahia / BA": {"Home": {"Atk": 1.673795306225374, "Def": 1.2583078755710415}, "Away": {"Atk": 0.6554897997463855, "Def": 0.9267809808648212}, "Ext": 0.1}, "Sampaio Corr\u00eaa / MA": {"Home": {"Atk": 0.8897928191475659, "Def": 0.4677380930839319}, "Away": {"Atk": 0.3302192854039643, "Def": 0.7289898883480469}, "Ext": 0.1}, "Oeste / SP": {"Home": {"Atk": 0.8490240563309971, "Def": 0.5472239397757795}, "Away": {"Atk": 0.4829313338493124, "Def": 0.7999947590089115}, "Ext": 0.06848524884227512}, "Vila Nova / GO": {"Home": {"Atk": 0.9031905974819863, "Def": 0.45433314827555765}, "Away": {"Atk": 1.0132252069122176, "Def": 0.983536108477598}, "Ext": 0.1}, "Luverdense / MT": {"Home": {"Atk": 1.305741878459385, "Def": 0.6639183880007035}, "Away": {"Atk": 0.46913280740603225, "Def": 1.1174998729668935}, "Ext": 0.1}, "Tupi / MG": {"Home": {"Atk": 1.0472522968588502, "Def": 0.6018462890844563}, "Away": {"Atk": 0.38423716464929614, "Def": 0.7679279070897169}, "Ext": 0.0}, "Brasil / RS": {"Home": {"Atk": 1.1853294629633195, "Def": 0.8017050304857722}, "Away": {"Atk": 0.4496092823504482, "Def": 0.9547298989036282}, "Ext": 0.0}, "Londrina / PR": {"Home": {"Atk": 0.8796451736420177, "Def": 1.041442526383701}, "Away": {"Atk": 0.6256437859200275, "Def": 1.4297907924232978}, "Ext": 0.0}, "Crici\u00fama / SC": {"Home": {"Atk": 1.433830325445417, "Def": 0.522015958407711}, "Away": {"Atk": 0.521605057324704, "Def": 0.885517541812813}, "Ext": 0.0}, "N\u00e1utico / PE": {"Home": {"Atk": 1.7294043173691995, "Def": 0.7179378645497441}, "Away": {"Atk": 0.6643439798463925, "Def": 0.8498213241742409}, "Ext": 0.1}, "CRB / AL": {"Home": {"Atk": 1.2914061791391023, "Def": 0.38845114154344385}, "Away": {"Atk": 0.9469483469936911, "Def": 0.7825952554039789}, "Ext": 0.0}, "Paysandu / PA": {"Home": {"Atk": 1.2717195424164012, "Def": 0.5973589235608445}, "Away": {"Atk": 0.4633170256155093, "Def": 0.8983045327219192}, "Ext": 0.07788680527137032}, "Red Bull Bragantino / SP": {"Home": {"Atk": 0.8108296986605038, "Def": 0.6078822869697371}, "Away": {"Atk": 0.39539517519842626, "Def": 0.6496886409704248}, "Ext": 0.0}, "Goi\u00e1s / GO": {"Home": {"Atk": 1.4511913577809776, "Def": 0.6445913989808647}, "Away": {"Atk": 0.5309750710378862, "Def": 0.7888927247331122}, "Ext": 0.1}, "Vasco da Gama / RJ": {"Home": {"Atk": 1.344568649647431, "Def": 0.5253514938528445}, "Away": {"Atk": 0.8645043757142449, "Def": 1.1162034035996697}, "Ext": 0.03969852996235616}, "Atl\u00e9tico / GO": {"Home": {"Atk": 1.5592248350256432, "Def": 0.7901989101810105}, "Away": {"Atk": 0.5819139211605254, "Def": 1.4166202044470997}, "Ext": 0.1}, "Joinville / SC": {"Home": {"Atk": 0.6382384215470883, "Def": 0.718747997724844}, "Away": {"Atk": 0.3614749587699889, "Def": 0.9486771348195531}, "Ext": 0.1}, "Paran\u00e1 / PR": {"Home": {"Atk": 1.1098744949486783, "Def": 0.6318960643521484}, "Away": {"Atk": 0.5818196154469708, "Def": 0.5957630171722148}, "Ext": 0.1}, "Ava\u00ed / SC": {"Home": {"Atk": 1.5474979798600288, "Def": 0.7931180067132803}, "Away": {"Atk": 0.4061467052177217, "Def": 0.9943231668574208}, "Ext": 0.0}}