{"Guarani / SP": {"Atk": 1.0, "Def": 2.1087856744802473, "Home bonus": 0.49399078746568276}, "Botafogo / SP": {"Atk": 1.7147132223080004, "Def": 2.279445825535945, "Home bonus": 0.20467511011730588}, "S\u00e3o Bento / SP": {"Atk": 2.214107924571999, "Def": 1.377373942614776, "Home bonus": 0.0}, "Vila Nova / GO": {"Atk": 1.491402849855262, "Def": 1.7966209237279116, "Home bonus": 0.0}, "Coritiba / PR": {"Atk": 2.1998428353030888, "Def": 1.909165191345938, "Home bonus": 0.34959845937396244}, "Oper\u00e1rio / PR": {"Atk": 1.3068447387146762, "Def": 2.0690772139486886, "Home bonus": 0.5030244367130177}, "Crici\u00fama / SC": {"Atk": 1.0561530753398283, "Def": 1.9440697020761375, "Home bonus": 0.4191693927257277}, "Brasil / RS": {"Atk": 1.5783806140311794, "Def": 2.0861235450732583, "Home bonus": 0.0}, "Sport / PE": {"Atk": 2.4292833792544526, "Def": 2.3995192198271016, "Home bonus": 0.36094992902787504}, "CRB / AL": {"Atk": 2.181280063988998, "Def": 1.9562320844153793, "Home bonus": 0.0}, "Ponte Preta / SP": {"Atk": 1.7146767203976416, "Def": 1.972922502670634, "Home bonus": 0.4799549190715829}, "Red Bull Bragantino / SP": {"Atk": 2.4774987530582315, "Def": 3.2549360500779305, "Home bonus": 0.8635023390721402}, "Oeste / SP": {"Atk": 2.1825681442615834, "Def": 2.038712798154578, "Home bonus": 0.0}, "Atl\u00e9tico / GO": {"Atk": 1.412468288170307, "Def": 2.858335705161282, "Home bonus": 0.6678350552144066}, "Paran\u00e1 / PR": {"Atk": 1.6259619476410456, "Def": 2.534793159364696, "Home bonus": 0.0}, "Londrina / PR": {"Atk": 1.8731342885941697, "Def": 1.516783326478309, "Home bonus": 0.21453932658605276}, "Figueirense / SC": {"Atk": 1.14449336515749, "Def": 2.0128699447050202, "Home bonus": 0.4838680629596035}, "Am\u00e9rica / MG": {"Atk": 1.9868560186435178, "Def": 2.1506565219916847, "Home bonus": 0.3372532969107818}, "Vit\u00f3ria / BA": {"Atk": 2.019676171020392, "Def": 1.6259513688220377, "Home bonus": 0.0}, "Cuiab\u00e1 / MT": {"Atk": 1.4417879484608804, "Def": 1.7951475846290343, "Home bonus": 0.6165791818334591}}