{"Guarani / SP": {"Atk": 1.0, "Def": 1.2513162873195143}, "Vila Nova / GO": {"Atk": 0.9481135137739475, "Def": 2.184555639969803}, "Crici\u00fama / SC": {"Atk": 0.8691115963240569, "Def": 1.32150198798915}, "Ituano / SP": {"Atk": 0.8253274637993699, "Def": 0.9918568140209257}, "Mirassol / SP": {"Atk": 0.8218385816352985, "Def": 1.0189187128373671}, "Vit\u00f3ria / BA": {"Atk": 1.1376175858983946, "Def": 1.3391703051836514}, "Sampaio Corr\u00eaa / MA": {"Atk": 0.514369581098831, "Def": 0.8776614353207275}, "Juventude / RS": {"Atk": 0.903864479460084, "Def": 1.2021456227850484}, "Londrina / PR": {"Atk": 0.5603582525853902, "Def": 0.6295110931651267}, "CRB / AL": {"Atk": 0.8689752942664231, "Def": 0.8846533374495543}, "Ponte Preta / SP": {"Atk": 0.40385376059484007, "Def": 1.3193293519972662}, "Atl\u00e9tico / GO": {"Atk": 1.1114214762218213, "Def": 0.6657709656858692}, "Ava\u00ed / SC": {"Atk": 0.7324014989422578, "Def": 0.7249409566844827}, "Botafogo / SP": {"Atk": 0.5150034299415769, "Def": 0.87053837754956}, "Novorizontino / SP": {"Atk": 1.0089482935043526, "Def": 1.4280326565687549}, "Sport / PE": {"Atk": 1.1538958209014893, "Def": 1.1669888775966328}, "Cear\u00e1 / CE": {"Atk": 0.8755690385599095, "Def": 0.8905325734778933}, "Chapecoense / SC": {"Atk": 0.8759733271425676, "Def": 0.7893988461175777}, "Tombense / MG": {"Atk": 0.8176699500340925, "Def": 0.6343951827565355}, "ABC / RN": {"Atk": 0.47595089677250985, "Def": 0.7029078525248148}, "Home bonus": 0.30358638739095306}