{"Cear\u00e1 / CE": {"Atk": 0.0018455652871576947, "Def": 0.0017514866697094559, "Ext": 0.22824867948744595}, "Bahia / BA": {"Atk": 0.001517055774485024, "Def": 0.0042349065942971316, "Ext": 0.3668010616766606}, "Sampaio Corr\u00eaa / MA": {"Atk": 2.374391353561799e-05, "Def": 0.0008944676800596093, "Ext": 0.0}, "Oeste / SP": {"Atk": 0.0009853525161449004, "Def": 0.0012577935449124378, "Ext": 0.0}, "Vila Nova / GO": {"Atk": 0.0013509520224184342, "Def": 0.0012180375779709358, "Ext": 0.26363824960206556}, "Luverdense / MT": {"Atk": 0.0005768244813759409, "Def": 0.0027970045626257104, "Ext": 0.46833376906221275}, "Tupi / MG": {"Atk": 0.0, "Def": 0.0019758643061182127, "Ext": 0.45249867710907127}, "Brasil / RS": {"Atk": 0.0008189166665031894, "Def": 0.0034065002628763685, "Ext": 0.0}, "Londrina / PR": {"Atk": 0.0008748884399492962, "Def": 0.0034703564848300207, "Ext": 0.006423353829598161}, "Crici\u00fama / SC": {"Atk": 0.00043806686612834974, "Def": 11.187904939447646, "Ext": 0.4403158103447572}, "N\u00e1utico / PE": {"Atk": 0.002857620384454562, "Def": 0.0015055226938987993, "Ext": 0.0}, "CRB / AL": {"Atk": 0.0014494619046258948, "Def": 0.0011880687615610248, "Ext": 0.3232905515972666}, "Paysandu / PA": {"Atk": 0.0008518444808232741, "Def": 0.0020091105920995228, "Ext": 0.0}, "Red Bull Bragantino / SP": {"Atk": 0.00032746867305032134, "Def": 0.0018497860332453739, "Ext": 0.0}, "Goi\u00e1s / GO": {"Atk": 0.0008729242093218592, "Def": 0.0014599041810894615, "Ext": 0.0}, "Vasco da Gama / RJ": {"Atk": 0.002351064576175321, "Def": 0.0013747058655217733, "Ext": 0.0}, "Atl\u00e9tico / GO": {"Atk": 0.0008440075056882422, "Def": 0.0039532529727055975, "Ext": 0.0}, "Joinville / SC": {"Atk": 0.00048322970088482935, "Def": 0.001666664710333793, "Ext": 0.0}, "Paran\u00e1 / PR": {"Atk": 0.001317097933798273, "Def": 0.0017165161678624856, "Ext": 3.879210791041684e-05}, "Ava\u00ed / SC": {"Atk": 0.0010478880520243383, "Def": 0.0012881941981790295, "Ext": 0.0}, "Home bonus": 0.530599619616775}