{"Palmeiras / SP": {"Atk": 0.7997388228091115, "Def": 0.8588157034825078, "Home bonus": 0.19966194524565545, "Ext": 0.014313321851852457}, "Chapecoense / SC": {"Atk": 0.32865115052474847, "Def": 0.8032347621052426, "Home bonus": 0.6412989802811347, "Ext": 0.6727912943577788}, "Fluminense / RJ": {"Atk": 0.47210096324953876, "Def": 0.6390212876234107, "Home bonus": 0.9293541776317757, "Ext": 0.02443390543893942}, "S\u00e3o Paulo / SP": {"Atk": 0.4671745192564017, "Def": 0.8120923447547717, "Home bonus": 0.34919924722209333, "Ext": 0.7286070850423023}, "Cruzeiro / MG": {"Atk": 0.22715753987950407, "Def": 0.7012814588131959, "Home bonus": 0.6747400382763669, "Ext": 0.41419995804133075}, "Athletico Paranaense / PR": {"Atk": 0.21376997109626872, "Def": 0.9906900316342534, "Home bonus": 0.8543654009232243, "Ext": 0.1915000981551742}, "Sport / PE": {"Atk": 0.47557830086999897, "Def": 0.982698576317149, "Home bonus": 0.9148278541748849, "Ext": 0.3870798846084535}, "Vasco da Gama / RJ": {"Atk": 0.17093621584515178, "Def": 0.37089873272945967, "Home bonus": 0.23406322380186198, "Ext": 0.5315781197993159}, "Gr\u00eamio / RS": {"Atk": 0.4336851498402584, "Def": 0.8358819974299313, "Home bonus": 0.6566753786812327, "Ext": 0.15840012889015154}, "Ava\u00ed / SC": {"Atk": 0.4552554887309337, "Def": 0.858170676802715, "Home bonus": 0.6737229512183406, "Ext": 0.6049059813381282}, "Coritiba / PR": {"Atk": 0.4641218742246236, "Def": 0.6538091673228854, "Home bonus": 0.43051993311116865, "Ext": 0.0}, "Goi\u00e1s / GO": {"Atk": 0.28234534864246563, "Def": 0.904953253550299, "Home bonus": 0.34829254683726135, "Ext": 0.7508970390317901}, "Corinthians / SP": {"Atk": 0.6723409316620103, "Def": 0.7055906632293051, "Home bonus": 0.4637352059458128, "Ext": 0.08051162369666681}, "Flamengo / RJ": {"Atk": 0.20670095774375785, "Def": 0.7892286437524888, "Home bonus": 0.231567505836817, "Ext": 0.29536797700458634}, "Santos / SP": {"Atk": 0.146537315326703, "Def": 0.6990332204565973, "Home bonus": 0.9711619372719126, "Ext": 0.4605594396393888}, "Atl\u00e9tico / MG": {"Atk": 0.6780871632749768, "Def": 0.552887555629684, "Home bonus": 0.525555208427646, "Ext": 0.0}, "Joinville / SC": {"Atk": 0.09854980301514116, "Def": 0.5481167543861863, "Home bonus": 0.7590436441546397, "Ext": 0.5422567360963881}, "Ponte Preta / SP": {"Atk": 0.3617926459288404, "Def": 0.6212540503112237, "Home bonus": 0.4553933163465902, "Ext": 0.7002040564446572}, "Internacional / RS": {"Atk": 0.2464001910421785, "Def": 0.6894709673690296, "Home bonus": 0.19456241058693377, "Ext": 0.7770318238790505}, "Figueirense / SC": {"Atk": 0.45524312395783345, "Def": 0.624529480157378, "Home bonus": 0.11868655952925161, "Ext": 0.0}}