{"Oeste / SP": {"Atk": 1.0, "Def": 0.8481750328733377, "Home bonus": 0.0}, "Boa / MG": {"Atk": 0.7242788313214583, "Def": 1.0387494109754014, "Home bonus": 0.0}, "Figueirense / SC": {"Atk": 1.2055791525589081, "Def": 0.8566616970281666, "Home bonus": 0.7595745778208088}, "Joinville / SC": {"Atk": 1.2479010988074895, "Def": 1.0028941990280955, "Home bonus": 0.27991896547051803}, "Icasa / CE": {"Atk": 0.8654060507784684, "Def": 0.7517749819241276, "Home bonus": 0.9605819988484555}, "ABC / RN": {"Atk": 0.5275874295313828, "Def": 0.8442376093630912, "Home bonus": 1.183051206866138}, "Palmeiras / SP": {"Atk": 1.6235810135707058, "Def": 1.7666108400873446, "Home bonus": 0.31399935004106566}, "S\u00e3o Caetano / SP": {"Atk": 1.219098441476436, "Def": 0.8399417048738974, "Home bonus": 0.0}, "Guaratinguet\u00e1 / SP": {"Atk": 0.6901497220498237, "Def": 0.9124927398730787, "Home bonus": 0.8442328638284358}, "Paysandu / PA": {"Atk": 0.5213827428004698, "Def": 0.8353000274778929, "Home bonus": 0.9048626889531511}, "ASA / AL": {"Atk": 0.7072014258648178, "Def": 0.5662720779382021, "Home bonus": 0.6671299186532558}, "Am\u00e9rica / MG": {"Atk": 1.019276757752331, "Def": 1.0375464665435266, "Home bonus": 0.5667298607590714}, "Ava\u00ed / SC": {"Atk": 1.1626100601314937, "Def": 1.0262578585463837, "Home bonus": 0.3766701287744867}, "Chapecoense / SC": {"Atk": 1.1750201180233888, "Def": 1.2678575822428195, "Home bonus": 1.150209513474701}, "Cear\u00e1 / CE": {"Atk": 0.8705870257144397, "Def": 0.8829645890123277, "Home bonus": 1.2955116854639253}, "Am\u00e9rica / RN": {"Atk": 0.7669443719076849, "Def": 0.7855933403627837, "Home bonus": 0.6134544106199936}, "Paran\u00e1 / PR": {"Atk": 1.2546969793808702, "Def": 1.4940979174797857, "Home bonus": 0.20165192488285225}, "Atl\u00e9tico / GO": {"Atk": 0.6525517145357264, "Def": 0.8442952961559419, "Home bonus": 0.6555585164895944}, "Red Bull Bragantino / SP": {"Atk": 0.9546350829170133, "Def": 1.4408268636166819, "Home bonus": 0.0}, "Sport / PE": {"Atk": 1.5921491412619655, "Def": 0.8755359475941, "Home bonus": 0.0}}