{"Ponte Preta / SP": {"Atk": 1.0, "Def": 1.3975233041548378, "Ext": 0.0}, "Oeste / SP": {"Atk": 0.9849941697133936, "Def": 1.0501501811872576, "Ext": 0.0}, "Brasil / RS": {"Atk": 0.7769179725610273, "Def": 1.2615049651103056, "Ext": 0.0}, "Figueirense / SC": {"Atk": 1.3661405574967367, "Def": 0.9636361992107547, "Ext": 0.0067095774832553745}, "Fortaleza / CE": {"Atk": 1.4014164174083474, "Def": 1.1833462517318833, "Ext": 0.0}, "Vila Nova / GO": {"Atk": 0.9345416844350654, "Def": 2.0004252119112396, "Ext": 0.0}, "Atl\u00e9tico / GO": {"Atk": 1.410822744084264, "Def": 0.8430204448409214, "Ext": 0.1}, "CSA / AL": {"Atk": 1.3921657543500328, "Def": 1.089451102178391, "Ext": 0.0}, "Londrina / PR": {"Atk": 1.0480854889855011, "Def": 0.9926548992803641, "Ext": 0.0}, "Sampaio Corr\u00eaa / MA": {"Atk": 0.7496818409843298, "Def": 0.94213604922426, "Ext": 0.1}, "Guarani / SP": {"Atk": 1.2740970788343529, "Def": 1.0786045662385153, "Ext": 0.1}, "S\u00e3o Bento / SP": {"Atk": 1.0092294065271585, "Def": 1.1784306058138392, "Ext": 0.1}, "Juventude / RS": {"Atk": 0.7068341884191641, "Def": 1.1554100887695207, "Ext": 0.1}, "Ava\u00ed / SC": {"Atk": 1.3011772849382766, "Def": 1.316299879086168, "Ext": 0.1}, "Crici\u00fama / SC": {"Atk": 1.03173649428396, "Def": 1.0430661021700414, "Ext": 0.1}, "Goi\u00e1s / GO": {"Atk": 1.42547764551866, "Def": 0.9743777582163641, "Ext": 0.0}, "Boa / MG": {"Atk": 0.7145232421474041, "Def": 0.9251082247483533, "Ext": 0.0}, "CRB / AL": {"Atk": 0.6552342931510803, "Def": 1.1295643984106447, "Ext": 0.034898827023961056}, "Coritiba / PR": {"Atk": 0.9966646440952212, "Def": 1.1180003854837552, "Ext": 0.1}, "Paysandu / PA": {"Atk": 0.904522303547264, "Def": 0.8707064224309593, "Ext": 0.1}, "Home bonus": 0.23044794621516487}