{"Vasco da Gama / RJ": {"Home": {"Atk": 1.0, "Def": 0.5121153678467291}, "Away": {"Atk": 0.8457066635551486, "Def": 0.5368024142207268}}, "Fluminense / RJ": {"Home": {"Atk": 1.1463671493453673, "Def": 0.5058757771636568}, "Away": {"Atk": 0.49814657002769963, "Def": 0.8207369448202353}}, "Corinthians / SP": {"Home": {"Atk": 0.8564431672575632, "Def": 2.7250442127950367}, "Away": {"Atk": 0.4536858663410656, "Def": 1.9088859560606826}}, "Vit\u00f3ria / BA": {"Home": {"Atk": 1.2042722980268905, "Def": 0.5522967728217056}, "Away": {"Atk": 0.5091929368063152, "Def": 0.6581597980942901}}, "Gr\u00eamio / RS": {"Home": {"Atk": 1.2332891392292717, "Def": 0.8887535982623461}, "Away": {"Atk": 0.6994694470448941, "Def": 0.8981091180245785}}, "Ponte Preta / SP": {"Home": {"Atk": 0.7575774616785245, "Def": 0.4088457617228947}, "Away": {"Atk": 0.646072011780108, "Def": 0.5504079603495494}}, "Crici\u00fama / SC": {"Home": {"Atk": 1.4032277001589082, "Def": 0.44173314894050436}, "Away": {"Atk": 0.6086397143424876, "Def": 0.5880009189743833}}, "Cruzeiro / MG": {"Home": {"Atk": 2.2533294048484627, "Def": 0.7444700320603101}, "Away": {"Atk": 0.9398167725922771, "Def": 0.9765568786270046}}, "Coritiba / PR": {"Home": {"Atk": 1.0661691083356406, "Def": 0.7228224821371908}, "Away": {"Atk": 0.5531157744706265, "Def": 0.8597149472134689}}, "Santos / SP": {"Home": {"Atk": 1.1019242912135414, "Def": 0.7376958546543299}, "Away": {"Atk": 0.5174805950760588, "Def": 1.1583570981379216}}, "Botafogo / RJ": {"Home": {"Atk": 1.5699669959645794, "Def": 0.7699139008883804}, "Away": {"Atk": 0.9462725792805468, "Def": 0.8242172644811618}}, "Flamengo / RJ": {"Home": {"Atk": 0.872961190171872, "Def": 0.5369190563591321}, "Away": {"Atk": 0.5987548277191738, "Def": 0.9037811621668931}}, "S\u00e3o Paulo / SP": {"Home": {"Atk": 0.8077936121491849, "Def": 0.4762966527028927}, "Away": {"Atk": 0.4187007248900181, "Def": 1.3720755388345758}}, "Bahia / BA": {"Home": {"Atk": 1.0682344761878397, "Def": 0.4958665255953195}, "Away": {"Atk": 0.40073495013764565, "Def": 0.8639532340992626}}, "Internacional / RS": {"Home": {"Atk": 1.4284684749031873, "Def": 0.3939164137163465}, "Away": {"Atk": 0.8655233261736762, "Def": 0.7919824300869917}}, "Goi\u00e1s / GO": {"Home": {"Atk": 0.9603364998202091, "Def": 0.7098473955469383}, "Away": {"Atk": 0.4251352679627936, "Def": 0.8107183091241988}}, "N\u00e1utico / PE": {"Home": {"Atk": 0.503930616886383, "Def": 0.3302333060345912}, "Away": {"Atk": 0.2079696692124205, "Def": 0.7741286131921422}}, "Atl\u00e9tico / MG": {"Home": {"Atk": 1.5758578136236558, "Def": 0.7031317726666445}, "Away": {"Atk": 0.23459842093683228, "Def": 0.8652096320018926}}, "Athletico Paranaense / PR": {"Home": {"Atk": 1.4344821598205482, "Def": 0.6764223133167471}, "Away": {"Atk": 0.9208584309922426, "Def": 0.6767168307632132}}, "Portuguesa / SP": {"Home": {"Atk": 1.3370490039807825, "Def": 0.5064656797288276}, "Away": {"Atk": 0.6362911563492052, "Def": 0.5763980658282583}}}