{"Flamengo / RJ": {"Atk": 1.0, "Def": 1.1823703271255546, "Home bonus": 0.2938365566235577, "Ext": 0.0}, "Fluminense / RJ": {"Atk": 1.2999342787986952, "Def": 1.6027012431427183, "Home bonus": 1.302069731350665, "Ext": 0.0}, "S\u00e3o Paulo / SP": {"Atk": 2.0046139015007354, "Def": 1.3662966248577924, "Home bonus": 0.46628143393676275, "Ext": 0.0}, "Santos / SP": {"Atk": 1.2415020227397882, "Def": 2.39872029770749, "Home bonus": 0.40430687876143323, "Ext": 0.01044840313246759}, "Athletico Paranaense / PR": {"Atk": 1.7840365414389905, "Def": 0.955292842726226, "Home bonus": 0.17755371800449377, "Ext": 0.0}, "Atl\u00e9tico / MG": {"Atk": 1.7953913505365913, "Def": 1.4747307782880046, "Home bonus": 0.0, "Ext": 0.1}, "Bahia / BA": {"Atk": 0.8262551852340997, "Def": 1.5725069671366279, "Home bonus": 0.0, "Ext": 0.0}, "Internacional / RS": {"Atk": 1.402627308143318, "Def": 1.6552186311862458, "Home bonus": 0.6581703867946891, "Ext": 0.06107715624101683}, "Crici\u00fama / SC": {"Atk": 0.15102799889310264, "Def": 1.514986671311947, "Home bonus": 0.7068259540179377, "Ext": 0.1}, "Chapecoense / SC": {"Atk": 0.7820297560357771, "Def": 1.7075740426728263, "Home bonus": 0.2089563861148763, "Ext": 0.1}, "Botafogo / RJ": {"Atk": 0.3840448125004619, "Def": 1.7237313481506538, "Home bonus": 1.5527203519092496, "Ext": 0.0}, "Sport / PE": {"Atk": 0.5962371448961216, "Def": 1.2120377033797172, "Home bonus": 0.8976570859018626, "Ext": 0.0}, "Corinthians / SP": {"Atk": 1.198866042294816, "Def": 2.6785836542068324, "Home bonus": 0.6807280868960549, "Ext": 0.1}, "Palmeiras / SP": {"Atk": 1.1719414993061115, "Def": 1.0705476344094762, "Home bonus": 0.0, "Ext": 0.01373357391420873}, "Coritiba / PR": {"Atk": 1.066964330571337, "Def": 1.9118672333342728, "Home bonus": 0.0, "Ext": 0.0}, "Cruzeiro / MG": {"Atk": 2.307062232242174, "Def": 1.4378483325264115, "Home bonus": 1.141719191412393, "Ext": 0.1}, "Vit\u00f3ria / BA": {"Atk": 1.3404103502098108, "Def": 0.9761817633064719, "Home bonus": 0.0, "Ext": 0.1}, "Gr\u00eamio / RS": {"Atk": 0.6066011839916494, "Def": 1.9345664794237536, "Home bonus": 0.9274430520088708, "Ext": 0.1}, "Figueirense / SC": {"Atk": 1.3217729444533513, "Def": 1.0732446625528957, "Home bonus": 0.0, "Ext": 0.0}, "Goi\u00e1s / GO": {"Atk": 0.5189379076701939, "Def": 1.4217936403742328, "Home bonus": 0.7474252450798933, "Ext": 0.1}}