{"Flamengo / RJ": {"Atk": 1.0, "Def": 0.58208831926739, "Ext": 0.0}, "Botafogo / RJ": {"Atk": 1.0775394082888112, "Def": 1.2425794324346675, "Ext": 0.0}, "Palmeiras / SP": {"Atk": 1.0783482020209598, "Def": 0.8074991585976052, "Ext": 0.0}, "Corinthians / SP": {"Atk": 0.6707990302796237, "Def": 0.635254555234023, "Ext": 0.0}, "Red Bull Bragantino / SP": {"Atk": 0.8496474727744694, "Def": 0.8168020686156207, "Ext": 0.0}, "Atl\u00e9tico Mineiro / MG": {"Atk": 0.7049949702895199, "Def": 0.827696534342893, "Ext": 0.0}, "Gr\u00eamio / RS": {"Atk": 0.9547257350184815, "Def": 0.5756257888203509, "Ext": 0.1}, "Athletico Paranaense / PR": {"Atk": 0.8881217668571765, "Def": 0.6336228678311361, "Ext": 0.040860749002897184}, "Fortaleza / CE": {"Atk": 0.6898262080680825, "Def": 0.7469695745152206, "Ext": 0.0}, "Am\u00e9rica / MG": {"Atk": 0.6728604964064747, "Def": 0.32983138412741464, "Ext": 0.0}, "Fluminense / RJ": {"Atk": 0.7982197081389012, "Def": 0.7342691402608699, "Ext": 0.0}, "Vasco da Gama / RJ": {"Atk": 0.4992769186028068, "Def": 0.469242893241383, "Ext": 0.1}, "S\u00e3o Paulo / SP": {"Atk": 0.7527154437586532, "Def": 0.7404736783816616, "Ext": 0.1}, "Santos / SP": {"Atk": 0.616928319896127, "Def": 0.4610472112780218, "Ext": 0.1}, "Goi\u00e1s / GO": {"Atk": 0.5636442461715183, "Def": 0.5251194505583201, "Ext": 0.07178461646440683}, "Cruzeiro / MG": {"Atk": 0.5928277287479852, "Def": 0.8907431961261869, "Ext": 0.06478224165591318}, "Internacional / RS": {"Atk": 0.5551444508334115, "Def": 0.6213084534473321, "Ext": 0.1}, "Coritiba / PR": {"Atk": 0.5979660597949774, "Def": 0.3952604646394483, "Ext": 0.1}, "Bahia / BA": {"Atk": 0.5823139263860462, "Def": 0.5709610111690091, "Ext": 0.1}, "Cuiab\u00e1 / MT": {"Atk": 0.6746867249719913, "Def": 0.6751496316345159, "Ext": 0.0}}