{"Flamengo / RJ": {"Atk": 1.0, "Def": 0.7512984780830738, "Ext": 0.1}, "Botafogo / RJ": {"Atk": 0.6464942578416788, "Def": 0.8239589743487622, "Ext": 0.1}, "Palmeiras / SP": {"Atk": 0.8996071633500747, "Def": 1.0037592532103248, "Ext": 0.1}, "Santos / SP": {"Atk": 0.960468092977714, "Def": 0.810433393048224, "Ext": 0.1}, "Corinthians / SP": {"Atk": 0.7522551536063538, "Def": 0.6858242943631843, "Ext": 0.1}, "Gr\u00eamio / RS": {"Atk": 0.6322139926746209, "Def": 1.0964475765395634, "Ext": 0.1}, "Sport / PE": {"Atk": 0.7309874599286458, "Def": 0.8937717526360659, "Ext": 0.1}, "Coritiba / PR": {"Atk": 0.4415530766178258, "Def": 0.807336660601815, "Ext": 0.1}, "Fortaleza / CE": {"Atk": 0.646576267458994, "Def": 1.36576232365962, "Ext": 0.0}, "Goi\u00e1s / GO": {"Atk": 1.0279122124497, "Def": 0.417432488062145, "Ext": 0.1}, "Fluminense / RJ": {"Atk": 0.9691557078731139, "Def": 0.7287710832535095, "Ext": 0.0}, "Vasco da Gama / RJ": {"Atk": 1.0429381811937357, "Def": 0.7432508766888081, "Ext": 0.0}, "S\u00e3o Paulo / SP": {"Atk": 0.9344756022159584, "Def": 0.9797049518144154, "Ext": 0.0}, "Red Bull Bragantino / SP": {"Atk": 0.7811078389346863, "Def": 0.625173618970146, "Ext": 0.1}, "Atl\u00e9tico / MG": {"Atk": 1.4417605548006236, "Def": 0.7014680411798324, "Ext": 0.1}, "Internacional / RS": {"Atk": 0.8732190392627256, "Def": 1.5158368255494237, "Ext": 0.0}, "Bahia / BA": {"Atk": 0.8774677159568995, "Def": 0.47524077330401604, "Ext": 0.1}, "Athletico Paranaense / PR": {"Atk": 0.593966945395176, "Def": 1.0210804457432279, "Ext": 0.0}, "Cear\u00e1 / CE": {"Atk": 0.7867208372481104, "Def": 0.6467889240777712, "Ext": 0.0}, "Atl\u00e9tico / GO": {"Atk": 0.6201074451712789, "Def": 0.7798636849918883, "Ext": 0.0}, "Home bonus": 0.2463875969884012}