{"Atl\u00e9tico Mineiro / MG": {"Atk": 1.0, "Def": 1.1503653106899927, "Home bonus": 0.17930530967835934}, "Fluminense / RJ": {"Atk": 1.270944410187862, "Def": 0.9665569328558127, "Home bonus": 0.6939521653383387}, "S\u00e3o Paulo / SP": {"Atk": 1.0712221939769755, "Def": 0.9923802830751315, "Home bonus": 0.6209794082091755}, "Palmeiras / SP": {"Atk": 1.4080235834296988, "Def": 1.8419861949810739, "Home bonus": 0.5619090112663848}, "Botafogo / RJ": {"Atk": 1.023489156157404, "Def": 1.0303480315403715, "Home bonus": 0.0}, "Juventude / RS": {"Atk": 0.5463171855515753, "Def": 0.640796036318521, "Home bonus": 0.3449598919853245}, "Fortaleza / CE": {"Atk": 1.024687997380467, "Def": 1.1133060178535374, "Home bonus": 0.0}, "Atl\u00e9tico / GO": {"Atk": 0.9325281171051647, "Def": 0.7242307604679109, "Home bonus": 0.17725877604517912}, "Ava\u00ed / SC": {"Atk": 0.42897927917502654, "Def": 0.6624507145153413, "Home bonus": 0.8008435062453438}, "Coritiba / PR": {"Atk": 0.7400679314057581, "Def": 0.749027852652628, "Home bonus": 0.48508555506459555}, "Am\u00e9rica / MG": {"Atk": 0.9552122446975146, "Def": 1.095385084624666, "Home bonus": 0.13029358308208347}, "Flamengo / RJ": {"Atk": 1.2727589666844976, "Def": 1.2184407961555768, "Home bonus": 0.5953664449599922}, "Red Bull Bragantino / SP": {"Atk": 1.1739525401178, "Def": 0.7499008477170351, "Home bonus": 0.34325923005045295}, "Corinthians / SP": {"Atk": 1.0314935943647352, "Def": 1.4159328337891244, "Home bonus": 0.1867357244467621}, "Santos / SP": {"Atk": 0.8945936854929898, "Def": 1.1604542706552454, "Home bonus": 0.5815385711706482}, "Internacional / RS": {"Atk": 0.8795359221679551, "Def": 1.2395037451232007, "Home bonus": 1.1475383298768222}, "Cear\u00e1 / CE": {"Atk": 0.6911612688338606, "Def": 1.1002396751802135, "Home bonus": 0.2771266935232074}, "Goi\u00e1s / GO": {"Atk": 1.055918928490613, "Def": 0.9267903027109898, "Home bonus": 0.05907160462697757}, "Cuiab\u00e1 / MT": {"Atk": 0.7057888601013267, "Def": 1.171748992263571, "Home bonus": 0.1538529109027461}, "Athletico Paranaense / PR": {"Atk": 0.9489290687558879, "Def": 0.8730279534524295, "Home bonus": 0.5237206574348499}}