{"Flamengo / RJ": {"Atk": 1.0, "Def": 1.0473691880289435, "Home bonus": 0.5271881497815889, "Ext": 0.0}, "Fluminense / RJ": {"Atk": 1.4053276233671526, "Def": 2.791934432278851, "Home bonus": 0.24579444243570842, "Ext": 0.23988230303060848}, "S\u00e3o Paulo / SP": {"Atk": 1.5344573727827653, "Def": 1.3889879637024123, "Home bonus": 0.4120100763431866, "Ext": 0.15665519034357306}, "Santos / SP": {"Atk": 1.2675338580220263, "Def": 1.5105060819014393, "Home bonus": 0.13468745047124533, "Ext": 0.0}, "Athletico Paranaense / PR": {"Atk": 0.9991594752789357, "Def": 1.04135985344349, "Home bonus": 0.5889843939504702, "Ext": 0.0}, "Atl\u00e9tico / MG": {"Atk": 0.6914942910467732, "Def": 6.27864999486744, "Home bonus": 0.3936087796990476, "Ext": 0.5438584488191851}, "Bahia / BA": {"Atk": 0.7640444521026994, "Def": 1.3939226868796262, "Home bonus": 0.0, "Ext": 0.0}, "Internacional / RS": {"Atk": 0.8232731755437345, "Def": 1.2442763917083632, "Home bonus": 1.1536017802955811, "Ext": 0.0}, "Crici\u00fama / SC": {"Atk": 0.19415707079313457, "Def": 1.0544904908701853, "Home bonus": 0.7829264180077352, "Ext": 0.0}, "Chapecoense / SC": {"Atk": 0.6042604087244482, "Def": 1.2791847885390577, "Home bonus": 0.7150225651735631, "Ext": 0.05630210976206465}, "Botafogo / RJ": {"Atk": 0.3344160879707748, "Def": 0.9296291967360789, "Home bonus": 1.1631517755008949, "Ext": 0.0457222906213907}, "Sport / PE": {"Atk": 0.5597506152715755, "Def": 0.8900354969987365, "Home bonus": 0.5576368110470608, "Ext": 0.0}, "Corinthians / SP": {"Atk": 0.6625316633859819, "Def": 6.010298819836081, "Home bonus": 0.507185391589351, "Ext": 0.36699226856358086}, "Palmeiras / SP": {"Atk": 0.86780932219066, "Def": 0.7050944439393186, "Home bonus": 0.5966916583571918, "Ext": 0.0}, "Coritiba / PR": {"Atk": 0.2854420435695301, "Def": 1.711378723576491, "Home bonus": 0.7599737114070003, "Ext": 0.25765063674729116}, "Cruzeiro / MG": {"Atk": 1.2352137427868333, "Def": 1.6628472744520015, "Home bonus": 0.767813313090216, "Ext": 0.22232597050473155}, "Vit\u00f3ria / BA": {"Atk": 0.5484842632142716, "Def": 1.0671968869786874, "Home bonus": 0.5100234820242149, "Ext": 0.31140666133095185}, "Gr\u00eamio / RS": {"Atk": 0.503774261847871, "Def": 6.052727991381281, "Home bonus": 0.4781515739750565, "Ext": 0.02738843214208}, "Figueirense / SC": {"Atk": 0.8543604281671693, "Def": 0.7121548849901692, "Home bonus": 0.540223764366237, "Ext": 0.0}, "Goi\u00e1s / GO": {"Atk": 0.4125484731756464, "Def": 1.2428710810615562, "Home bonus": 0.9462873852970856, "Ext": 0.0}}