{"Paran\u00e1 / PR": {"Home": {"Atk": 1.0, "Def": 0.956138803235606}, "Away": {"Atk": 0.7710366486396617, "Def": 0.694657594509744}, "Ext": 0.1}, "Atl\u00e9tico / GO": {"Home": {"Atk": 0.9265016337555373, "Def": 0.8924918920174308}, "Away": {"Atk": 0.33918258983207444, "Def": 0.7865347761155855}, "Ext": 0.1}, "Paysandu / PA": {"Home": {"Atk": 1.3656245777871763, "Def": 1.105887510236621}, "Away": {"Atk": 0.5489083335372933, "Def": 1.054808536494301}, "Ext": 0.0}, "Mogi Mirim / SP": {"Home": {"Atk": 0.9340203193443782, "Def": 0.42125608139440535}, "Away": {"Atk": 0.7312488214323081, "Def": 0.6728893163321082}, "Ext": 0.1}, "Vit\u00f3ria / BA": {"Home": {"Atk": 1.5686815716367968, "Def": 0.6546321192413286}, "Away": {"Atk": 0.6992592711551507, "Def": 1.1832613857181693}, "Ext": 0.1}, "Maca\u00e9 / RJ": {"Home": {"Atk": 1.2278045309874182, "Def": 0.4362299501420245}, "Away": {"Atk": 0.7249301788954488, "Def": 0.8267027145884449}, "Ext": 0.08808947030367788}, "Am\u00e9rica / MG": {"Home": {"Atk": 1.3575817963237304, "Def": 0.749784157523599}, "Away": {"Atk": 0.763216655099528, "Def": 1.039272753099469}, "Ext": 0.0}, "N\u00e1utico / PE": {"Home": {"Atk": 1.3862046939918466, "Def": 0.9299291974060211}, "Away": {"Atk": 0.4095702293346095, "Def": 0.6769427850764486}, "Ext": 0.1}, "ABC / RN": {"Home": {"Atk": 0.601173372462555, "Def": 0.37253223592383955}, "Away": {"Atk": 0.935640523142192, "Def": 0.8541723211042447}, "Ext": 0.1}, "CRB / AL": {"Home": {"Atk": 1.35044837977859, "Def": 0.6691642957275474}, "Away": {"Atk": 0.4290901327748187, "Def": 0.9482063921676449}, "Ext": 0.1}, "Bahia / BA": {"Home": {"Atk": 1.468443327039524, "Def": 0.9089580773476329}, "Away": {"Atk": 0.6307161457743161, "Def": 0.9276302875205709}, "Ext": 0.1}, "Crici\u00fama / SC": {"Home": {"Atk": 0.8172464748887253, "Def": 0.6020801888035582}, "Away": {"Atk": 0.4925116347118884, "Def": 0.9820679260687772}, "Ext": 0.1}, "Sampaio Corr\u00eaa / MA": {"Home": {"Atk": 1.5465563908543856, "Def": 0.9059785637965785}, "Away": {"Atk": 0.5915995180522778, "Def": 0.8879087344972989}, "Ext": 0.0}, "Santa Cruz / PE": {"Home": {"Atk": 1.5079197301151432, "Def": 1.0263830771823974}, "Away": {"Atk": 0.7516978012448334, "Def": 0.6115335511735221}, "Ext": 0.1}, "Botafogo / RJ": {"Home": {"Atk": 1.9587304840588604, "Def": 0.9882674156420785}, "Away": {"Atk": 0.7893163580330786, "Def": 1.3334630894919224}, "Ext": 0.0856085372783407}, "Red Bull Bragantino / SP": {"Home": {"Atk": 1.4310635867648458, "Def": 0.876235380844164}, "Away": {"Atk": 0.7575897301585556, "Def": 0.5553083200803707}, "Ext": 0.0}, "Boa / MG": {"Home": {"Atk": 0.7661915205476723, "Def": 0.5903733945778628}, "Away": {"Atk": 0.4954340874842433, "Def": 0.8684238349504521}, "Ext": 0.09588119167327966}, "Oeste / SP": {"Home": {"Atk": 0.8168564616242041, "Def": 1.0491408549512742}, "Away": {"Atk": 0.6072611970282681, "Def": 0.6479848998627206}, "Ext": 0.1}, "Cear\u00e1 / CE": {"Home": {"Atk": 1.1275843658414655, "Def": 0.4234806707669013}, "Away": {"Atk": 0.5082214180219137, "Def": 0.7583792713780204}, "Ext": 0.1}, "Luverdense / MT": {"Home": {"Atk": 1.174601868820212, "Def": 0.619417298570534}, "Away": {"Atk": 0.5158881269447164, "Def": 1.133013151126582}, "Ext": 0.0}}