{"ABC / RN": {"Home": {"Atk": 1.0, "Def": 0.5029742549344005}, "Away": {"Atk": 0.524223190278727, "Def": 0.3039126160921796}, "Ext": 0.0}, "N\u00e1utico / PE": {"Home": {"Atk": 0.0, "Def": 0.4171615425033653}, "Away": {"Atk": 0.5182244144066119, "Def": 0.397966149683609}, "Ext": 0.6936741984960605}, "Crici\u00fama / SC": {"Home": {"Atk": 0.33082793494030716, "Def": 0.3976511485276974}, "Away": {"Atk": 0.17563797381586851, "Def": 0.9602690728933632}, "Ext": 0.7159980283841151}, "Goi\u00e1s / GO": {"Home": {"Atk": 0.8063048509529581, "Def": 0.5266343064523966}, "Away": {"Atk": 0.22404807171678992, "Def": 0.4921531288061694}, "Ext": 0.019405520330545042}, "Guarani / SP": {"Home": {"Atk": 0.6303083573134394, "Def": 0.8148747337381952}, "Away": {"Atk": 0.22726860195597903, "Def": 0.5362736990049082}, "Ext": 0.0}, "Juventude / RS": {"Home": {"Atk": 0.7977403804752664, "Def": 0.624981166360808}, "Away": {"Atk": 0.30056675974989816, "Def": 0.7212595515487037}, "Ext": 0.3715371288406497}, "Londrina / PR": {"Home": {"Atk": 0.6334937723291364, "Def": 0.449607671139986}, "Away": {"Atk": 0.7429513270878687, "Def": 0.5688360086175808}, "Ext": 0.0435688818896665}, "Boa / MG": {"Home": {"Atk": 0.42222818501199766, "Def": 0.746566724105697}, "Away": {"Atk": 0.5333615639432593, "Def": 0.44807902242167075}, "Ext": 0.0}, "Paysandu / PA": {"Home": {"Atk": 0.2719940216812086, "Def": 0.7043578810854387}, "Away": {"Atk": 0.21573716634945103, "Def": 0.7005778726744398}, "Ext": 0.38790046272857814}, "CRB / AL": {"Home": {"Atk": 0.6917450374193487, "Def": 0.4660259650002397}, "Away": {"Atk": 0.4007996133517805, "Def": 0.6205299218449289}, "Ext": 0.17222314640151243}, "Cear\u00e1 / CE": {"Home": {"Atk": 0.6785119620356721, "Def": 0.5670596692532733}, "Away": {"Atk": 0.4308002565507758, "Def": 0.583551006974168}, "Ext": 0.0}, "Santa Cruz / PE": {"Home": {"Atk": 0.5730009879619509, "Def": 0.9123451607293097}, "Away": {"Atk": 0.3257693935236442, "Def": 0.5601471000418103}, "Ext": 0.2617688077172374}, "Figueirense / SC": {"Home": {"Atk": 0.46117376598370213, "Def": 0.6756714324236995}, "Away": {"Atk": 0.25247089461689853, "Def": 0.5934371276516115}, "Ext": 0.4939761670569728}, "Vila Nova / GO": {"Home": {"Atk": 0.45413310194669276, "Def": 0.604593936303268}, "Away": {"Atk": 0.5859123548494519, "Def": 0.7356931304356648}, "Ext": 0.6088174350091604}, "Oeste / SP": {"Home": {"Atk": 0.5448120014148802, "Def": 0.7868631435097426}, "Away": {"Atk": 0.1503984343653768, "Def": 0.4068821059219703}, "Ext": 0.5435711585267139}, "Brasil / RS": {"Home": {"Atk": 0.6932242863225233, "Def": 0.6375387003487076}, "Away": {"Atk": 0.39899845141662665, "Def": 0.27511232117901363}, "Ext": 0.05326867878610722}, "Paran\u00e1 / PR": {"Home": {"Atk": 0.3768828524074628, "Def": 0.513108106641285}, "Away": {"Atk": 0.1007187089728686, "Def": 0.6519558510592017}, "Ext": 0.6251391228493857}, "Am\u00e9rica / MG": {"Home": {"Atk": 0.5479413897637362, "Def": 0.5738695091591777}, "Away": {"Atk": 0.4053398864625643, "Def": 0.4886104397441671}, "Ext": 0.0}, "Luverdense / MT": {"Home": {"Atk": 0.4314799040689692, "Def": 0.5570378608862538}, "Away": {"Atk": 0.6346953082152171, "Def": 0.7160233533121625}, "Ext": 0.666147210483526}, "Internacional / RS": {"Home": {"Atk": 0.32072375407552206, "Def": 0.5937728921341431}, "Away": {"Atk": 0.705081510264462, "Def": 0.709758077161752}, "Ext": 0.0}}