{"Fluminense / RJ": {"Atk": 1.0, "Def": 0.4666285999185477}, "Flamengo / RJ": {"Atk": 0.8389948270766293, "Def": 0.9387462322902148}, "Palmeiras / SP": {"Atk": 0.8669276712616195, "Def": 0.6403803567656455}, "Corinthians / SP": {"Atk": 0.9671567957902586, "Def": 1.5043816117157904}, "Cruzeiro / MG": {"Atk": 0.7344747275300738, "Def": 0.7850709222616921}, "Coritiba / PR": {"Atk": 0.6495312629118747, "Def": 0.5654804265559545}, "Gr\u00eamio / RS": {"Atk": 1.2046985482653165, "Def": 0.7132434512289993}, "Bahia / BA": {"Atk": 0.8005631606170102, "Def": 0.695265603736848}, "Ponte Preta / SP": {"Atk": 0.7495629530144494, "Def": 0.5319897072369794}, "Ava\u00ed / SC": {"Atk": 0.34518370762390693, "Def": 0.6565249968299586}, "Botafogo / RJ": {"Atk": 0.6442904349158199, "Def": 0.889250139520273}, "Vasco da Gama / RJ": {"Atk": 0.7787801117778249, "Def": 0.45729630648093256}, "Santos / SP": {"Atk": 0.5611186811263239, "Def": 1.1153994505624119}, "S\u00e3o Paulo / SP": {"Atk": 0.5838866589004172, "Def": 0.6122292967559475}, "Atl\u00e9tico / MG": {"Atk": 0.6288953931158583, "Def": 0.6278808401404715}, "Athletico Paranaense / PR": {"Atk": 0.5790206252104764, "Def": 0.5791809700533633}, "Sport / PE": {"Atk": 0.9409226249849353, "Def": 0.5737559803529598}, "Vit\u00f3ria / BA": {"Atk": 0.6241213571989105, "Def": 0.4097720406841713}, "Atl\u00e9tico / GO": {"Atk": 0.5129480217200223, "Def": 0.3803288281667492}, "Chapecoense / SC": {"Atk": 0.8921890209659473, "Def": 0.42309439390008746}}