{"Paran\u00e1 / PR": {"Atk": 1.0, "Def": 1.196042240087964, "Ext": 0.1}, "Atl\u00e9tico / GO": {"Atk": 0.7252781039569184, "Def": 1.0143711488599756, "Ext": 0.0}, "Paysandu / PA": {"Atk": 1.0954043665231858, "Def": 1.2884248836691967, "Ext": 0.0}, "Mogi Mirim / SP": {"Atk": 1.1996961963621873, "Def": 0.6384853338094921, "Ext": 0.1}, "Vit\u00f3ria / BA": {"Atk": 1.5283853954720925, "Def": 1.2065234894502088, "Ext": 0.1}, "Maca\u00e9 / RJ": {"Atk": 1.599836282531051, "Def": 0.8428356076470985, "Ext": 0.1}, "Am\u00e9rica / MG": {"Atk": 1.3306588198193678, "Def": 1.1625422448587883, "Ext": 0.0}, "N\u00e1utico / PE": {"Atk": 1.2819345153649753, "Def": 1.060475390248069, "Ext": 0.0}, "ABC / RN": {"Atk": 1.0125766464021952, "Def": 0.7399660755412599, "Ext": 0.1}, "CRB / AL": {"Atk": 1.0720999304421819, "Def": 1.0231464101105356, "Ext": 0.0}, "Bahia / BA": {"Atk": 1.258211778136735, "Def": 1.3496474568205474, "Ext": 0.0}, "Crici\u00fama / SC": {"Atk": 0.8005748349455264, "Def": 1.0463448575579921, "Ext": 0.0}, "Sampaio Corr\u00eaa / MA": {"Atk": 1.5096322772180018, "Def": 0.9006971600329011, "Ext": 0.0}, "Santa Cruz / PE": {"Atk": 1.4203470109044585, "Def": 0.8177901106388195, "Ext": 0.08916017472847601}, "Botafogo / RJ": {"Atk": 1.4108731481203984, "Def": 1.9943457314964892, "Ext": 0.028627224744625698}, "Red Bull Bragantino / SP": {"Atk": 1.3604714116470766, "Def": 0.8235230584600782, "Ext": 0.0}, "Boa / MG": {"Atk": 0.7622193477538222, "Def": 1.2572231981088073, "Ext": 0.0}, "Oeste / SP": {"Atk": 1.0326166794268836, "Def": 1.0114612239058043, "Ext": 0.07608225708467128}, "Cear\u00e1 / CE": {"Atk": 0.75054542747445, "Def": 0.7151018201243635, "Ext": 0.0}, "Luverdense / MT": {"Atk": 0.8634284905774875, "Def": 1.152116009430741, "Ext": 0.1}}