{"Oeste / SP": {"Atk": 1.0, "Def": 0.9668389488597361, "Ext": 0.0}, "Boa / MG": {"Atk": 0.6836528679021325, "Def": 1.1918974319810824, "Ext": 0.1}, "Figueirense / SC": {"Atk": 1.5246545333685124, "Def": 0.927867558551393, "Ext": 0.0}, "Joinville / SC": {"Atk": 1.2648610753727392, "Def": 1.0873167125865983, "Ext": 0.1}, "Icasa / CE": {"Atk": 1.1223369792966587, "Def": 0.9369586507340169, "Ext": 0.0}, "ABC / RN": {"Atk": 0.9224113723184223, "Def": 0.8555142307066601, "Ext": 0.1}, "Palmeiras / SP": {"Atk": 1.600723573035402, "Def": 2.2581322322950337, "Ext": 0.1}, "S\u00e3o Caetano / SP": {"Atk": 1.0238759996350355, "Def": 0.8854505877015358, "Ext": 0.1}, "Guaratinguet\u00e1 / SP": {"Atk": 0.8837880150750503, "Def": 1.1233484709462167, "Ext": 0.1}, "Paysandu / PA": {"Atk": 0.8453750914717032, "Def": 0.903965715267044, "Ext": 0.1}, "ASA / AL": {"Atk": 0.942544258688624, "Def": 0.6359785439323256, "Ext": 0.0}, "Am\u00e9rica / MG": {"Atk": 1.2179263481890479, "Def": 1.173335178980883, "Ext": 0.0}, "Ava\u00ed / SC": {"Atk": 1.1885357303261264, "Def": 1.0817447936215325, "Ext": 0.1}, "Chapecoense / SC": {"Atk": 1.3240625729275628, "Def": 1.7274229394231313, "Ext": 0.1}, "Cear\u00e1 / CE": {"Atk": 1.3647283772606296, "Def": 1.1515729649049138, "Ext": 0.1}, "Am\u00e9rica / RN": {"Atk": 1.0393848390624096, "Def": 0.9429145479270455, "Ext": 0.1}, "Paran\u00e1 / PR": {"Atk": 1.1667740027407296, "Def": 1.6147529858309195, "Ext": 0.0}, "Atl\u00e9tico / GO": {"Atk": 0.7808189110780791, "Def": 0.9875290070237563, "Ext": 0.0075499082033159285}, "Red Bull Bragantino / SP": {"Atk": 0.8291487466974662, "Def": 1.2569435325852452, "Ext": 0.0}, "Sport / PE": {"Atk": 1.5646653001003736, "Def": 0.9199887473577689, "Ext": 0.0}, "Home bonus": 0.48930072743123293}