{"Flamengo / RJ": {"Atk": 1.0, "Def": 0.7016319028119656, "Ext": 0.03172813189233248}, "Botafogo / RJ": {"Atk": 1.0254284451333555, "Def": 2.77970163638674, "Ext": 0.22639390780820484}, "Palmeiras / SP": {"Atk": 1.2063266784563775, "Def": 0.8630062146448712, "Ext": 0.0}, "Corinthians / SP": {"Atk": 0.7586788965968578, "Def": 0.6586251926106589, "Ext": 0.0}, "Red Bull Bragantino / SP": {"Atk": 0.9544318966845661, "Def": 0.8749758579395296, "Ext": 0.0}, "Atl\u00e9tico Mineiro / MG": {"Atk": 0.7752997952825743, "Def": 0.8827163840033361, "Ext": 0.0}, "Gr\u00eamio / RS": {"Atk": 1.0735632415761585, "Def": 0.5985000288870463, "Ext": 0.0}, "Athletico Paranaense / PR": {"Atk": 0.8986912057315197, "Def": 0.7021612954210327, "Ext": 0.13289147449855485}, "Fortaleza / CE": {"Atk": 0.7650837117978081, "Def": 0.763237469098505, "Ext": 0.0}, "Am\u00e9rica / MG": {"Atk": 0.7375954328686763, "Def": 0.35416802210027193, "Ext": 0.0}, "Fluminense / RJ": {"Atk": 0.8762471588738123, "Def": 0.7951981101862684, "Ext": 0.0}, "Vasco da Gama / RJ": {"Atk": 0.4353927845830448, "Def": 0.5525799830649034, "Ext": 0.18026627980147247}, "S\u00e3o Paulo / SP": {"Atk": 0.7552064685603787, "Def": 0.9132272578298484, "Ext": 0.03865716759424155}, "Santos / SP": {"Atk": 0.46705519071700463, "Def": 0.6002760643510553, "Ext": 0.266983453047581}, "Goi\u00e1s / GO": {"Atk": 0.5255148619290596, "Def": 0.6331725402691152, "Ext": 0.07427318644219387}, "Cruzeiro / MG": {"Atk": 0.5876632096402621, "Def": 1.098432238226362, "Ext": 0.0}, "Internacional / RS": {"Atk": 0.5725287424540587, "Def": 0.6795987843474665, "Ext": 0.0}, "Coritiba / PR": {"Atk": 0.6150204588159621, "Def": 0.4278286167645851, "Ext": 0.0}, "Bahia / BA": {"Atk": 0.4434630280066147, "Def": 0.7729080993005466, "Ext": 0.2768824171735372}, "Cuiab\u00e1 / MT": {"Atk": 0.7939829938925052, "Def": 0.7292478177299658, "Ext": 0.0}}