{"Oeste / SP": {"Atk": 1.0, "Def": 0.7982773746138295, "Home bonus": 0.0}, "Boa / MG": {"Atk": 0.5911640512366562, "Def": 1.0242735370152474, "Home bonus": 0.38235198119972436}, "Figueirense / SC": {"Atk": 1.2433586715642457, "Def": 0.8047367411303746, "Home bonus": 0.5770248316332242}, "Joinville / SC": {"Atk": 1.1345931745200621, "Def": 0.9079254609521128, "Home bonus": 0.3711165962531534}, "Icasa / CE": {"Atk": 0.8563980388880104, "Def": 0.7946614378004913, "Home bonus": 0.7676930146773612}, "ABC / RN": {"Atk": 0.5016249185765911, "Def": 0.7191251142207168, "Home bonus": 1.3231782746106484}, "Palmeiras / SP": {"Atk": 1.3888547068573773, "Def": 2.0916513760630635, "Home bonus": 0.45485662089147116}, "S\u00e3o Caetano / SP": {"Atk": 0.9846317646105381, "Def": 0.7706022165591518, "Home bonus": 0.23383025008481997}, "Guaratinguet\u00e1 / SP": {"Atk": 0.8341659240299933, "Def": 0.9298059589036465, "Home bonus": 0.2728041083549849}, "Paysandu / PA": {"Atk": 0.6762746261888313, "Def": 0.7559699777735165, "Home bonus": 0.7083191532251392}, "ASA / AL": {"Atk": 0.7241736056163981, "Def": 0.5588670695056286, "Home bonus": 0.6546419435179051}, "Am\u00e9rica / MG": {"Atk": 1.0589885507746088, "Def": 1.029768654851334, "Home bonus": 0.3863142862864634}, "Ava\u00ed / SC": {"Atk": 0.9803776124181858, "Def": 0.9126029511070218, "Home bonus": 0.4594841148374842}, "Chapecoense / SC": {"Atk": 1.0077818085441732, "Def": 1.4353543494312477, "Home bonus": 0.8178146574603651}, "Cear\u00e1 / CE": {"Atk": 0.8912549481709875, "Def": 0.922711380790924, "Home bonus": 1.231092022205758}, "Am\u00e9rica / RN": {"Atk": 0.9246515728787916, "Def": 0.7684705777646461, "Home bonus": 0.3932657991961809}, "Paran\u00e1 / PR": {"Atk": 1.0949293952228607, "Def": 1.2681212821510495, "Home bonus": 0.21778543147691848}, "Atl\u00e9tico / GO": {"Atk": 0.5989358284799582, "Def": 0.7834039322128925, "Home bonus": 0.6623494588700963}, "Red Bull Bragantino / SP": {"Atk": 0.8597972017378214, "Def": 1.1049827463826667, "Home bonus": 0.0}, "Sport / PE": {"Atk": 1.4413988457220739, "Def": 0.8081733554070457, "Home bonus": 0.16106067341239153}}