{"Oeste / SP": {"Atk": 1.0, "Def": 0.7894590667544846, "Home bonus": 0.0, "Ext": 0.0}, "Boa / MG": {"Atk": 0.6411496870671062, "Def": 1.046031908887006, "Home bonus": 0.3237892016242787, "Ext": 0.1}, "Figueirense / SC": {"Atk": 1.2531160415070908, "Def": 0.8032156238781625, "Home bonus": 0.5664987115807719, "Ext": 0.0}, "Joinville / SC": {"Atk": 1.1522529838531708, "Def": 0.944185683285393, "Home bonus": 0.3160813455786789, "Ext": 0.1}, "Icasa / CE": {"Atk": 0.7939303234582435, "Def": 0.8027567582634934, "Home bonus": 0.8219569440951127, "Ext": 0.0}, "ABC / RN": {"Atk": 0.5112884179388392, "Def": 0.7391491886952155, "Home bonus": 1.2345089125062751, "Ext": 0.1}, "Palmeiras / SP": {"Atk": 1.475477123865686, "Def": 1.9991797075518334, "Home bonus": 0.24183042852494002, "Ext": 0.1}, "S\u00e3o Caetano / SP": {"Atk": 0.9870250997070182, "Def": 0.7919112982214556, "Home bonus": 0.13246644337075655, "Ext": 0.1}, "Guaratinguet\u00e1 / SP": {"Atk": 0.824534640525372, "Def": 0.9486158107264813, "Home bonus": 0.38919042514708174, "Ext": 0.1}, "Paysandu / PA": {"Atk": 0.6479000657612476, "Def": 0.7371288706094039, "Home bonus": 0.7215496937973805, "Ext": 0.1}, "ASA / AL": {"Atk": 0.7254321121422457, "Def": 0.5566741626478053, "Home bonus": 0.6343643069484651, "Ext": 0.0}, "Am\u00e9rica / MG": {"Atk": 1.0419075438235048, "Def": 1.0214038769030995, "Home bonus": 0.3382514292747016, "Ext": 0.0}, "Ava\u00ed / SC": {"Atk": 1.0399802294472795, "Def": 0.9177538961697527, "Home bonus": 0.46938410431432276, "Ext": 0.1}, "Chapecoense / SC": {"Atk": 1.001385551157148, "Def": 1.4601095520581524, "Home bonus": 0.7967632524570514, "Ext": 0.1}, "Cear\u00e1 / CE": {"Atk": 0.9120192440177767, "Def": 0.9057009613232974, "Home bonus": 1.2094634394762045, "Ext": 0.1}, "Am\u00e9rica / RN": {"Atk": 0.9264484764231168, "Def": 0.7592975864442586, "Home bonus": 0.360173420450719, "Ext": 0.1}, "Paran\u00e1 / PR": {"Atk": 1.1282953675217364, "Def": 1.3111308897905372, "Home bonus": 0.280852442314393, "Ext": 0.0}, "Atl\u00e9tico / GO": {"Atk": 0.648418885778566, "Def": 0.7920449930478111, "Home bonus": 0.5791563635461294, "Ext": 0.03728704352469217}, "Red Bull Bragantino / SP": {"Atk": 0.8610026713966208, "Def": 1.1556277207677292, "Home bonus": 0.0006465486448989329, "Ext": 0.0}, "Sport / PE": {"Atk": 1.5002129279525394, "Def": 0.792318653905051, "Home bonus": 0.07426956285733853, "Ext": 0.0}}