{"Gr\u00eamio / RS": {"Atk": 1.0, "Def": 1.0340227158995852, "Home bonus": 0.12329431853475556, "Ext": 0.5461353133618915}, "Atl\u00e9tico / MG": {"Atk": 0.46348998531169244, "Def": 0.6000562967720042, "Home bonus": 0.23663784845731262, "Ext": 0.3997858863754542}, "Cear\u00e1 / CE": {"Atk": 0.5367939676930672, "Def": 0.9520433314485364, "Home bonus": 0.08726795887129842, "Ext": 0.06555493705012008}, "Palmeiras / SP": {"Atk": 0.5853809409346805, "Def": 0.9981479920217083, "Home bonus": 0.8155244317681798, "Ext": 0.009201069416920369}, "S\u00e3o Paulo / SP": {"Atk": 0.45105731531148663, "Def": 0.8991935503528721, "Home bonus": 0.47709137253618306, "Ext": 0.0}, "Flamengo / RJ": {"Atk": 0.958936974322189, "Def": 0.831000842244863, "Home bonus": 0.9118439512165646, "Ext": 0.1265352400470368}, "Fluminense / RJ": {"Atk": 0.32800954532200716, "Def": 0.6504083136276172, "Home bonus": 0.28509215950050476, "Ext": 0.22384154678168577}, "Chapecoense / SC": {"Atk": 0.16962311290334545, "Def": 0.8063867608296731, "Home bonus": 0.41624596366555855, "Ext": 0.1912591490820468}, "Bahia / BA": {"Atk": 0.5818113407005807, "Def": 0.8159434925637504, "Home bonus": 0.2420066855798087, "Ext": 0.5792327522687808}, "Athletico Paranaense / PR": {"Atk": 0.5254294070881252, "Def": 0.7088576474551981, "Home bonus": 0.8803289606042337, "Ext": 0.6111311674547859}, "Internacional / RS": {"Atk": 0.3407057482639328, "Def": 0.8774143520547218, "Home bonus": 0.6639241723651065, "Ext": 0.1440497336637724}, "Cruzeiro / MG": {"Atk": 0.3038711216758464, "Def": 0.8181756695582066, "Home bonus": 0.5306251272936823, "Ext": 0.552511604601576}, "Fortaleza / CE": {"Atk": 0.4399722060036068, "Def": 0.7115602946743722, "Home bonus": 0.6701224784404306, "Ext": 0.10846374255302582}, "Corinthians / SP": {"Atk": 0.421692422199745, "Def": 0.8733963786397281, "Home bonus": 0.34196673122153587, "Ext": 0.11863421270053182}, "Santos / SP": {"Atk": 0.749852690049427, "Def": 0.7001325313825283, "Home bonus": 0.46297413093063117, "Ext": 0.01818275262492102}, "Vasco da Gama / RJ": {"Atk": 0.22210896320949886, "Def": 0.7265799975729929, "Home bonus": 0.3238070527553948, "Ext": 0.4641147473749684}, "Botafogo / RJ": {"Atk": 0.39221945670640745, "Def": 0.8340116878184788, "Home bonus": 0.646544676355779, "Ext": 0.5283824548604996}, "Ava\u00ed / SC": {"Atk": 0.26984707785190437, "Def": 0.3950910011258859, "Home bonus": 0.3510898482272485, "Ext": 0.0028299593131340785}, "Goi\u00e1s / GO": {"Atk": 0.5569677864464431, "Def": 0.7104056692527179, "Home bonus": 0.6879718035368276, "Ext": 0.10937123938954042}, "CSA / AL": {"Atk": 0.13775864254464162, "Def": 0.599549282441269, "Home bonus": 0.3127733553505312, "Ext": 0.36406653904618963}}