{"Flamengo / RJ": {"Home": {"Atk": 1.0, "Def": 0.709948052460914}, "Away": {"Atk": 0.7794449679004924, "Def": 0.49159844260993635}, "Ext": 0.11327681928639086}, "Botafogo / RJ": {"Home": {"Atk": 0.853055267558629, "Def": 0.6745360698414452}, "Away": {"Atk": 0.38135698959027226, "Def": 1.1197242942736438}, "Ext": 0.19639885865098927}, "Palmeiras / SP": {"Home": {"Atk": 0.7722271933753484, "Def": 0.8389569575186137}, "Away": {"Atk": 0.5567707676837338, "Def": 0.6710685479688964}, "Ext": 0.7062636547138026}, "Corinthians / SP": {"Home": {"Atk": 0.5695056872104657, "Def": 0.7138366105480911}, "Away": {"Atk": 0.22753757658206347, "Def": 0.6125250887511186}, "Ext": 0.0}, "Red Bull Bragantino / SP": {"Home": {"Atk": 0.5727970515731581, "Def": 0.6701792002077352}, "Away": {"Atk": 0.3841461343642347, "Def": 0.6095791159822657}, "Ext": 0.24105875991490924}, "Atl\u00e9tico Mineiro / MG": {"Home": {"Atk": 0.34735846787794294, "Def": 0.48759456201535223}, "Away": {"Atk": 0.4319792307579394, "Def": 0.851974827481529}, "Ext": 0.5400148471744253}, "Gr\u00eamio / RS": {"Home": {"Atk": 0.8367609982821519, "Def": 0.9427245511755492}, "Away": {"Atk": 0.5418569057054814, "Def": 0.7028903735353879}, "Ext": 0.0}, "Athletico Paranaense / PR": {"Home": {"Atk": 0.6731518364428439, "Def": 0.6343823235354654}, "Away": {"Atk": 0.2724502000887224, "Def": 0.6261738087488258}, "Ext": 0.24553477159079873}, "Fortaleza / CE": {"Home": {"Atk": 0.868307521704139, "Def": 0.5523944828376286}, "Away": {"Atk": 0.31518714107335954, "Def": 0.7930600329636204}, "Ext": 0.04975358522806469}, "Am\u00e9rica / MG": {"Home": {"Atk": 0.4057273310565771, "Def": 0.3231363470909094}, "Away": {"Atk": 0.0, "Def": 0.4460130944514666}, "Ext": 0.6817439672349243}, "Fluminense / RJ": {"Home": {"Atk": 0.7724414719939897, "Def": 0.9118743039995761}, "Away": {"Atk": 0.789285180079703, "Def": 0.5109086180669837}, "Ext": 0.566160608265773}, "Vasco da Gama / RJ": {"Home": {"Atk": 0.7265109662396593, "Def": 0.45310941772637536}, "Away": {"Atk": 0.2939067374157865, "Def": 0.5528870447355442}, "Ext": 0.6045982099571499}, "S\u00e3o Paulo / SP": {"Home": {"Atk": 0.5354508941786745, "Def": 0.6139712986053056}, "Away": {"Atk": 0.5942819102344272, "Def": 0.5535798194344169}, "Ext": 0.0}, "Santos / SP": {"Home": {"Atk": 0.3516315959988691, "Def": 0.8125997034310112}, "Away": {"Atk": 0.10507607427807866, "Def": 0.6066655714585718}, "Ext": 0.6334654856540924}, "Goi\u00e1s / GO": {"Home": {"Atk": 0.4947117516896369, "Def": 0.8050982851174934}, "Away": {"Atk": 0.5736224653145264, "Def": 0.9169433117082503}, "Ext": 0.6082007914481409}, "Cruzeiro / MG": {"Home": {"Atk": 0.28214468523116465, "Def": 0.8375314873153648}, "Away": {"Atk": 0.6540902548944905, "Def": 0.9535771392484276}, "Ext": 0.6081360996991771}, "Internacional / RS": {"Home": {"Atk": 0.55060015953027, "Def": 0.6911036303364791}, "Away": {"Atk": 0.15844944247725454, "Def": 0.6960148673079075}, "Ext": 0.1464445582480579}, "Coritiba / PR": {"Home": {"Atk": 0.7276507527566987, "Def": 0.7101450232340357}, "Away": {"Atk": 0.40354069950968263, "Def": 0.3144327511879263}, "Ext": 0.4920092763448456}, "Bahia / BA": {"Home": {"Atk": 0.7367638916992741, "Def": 0.5435199531892501}, "Away": {"Atk": 0.1947601917001986, "Def": 0.4353669404630608}, "Ext": 0.1967654014048641}, "Cuiab\u00e1 / MT": {"Home": {"Atk": 0.5457011052027978, "Def": 0.44924968256333087}, "Away": {"Atk": 0.4350483417381353, "Def": 0.7283110716788047}, "Ext": 0.5555064963688787}}