{"Red Bull Bragantino / SP": {"Atk": 1.0, "Def": 0.7817471942169281, "Ext": 0.0}, "Ponte Preta / SP": {"Atk": 1.2428572797792714, "Def": 1.1027840362618235, "Ext": 0.1}, "Vasco da Gama / RJ": {"Atk": 1.1671421343303365, "Def": 2.5458998871363034, "Ext": 0.1}, "Santa Cruz / PE": {"Atk": 1.1496192840067703, "Def": 1.2471430256616858, "Ext": 0.1}, "Sampaio Corr\u00eaa / MA": {"Atk": 1.5171611269576586, "Def": 1.0796050417612855, "Ext": 0.0}, "Cear\u00e1 / CE": {"Atk": 1.7207115519618081, "Def": 0.7872280787974041, "Ext": 0.1}, "Vila Nova / GO": {"Atk": 0.0, "Def": 0.8122347890530083, "Ext": 0.1}, "Am\u00e9rica / RN": {"Atk": 1.3438091144199116, "Def": 0.931968143195046, "Ext": 0.1}, "Boa / MG": {"Atk": 1.2155235914561704, "Def": 0.8747145655631616, "Ext": 0.1}, "Oeste / SP": {"Atk": 0.8049331028323612, "Def": 0.9684004714463794, "Ext": 0.1}, "Portuguesa / SP": {"Atk": 0.8494049648218168, "Def": 0.9788199731098267, "Ext": 0.0}, "Paran\u00e1 / PR": {"Atk": 0.9639949193657886, "Def": 1.1377206305721144, "Ext": 0.1}, "N\u00e1utico / PE": {"Atk": 1.0221067765269842, "Def": 1.0430315466369953, "Ext": 0.0}, "Luverdense / MT": {"Atk": 1.1699762464647177, "Def": 1.3130066748396563, "Ext": 0.1}, "Icasa / CE": {"Atk": 0.6437684053251677, "Def": 1.1557879400550155, "Ext": 0.0}, "Ava\u00ed / SC": {"Atk": 0.9167164940889111, "Def": 1.2232966024394756, "Ext": 0.0}, "Atl\u00e9tico / GO": {"Atk": 1.519024299190625, "Def": 1.1208576520473814, "Ext": 0.0}, "ABC / RN": {"Atk": 0.890055210389637, "Def": 1.7216511449608318, "Ext": 0.0}, "Am\u00e9rica / MG": {"Atk": 1.4284129044309772, "Def": 1.5097811133092973, "Ext": 0.0}, "Joinville / SC": {"Atk": 0.9759719636706939, "Def": 1.5712205478202452, "Ext": 0.1}, "Home bonus": 0.43100556049354005}