{"Gr\u00eamio / RS": {"Atk": 1.0, "Def": 0.7099406161638584, "Home bonus": 0.4789223086035179, "Ext": 0.1}, "Atl\u00e9tico / MG": {"Atk": 0.636939614099327, "Def": 0.5819605702464188, "Home bonus": 0.5284430988296384, "Ext": 0.0}, "Cear\u00e1 / CE": {"Atk": 0.46201673689778605, "Def": 0.7843223731396639, "Home bonus": 0.6048805575725132, "Ext": 0.0}, "Palmeiras / SP": {"Atk": 0.729638891269208, "Def": 1.0172440407195442, "Home bonus": 0.8704847277163921, "Ext": 0.04416221293286873}, "S\u00e3o Paulo / SP": {"Atk": 0.5363623959383451, "Def": 1.1472243162828961, "Home bonus": 0.3654770258078989, "Ext": 0.0}, "Flamengo / RJ": {"Atk": 1.1715554939438604, "Def": 0.8411212628918368, "Home bonus": 1.0657300901507416, "Ext": 0.1}, "Fluminense / RJ": {"Atk": 0.6226147246649835, "Def": 0.6572890031464048, "Home bonus": 0.2341274184442216, "Ext": 0.0020053090431857287}, "Chapecoense / SC": {"Atk": 0.5364166144065138, "Def": 0.5628146920315121, "Home bonus": 0.0, "Ext": 0.0}, "Bahia / BA": {"Atk": 0.685619482786955, "Def": 0.7300038461114222, "Home bonus": 0.31310575927491174, "Ext": 0.1}, "Athletico Paranaense / PR": {"Atk": 0.9666315119921511, "Def": 0.9395452743144889, "Home bonus": 0.0, "Ext": 0.0}, "Internacional / RS": {"Atk": 0.5795116894339585, "Def": 0.8139455769742642, "Home bonus": 0.5798685446797405, "Ext": 0.1}, "Cruzeiro / MG": {"Atk": 0.48610644790180557, "Def": 0.7160235984510483, "Home bonus": 0.054190748532598226, "Ext": 0.1}, "Fortaleza / CE": {"Atk": 0.9532272295541453, "Def": 0.5795323525898841, "Home bonus": 0.0, "Ext": 0.1}, "Corinthians / SP": {"Atk": 0.6023988343960361, "Def": 1.0453017924050558, "Home bonus": 0.40281600338022594, "Ext": 0.1}, "Santos / SP": {"Atk": 0.6977707541755483, "Def": 0.8457320872430462, "Home bonus": 1.1012497680694864, "Ext": 0.1}, "Vasco da Gama / RJ": {"Atk": 0.6695914952194941, "Def": 0.6159932520294675, "Home bonus": 0.17415891938478983, "Ext": 0.0}, "Botafogo / RJ": {"Atk": 0.4983668139799007, "Def": 0.7177103342168385, "Home bonus": 0.24884825189219123, "Ext": 0.1}, "Ava\u00ed / SC": {"Atk": 0.24789488262107862, "Def": 0.49226743049497385, "Home bonus": 0.22295069860576705, "Ext": 0.1}, "Goi\u00e1s / GO": {"Atk": 0.5165266799006287, "Def": 0.4615820458634017, "Home bonus": 0.8430694082887208, "Ext": 0.1}, "CSA / AL": {"Atk": 0.2896484783218289, "Def": 0.5564492086582781, "Home bonus": 0.46882107563802383, "Ext": 0.1}}