{"Palmeiras / SP": {"Atk": 1.0, "Def": 0.6234203184441256, "Ext": 0.09511169925777516}, "Chapecoense / SC": {"Atk": 0.5191220196540771, "Def": 0.6566127941162873, "Ext": 0.0}, "Fluminense / RJ": {"Atk": 0.6977247547009385, "Def": 0.5682938466437358, "Ext": 0.0}, "S\u00e3o Paulo / SP": {"Atk": 0.7430857779910262, "Def": 0.6631657994444154, "Ext": 0.0}, "Cruzeiro / MG": {"Atk": 0.6229029904604713, "Def": 0.742412073731437, "Ext": 0.0}, "Athletico Paranaense / PR": {"Atk": 0.6572320088146354, "Def": 0.5980329034559492, "Ext": 0.0}, "Sport / PE": {"Atk": 0.6624050971800508, "Def": 0.943411755657001, "Ext": 0.2951993286259539}, "Vasco da Gama / RJ": {"Atk": 0.40074616274184904, "Def": 0.4373145638995851, "Ext": 0.0}, "Gr\u00eamio / RS": {"Atk": 0.8445293998687938, "Def": 0.9021357482687375, "Ext": 0.03441270387262393}, "Ava\u00ed / SC": {"Atk": 0.619071255896856, "Def": 0.43946603021255143, "Ext": 0.0}, "Coritiba / PR": {"Atk": 0.4583684358921329, "Def": 0.643008773834307, "Ext": 0.0}, "Goi\u00e1s / GO": {"Atk": 0.583294536986699, "Def": 0.6592357906734556, "Ext": 0.0}, "Corinthians / SP": {"Atk": 1.0356124309325263, "Def": 1.0170434108831423, "Ext": 0.03046994234929739}, "Flamengo / RJ": {"Atk": 0.7936906888577911, "Def": 0.48737231778691, "Ext": 0.0}, "Santos / SP": {"Atk": 1.0353291107848603, "Def": 0.6083968501125977, "Ext": 0.0}, "Atl\u00e9tico / MG": {"Atk": 1.0584536729604008, "Def": 0.66706601773381, "Ext": 0.0}, "Joinville / SC": {"Atk": 0.4583116366580135, "Def": 0.6135858379744517, "Ext": 0.0}, "Ponte Preta / SP": {"Atk": 0.6214395293133983, "Def": 0.784286079238246, "Ext": 0.1595104865605727}, "Internacional / RS": {"Atk": 0.6294174548889879, "Def": 0.6492251506882531, "Ext": 0.0}, "Figueirense / SC": {"Atk": 0.5563056338195617, "Def": 0.5416589766781378, "Ext": 0.11035647300776252}}