{"Gr\u00eamio / RS": {"Home": {"Atk": 1.0, "Def": 0.3396910906744225}, "Away": {"Atk": 0.3075590110118868, "Def": 0.9205722778209373}, "Ext": 0.1}, "Atl\u00e9tico / MG": {"Home": {"Atk": 0.9791998733622252, "Def": 0.4355935429977482}, "Away": {"Atk": 0.4344689248732675, "Def": 0.8221268325245416}, "Ext": 0.1}, "Cear\u00e1 / CE": {"Home": {"Atk": 1.0720925451482968, "Def": 0.4425996330640262}, "Away": {"Atk": 0.23737162031943876, "Def": 0.6796901133666441}, "Ext": 0.1}, "Palmeiras / SP": {"Home": {"Atk": 1.330327488380083, "Def": 1.2361255177359554}, "Away": {"Atk": 0.5261983608380194, "Def": 0.7502816470699317}, "Ext": 0.0}, "S\u00e3o Paulo / SP": {"Home": {"Atk": 0.877729690108936, "Def": 0.8763737566200266}, "Away": {"Atk": 0.40939929724350654, "Def": 0.9935541510211149}, "Ext": 0.1}, "Flamengo / RJ": {"Home": {"Atk": 1.550693816112379, "Def": 0.4967320260847412}, "Away": {"Atk": 0.7424168611059188, "Def": 0.6938823118669847}, "Ext": 0.0}, "Fluminense / RJ": {"Home": {"Atk": 0.4853190820826637, "Def": 0.3569867744374317}, "Away": {"Atk": 0.6855219877734345, "Def": 0.4058334785596815}, "Ext": 0.1}, "Chapecoense / SC": {"Home": {"Atk": 0.5863849966671831, "Def": 0.43918930223323366}, "Away": {"Atk": 0.5842502242059953, "Def": 0.38442145529501487}, "Ext": 0.1}, "Bahia / BA": {"Home": {"Atk": 0.7726815429615662, "Def": 0.6750645266542177}, "Away": {"Atk": 0.42297226079357647, "Def": 0.8724421614339074}, "Ext": 0.1}, "Athletico Paranaense / PR": {"Home": {"Atk": 0.9794195129595561, "Def": 0.8026435242405725}, "Away": {"Atk": 0.7159203257288218, "Def": 0.5475761282520615}, "Ext": 0.0}, "Internacional / RS": {"Home": {"Atk": 1.185065462354414, "Def": 0.5773246858604733}, "Away": {"Atk": 0.22018554034892182, "Def": 0.7207512704130705}, "Ext": 0.1}, "Cruzeiro / MG": {"Home": {"Atk": 0.4678161168160435, "Def": 0.7510717604273065}, "Away": {"Atk": 0.3976401983210893, "Def": 0.3980835804629098}, "Ext": 0.0}, "Fortaleza / CE": {"Home": {"Atk": 0.7116422588745546, "Def": 0.3912505820288098}, "Away": {"Atk": 0.5924687331514523, "Def": 0.553146271000067}, "Ext": 0.0}, "Corinthians / SP": {"Home": {"Atk": 0.6651107253158001, "Def": 2.0118226591689914}, "Away": {"Atk": 0.5369304294452153, "Def": 0.9714676725990068}, "Ext": 0.1}, "Santos / SP": {"Home": {"Atk": 1.4427871850985703, "Def": 0.47386341250731157}, "Away": {"Atk": 0.5340180965623011, "Def": 0.7208281860668715}, "Ext": 0.1}, "Vasco da Gama / RJ": {"Home": {"Atk": 0.8147377345991741, "Def": 0.3559843927146246}, "Away": {"Atk": 0.3496790251240326, "Def": 0.5514246038410556}, "Ext": 0.0}, "Botafogo / RJ": {"Home": {"Atk": 0.5229125382712048, "Def": 0.7056997317452437}, "Away": {"Atk": 0.550574854358389, "Def": 0.5521693804183938}, "Ext": 0.1}, "Ava\u00ed / SC": {"Home": {"Atk": 0.35532701455770066, "Def": 0.3656827496604597}, "Away": {"Atk": 0.2173213847531985, "Def": 0.5944418327075566}, "Ext": 0.1}, "Goi\u00e1s / GO": {"Home": {"Atk": 0.811042412050112, "Def": 0.5015232456682034}, "Away": {"Atk": 0.29763302135691705, "Def": 0.3420228996811382}, "Ext": 0.1}, "CSA / AL": {"Home": {"Atk": 0.2555933382892334, "Def": 0.3914602982468646}, "Away": {"Atk": 0.05960353447734536, "Def": 0.5195093554590935}, "Ext": 0.0}}