{"Vasco da Gama / RJ": {"Atk": 1.0, "Def": 0.7770475321805393, "Ext": 0.1347724446146479}, "Fluminense / RJ": {"Atk": 0.5260682750731808, "Def": 1.3562332509379156, "Ext": 0.22975276966010197}, "Corinthians / SP": {"Atk": 0.4625443092816846, "Def": 4.024087160070061, "Ext": 0.0}, "Vit\u00f3ria / BA": {"Atk": 0.9181951745260145, "Def": 1.2590061873111498, "Ext": 0.27578092857933934}, "Gr\u00eamio / RS": {"Atk": 0.8792495641562637, "Def": 1.437048854005199, "Ext": 0.0}, "Ponte Preta / SP": {"Atk": 0.7660630973255138, "Def": 0.7912119684200157, "Ext": 0.0}, "Crici\u00fama / SC": {"Atk": 1.2509951477268826, "Def": 0.6035811145483504, "Ext": 0.0}, "Cruzeiro / MG": {"Atk": 1.886761030347333, "Def": 1.3220358088771769, "Ext": 0.0}, "Coritiba / PR": {"Atk": 0.36448379723741925, "Def": 1.6345277024458782, "Ext": 0.3445425736814911}, "Santos / SP": {"Atk": 0.9592419355190608, "Def": 1.4409177866978167, "Ext": 0.08716508117893344}, "Botafogo / RJ": {"Atk": 1.0687838507512344, "Def": 1.4266889012035766, "Ext": 0.12255113204504411}, "Flamengo / RJ": {"Atk": 0.7673054175392168, "Def": 1.1082496279440026, "Ext": 0.0}, "S\u00e3o Paulo / SP": {"Atk": 0.8356486643830584, "Def": 1.1742218849122856, "Ext": 0.0}, "Bahia / BA": {"Atk": 0.6651454423725991, "Def": 1.0550871539765274, "Ext": 0.0}, "Internacional / RS": {"Atk": 0.5895598329337338, "Def": 1.6445683089918561, "Ext": 0.559907783512963}, "Goi\u00e1s / GO": {"Atk": 0.7746797766638714, "Def": 1.7300995587045094, "Ext": 0.23233661826737056}, "N\u00e1utico / PE": {"Atk": 0.2907334950875039, "Def": 0.48968912577200074, "Ext": 0.0}, "Atl\u00e9tico / MG": {"Atk": 0.8138118452051724, "Def": 1.4988800710084196, "Ext": 0.0}, "Athletico Paranaense / PR": {"Atk": 1.1337957903452391, "Def": 1.336486022453157, "Ext": 0.2828370346655573}, "Portuguesa / SP": {"Atk": 0.7955155858277201, "Def": 1.1906535536994984, "Ext": 0.21099784232781835}, "Home bonus": 0.4948896735221018}