{"Ponte Preta / SP": {"Atk": 1.0, "Def": 1.3212408994337468}, "Oeste / SP": {"Atk": 1.0473452102773118, "Def": 1.0283989090103696}, "Brasil / RS": {"Atk": 0.7635845108459884, "Def": 1.1078498060547513}, "Figueirense / SC": {"Atk": 1.2689591254283734, "Def": 0.9157575268210498}, "Fortaleza / CE": {"Atk": 1.3754244884917837, "Def": 1.1939108447715236}, "Vila Nova / GO": {"Atk": 0.8724695189894907, "Def": 1.8749408382996104}, "Atl\u00e9tico / GO": {"Atk": 1.351071005377387, "Def": 0.8209188559295609}, "CSA / AL": {"Atk": 1.285680416925272, "Def": 1.0771393508493676}, "Londrina / PR": {"Atk": 1.0256220014573851, "Def": 1.00852302956009}, "Sampaio Corr\u00eaa / MA": {"Atk": 0.7602970222963086, "Def": 0.8924149554948647}, "Guarani / SP": {"Atk": 1.2022806469998832, "Def": 1.0915052563492198}, "S\u00e3o Bento / SP": {"Atk": 0.9189273104371914, "Def": 1.1759663562073717}, "Juventude / RS": {"Atk": 0.6951876325630235, "Def": 1.171129558188115}, "Ava\u00ed / SC": {"Atk": 1.3237913854131127, "Def": 1.2517694540892432}, "Crici\u00fama / SC": {"Atk": 0.9854510695756344, "Def": 1.0045129042872014}, "Goi\u00e1s / GO": {"Atk": 1.3904256288873658, "Def": 0.9081257023054367}, "Boa / MG": {"Atk": 0.6677684245267752, "Def": 0.9289171397668126}, "CRB / AL": {"Atk": 0.6356637574482038, "Def": 1.1011341016459264}, "Coritiba / PR": {"Atk": 0.969618510907876, "Def": 1.0887027097158333}, "Paysandu / PA": {"Atk": 0.887352986719495, "Def": 0.8571525344170041}, "Home bonus": 0.248663679783671}