{"Guarani / SP": {"Atk": 1.0, "Def": 1.4785055752198055, "Ext": 0.0121706295679068}, "Vila Nova / GO": {"Atk": 1.0687938052039962, "Def": 2.461601632950251, "Ext": 0.0}, "Crici\u00fama / SC": {"Atk": 0.9623174557929155, "Def": 1.5597543633450353, "Ext": 0.05030695681709306}, "Ituano / SP": {"Atk": 0.7913445033923622, "Def": 0.957613102447287, "Ext": 0.0}, "Mirassol / SP": {"Atk": 0.7025021213015137, "Def": 1.6568030152882955, "Ext": 0.19263273272793843}, "Vit\u00f3ria / BA": {"Atk": 1.3067215654250504, "Def": 1.4280300147528133, "Ext": 0.0}, "Sampaio Corr\u00eaa / MA": {"Atk": 0.4094344697743571, "Def": 1.0073419724474333, "Ext": 0.0}, "Juventude / RS": {"Atk": 1.0730272505946494, "Def": 1.17942727464672, "Ext": 0.0}, "Londrina / PR": {"Atk": 0.6671362192257979, "Def": 0.6675285125943217, "Ext": 0.0}, "CRB / AL": {"Atk": 0.9013967798148486, "Def": 0.8856752609554482, "Ext": 0.0}, "Ponte Preta / SP": {"Atk": 0.3779121515709844, "Def": 1.393085294538137, "Ext": 0.006097196335169976}, "Atl\u00e9tico / GO": {"Atk": 0.4919764221857678, "Def": 1.3817410261526049, "Ext": 0.7001544604164928}, "Ava\u00ed / SC": {"Atk": 0.6483295414419601, "Def": 0.7924915773337337, "Ext": 0.08033044288644711}, "Botafogo / SP": {"Atk": 0.6010682861669601, "Def": 0.893615137043277, "Ext": 0.0}, "Novorizontino / SP": {"Atk": 1.1911192687612988, "Def": 2.0866032467764306, "Ext": 0.0}, "Sport / PE": {"Atk": 1.1411327227063146, "Def": 2.4845157511293627, "Ext": 0.11254703520071817}, "Cear\u00e1 / CE": {"Atk": 0.9694782520551433, "Def": 0.9559135100694388, "Ext": 0.0}, "Chapecoense / SC": {"Atk": 0.898301571150716, "Def": 0.8120498970539202, "Ext": 0.06941590086539949}, "Tombense / MG": {"Atk": 0.6152867458918143, "Def": 0.8550233906536479, "Ext": 0.10980992136876593}, "ABC / RN": {"Atk": 0.3748472617249425, "Def": 0.8377484981063091, "Ext": 0.08943204529539193}, "Home bonus": 0.31501720835623764}