{"Atl\u00e9tico Mineiro / MG": {"Home": {"Atk": 1.0, "Def": 0.5152213059954845}, "Away": {"Atk": 0.6352692250159158, "Def": 0.7205825932417951}}, "Fluminense / RJ": {"Home": {"Atk": 1.2486275682644339, "Def": 0.5152537674548479}, "Away": {"Atk": 0.7726290082614643, "Def": 0.8194340884810895}}, "S\u00e3o Paulo / SP": {"Home": {"Atk": 1.506050022487846, "Def": 0.4282949702883115}, "Away": {"Atk": 0.6304199024096667, "Def": 0.7079994965433077}}, "Palmeiras / SP": {"Home": {"Atk": 1.3538475837122348, "Def": 0.690676443867777}, "Away": {"Atk": 0.7786226480702064, "Def": 1.9215679611164804}}, "Botafogo / RJ": {"Home": {"Atk": 0.6085551373463294, "Def": 0.5279106202794283}, "Away": {"Atk": 0.6179185009994725, "Def": 0.692460864171254}}, "Juventude / RS": {"Home": {"Atk": 0.6785349945615131, "Def": 0.4326251120507493}, "Away": {"Atk": 0.49567177722386346, "Def": 0.47282357113086176}}, "Fortaleza / CE": {"Home": {"Atk": 0.31496597065376836, "Def": 0.8902942728664119}, "Away": {"Atk": 0.7496311419691147, "Def": 0.5279164110691312}}, "Atl\u00e9tico / GO": {"Home": {"Atk": 0.5795382261114566, "Def": 0.5256322066368123}, "Away": {"Atk": 0.574254322172678, "Def": 0.4762923370820325}}, "Ava\u00ed / SC": {"Home": {"Atk": 1.0829770045767724, "Def": 0.37469328202251384}, "Away": {"Atk": 0.2974875726158319, "Def": 0.4780196624926608}}, "Coritiba / PR": {"Home": {"Atk": 0.9851491638038312, "Def": 0.6375868205367221}, "Away": {"Atk": 0.47510662733809583, "Def": 0.44795150632280833}}, "Am\u00e9rica / MG": {"Home": {"Atk": 0.8435079504178971, "Def": 0.5868667875789408}, "Away": {"Atk": 0.24073076499362414, "Def": 0.7647629323377063}}, "Flamengo / RJ": {"Home": {"Atk": 1.2500487529605102, "Def": 1.0982569095526369}, "Away": {"Atk": 0.5740129202762456, "Def": 0.7077345585615231}}, "Red Bull Bragantino / SP": {"Home": {"Atk": 0.9601199255223121, "Def": 0.6987115663395413}, "Away": {"Atk": 0.8543693493667683, "Def": 0.6187364201906853}}, "Corinthians / SP": {"Home": {"Atk": 0.8522748147770031, "Def": 1.65963474497236}, "Away": {"Atk": 0.6465301971353837, "Def": 0.5763172801172586}}, "Santos / SP": {"Home": {"Atk": 1.1952172384144828, "Def": 0.6480000543268621}, "Away": {"Atk": 0.3717581840097856, "Def": 1.1043271806131378}}, "Internacional / RS": {"Home": {"Atk": 1.1751833128688856, "Def": 0.49466809621073626}, "Away": {"Atk": 0.5922779251523507, "Def": 1.0864740983853065}}, "Cear\u00e1 / CE": {"Home": {"Atk": 0.711446835160627, "Def": 0.5038260181080557}, "Away": {"Atk": 0.5991932912079078, "Def": 1.0857322465633288}}, "Goi\u00e1s / GO": {"Home": {"Atk": 1.047376299638041, "Def": 0.5457373647115408}, "Away": {"Atk": 0.5287948383998978, "Def": 0.6215442256205869}}, "Cuiab\u00e1 / MT": {"Home": {"Atk": 0.4806860236166662, "Def": 0.9377672121773296}, "Away": {"Atk": 0.4012742613920159, "Def": 0.7326546378318876}}, "Athletico Paranaense / PR": {"Home": {"Atk": 1.1031652878146287, "Def": 0.7219837413485531}, "Away": {"Atk": 0.522554197021601, "Def": 0.7555937146318404}}}