{"Cear\u00e1 / CE": {"Atk": 1.002397798919073, "Def": 0.5360757092463868, "Ext": 0.0}, "Bahia / BA": {"Atk": 0.6176179168817072, "Def": 0.8745105103730979, "Ext": 0.0809965220809656}, "Sampaio Corr\u00eaa / MA": {"Atk": 0.32579450342544475, "Def": 0.4307749116838424, "Ext": 0.0}, "Oeste / SP": {"Atk": 0.4470411634884846, "Def": 0.7253061213282679, "Ext": 0.07645249677657827}, "Vila Nova / GO": {"Atk": 0.950526894262293, "Def": 0.41660086264010004, "Ext": 0.0}, "Luverdense / MT": {"Atk": 0.26764223502046036, "Def": 1.4795561415526912, "Ext": 0.3751360994162159}, "Tupi / MG": {"Atk": 0.5979776503639207, "Def": 0.519101284024785, "Ext": 0.0}, "Brasil / RS": {"Atk": 0.6835822438157328, "Def": 0.67726361937901, "Ext": 0.0}, "Londrina / PR": {"Atk": 0.33048785271775144, "Def": 1.7094619013536199, "Ext": 0.268864059659684}, "Crici\u00fama / SC": {"Atk": 0.542972582588148, "Def": 0.7764453433439616, "Ext": 0.39398562305739315}, "N\u00e1utico / PE": {"Atk": 0.9899921217803962, "Def": 0.5215573419482041, "Ext": 0.0}, "CRB / AL": {"Atk": 0.9764277695424673, "Def": 0.46888054141635094, "Ext": 0.0}, "Paysandu / PA": {"Atk": 0.596067120700855, "Def": 0.5981580413760478, "Ext": 0.0}, "Red Bull Bragantino / SP": {"Atk": 0.4839509912922466, "Def": 0.6103347864452405, "Ext": 0.0}, "Goi\u00e1s / GO": {"Atk": 0.41117791593274294, "Def": 0.7291815456954654, "Ext": 0.25312136087638326}, "Vasco da Gama / RJ": {"Atk": 0.8460635607712552, "Def": 0.9485182134857909, "Ext": 0.2159511688712204}, "Atl\u00e9tico / GO": {"Atk": 0.5558439400744236, "Def": 1.5288710944856787, "Ext": 0.2430322094695725}, "Joinville / SC": {"Atk": 0.3464804922257466, "Def": 0.5856253856618553, "Ext": 0.0}, "Paran\u00e1 / PR": {"Atk": 0.388652518157898, "Def": 0.812188598620838, "Ext": 0.1463025061233132}, "Ava\u00ed / SC": {"Atk": 0.6500944017721307, "Def": 0.5286838190008905, "Ext": 0.0}}