{"Oeste / SP": {"Atk": 1.0, "Def": 0.8468299700550993, "Ext": 0.0}, "Boa / MG": {"Atk": 0.6455398126858389, "Def": 1.089397647450316, "Ext": 0.1}, "Figueirense / SC": {"Atk": 1.4285708898233855, "Def": 0.9232496863588734, "Ext": 0.0}, "Joinville / SC": {"Atk": 1.2794284621216052, "Def": 1.0871701187055713, "Ext": 0.0}, "Icasa / CE": {"Atk": 1.0417453684021587, "Def": 0.8783593565270921, "Ext": 0.0}, "ABC / RN": {"Atk": 0.8304063691048096, "Def": 0.8786379702600267, "Ext": 0.1}, "Palmeiras / SP": {"Atk": 1.5432217660129552, "Def": 2.12961807820805, "Ext": 0.1}, "S\u00e3o Caetano / SP": {"Atk": 0.9360853353254576, "Def": 0.8469633453806729, "Ext": 0.1}, "Guaratinguet\u00e1 / SP": {"Atk": 0.8520321678434044, "Def": 0.9778190264779228, "Ext": 0.1}, "Paysandu / PA": {"Atk": 0.7640296189814264, "Def": 0.9065392361812347, "Ext": 0.1}, "ASA / AL": {"Atk": 0.8475906073771327, "Def": 0.6369699493882534, "Ext": 0.0}, "Am\u00e9rica / MG": {"Atk": 1.1203230180180688, "Def": 1.1487794061995746, "Ext": 0.0}, "Ava\u00ed / SC": {"Atk": 1.074864163813934, "Def": 1.060488667664599, "Ext": 0.1}, "Chapecoense / SC": {"Atk": 1.2798499645864214, "Def": 1.744090503489283, "Ext": 0.1}, "Cear\u00e1 / CE": {"Atk": 1.288203436319527, "Def": 0.9874213751856583, "Ext": 0.1}, "Am\u00e9rica / RN": {"Atk": 1.0333495560166415, "Def": 0.8742993486950205, "Ext": 0.1}, "Paran\u00e1 / PR": {"Atk": 1.2072412944200601, "Def": 1.5225600964304058, "Ext": 0.052136547633716245}, "Atl\u00e9tico / GO": {"Atk": 0.8781312426388217, "Def": 0.946441736685899, "Ext": 0.038123689980906525}, "Red Bull Bragantino / SP": {"Atk": 0.7956484526397535, "Def": 1.2494793559917998, "Ext": 0.0}, "Sport / PE": {"Atk": 1.495430261177618, "Def": 0.8899215664685872, "Ext": 0.0}, "Home bonus": 0.48931229575292}