{"Guarani / SP": {"Atk": 1.0, "Def": 1.6440070027193179, "Home bonus": 0.698557072317988}, "Vila Nova / GO": {"Atk": 1.2339894778497695, "Def": 2.489231472140069, "Home bonus": 0.0}, "Crici\u00fama / SC": {"Atk": 0.8625726844903202, "Def": 1.5443703810831257, "Home bonus": 0.5847597344914923}, "Ituano / SP": {"Atk": 0.8736041183284702, "Def": 1.14094965086468, "Home bonus": 0.5112340360492841}, "Mirassol / SP": {"Atk": 0.9922710497606638, "Def": 1.2337286099449492, "Home bonus": 0.23256230582205525}, "Vit\u00f3ria / BA": {"Atk": 1.2154525518663408, "Def": 1.8390688417835126, "Home bonus": 0.5090253098978965}, "Sampaio Corr\u00eaa / MA": {"Atk": 0.5608595851528698, "Def": 0.9862823213744865, "Home bonus": 0.470796307056245}, "Juventude / RS": {"Atk": 1.1612568442296696, "Def": 1.6254632764703991, "Home bonus": 0.0}, "Londrina / PR": {"Atk": 0.49750794617342586, "Def": 0.7280580661808693, "Home bonus": 0.7845512849276516}, "CRB / AL": {"Atk": 1.1416822038410717, "Def": 1.07153075217912, "Home bonus": 0.15195017206789438}, "Ponte Preta / SP": {"Atk": 0.3689854910385239, "Def": 1.6548698192229394, "Home bonus": 0.5760029122878377}, "Atl\u00e9tico / GO": {"Atk": 1.398328840278414, "Def": 0.8117413635263765, "Home bonus": 0.21359614954345713}, "Ava\u00ed / SC": {"Atk": 0.9445168285499931, "Def": 0.840973054358807, "Home bonus": 0.06122350422798287}, "Botafogo / SP": {"Atk": 0.7641256792174799, "Def": 1.025354119093364, "Home bonus": 0.0}, "Novorizontino / SP": {"Atk": 1.2114580573267668, "Def": 1.6854760877453172, "Home bonus": 0.37839973927145354}, "Sport / PE": {"Atk": 0.9972376816783365, "Def": 1.4120849517190193, "Home bonus": 1.03465632735886}, "Cear\u00e1 / CE": {"Atk": 1.2565316372934778, "Def": 1.08846468782639, "Home bonus": 0.0}, "Chapecoense / SC": {"Atk": 1.1009670372224174, "Def": 0.9938791631258739, "Home bonus": 0.0}, "Tombense / MG": {"Atk": 0.8332649552036715, "Def": 0.748250923707099, "Home bonus": 0.6898482518260673}, "ABC / RN": {"Atk": 0.6568912685496608, "Def": 0.8278569755062265, "Home bonus": 0.0}}