{"Vasco da Gama / RJ": {"Atk": 1.0, "Def": 0.5665283551384946}, "Fluminense / RJ": {"Atk": 0.7983247225494865, "Def": 0.7549176071871356}, "Corinthians / SP": {"Atk": 0.5796611893100985, "Def": 1.5384689106745948}, "Vit\u00f3ria / BA": {"Atk": 1.072909526193571, "Def": 0.6414357005041562}, "Gr\u00eamio / RS": {"Atk": 0.8489984592765226, "Def": 0.9721003080450226}, "Ponte Preta / SP": {"Atk": 0.7920554256312927, "Def": 0.6421350979735119}, "Crici\u00fama / SC": {"Atk": 1.0194110884632328, "Def": 0.5170750014834452}, "Cruzeiro / MG": {"Atk": 1.5210668544257415, "Def": 0.9885795935141924}, "Coritiba / PR": {"Atk": 0.8816246203821421, "Def": 0.7225652134157341}, "Santos / SP": {"Atk": 0.9263884082613675, "Def": 0.8915947989155046}, "Botafogo / RJ": {"Atk": 1.0573011630080082, "Def": 0.8016073946833967}, "Flamengo / RJ": {"Atk": 0.8232851475889642, "Def": 0.821716118443894}, "S\u00e3o Paulo / SP": {"Atk": 0.8091867305512099, "Def": 0.9257125965351674}, "Bahia / BA": {"Atk": 0.7431668307551648, "Def": 0.7644061798007771}, "Internacional / RS": {"Atk": 1.07418136448265, "Def": 0.645729178760985}, "Goi\u00e1s / GO": {"Atk": 0.9302271197584904, "Def": 0.8755019962131736}, "N\u00e1utico / PE": {"Atk": 0.4857325803415891, "Def": 0.4583327131886493}, "Atl\u00e9tico / MG": {"Atk": 0.8982939777713486, "Def": 0.983757446549607}, "Athletico Paranaense / PR": {"Atk": 1.1705233321471586, "Def": 0.7526080089940647}, "Portuguesa / SP": {"Atk": 1.0630488038473744, "Def": 0.6587430964693278}}