{"Guarani / SP": {"Atk": 1.0, "Def": 1.4616818653374954, "Ext": 0.07481529130599972}, "Botafogo / SP": {"Atk": 1.2895171768826263, "Def": 1.423153804747314, "Ext": 0.05270356459794626}, "S\u00e3o Bento / SP": {"Atk": 1.5255218924972878, "Def": 0.9459483324191256, "Ext": 0.1}, "Vila Nova / GO": {"Atk": 0.9026884543790386, "Def": 1.3034561925803334, "Ext": 0.0}, "Coritiba / PR": {"Atk": 1.666199368667329, "Def": 1.4509918704368552, "Ext": 0.1}, "Oper\u00e1rio / PR": {"Atk": 1.1299520018982394, "Def": 1.3239870305778982, "Ext": 0.09021282461775032}, "Crici\u00fama / SC": {"Atk": 0.9918995473667855, "Def": 1.4074120608836334, "Ext": 0.1}, "Brasil / RS": {"Atk": 1.0754351160646813, "Def": 1.2296617368284122, "Ext": 0.07756631199541554}, "Sport / PE": {"Atk": 1.6726636483378075, "Def": 1.7189782560793565, "Ext": 0.1}, "CRB / AL": {"Atk": 1.6393136243588968, "Def": 1.1736855064657623, "Ext": 0.0}, "Ponte Preta / SP": {"Atk": 1.3076437815203015, "Def": 1.3411423063792796, "Ext": 0.1}, "Red Bull Bragantino / SP": {"Atk": 2.2786312725218276, "Def": 1.7966175075108932, "Ext": 0.0}, "Oeste / SP": {"Atk": 1.4711224858138379, "Def": 1.083563297659792, "Ext": 0.1}, "Atl\u00e9tico / GO": {"Atk": 1.5226743948544592, "Def": 1.829760505145075, "Ext": 0.1}, "Paran\u00e1 / PR": {"Atk": 1.0874759937696543, "Def": 1.7381716829498215, "Ext": 0.03493039996027935}, "Londrina / PR": {"Atk": 1.2601548683499453, "Def": 1.0098368287190411, "Ext": 0.09381388592690813}, "Figueirense / SC": {"Atk": 1.1086367971814812, "Def": 1.4060046602151843, "Ext": 0.1}, "Am\u00e9rica / MG": {"Atk": 1.4621163313639434, "Def": 1.526966801456253, "Ext": 0.1}, "Vit\u00f3ria / BA": {"Atk": 1.4466376220675587, "Def": 1.086193689886556, "Ext": 0.0}, "Cuiab\u00e1 / MT": {"Atk": 1.4719231073142336, "Def": 1.2670061068248455, "Ext": 0.0}}