{"Ponte Preta / SP": {"Home": {"Atk": 1.0, "Def": 0.42194087727638996}, "Away": {"Atk": 0.417147851240842, "Def": 0.45900762008526186}, "Ext": 0.1}, "CSA / AL": {"Home": {"Atk": 0.4961784383747896, "Def": 0.7786108087326822}, "Away": {"Atk": 0.40015172894132156, "Def": 0.5383333006668337}, "Ext": 0.1}, "Sport / PE": {"Home": {"Atk": 0.5109033990982839, "Def": 0.7870515285440661}, "Away": {"Atk": 0.4221218431902317, "Def": 0.6437486675065321}, "Ext": 0.1}, "Brusque / SC": {"Home": {"Atk": 0.4262285934067437, "Def": 0.9760208208978877}, "Away": {"Atk": 0.3356823153247582, "Def": 0.39291787189154365}, "Ext": 0.05032006924888069}, "Novorizontino / SP": {"Home": {"Atk": 0.45022051324430057, "Def": 1.0242011541635963}, "Away": {"Atk": 0.3168425425263397, "Def": 0.8677824911918988}, "Ext": 0.1}, "Londrina / PR": {"Home": {"Atk": 0.719345283823914, "Def": 0.37312024080623235}, "Away": {"Atk": 0.4695826425722076, "Def": 0.5501847026592437}, "Ext": 0.0}, "Vasco da Gama / RJ": {"Home": {"Atk": 0.4739344379390598, "Def": 0.6515356026092042}, "Away": {"Atk": 0.49624996266163174, "Def": 0.663716114967512}, "Ext": 0.018045523915667043}, "Bahia / BA": {"Home": {"Atk": 1.0315765057583872, "Def": 0.6089134989843324}, "Away": {"Atk": 0.397706533367054, "Def": 0.7293832762572094}, "Ext": 0.018020550242967146}, "Tombense / MG": {"Home": {"Atk": 0.6364895415485066, "Def": 0.531296876496223}, "Away": {"Atk": 0.4588676635853264, "Def": 0.4507784014301787}, "Ext": 0.09122075849751904}, "Chapecoense / SC": {"Home": {"Atk": 0.2100688395421292, "Def": 0.6110178120783534}, "Away": {"Atk": 0.5071274056904308, "Def": 0.780354105622782}, "Ext": 0.1}, "Guarani / SP": {"Home": {"Atk": 0.26749691886240373, "Def": 0.7902036176947892}, "Away": {"Atk": 0.5121857331884877, "Def": 0.4037586074132807}, "Ext": 0.024818436982403942}, "CRB / AL": {"Home": {"Atk": 0.8096872740497421, "Def": 0.624103226201175}, "Away": {"Atk": 0.12625999426832082, "Def": 0.5594334297353869}, "Ext": 0.1}, "N\u00e1utico / PE": {"Home": {"Atk": 0.781010627544104, "Def": 0.41495875167313945}, "Away": {"Atk": 0.5859820925460121, "Def": 0.7017777975567686}, "Ext": 0.0}, "Crici\u00fama / SC": {"Home": {"Atk": 0.8420757768091925, "Def": 0.783714620342494}, "Away": {"Atk": 0.42567290065443136, "Def": 0.49527759863225906}, "Ext": 0.1}, "Ituano / SP": {"Home": {"Atk": 0.4736982885576591, "Def": 0.8116825243669034}, "Away": {"Atk": 0.6646905997638525, "Def": 0.3314950335988428}, "Ext": 0.1}, "Oper\u00e1rio / PR": {"Home": {"Atk": 0.8181681914378485, "Def": 0.44817807967758716}, "Away": {"Atk": 0.4605939110086845, "Def": 0.6036596082615459}, "Ext": 0.0}, "Gr\u00eamio / RS": {"Home": {"Atk": 0.7340653025385263, "Def": 0.5247585627042222}, "Away": {"Atk": 0.18107341917446446, "Def": 0.7852064855788364}, "Ext": 0.04932814311650825}, "Sampaio Corr\u00eaa / MA": {"Home": {"Atk": 0.751480681240992, "Def": 0.5909717905082909}, "Away": {"Atk": 0.1858953157989177, "Def": 0.5631390288917617}, "Ext": 0.1}, "Cruzeiro / MG": {"Home": {"Atk": 0.6436261160830046, "Def": 0.6058799240443054}, "Away": {"Atk": 0.5457709507135297, "Def": 0.7362309847658062}, "Ext": 0.0}, "Vila Nova / GO": {"Home": {"Atk": 0.5409172094939347, "Def": 0.8236942743441457}, "Away": {"Atk": 0.4882973325333776, "Def": 0.289819199974126}, "Ext": 0.0}}