{"Red Bull Bragantino / SP": {"Atk": 1.0, "Def": 0.6956633956813938}, "Ponte Preta / SP": {"Atk": 1.2246982260101966, "Def": 1.0353313846298198}, "Vasco da Gama / RJ": {"Atk": 1.2981726575118444, "Def": 2.112788213633908}, "Santa Cruz / PE": {"Atk": 1.3206360746677739, "Def": 0.964243313231663}, "Sampaio Corr\u00eaa / MA": {"Atk": 1.452770576335705, "Def": 0.8967620392162223}, "Cear\u00e1 / CE": {"Atk": 1.6264430872539333, "Def": 0.8098453325285628}, "Vila Nova / GO": {"Atk": 0.5149812395100077, "Def": 0.6750203984066666}, "Am\u00e9rica / RN": {"Atk": 1.4087667284758292, "Def": 0.8084408933406748}, "Boa / MG": {"Atk": 1.2916898896890814, "Def": 0.8475392422697484}, "Oeste / SP": {"Atk": 0.8275310873859629, "Def": 0.7653926787639067}, "Portuguesa / SP": {"Atk": 0.8847986284681884, "Def": 0.8345913217695281}, "Paran\u00e1 / PR": {"Atk": 1.0791908754312374, "Def": 0.914328447828554}, "N\u00e1utico / PE": {"Atk": 1.0104838762378288, "Def": 0.9018765671488284}, "Luverdense / MT": {"Atk": 1.2706116174765356, "Def": 1.0198781045818817}, "Icasa / CE": {"Atk": 0.7344545872875249, "Def": 1.0058504732331552}, "Ava\u00ed / SC": {"Atk": 0.9466928238861175, "Def": 1.2898349448194346}, "Atl\u00e9tico / GO": {"Atk": 1.4325158646968814, "Def": 0.9106872617179803}, "ABC / RN": {"Atk": 0.9104661523077668, "Def": 1.2305067662889488}, "Am\u00e9rica / MG": {"Atk": 1.2645731024622586, "Def": 1.0174148059129848}, "Joinville / SC": {"Atk": 1.0096278891666453, "Def": 1.0765379286942578}}