{"Fluminense / RJ": {"Atk": 1.0, "Def": 1.0620111142786846, "Ext": 0.30179818115042945}, "Flamengo / RJ": {"Atk": 1.2164290129076023, "Def": 1.129997803274644, "Ext": 0.0}, "Palmeiras / SP": {"Atk": 1.5114880164518893, "Def": 1.0183287226127282, "Ext": 0.0}, "Corinthians / SP": {"Atk": 1.1684784798446899, "Def": 2.080916877278109, "Ext": 0.08603644136495027}, "Cruzeiro / MG": {"Atk": 1.1606606427583432, "Def": 1.251016473250239, "Ext": 0.0}, "Coritiba / PR": {"Atk": 1.0599694056844517, "Def": 0.9192420154103318, "Ext": 0.03735649775477827}, "Gr\u00eamio / RS": {"Atk": 1.2892819562634208, "Def": 1.5487987812850808, "Ext": 0.15275744274532704}, "Bahia / BA": {"Atk": 1.3634346894097686, "Def": 0.8515025966979497, "Ext": 0.0}, "Ponte Preta / SP": {"Atk": 0.9128772347622858, "Def": 0.8905333914089949, "Ext": 0.0}, "Ava\u00ed / SC": {"Atk": 0.6420639184516983, "Def": 0.8763714276730007, "Ext": 0.0}, "Botafogo / RJ": {"Atk": 1.0091043651214822, "Def": 1.3156514608001726, "Ext": 0.12635493741043863}, "Vasco da Gama / RJ": {"Atk": 0.9204563498336107, "Def": 0.9898919547260382, "Ext": 0.04568054956278595}, "Santos / SP": {"Atk": 0.9398861737353825, "Def": 1.675230736705902, "Ext": 0.023738748690359364}, "S\u00e3o Paulo / SP": {"Atk": 0.7946403158147418, "Def": 1.3208990541597943, "Ext": 0.4758665803190605}, "Atl\u00e9tico / MG": {"Atk": 1.1988226394144357, "Def": 0.8816208545272929, "Ext": 0.0}, "Athletico Paranaense / PR": {"Atk": 1.0747011154355732, "Def": 1.0208978339305472, "Ext": 0.0}, "Sport / PE": {"Atk": 1.173430071907773, "Def": 0.7246805804719889, "Ext": 0.0}, "Vit\u00f3ria / BA": {"Atk": 1.0655268717691906, "Def": 0.8726588719175775, "Ext": 0.19490749578172756}, "Atl\u00e9tico / GO": {"Atk": 0.9455901449263272, "Def": 0.7360802406141347, "Ext": 0.0}, "Chapecoense / SC": {"Atk": 1.134836196438568, "Def": 0.8824971359077798, "Ext": 0.02938253755607181}}