{"Atl\u00e9tico Mineiro / MG": {"Home": {"Atk": 1.0, "Def": 0.5370628937982369}, "Away": {"Atk": 0.7051602428060729, "Def": 0.9219386133787494}}, "Fluminense / RJ": {"Home": {"Atk": 1.5076726188683163, "Def": 0.6140288156583207}, "Away": {"Atk": 0.8385066197097294, "Def": 0.8503828213810558}}, "S\u00e3o Paulo / SP": {"Home": {"Atk": 1.3957895728406353, "Def": 0.567689293647764}, "Away": {"Atk": 0.7173049147806704, "Def": 0.861747240355486}}, "Palmeiras / SP": {"Home": {"Atk": 1.421330307249722, "Def": 0.819085610423124}, "Away": {"Atk": 0.9040344233412003, "Def": 1.8438472084355095}}, "Botafogo / RJ": {"Home": {"Atk": 0.594927668591111, "Def": 0.7093295386660624}, "Away": {"Atk": 0.8355128493039797, "Def": 0.7721384315105745}}, "Juventude / RS": {"Home": {"Atk": 0.7157821158061154, "Def": 0.46941003636750467}, "Away": {"Atk": 0.4714668220163176, "Def": 0.4960808236098975}}, "Fortaleza / CE": {"Home": {"Atk": 0.7155238384892274, "Def": 0.8158438710861265}, "Away": {"Atk": 0.7575060822821064, "Def": 0.7122858580045364}}, "Atl\u00e9tico / GO": {"Home": {"Atk": 0.7051065565522721, "Def": 0.5368835936040395}, "Away": {"Atk": 0.5799528775419578, "Def": 0.5423016932340118}}, "Ava\u00ed / SC": {"Home": {"Atk": 1.044315203666963, "Def": 0.5073012299299748}, "Away": {"Atk": 0.32554038042459016, "Def": 0.5435676435084204}}, "Coritiba / PR": {"Home": {"Atk": 0.9858285903408471, "Def": 0.7719168472272016}, "Away": {"Atk": 0.5223296094186567, "Def": 0.43885275014182124}}, "Am\u00e9rica / MG": {"Home": {"Atk": 0.9024774850699638, "Def": 0.792782624371816}, "Away": {"Atk": 0.34573052879514476, "Def": 0.8796458429154237}}, "Flamengo / RJ": {"Home": {"Atk": 1.524913874754217, "Def": 1.0408061427329296}, "Away": {"Atk": 0.7546318896054016, "Def": 0.8385807250139333}}, "Red Bull Bragantino / SP": {"Home": {"Atk": 1.1379584534887877, "Def": 0.7072654547133582}, "Away": {"Atk": 0.7175973620604056, "Def": 0.6981340898356798}}, "Corinthians / SP": {"Home": {"Atk": 0.9760111647626053, "Def": 1.24331466610552}, "Away": {"Atk": 0.6180035133353478, "Def": 0.7152806315040247}}, "Santos / SP": {"Home": {"Atk": 1.2228158948869645, "Def": 0.772968689832122}, "Away": {"Atk": 0.42919227438026314, "Def": 1.0854754104600235}}, "Internacional / RS": {"Home": {"Atk": 1.367810762700222, "Def": 0.7878865472936757}, "Away": {"Atk": 0.7068197053804198, "Def": 0.926207873164588}}, "Cear\u00e1 / CE": {"Home": {"Atk": 0.6873022013688616, "Def": 0.572064590365774}, "Away": {"Atk": 0.661157624523947, "Def": 1.1449249183608023}}, "Goi\u00e1s / GO": {"Home": {"Atk": 0.9333365676968265, "Def": 0.602495761474072}, "Away": {"Atk": 0.6349678695774763, "Def": 0.7548832938960245}}, "Cuiab\u00e1 / MT": {"Home": {"Atk": 0.6022962313609369, "Def": 0.9958284448916951}, "Away": {"Atk": 0.4776088079540467, "Def": 0.824516268329898}}, "Athletico Paranaense / PR": {"Home": {"Atk": 1.2231417287208806, "Def": 0.7160926413266586}, "Away": {"Atk": 0.5794975052865022, "Def": 0.6933753436690745}}}