{"Guarani / SP": {"Atk": 1.0, "Def": 1.9566209076187986, "Home bonus": 0.6523141479153349, "Ext": 0.03312649694316497}, "Vila Nova / GO": {"Atk": 1.3688351556030594, "Def": 2.630054302577465, "Home bonus": 0.0, "Ext": 0.0}, "Crici\u00fama / SC": {"Atk": 0.8312488369407729, "Def": 1.5986382751520443, "Home bonus": 0.6815299172067617, "Ext": 0.0}, "Ituano / SP": {"Atk": 0.9377770960148843, "Def": 1.1479399401144295, "Home bonus": 0.5264821864775179, "Ext": 0.0}, "Mirassol / SP": {"Atk": 0.9956920463261502, "Def": 1.3761042333145554, "Home bonus": 0.23501691208159803, "Ext": 0.0}, "Vit\u00f3ria / BA": {"Atk": 1.2817246420531025, "Def": 1.9536266234497703, "Home bonus": 0.5443267888287628, "Ext": 0.0}, "Sampaio Corr\u00eaa / MA": {"Atk": 0.4456224938706982, "Def": 1.071579617572484, "Home bonus": 0.4866145792253739, "Ext": 0.0}, "Juventude / RS": {"Atk": 1.2563359284100648, "Def": 1.8313827232400652, "Home bonus": 0.0, "Ext": 0.0}, "Londrina / PR": {"Atk": 0.4942296751264225, "Def": 0.7030171253471929, "Home bonus": 0.8032588811908272, "Ext": 0.0}, "CRB / AL": {"Atk": 1.1182240954391236, "Def": 1.1594797602348041, "Home bonus": 0.30261330683446913, "Ext": 0.0}, "Ponte Preta / SP": {"Atk": 0.28329486419164507, "Def": 2.2855783290233305, "Home bonus": 0.4833662070698215, "Ext": 0.11008565211538754}, "Atl\u00e9tico / GO": {"Atk": 0.9590036294184121, "Def": 1.3036229451925183, "Home bonus": 0.27007142742908985, "Ext": 0.42232647820064567}, "Ava\u00ed / SC": {"Atk": 0.8898133245712155, "Def": 0.9207259775482072, "Home bonus": 0.0, "Ext": 0.13744947174225575}, "Botafogo / SP": {"Atk": 0.7834951522595571, "Def": 1.0657980396897122, "Home bonus": 0.0, "Ext": 0.0}, "Novorizontino / SP": {"Atk": 1.4060447251115913, "Def": 1.834996673408236, "Home bonus": 0.26026977022665543, "Ext": 0.0}, "Sport / PE": {"Atk": 0.6025410638233142, "Def": 2.6933157516862423, "Home bonus": 1.1802863583729684, "Ext": 0.2336665773706143}, "Cear\u00e1 / CE": {"Atk": 1.3389118286287214, "Def": 1.1210071110134694, "Home bonus": 0.0, "Ext": 0.0}, "Chapecoense / SC": {"Atk": 0.878578346240524, "Def": 1.4107054453396335, "Home bonus": 0.0, "Ext": 0.23610101982652523}, "Tombense / MG": {"Atk": 0.5325012996927959, "Def": 0.8396754086430588, "Home bonus": 0.7192346162219685, "Ext": 0.13837734798193582}, "ABC / RN": {"Atk": 0.3221478408718806, "Def": 1.2651482149535882, "Home bonus": 0.0, "Ext": 0.31256736805912505}}