{"Vasco da Gama / RJ": {"Atk": 1.0, "Def": 0.7774719399564803, "Ext": 0.0}, "Vila Nova / GO": {"Atk": 0.6157483534165453, "Def": 1.022949113772338, "Ext": 0.0}, "Guarani / SP": {"Atk": 1.3447312464353982, "Def": 0.6705461433545369, "Ext": 0.05610855080905448}, "N\u00e1utico / PE": {"Atk": 1.1549375615214288, "Def": 0.8486358624838326, "Ext": 0.0}, "Brasil / RS": {"Atk": 0.0, "Def": 1.2679669331755083, "Ext": 0.33379343020380947}, "CRB / AL": {"Atk": 0.85260142455285, "Def": 1.6153166523814964, "Ext": 0.4236998590099948}, "Coritiba / PR": {"Atk": 1.0713835366533937, "Def": 1.356841685696084, "Ext": 0.0}, "Brusque / SC": {"Atk": 0.9725428193663725, "Def": 0.6194207378499469, "Ext": 0.0}, "Confian\u00e7a / SE": {"Atk": 0.5341557427511907, "Def": 0.6416291196943179, "Ext": 0.11043722106611369}, "Sampaio Corr\u00eaa / MA": {"Atk": 0.7209776999044678, "Def": 2.0716616726068042, "Ext": 0.23197307778673845}, "Botafogo / RJ": {"Atk": 1.2033532218206668, "Def": 0.845323114621815, "Ext": 0.0}, "Goi\u00e1s / GO": {"Atk": 0.6799288590680979, "Def": 5.241012432943819, "Ext": 0.16819807194704056}, "Ponte Preta / SP": {"Atk": 0.4606576069234682, "Def": 1.3001722663012527, "Ext": 0.2373866156818942}, "Cruzeiro / MG": {"Atk": 0.4386330658227584, "Def": 1.212957253441256, "Ext": 0.6160197259435093}, "Londrina / PR": {"Atk": 0.3558775229774301, "Def": 1.1070896948663635, "Ext": 0.17515994599714402}, "CSA / AL": {"Atk": 0.8195605407010204, "Def": 1.1684281514936727, "Ext": 0.0}, "Oper\u00e1rio / PR": {"Atk": 0.6892821768960272, "Def": 0.9227307142062263, "Ext": 0.0}, "Ava\u00ed / SC": {"Atk": 0.9930797838119475, "Def": 1.2419163594697933, "Ext": 0.0}, "Vit\u00f3ria / BA": {"Atk": 0.14116087903803864, "Def": 2.6533927072458856, "Ext": 0.31169197718544683}, "Remo / PA": {"Atk": 0.6752353791507365, "Def": 0.9251259631559893, "Ext": 0.0}, "Home bonus": 0.18810748885201659}