{"Guarani / SP": {"Atk": 1.0, "Def": 1.4395550783341886}, "Botafogo / SP": {"Atk": 1.386870290753062, "Def": 1.562905112048605}, "S\u00e3o Bento / SP": {"Atk": 1.595159488677973, "Def": 1.1116806048634722}, "Vila Nova / GO": {"Atk": 0.884607078343264, "Def": 1.6945846815070433}, "Coritiba / PR": {"Atk": 1.7655159205501532, "Def": 1.5439776331339143}, "Oper\u00e1rio / PR": {"Atk": 1.2469957788870893, "Def": 1.4463679457990386}, "Crici\u00fama / SC": {"Atk": 0.8642996554095721, "Def": 1.5774150755459504}, "Brasil / RS": {"Atk": 1.1655622434374717, "Def": 1.463667817885553}, "Sport / PE": {"Atk": 1.9083891986558026, "Def": 1.6989165082330309}, "CRB / AL": {"Atk": 1.7426264935109, "Def": 1.4079692368679457}, "Ponte Preta / SP": {"Atk": 1.3965800755036224, "Def": 1.6330065569165628}, "Red Bull Bragantino / SP": {"Atk": 2.261291037174672, "Def": 2.6124890233205598}, "Oeste / SP": {"Atk": 1.4280223896636959, "Def": 1.5450378750816693}, "Atl\u00e9tico / GO": {"Atk": 1.6377671050873495, "Def": 2.1062013373280277}, "Paran\u00e1 / PR": {"Atk": 1.1187092250174202, "Def": 1.8898146757863399}, "Londrina / PR": {"Atk": 1.7118532636069463, "Def": 1.1206520301717329}, "Figueirense / SC": {"Atk": 1.0976594916043532, "Def": 1.6745676382420145}, "Am\u00e9rica / MG": {"Atk": 1.4228430743159268, "Def": 1.4683095617054858}, "Vit\u00f3ria / BA": {"Atk": 1.2285917460985056, "Def": 1.1561942663646745}, "Cuiab\u00e1 / MT": {"Atk": 1.480781948935062, "Def": 1.6329701943822676}, "Home bonus": 0.15469497112575586}