{"Flamengo / RJ": {"Home": {"Atk": 1.0, "Def": 0.51222546077322}, "Away": {"Atk": 0.8968692144857191, "Def": 0.8715651915288081}, "Ext": 0.4931371320660957}, "Corinthians / SP": {"Home": {"Atk": 0.39515424361072143, "Def": 0.8705978395974063}, "Away": {"Atk": 0.40379928582350627, "Def": 0.927663170201205}, "Ext": 0.0}, "S\u00e3o Paulo / SP": {"Home": {"Atk": 0.29269395681111254, "Def": 0.9101500993996785}, "Away": {"Atk": 0.35758451051276896, "Def": 0.49244288203613634}, "Ext": 0.0}, "Atl\u00e9tico Mineiro / MG": {"Home": {"Atk": 0.8347690292914486, "Def": 1.02190419594835}, "Away": {"Atk": 0.5895834294335122, "Def": 0.7590437898818875}, "Ext": 0.32557604276461977}, "Internacional / RS": {"Home": {"Atk": 0.3438687921381572, "Def": 0.9079917939195675}, "Away": {"Atk": 0.6334118815674377, "Def": 0.6842661598175926}, "Ext": 0.20283915058375424}, "Cear\u00e1 / CE": {"Home": {"Atk": 0.5469202699453072, "Def": 0.6825106432582891}, "Away": {"Atk": 0.1250823664558935, "Def": 0.7060792512502768}, "Ext": 0.34835588563783276}, "Bahia / BA": {"Home": {"Atk": 0.524764873310136, "Def": 0.6100125177184816}, "Away": {"Atk": 0.5240291623043347, "Def": 0.4948702734045806}, "Ext": 0.046651464272438166}, "Athletico Paranaense / PR": {"Home": {"Atk": 0.5646054365703362, "Def": 0.7206994262846524}, "Away": {"Atk": 0.6049246018990295, "Def": 0.5820409323278025}, "Ext": 0.5716072383027617}, "Chapecoense / SC": {"Home": {"Atk": 0.23767703858868294, "Def": 0.5030175803442974}, "Away": {"Atk": 0.0931802117830368, "Def": 0.7281255863105968}, "Ext": 0.5559853069944616}, "Cuiab\u00e1 / MT": {"Home": {"Atk": 0.18964470604023848, "Def": 0.7044287613745203}, "Away": {"Atk": 0.3328774693905445, "Def": 0.8671628074357945}, "Ext": 0.6032853817020211}, "Fluminense / RJ": {"Home": {"Atk": 0.4591511516930292, "Def": 0.7988305482473228}, "Away": {"Atk": 0.29160391665712615, "Def": 0.7933425541650133}, "Ext": 0.18982493545996917}, "Palmeiras / SP": {"Home": {"Atk": 0.7576708675029898, "Def": 0.8244730917371863}, "Away": {"Atk": 0.5983052815085393, "Def": 0.7102707639349611}, "Ext": 0.28385515001458406}, "Santos / SP": {"Home": {"Atk": 0.4788186013033507, "Def": 1.0101757364410155}, "Away": {"Atk": 0.18575036516098054, "Def": 0.8526639208213236}, "Ext": 0.1729960575668301}, "Am\u00e9rica / MG": {"Home": {"Atk": 0.7169912582950284, "Def": 0.7051976997493309}, "Away": {"Atk": 0.5053747250019749, "Def": 0.7063180978643455}, "Ext": 0.4422516833185487}, "Gr\u00eamio / RS": {"Home": {"Atk": 0.3933507944249836, "Def": 0.7151849434062125}, "Away": {"Atk": 0.4194977973322347, "Def": 0.443768306642766}, "Ext": 0.0}, "Fortaleza / CE": {"Home": {"Atk": 0.8480422743286458, "Def": 0.7995690825443122}, "Away": {"Atk": 0.2643205483532134, "Def": 0.7025426201120788}, "Ext": 0.46904899957215396}, "Sport / PE": {"Home": {"Atk": 0.09501406687774108, "Def": 0.7004073720214566}, "Away": {"Atk": 0.31020295782613416, "Def": 0.8710150895174597}, "Ext": 0.0}, "Red Bull Bragantino / SP": {"Home": {"Atk": 0.6288347706305069, "Def": 0.5929101707114027}, "Away": {"Atk": 0.6543257317670255, "Def": 0.8107490650846151}, "Ext": 0.38121452658513055}, "Juventude / RS": {"Home": {"Atk": 0.3425318525811615, "Def": 0.5413171441518388}, "Away": {"Atk": 0.4044066326160465, "Def": 0.7945440098928397}, "Ext": 0.26120522560315845}, "Atl\u00e9tico / GO": {"Home": {"Atk": 0.3396168763179936, "Def": 0.6512142542078432}, "Away": {"Atk": 0.3040921642982418, "Def": 0.5952367672346972}, "Ext": 0.28671142089602936}}