{"Fluminense / RJ": {"Atk": 1.0, "Def": 0.6728962864964292}, "Flamengo / RJ": {"Atk": 0.946299123987025, "Def": 0.9112910343306965}, "Palmeiras / SP": {"Atk": 1.1499701498049906, "Def": 0.7527799278200333}, "Corinthians / SP": {"Atk": 0.9765660065927751, "Def": 1.28698826124774}, "Cruzeiro / MG": {"Atk": 0.8780100648625011, "Def": 0.9338520635698316}, "Coritiba / PR": {"Atk": 0.8673895720625228, "Def": 0.6896876047509933}, "Gr\u00eamio / RS": {"Atk": 1.101030147466544, "Def": 1.0083812519805073}, "Bahia / BA": {"Atk": 1.0042118921400498, "Def": 0.697280945342667}, "Ponte Preta / SP": {"Atk": 0.7116537801811964, "Def": 0.6968905624056365}, "Ava\u00ed / SC": {"Atk": 0.504708606714813, "Def": 0.7016850598464798}, "Botafogo / RJ": {"Atk": 0.947030476635815, "Def": 0.8390059777604998}, "Vasco da Gama / RJ": {"Atk": 0.7682536465548417, "Def": 0.7313899782625776}, "Santos / SP": {"Atk": 0.8122086018139674, "Def": 1.1901016640513162}, "S\u00e3o Paulo / SP": {"Atk": 0.9952058746907062, "Def": 0.6478613998312385}, "Atl\u00e9tico / MG": {"Atk": 0.8904988119213968, "Def": 0.7154608696647194}, "Athletico Paranaense / PR": {"Atk": 0.8334479145588806, "Def": 0.7713806390841521}, "Sport / PE": {"Atk": 0.9423098013049804, "Def": 0.5819689343533063}, "Vit\u00f3ria / BA": {"Atk": 0.9732553446095613, "Def": 0.5870339541012615}, "Atl\u00e9tico / GO": {"Atk": 0.7164117586625985, "Def": 0.5675629193488813}, "Chapecoense / SC": {"Atk": 0.89773389613424, "Def": 0.6448530458576973}}