{"Paran\u00e1 / PR": {"Atk": 1.0, "Def": 0.982359605195144, "Home bonus": 0.033851620490782504, "Ext": 0.1}, "Atl\u00e9tico / GO": {"Atk": 0.45198852487978786, "Def": 0.9892262162252616, "Home bonus": 0.5992098154847053, "Ext": 0.1}, "Paysandu / PA": {"Atk": 0.7023661502032157, "Def": 1.58844813761403, "Home bonus": 0.9536657982592358, "Ext": 0.0}, "Mogi Mirim / SP": {"Atk": 0.986371186089402, "Def": 0.6071659409764474, "Home bonus": 0.0, "Ext": 0.1}, "Vit\u00f3ria / BA": {"Atk": 0.9645943772428097, "Def": 0.9884511335439818, "Home bonus": 0.8454327517248922, "Ext": 0.1}, "Maca\u00e9 / RJ": {"Atk": 0.889310594150115, "Def": 0.6332538869914268, "Home bonus": 0.6739045093718989, "Ext": 0.1}, "Am\u00e9rica / MG": {"Atk": 0.999540523965961, "Def": 1.0364658893217102, "Home bonus": 0.5062160908614193, "Ext": 0.0}, "N\u00e1utico / PE": {"Atk": 0.5515835252058336, "Def": 0.8707707485248998, "Home bonus": 1.0903587794985217, "Ext": 0.1}, "ABC / RN": {"Atk": 0.942888291400791, "Def": 0.552526852311721, "Home bonus": 0.0, "Ext": 0.1}, "CRB / AL": {"Atk": 0.5612685145968496, "Def": 0.97213433138258, "Home bonus": 0.9993184814036687, "Ext": 0.0}, "Bahia / BA": {"Atk": 0.8169605358618857, "Def": 1.2695892125663786, "Home bonus": 0.8335688238895973, "Ext": 0.1}, "Crici\u00fama / SC": {"Atk": 0.5981581364051732, "Def": 0.8936221496929855, "Home bonus": 0.4787036737378627, "Ext": 0.1}, "Sampaio Corr\u00eaa / MA": {"Atk": 0.8072001935570121, "Def": 1.0562539887702078, "Home bonus": 0.8524847876069703, "Ext": 0.0}, "Santa Cruz / PE": {"Atk": 0.8582426665177967, "Def": 0.8404086013967969, "Home bonus": 0.8702419755535419, "Ext": 0.1}, "Botafogo / RJ": {"Atk": 0.8991299949925341, "Def": 1.4594007288587205, "Home bonus": 1.2507653323665846, "Ext": 0.1}, "Red Bull Bragantino / SP": {"Atk": 0.9984470153258611, "Def": 0.789444196724525, "Home bonus": 0.6230371947336445, "Ext": 0.0}, "Boa / MG": {"Atk": 0.5693871475665638, "Def": 0.9033146208161792, "Home bonus": 0.28604147455114276, "Ext": 0.05179211787446136}, "Oeste / SP": {"Atk": 0.7701495821760252, "Def": 1.112570281340934, "Home bonus": 0.027122524951342018, "Ext": 0.1}, "Cear\u00e1 / CE": {"Atk": 0.7423690928042951, "Def": 0.6160423541826014, "Home bonus": 0.4965427841761977, "Ext": 0.1}, "Luverdense / MT": {"Atk": 0.7510636181483611, "Def": 0.942885031818687, "Home bonus": 0.5757678739332849, "Ext": 0.0}}