{"Ponte Preta / SP": {"Atk": 1.0, "Def": 1.2262702644631163, "Home bonus": 0.12113687580152793}, "Oeste / SP": {"Atk": 0.8248593342015995, "Def": 0.8699092058572908, "Home bonus": 0.5196843433623054}, "Brasil / RS": {"Atk": 0.788489904015749, "Def": 1.094209238200621, "Home bonus": 0.21667285125273827}, "Figueirense / SC": {"Atk": 1.396549961819865, "Def": 0.9021165221441474, "Home bonus": 0.0}, "Fortaleza / CE": {"Atk": 1.2209858925064934, "Def": 1.6860631159417703, "Home bonus": 0.4639249088552534}, "Vila Nova / GO": {"Atk": 0.8848663629975679, "Def": 1.9462777586372721, "Home bonus": 0.0}, "Atl\u00e9tico / GO": {"Atk": 1.3732736554054361, "Def": 0.7525244413102284, "Home bonus": 0.4736154305344305}, "CSA / AL": {"Atk": 1.3723538919472387, "Def": 1.2816208240555662, "Home bonus": 0.0}, "Londrina / PR": {"Atk": 0.6800866887416442, "Def": 0.8998319659007086, "Home bonus": 0.6340474929702384}, "Sampaio Corr\u00eaa / MA": {"Atk": 0.7178142981921605, "Def": 0.7954197098328091, "Home bonus": 0.474330877623769}, "Guarani / SP": {"Atk": 1.2987155484656472, "Def": 0.8702438150369417, "Home bonus": 0.2874351471069232}, "S\u00e3o Bento / SP": {"Atk": 0.7853495132498008, "Def": 1.0466459351665383, "Home bonus": 0.5258741664181704}, "Juventude / RS": {"Atk": 0.9069508880072874, "Def": 1.0187096249355172, "Home bonus": 0.0}, "Ava\u00ed / SC": {"Atk": 1.4280917339962484, "Def": 1.220303985942335, "Home bonus": 0.0}, "Crici\u00fama / SC": {"Atk": 0.7772775897310829, "Def": 1.0771037856511243, "Home bonus": 0.48769984045217507}, "Goi\u00e1s / GO": {"Atk": 1.297106731782391, "Def": 0.8175493148498768, "Home bonus": 0.0}, "Boa / MG": {"Atk": 0.5308646089751158, "Def": 0.7455520286292323, "Home bonus": 0.4711367828400959}, "CRB / AL": {"Atk": 0.6363513697418404, "Def": 1.01394480904511, "Home bonus": 0.34171458374273145}, "Coritiba / PR": {"Atk": 0.914093414943334, "Def": 1.2143386479288059, "Home bonus": 0.5246201399594336}, "Paysandu / PA": {"Atk": 0.9142826805886392, "Def": 1.0576100561031128, "Home bonus": 0.20327439603917263}}