{"Palmeiras / SP": {"Atk": 0.9823836495700963, "Def": 0.5699898029088312, "Home bonus": 0.4244598688431531}, "Chapecoense / SC": {"Atk": 0.33878685866582803, "Def": 0.6927758813465296, "Home bonus": 0.7820858124073451}, "Fluminense / RJ": {"Atk": 0.5975559118504773, "Def": 0.6127938831654123, "Home bonus": 0.29571857699542875}, "S\u00e3o Paulo / SP": {"Atk": 0.569657504700168, "Def": 0.6761200905900834, "Home bonus": 0.7287435847375886}, "Cruzeiro / MG": {"Atk": 0.6468054381832392, "Def": 0.8826383577670113, "Home bonus": 0.13964735128410175}, "Athletico Paranaense / PR": {"Atk": 0.47510834355523657, "Def": 0.5917283327924121, "Home bonus": 0.7327275438245907}, "Sport / PE": {"Atk": 0.7501371360479681, "Def": 0.8160363238388615, "Home bonus": 0.701490798936979}, "Vasco da Gama / RJ": {"Atk": 0.4540822645525917, "Def": 0.46677820571282697, "Home bonus": 0.021760645182330743}, "Gr\u00eamio / RS": {"Atk": 0.5600384295742747, "Def": 0.8277842869029904, "Home bonus": 1.0885022851563453}, "Ava\u00ed / SC": {"Atk": 0.36108080905768636, "Def": 0.44532023611696064, "Home bonus": 0.8548440163814732}, "Coritiba / PR": {"Atk": 0.3953034481290723, "Def": 0.7017191407298295, "Home bonus": 0.24487897717280308}, "Goi\u00e1s / GO": {"Atk": 0.46873081455531973, "Def": 0.7763410111250115, "Home bonus": 0.43949660772068705}, "Corinthians / SP": {"Atk": 1.0008482317553637, "Def": 1.1527740100402497, "Home bonus": 0.5698135818124981}, "Flamengo / RJ": {"Atk": 0.7433394389727533, "Def": 0.47430858761660694, "Home bonus": 0.229154447866678}, "Santos / SP": {"Atk": 0.52003178333893, "Def": 0.6679490737149762, "Home bonus": 1.7218165172527924}, "Atl\u00e9tico / MG": {"Atk": 1.0378282156136047, "Def": 0.6903732488577962, "Home bonus": 0.2899657175156321}, "Joinville / SC": {"Atk": 0.24508206897964102, "Def": 0.7148392948637179, "Home bonus": 0.7623837571758189}, "Ponte Preta / SP": {"Atk": 0.7378036299655549, "Def": 0.7389494459862036, "Home bonus": 0.22750635340152464}, "Internacional / RS": {"Atk": 0.36705035932433655, "Def": 0.9430904804450408, "Home bonus": 0.9071560783346497}, "Figueirense / SC": {"Atk": 0.5497748363721575, "Def": 0.5346252701534246, "Home bonus": 0.2875129653927363}}