{"Vasco da Gama / RJ": {"Home": {"Atk": 1.0, "Def": 0.30434500788599816}, "Away": {"Atk": 0.6169357790257818, "Def": 0.5682314310545191}, "Ext": 0.0}, "Fluminense / RJ": {"Home": {"Atk": 0.6814869708938749, "Def": 0.6123056706419554}, "Away": {"Atk": 0.1699823797934901, "Def": 1.3535930449229667}, "Ext": 0.3508267057244579}, "Corinthians / SP": {"Home": {"Atk": 0.7769985392989455, "Def": 1.7528879373456399}, "Away": {"Atk": 0.21208953945202508, "Def": 1.2780651394543736}, "Ext": 0.0}, "Vit\u00f3ria / BA": {"Home": {"Atk": 0.6271308110467341, "Def": 3.5748392462139535}, "Away": {"Atk": 0.3351308368613966, "Def": 0.7533113169655077}, "Ext": 0.4677414247438108}, "Gr\u00eamio / RS": {"Home": {"Atk": 1.0867046326516054, "Def": 0.5292813464712707}, "Away": {"Atk": 0.4709791998268497, "Def": 1.0846782674328952}, "Ext": 0.0}, "Ponte Preta / SP": {"Home": {"Atk": 0.7659572858979402, "Def": 0.3321848542240458}, "Away": {"Atk": 0.38077892561619286, "Def": 0.7043124671543538}, "Ext": 0.0}, "Crici\u00fama / SC": {"Home": {"Atk": 1.1292740473547767, "Def": 0.26059694838580527}, "Away": {"Atk": 0.5930734851024853, "Def": 0.5047213460311205}, "Ext": 0.0}, "Cruzeiro / MG": {"Home": {"Atk": 2.001047171406127, "Def": 0.7439329857852527}, "Away": {"Atk": 0.6466131357866353, "Def": 1.0417538915727786}, "Ext": 0.039728616429191475}, "Coritiba / PR": {"Home": {"Atk": 0.7999801972437097, "Def": 0.7664444093396442}, "Away": {"Atk": 0.10573986137576998, "Def": 0.9307749079273301}, "Ext": 0.4232622957861597}, "Santos / SP": {"Home": {"Atk": 1.107782361282655, "Def": 0.5722081699281492}, "Away": {"Atk": 0.46110329553645524, "Def": 0.8362803363507124}, "Ext": 0.0}, "Botafogo / RJ": {"Home": {"Atk": 1.1263065840387123, "Def": 0.4770901541913847}, "Away": {"Atk": 0.6739504329293275, "Def": 0.749665014412373}, "Ext": 0.0}, "Flamengo / RJ": {"Home": {"Atk": 0.9441811306358818, "Def": 0.40619619741268037}, "Away": {"Atk": 0.33959385954995047, "Def": 1.0180111182023586}, "Ext": 0.0}, "S\u00e3o Paulo / SP": {"Home": {"Atk": 0.8758452152921195, "Def": 0.37736370255106993}, "Away": {"Atk": 0.3209196927722296, "Def": 1.6028568393909735}, "Ext": 0.0}, "Bahia / BA": {"Home": {"Atk": 0.9251427407760585, "Def": 0.43710644480017663}, "Away": {"Atk": 0.40620112171206674, "Def": 0.6552920056246013}, "Ext": 0.0}, "Internacional / RS": {"Home": {"Atk": 0.874695105538073, "Def": 0.5656340405177265}, "Away": {"Atk": 0.2496728677427299, "Def": 1.2910136838010196}, "Ext": 0.5482321571155123}, "Goi\u00e1s / GO": {"Home": {"Atk": 0.9107394520983075, "Def": 0.730597060506775}, "Away": {"Atk": 0.3567154425143546, "Def": 0.9753193905951687}, "Ext": 0.21930724321214817}, "N\u00e1utico / PE": {"Home": {"Atk": 0.7338093021881171, "Def": 0.18921186670819912}, "Away": {"Atk": 0.1618820965690674, "Def": 0.5773681658485507}, "Ext": 0.0}, "Atl\u00e9tico / MG": {"Home": {"Atk": 1.473396084311717, "Def": 0.688759934369251}, "Away": {"Atk": 0.12284174414644147, "Def": 0.9068666985977918}, "Ext": 0.0}, "Athletico Paranaense / PR": {"Home": {"Atk": 0.7732197407789232, "Def": 1.1769546067938934}, "Away": {"Atk": 0.4241040662742135, "Def": 1.16025163023}, "Ext": 0.5320784961380914}, "Portuguesa / SP": {"Home": {"Atk": 1.4400405774822196, "Def": 0.46279311424166825}, "Away": {"Atk": 0.3884500108541237, "Def": 0.6692428860262233}, "Ext": 0.1148168614608368}}