{"Flamengo / RJ": {"Atk": 1.0, "Def": 0.6838194858361267, "Ext": 0.0}, "Corinthians / SP": {"Atk": 0.5175736407753432, "Def": 0.6838530031671308, "Ext": 0.1}, "S\u00e3o Paulo / SP": {"Atk": 0.3920234662469112, "Def": 0.6510387703376583, "Ext": 0.1}, "Atl\u00e9tico Mineiro / MG": {"Atk": 0.8782731553255051, "Def": 0.8041879459969583, "Ext": 0.1}, "Internacional / RS": {"Atk": 0.5879268657514484, "Def": 0.5532434613290729, "Ext": 0.1}, "Cear\u00e1 / CE": {"Atk": 0.4989662914000269, "Def": 0.6611953953853316, "Ext": 0.1}, "Bahia / BA": {"Atk": 0.560578748354785, "Def": 0.4632031638786874, "Ext": 0.1}, "Athletico Paranaense / PR": {"Atk": 0.5378125761336684, "Def": 0.5235352767514209, "Ext": 0.0}, "Chapecoense / SC": {"Atk": 0.3562500307990905, "Def": 0.3530225748144568, "Ext": 0.1}, "Cuiab\u00e1 / MT": {"Atk": 0.41348010672018776, "Def": 0.6736931738045667, "Ext": 0.1}, "Fluminense / RJ": {"Atk": 0.4562472981548231, "Def": 0.6651437908764837, "Ext": 0.06084605826567074}, "Palmeiras / SP": {"Atk": 0.8121463112213412, "Def": 0.501753967466308, "Ext": 0.0}, "Santos / SP": {"Atk": 0.4382288615630016, "Def": 0.6363161504358735, "Ext": 0.0}, "Am\u00e9rica / MG": {"Atk": 0.5190129084980124, "Def": 0.6841168699961855, "Ext": 0.03071787656159179}, "Gr\u00eamio / RS": {"Atk": 0.5251725212605184, "Def": 0.48721187308791775, "Ext": 0.1}, "Fortaleza / CE": {"Atk": 0.5821240393101133, "Def": 0.529226083272213, "Ext": 0.0}, "Sport / PE": {"Atk": 0.28785585982048967, "Def": 0.7059993954970487, "Ext": 0.1}, "Red Bull Bragantino / SP": {"Atk": 0.7707258942607882, "Def": 0.4880843744855071, "Ext": 0.0}, "Juventude / RS": {"Atk": 0.46457520629646565, "Def": 0.5589841767165981, "Ext": 0.047558488720642986}, "Atl\u00e9tico / GO": {"Atk": 0.4095901514667679, "Def": 0.672830907244839, "Ext": 0.0}, "Home bonus": 0.2977104947362814}