{"Vasco da Gama / RJ": {"Atk": 1.0, "Def": 0.8189936169805748, "Home bonus": 0.2732007121146994, "Ext": 0.0}, "Vila Nova / GO": {"Atk": 0.5676009000883323, "Def": 0.949481864355101, "Home bonus": 0.0, "Ext": 0.0}, "Guarani / SP": {"Atk": 1.4797252666076461, "Def": 0.607342317422698, "Home bonus": 0.0, "Ext": 0.03879032740346554}, "N\u00e1utico / PE": {"Atk": 1.2151484633676621, "Def": 0.8194529057612915, "Home bonus": 0.0, "Ext": 0.0}, "Brasil / RS": {"Atk": 0.0, "Def": 1.0725092602276203, "Home bonus": 0.28873748272146327, "Ext": 0.36192212873480845}, "CRB / AL": {"Atk": 0.9074720516339619, "Def": 1.5299256608399983, "Home bonus": 0.0, "Ext": 0.40133868750365825}, "Coritiba / PR": {"Atk": 0.7048388262045694, "Def": 1.3888271600713937, "Home bonus": 0.952171031507789, "Ext": 0.0}, "Brusque / SC": {"Atk": 1.0576712702880644, "Def": 0.6306648091637822, "Home bonus": 0.0, "Ext": 0.0}, "Confian\u00e7a / SE": {"Atk": 0.6052938057296084, "Def": 0.6629713023291517, "Home bonus": 0.0, "Ext": 0.1338489949873627}, "Sampaio Corr\u00eaa / MA": {"Atk": 0.6027673876962542, "Def": 1.7126085872765213, "Home bonus": 0.5108273531055666, "Ext": 0.11264970562932584}, "Botafogo / RJ": {"Atk": 0.701246899437575, "Def": 0.8257332542425033, "Home bonus": 1.020574786878524, "Ext": 0.0}, "Goi\u00e1s / GO": {"Atk": 0.5962704942747713, "Def": 4.14241013343606, "Home bonus": 0.5921389606244132, "Ext": 0.0}, "Ponte Preta / SP": {"Atk": 0.0, "Def": 1.9189129861651875, "Home bonus": 0.7341210738188707, "Ext": 0.40228012430629617}, "Cruzeiro / MG": {"Atk": 0.5166333528944907, "Def": 1.0236523181177148, "Home bonus": 0.0, "Ext": 0.6334498876557793}, "Londrina / PR": {"Atk": 0.3828806935917954, "Def": 1.2511153948972484, "Home bonus": 0.0, "Ext": 0.2427268229895191}, "CSA / AL": {"Atk": 0.8321135272590174, "Def": 1.15839058013025, "Home bonus": 0.24091614863622937, "Ext": 0.0}, "Oper\u00e1rio / PR": {"Atk": 0.6015076816849233, "Def": 0.7592946825530744, "Home bonus": 0.28478516922278735, "Ext": 0.0}, "Ava\u00ed / SC": {"Atk": 1.024847550003456, "Def": 1.639092842736191, "Home bonus": 0.0, "Ext": 0.0}, "Vit\u00f3ria / BA": {"Atk": 0.0, "Def": 2.966951253519733, "Home bonus": 0.36493558416460353, "Ext": 0.39964053990584936}, "Remo / PA": {"Atk": 0.7737452944896086, "Def": 0.9627827804099779, "Home bonus": 0.0, "Ext": 0.0}}