{"ABC / RN": {"Atk": 1.0, "Def": 1.022655478821577, "Home bonus": 0.0, "Ext": 0.03755296426856768}, "N\u00e1utico / PE": {"Atk": 0.8396973118508548, "Def": 1.091792960208635, "Home bonus": 0.1456119434684801, "Ext": 0.1}, "Crici\u00fama / SC": {"Atk": 1.043421477516688, "Def": 1.121288281591477, "Home bonus": 0.6239742009898307, "Ext": 0.1}, "Goi\u00e1s / GO": {"Atk": 0.943588565338651, "Def": 1.1303477125083667, "Home bonus": 0.6619456673779133, "Ext": 0.0}, "Guarani / SP": {"Atk": 0.9560201422997963, "Def": 1.5944030096934152, "Home bonus": 0.718077414117542, "Ext": 0.1}, "Juventude / RS": {"Atk": 1.0804514940394199, "Def": 1.5031212829114613, "Home bonus": 0.8087649614482356, "Ext": 0.0}, "Londrina / PR": {"Atk": 2.1427805046941977, "Def": 0.8980673963333454, "Home bonus": 0.0, "Ext": 0.1}, "Boa / MG": {"Atk": 0.979109540311201, "Def": 1.6805238415107877, "Home bonus": 0.6937485158210853, "Ext": 0.1}, "Paysandu / PA": {"Atk": 1.2829950686962717, "Def": 1.828047618842229, "Home bonus": 0.0, "Ext": 0.0}, "CRB / AL": {"Atk": 0.8020452984264392, "Def": 1.2755052616874447, "Home bonus": 0.7374077173425531, "Ext": 0.0}, "Cear\u00e1 / CE": {"Atk": 1.641676397885226, "Def": 1.6249311462984135, "Home bonus": 0.0, "Ext": 0.004205203431885584}, "Santa Cruz / PE": {"Atk": 1.1831393169300282, "Def": 1.1109932388660535, "Home bonus": 0.31660989351064284, "Ext": 0.0}, "Figueirense / SC": {"Atk": 1.5180568067531368, "Def": 0.8753469752292803, "Home bonus": 0.0, "Ext": 0.1}, "Vila Nova / GO": {"Atk": 0.945084354130275, "Def": 1.9875787512533536, "Home bonus": 0.8077229598676653, "Ext": 0.0}, "Oeste / SP": {"Atk": 0.778388922247933, "Def": 1.4898347605461875, "Home bonus": 0.9009409819912281, "Ext": 0.0}, "Brasil / RS": {"Atk": 0.8750910610359693, "Def": 0.916044995997825, "Home bonus": 0.9274353609351961, "Ext": 0.0}, "Paran\u00e1 / PR": {"Atk": 1.102225850420347, "Def": 2.4799258901238113, "Home bonus": 0.8393151188787857, "Ext": 0.1}, "Am\u00e9rica / MG": {"Atk": 1.6678380154679586, "Def": 2.377798888225338, "Home bonus": 0.06680635042448034, "Ext": 0.1}, "Luverdense / MT": {"Atk": 1.2430903712851717, "Def": 1.1460566534938612, "Home bonus": 0.2413644747280209, "Ext": 0.1}, "Internacional / RS": {"Atk": 1.8519245560105808, "Def": 2.2671951437874323, "Home bonus": 0.0, "Ext": 0.0}}