{"Oeste / SP": {"Atk": 1.0, "Def": 1.1053983463058774}, "Boa / MG": {"Atk": 0.8400595442010376, "Def": 1.3991131631301228}, "Figueirense / SC": {"Atk": 1.7194886841882773, "Def": 1.0264330870892309}, "Joinville / SC": {"Atk": 1.5752788093614687, "Def": 1.2852403991307948}, "Icasa / CE": {"Atk": 1.3839023415318097, "Def": 0.8596046791432592}, "ABC / RN": {"Atk": 0.8721937235236032, "Def": 0.9836020137548909}, "Palmeiras / SP": {"Atk": 1.926763120537517, "Def": 2.1612611836068454}, "S\u00e3o Caetano / SP": {"Atk": 1.281177344343429, "Def": 0.9914485282041413}, "Guaratinguet\u00e1 / SP": {"Atk": 0.9359364608426034, "Def": 1.2159003962704595}, "Paysandu / PA": {"Atk": 0.8951722493151036, "Def": 1.040851356394014}, "ASA / AL": {"Atk": 0.9823190097453556, "Def": 0.7722564310702625}, "Am\u00e9rica / MG": {"Atk": 1.3722964882796096, "Def": 1.180063846142595}, "Ava\u00ed / SC": {"Atk": 1.4227590057785662, "Def": 1.1854080511656884}, "Chapecoense / SC": {"Atk": 1.775684510790272, "Def": 1.5720847659925306}, "Cear\u00e1 / CE": {"Atk": 1.2976755758837737, "Def": 1.3182852075121008}, "Am\u00e9rica / RN": {"Atk": 0.9699638126390683, "Def": 1.0469819716616904}, "Paran\u00e1 / PR": {"Atk": 1.514155614446301, "Def": 2.215545037103146}, "Atl\u00e9tico / GO": {"Atk": 0.7294746183227232, "Def": 1.1206348325073268}, "Red Bull Bragantino / SP": {"Atk": 0.9207996846619393, "Def": 1.7588804584431197}, "Sport / PE": {"Atk": 1.7416656717022903, "Def": 0.9672004268329245}, "Home bonus": 0.48815203067623525}