{"Cruzeiro / MG": {"Home": {"Atk": 1.0, "Def": 0.6987132694816147}, "Away": {"Atk": 0.4780985572728818, "Def": 1.0790095977624585}, "Ext": 0.1}, "Ava\u00ed / SC": {"Home": {"Atk": 1.1874716640907426, "Def": 0.3166117723546404}, "Away": {"Atk": 0.7063635760241616, "Def": 0.7805255181947341}, "Ext": 0.0}, "CSA / AL": {"Home": {"Atk": 1.757599081462588, "Def": 0.5361043610579811}, "Away": {"Atk": 0.2625670847436821, "Def": 0.8093323720712501}, "Ext": 0.0}, "Ponte Preta / SP": {"Home": {"Atk": 1.511580929996588, "Def": 0.2760840466553741}, "Away": {"Atk": 0.7533054691066164, "Def": 0.7751111280798996}, "Ext": 0.0}, "Oeste / SP": {"Home": {"Atk": 0.45419685243274693, "Def": 0.39535003775392125}, "Away": {"Atk": 0.46640275638007944, "Def": 0.4964557005763602}, "Ext": 0.1}, "Oper\u00e1rio / PR": {"Home": {"Atk": 1.5116615285704693, "Def": 0.39530702129517253}, "Away": {"Atk": 0.22628953689589815, "Def": 1.1271381051317473}, "Ext": 0.1}, "Juventude / RS": {"Home": {"Atk": 1.3772625678541297, "Def": 0.6926719424554598}, "Away": {"Atk": 0.8557628571631719, "Def": 0.7449287878152281}, "Ext": 0.1}, "Vit\u00f3ria / BA": {"Home": {"Atk": 1.1474437725841253, "Def": 0.5519320444929792}, "Away": {"Atk": 0.58864843061946, "Def": 1.015870334024117}, "Ext": 0.1}, "Confian\u00e7a / SE": {"Home": {"Atk": 1.2186899567416989, "Def": 0.5942948630692869}, "Away": {"Atk": 0.44997021998018133, "Def": 1.0525515589973853}, "Ext": 0.1}, "Cuiab\u00e1 / MT": {"Home": {"Atk": 1.257901466924892, "Def": 0.9453377283926391}, "Away": {"Atk": 0.5639812699991346, "Def": 1.12048853664538}, "Ext": 0.1}, "Am\u00e9rica / MG": {"Home": {"Atk": 1.1107618578967013, "Def": 0.46075730798083037}, "Away": {"Atk": 0.4953360947322719, "Def": 2.5652036917871506}, "Ext": 0.1}, "Figueirense / SC": {"Home": {"Atk": 0.8519374281873864, "Def": 0.8317020129461635}, "Away": {"Atk": 0.15813318825573658, "Def": 0.9393428493804342}, "Ext": 0.1}, "CRB / AL": {"Home": {"Atk": 1.61248568855974, "Def": 0.6315779498849007}, "Away": {"Atk": 0.5141967961886198, "Def": 0.7484952762510579}, "Ext": 0.1}, "Guarani / SP": {"Home": {"Atk": 1.0170424954943473, "Def": 0.4344930734594534}, "Away": {"Atk": 0.35607850308389755, "Def": 1.1277651875648842}, "Ext": 0.1}, "Botafogo / SP": {"Home": {"Atk": 0.7731137193150796, "Def": 0.44878665875226015}, "Away": {"Atk": 0.2092161396587919, "Def": 1.0635687801294607}, "Ext": 0.0}, "Paran\u00e1 / PR": {"Home": {"Atk": 0.983291717502434, "Def": 1.4346092681923575}, "Away": {"Atk": 0.6957105331221436, "Def": 0.6964573334905431}, "Ext": 0.1}, "Brasil / RS": {"Home": {"Atk": 0.6270578085246913, "Def": 0.8953184789139444}, "Away": {"Atk": 0.3827339820951499, "Def": 1.1366205952775001}, "Ext": 0.1}, "N\u00e1utico / PE": {"Home": {"Atk": 1.0797754220959201, "Def": 0.4317031905430867}, "Away": {"Atk": 0.3522286607798031, "Def": 0.8306802134283616}, "Ext": 0.1}, "Sampaio Corr\u00eaa / MA": {"Home": {"Atk": 1.1906797669656897, "Def": 0.4532486382867891}, "Away": {"Atk": 0.7983424990045305, "Def": 1.0517366954846759}, "Ext": 0.1}, "Chapecoense / SC": {"Home": {"Atk": 0.8620828533460411, "Def": 3.910926379748931}, "Away": {"Atk": 0.6912520207308528, "Def": 2.300477319367575}, "Ext": 0.09391049677071187}}