{"Guarani / SP": {"Home": {"Atk": 1.0, "Def": 0.7293172302056902}, "Away": {"Atk": 0.493960611619837, "Def": 0.8251674246089977}}, "Vila Nova / GO": {"Home": {"Atk": 0.6556003164212427, "Def": 1.300740110244121}, "Away": {"Atk": 0.6642736441424445, "Def": 0.9325932014683128}}, "Crici\u00fama / SC": {"Home": {"Atk": 0.8930619436914158, "Def": 0.8515623239173594}, "Away": {"Atk": 0.41895649079464464, "Def": 0.6911660985743692}}, "Ituano / SP": {"Home": {"Atk": 0.836341374918762, "Def": 0.6554434705858305}, "Away": {"Atk": 0.441237122296047, "Def": 0.5800049260682874}}, "Mirassol / SP": {"Home": {"Atk": 0.7034511741602393, "Def": 0.6592833803560396}, "Away": {"Atk": 0.49446704609869463, "Def": 0.7011712781646465}}, "Vit\u00f3ria / BA": {"Home": {"Atk": 0.9733994097321977, "Def": 1.0305404002811571}, "Away": {"Atk": 0.6318351954331094, "Def": 0.7054187107116443}}, "Sampaio Corr\u00eaa / MA": {"Home": {"Atk": 0.6276217333416105, "Def": 0.443547715544097}, "Away": {"Atk": 0.26183042135905255, "Def": 0.6472610973271483}}, "Juventude / RS": {"Home": {"Atk": 0.6325350381395155, "Def": 0.6982560092521545}, "Away": {"Atk": 0.6596875311906463, "Def": 0.9745112454901947}}, "Londrina / PR": {"Home": {"Atk": 0.7222726025307324, "Def": 0.4265618002683584}, "Away": {"Atk": 0.25776936972847125, "Def": 0.4364084110848876}}, "CRB / AL": {"Home": {"Atk": 0.7366228685932452, "Def": 0.5619083585066881}, "Away": {"Atk": 0.5973565172947382, "Def": 0.6181408916917948}}, "Ponte Preta / SP": {"Home": {"Atk": 0.5389841875247717, "Def": 0.9798596856088011}, "Away": {"Atk": 0.20909274274188822, "Def": 0.6736642214986773}}, "Atl\u00e9tico / GO": {"Home": {"Atk": 0.8903106785234318, "Def": 0.41744384105122573}, "Away": {"Atk": 0.719232975230806, "Def": 0.5013814413235496}}, "Ava\u00ed / SC": {"Home": {"Atk": 0.5469018653677666, "Def": 0.3356685314261051}, "Away": {"Atk": 0.487803243954992, "Def": 0.6539895534583792}}, "Botafogo / SP": {"Home": {"Atk": 0.36510259457814115, "Def": 0.5271996458772538}, "Away": {"Atk": 0.41097586728513313, "Def": 0.5886688008729289}}, "Novorizontino / SP": {"Home": {"Atk": 0.8644524394442813, "Def": 0.8319524328920592}, "Away": {"Atk": 0.7029001824874126, "Def": 0.9590563333969673}}, "Sport / PE": {"Home": {"Atk": 1.2964120005199806, "Def": 0.8791623287859887}, "Away": {"Atk": 0.5013292046938952, "Def": 0.6302829450387885}}, "Cear\u00e1 / CE": {"Home": {"Atk": 0.6311368961015202, "Def": 0.5029188866859411}, "Away": {"Atk": 0.6354420408900879, "Def": 0.7924670555153307}}, "Chapecoense / SC": {"Home": {"Atk": 0.5053692947778409, "Def": 0.583305147659255}, "Away": {"Atk": 0.6664755298057651, "Def": 0.4766452487100542}}, "Tombense / MG": {"Home": {"Atk": 0.8185784491279876, "Def": 0.4009499678649329}, "Away": {"Atk": 0.4429695725335495, "Def": 0.43244807776137173}}, "ABC / RN": {"Home": {"Atk": 0.3692997466235841, "Def": 0.41756423888178235}, "Away": {"Atk": 0.3701161806735964, "Def": 0.5148009370457198}}}