{"Cear\u00e1 / CE": {"Atk": 0.7584208698531019, "Def": 0.7419056624093248, "Ext": 0.1}, "Bahia / BA": {"Atk": 0.8021281527544978, "Def": 1.0033360273173153, "Ext": 0.1}, "Sampaio Corr\u00eaa / MA": {"Atk": 0.36834943897116446, "Def": 0.5366796429172804, "Ext": 0.1}, "Oeste / SP": {"Atk": 0.5211049426525424, "Def": 0.6088073155558464, "Ext": 0.1}, "Vila Nova / GO": {"Atk": 0.8795850876879229, "Def": 0.556396296460889, "Ext": 0.1}, "Luverdense / MT": {"Atk": 0.5822878855275527, "Def": 0.8761289970801523, "Ext": 0.1}, "Tupi / MG": {"Atk": 0.5324013516800816, "Def": 0.6708866352996713, "Ext": 0.0}, "Brasil / RS": {"Atk": 0.6100699931268202, "Def": 0.8794273183030847, "Ext": 0.0}, "Londrina / PR": {"Atk": 0.5465830234480825, "Def": 1.1502746227301064, "Ext": 0.0}, "Crici\u00fama / SC": {"Atk": 0.7627864051479931, "Def": 0.6100035419545444, "Ext": 0.0}, "N\u00e1utico / PE": {"Atk": 0.8516259261795633, "Def": 0.6415886795261203, "Ext": 0.1}, "CRB / AL": {"Atk": 0.8783112773320101, "Def": 0.5508748411127499, "Ext": 0.0}, "Paysandu / PA": {"Atk": 0.5429631152938823, "Def": 0.6363334942737429, "Ext": 0.029290072016080533}, "Red Bull Bragantino / SP": {"Atk": 0.4454954092358808, "Def": 0.6091088560533318, "Ext": 0.0}, "Goi\u00e1s / GO": {"Atk": 0.627583832901608, "Def": 0.6571644979339508, "Ext": 0.1}, "Vasco da Gama / RJ": {"Atk": 0.9564690701119161, "Def": 0.6775135322387209, "Ext": 0.06985295766888108}, "Atl\u00e9tico / GO": {"Atk": 0.7193614259897638, "Def": 1.1231116135728456, "Ext": 0.1}, "Joinville / SC": {"Atk": 0.30851134042832246, "Def": 0.7695804913171037, "Ext": 0.1}, "Paran\u00e1 / PR": {"Atk": 0.5540463464355607, "Def": 0.6424199463025294, "Ext": 0.1}, "Ava\u00ed / SC": {"Atk": 0.6338839324890921, "Def": 0.7116299129192204, "Ext": 0.0}, "Home bonus": 0.40454570961958136}