{"Flamengo / RJ": {"Home": {"Atk": 1.0, "Def": 0.47731392794574784}, "Away": {"Atk": 0.6049222509188898, "Def": 0.5230267363603918}}, "Fluminense / RJ": {"Home": {"Atk": 0.6518078593370982, "Def": 0.4862197978872885}, "Away": {"Atk": 0.7068329826597786, "Def": 0.37141764595097726}}, "S\u00e3o Paulo / SP": {"Home": {"Atk": 0.7082041992453709, "Def": 0.45768920145765996}, "Away": {"Atk": 0.9461462611975382, "Def": 0.37115068497262677}}, "Santos / SP": {"Home": {"Atk": 0.5391685088952936, "Def": 0.6107109422830312}, "Away": {"Atk": 0.3829238153421287, "Def": 0.423837942258915}}, "Athletico Paranaense / PR": {"Home": {"Atk": 0.46989513639557196, "Def": 0.7736715139757184}, "Away": {"Atk": 0.7059534454067834, "Def": 0.6177845266176945}}, "Atl\u00e9tico / MG": {"Home": {"Atk": 0.45990108893654774, "Def": 0.570161890690642}, "Away": {"Atk": 0.48435854013695656, "Def": 0.41568260601289503}}, "Bahia / BA": {"Home": {"Atk": 0.2629083902197924, "Def": 0.8024576622327388}, "Away": {"Atk": 0.5187730261973477, "Def": 0.4554558022161973}}, "Internacional / RS": {"Home": {"Atk": 0.5428337062363574, "Def": 0.6829086391888706}, "Away": {"Atk": 0.389518157087453, "Def": 0.472162650076151}}, "Crici\u00fama / SC": {"Home": {"Atk": 0.31264150738767577, "Def": 0.5605810253154009}, "Away": {"Atk": 0.27168397027088464, "Def": 0.8397857556279201}}, "Chapecoense / SC": {"Home": {"Atk": 0.429720038401126, "Def": 0.5037229911485558}, "Away": {"Atk": 0.6853292407658504, "Def": 0.43645453640742693}}, "Botafogo / RJ": {"Home": {"Atk": 0.7039230819115151, "Def": 0.437349930168908}, "Away": {"Atk": 0.32074012005439484, "Def": 0.6157441783186935}}, "Sport / PE": {"Home": {"Atk": 0.5269275192380615, "Def": 0.45461234772357384}, "Away": {"Atk": 0.5556057818752196, "Def": 0.3749954321617168}}, "Corinthians / SP": {"Home": {"Atk": 0.6531510503249357, "Def": 0.783033068864799}, "Away": {"Atk": 0.30500173240360584, "Def": 0.5724504680858359}}, "Palmeiras / SP": {"Home": {"Atk": 0.34978576798184974, "Def": 0.4957776399022536}, "Away": {"Atk": 0.765085423287456, "Def": 0.3344430980030652}}, "Coritiba / PR": {"Home": {"Atk": 0.7302952149060212, "Def": 0.521246574002466}, "Away": {"Atk": 0.3348526608031985, "Def": 0.35645497273265087}}, "Cruzeiro / MG": {"Home": {"Atk": 0.7656188558558639, "Def": 0.5232567122647432}, "Away": {"Atk": 0.5979776909791664, "Def": 0.37015192878521336}}, "Vit\u00f3ria / BA": {"Home": {"Atk": 0.688747326052191, "Def": 0.6379105088042263}, "Away": {"Atk": 0.3915641348209383, "Def": 0.3686312760350795}}, "Gr\u00eamio / RS": {"Home": {"Atk": 0.513919641577007, "Def": 0.565676174455605}, "Away": {"Atk": 0.23247955756497649, "Def": 0.519010736523019}}, "Figueirense / SC": {"Home": {"Atk": 0.5769363660751609, "Def": 0.44085866821952974}, "Away": {"Atk": 0.4403397365013204, "Def": 0.3835573664643627}}, "Goi\u00e1s / GO": {"Home": {"Atk": 0.5890895418720181, "Def": 0.6625743078254144}, "Away": {"Atk": 0.19343420509745257, "Def": 0.743968593954411}}}