{"Vasco da Gama / RJ": {"Atk": 1.0, "Def": 0.5255090668273122, "Home bonus": 0.012547285499292425}, "Fluminense / RJ": {"Atk": 0.6095573296384323, "Def": 0.7443329231178778, "Home bonus": 0.5156725326399698}, "Corinthians / SP": {"Atk": 0.3970538753387056, "Def": 2.0158739980583453, "Home bonus": 0.49852290509654423}, "Vit\u00f3ria / BA": {"Atk": 0.972204800010005, "Def": 0.6264841905230333, "Home bonus": 0.275502065924981}, "Gr\u00eamio / RS": {"Atk": 0.7374992335091721, "Def": 1.097363658380341, "Home bonus": 0.2955415301361016}, "Ponte Preta / SP": {"Atk": 0.6982012307323687, "Def": 0.6704843383219294, "Home bonus": 0.24510142993643433}, "Crici\u00fama / SC": {"Atk": 1.0183440219021018, "Def": 0.48494286434919154, "Home bonus": 0.04301454269129416}, "Cruzeiro / MG": {"Atk": 1.2217963764764608, "Def": 1.0177875198450588, "Home bonus": 0.8079488384331678}, "Coritiba / PR": {"Atk": 0.509490584860014, "Def": 0.7332151386604258, "Home bonus": 1.0073635914213515}, "Santos / SP": {"Atk": 0.8123480982651539, "Def": 0.9672791652504054, "Home bonus": 0.3049341434274192}, "Botafogo / RJ": {"Atk": 1.008791390576871, "Def": 0.8010034682957793, "Home bonus": 0.15122740810141663}, "Flamengo / RJ": {"Atk": 0.6175543760764634, "Def": 0.8014030249762478, "Home bonus": 0.5722053447921328}, "S\u00e3o Paulo / SP": {"Atk": 0.816189042962297, "Def": 0.8897893578550642, "Home bonus": 0.0}, "Bahia / BA": {"Atk": 0.6940449996325023, "Def": 0.8348905618853569, "Home bonus": 0.12700251810306346}, "Internacional / RS": {"Atk": 0.8779125398540147, "Def": 0.6050693073992796, "Home bonus": 0.5324200663820948}, "Goi\u00e1s / GO": {"Atk": 0.7980052209322129, "Def": 0.948338516088894, "Home bonus": 0.35069512976975165}, "N\u00e1utico / PE": {"Atk": 0.3749244517091919, "Def": 0.4218507355862613, "Home bonus": 0.297410864163857}, "Atl\u00e9tico / MG": {"Atk": 0.3110442840167085, "Def": 1.0471050873095902, "Home bonus": 1.5916258595115484}, "Athletico Paranaense / PR": {"Atk": 1.0913534911624174, "Def": 0.7404628459547207, "Home bonus": 0.24516848796557633}, "Portuguesa / SP": {"Atk": 0.6740070651160867, "Def": 0.6720193952337739, "Home bonus": 1.0380886952119228}}