{"Flamengo / RJ": {"Home": {"Atk": 1.0, "Def": 0.7166704406293865}, "Away": {"Atk": 0.8697180116406333, "Def": 0.5244832890155853}}, "Corinthians / SP": {"Home": {"Atk": 0.6681931249750476, "Def": 0.4883008945180383}, "Away": {"Atk": 0.5869142182802609, "Def": 0.8498152873028604}}, "S\u00e3o Paulo / SP": {"Home": {"Atk": 0.5391036840230152, "Def": 0.8200857491237471}, "Away": {"Atk": 0.49655315694169977, "Def": 0.46217641420705624}}, "Atl\u00e9tico Mineiro / MG": {"Home": {"Atk": 0.6392769524828252, "Def": 0.6950243829039642}, "Away": {"Atk": 0.8216060249861961, "Def": 0.799574592231658}}, "Internacional / RS": {"Home": {"Atk": 0.8309218094279635, "Def": 0.7898190967035049}, "Away": {"Atk": 0.7021980073681787, "Def": 0.5902587367253076}}, "Cear\u00e1 / CE": {"Home": {"Atk": 0.5678193324794029, "Def": 0.6385006629869241}, "Away": {"Atk": 0.7210874590568445, "Def": 0.7905817309272296}}, "Bahia / BA": {"Home": {"Atk": 0.6158554752895202, "Def": 0.681861986984406}, "Away": {"Atk": 0.5510981660216216, "Def": 0.4490321358050791}}, "Athletico Paranaense / PR": {"Home": {"Atk": 0.7380320080251622, "Def": 0.4300228508759716}, "Away": {"Atk": 0.8842581243229252, "Def": 0.7058528500209106}}, "Chapecoense / SC": {"Home": {"Atk": 0.5609872994270153, "Def": 0.4736820218293545}, "Away": {"Atk": 0.520974937599372, "Def": 0.4216818249192646}}, "Cuiab\u00e1 / MT": {"Home": {"Atk": 0.4966799191603277, "Def": 0.6289618598101012}, "Away": {"Atk": 0.7117619826666847, "Def": 0.6678747402083132}}, "Fluminense / RJ": {"Home": {"Atk": 0.8807071806451294, "Def": 0.7523084610613974}, "Away": {"Atk": 0.9108929697609612, "Def": 0.7099099299293401}}, "Palmeiras / SP": {"Home": {"Atk": 0.8801957995049845, "Def": 0.49533884507608983}, "Away": {"Atk": 0.8104878173134829, "Def": 0.5644411268238473}}, "Santos / SP": {"Home": {"Atk": 0.7347590442795737, "Def": 0.9171781024837039}, "Away": {"Atk": 0.5170205895777807, "Def": 0.4253166095467138}}, "Am\u00e9rica / MG": {"Home": {"Atk": 0.46621214392528676, "Def": 0.7307220048031643}, "Away": {"Atk": 0.5274140655116557, "Def": 0.4652790489114127}}, "Gr\u00eamio / RS": {"Home": {"Atk": 0.6419525788129775, "Def": 0.5867850382158355}, "Away": {"Atk": 0.758102919887621, "Def": 0.3903398044109253}}, "Fortaleza / CE": {"Home": {"Atk": 0.8644293704473578, "Def": 1.0687264810631751}, "Away": {"Atk": 0.6094421761882628, "Def": 0.4228934069984459}}, "Sport / PE": {"Home": {"Atk": 0.17548895220133492, "Def": 0.6395968794712958}, "Away": {"Atk": 0.6764701725340825, "Def": 0.575113496325198}}, "Red Bull Bragantino / SP": {"Home": {"Atk": 0.6264207492920542, "Def": 0.48669742455380943}, "Away": {"Atk": 0.6939002608275285, "Def": 0.7585247019621326}}, "Juventude / RS": {"Home": {"Atk": 0.4611670374261748, "Def": 0.5867389857649926}, "Away": {"Atk": 0.4866642794391582, "Def": 0.5392555632673025}}, "Atl\u00e9tico / GO": {"Home": {"Atk": 0.45170601599237165, "Def": 0.9738525444620488}, "Away": {"Atk": 0.45980432877863386, "Def": 0.5174350516494947}}}