{"Flamengo / RJ": {"Atk": 1.0, "Def": 0.6856902159580079, "Ext": 0.0}, "Botafogo / RJ": {"Atk": 0.6781901766624041, "Def": 0.8433365342098865, "Ext": 0.1}, "Palmeiras / SP": {"Atk": 0.9698401342543235, "Def": 1.0522077616065648, "Ext": 0.1}, "Santos / SP": {"Atk": 1.017021145726576, "Def": 0.8964052636689984, "Ext": 0.1}, "Corinthians / SP": {"Atk": 1.0267516336264146, "Def": 0.6034657547937201, "Ext": 0.1}, "Gr\u00eamio / RS": {"Atk": 0.6822586877775941, "Def": 1.319298754472689, "Ext": 0.1}, "Sport / PE": {"Atk": 0.8103637206924451, "Def": 0.7529561347887203, "Ext": 0.1}, "Coritiba / PR": {"Atk": 0.48634729953341765, "Def": 0.9227622438835622, "Ext": 0.1}, "Fortaleza / CE": {"Atk": 0.7521127317811008, "Def": 1.0942808807339268, "Ext": 0.0}, "Goi\u00e1s / GO": {"Atk": 1.0156331239084806, "Def": 0.45827871956444094, "Ext": 0.1}, "Fluminense / RJ": {"Atk": 0.9078351438422568, "Def": 0.7271948643113907, "Ext": 0.0}, "Vasco da Gama / RJ": {"Atk": 1.2553996782182326, "Def": 0.8086108080034508, "Ext": 0.1}, "S\u00e3o Paulo / SP": {"Atk": 0.9909557255866082, "Def": 0.9799395505593083, "Ext": 0.0}, "Red Bull Bragantino / SP": {"Atk": 1.0264731255283788, "Def": 0.5309093452263833, "Ext": 0.0}, "Atl\u00e9tico / MG": {"Atk": 1.264662431520917, "Def": 0.6717149316921572, "Ext": 0.045527547692988994}, "Internacional / RS": {"Atk": 0.9960629633517775, "Def": 1.3928319027663096, "Ext": 0.0}, "Bahia / BA": {"Atk": 1.0375516697205693, "Def": 0.5027558660905739, "Ext": 0.1}, "Athletico Paranaense / PR": {"Atk": 0.6855721734924677, "Def": 1.0308358404587026, "Ext": 0.0}, "Cear\u00e1 / CE": {"Atk": 0.8426171162726129, "Def": 0.6620864319950558, "Ext": 0.0}, "Atl\u00e9tico / GO": {"Atk": 0.7788787173255918, "Def": 0.729003515511577, "Ext": 0.0}}