{"Red Bull Bragantino / SP": {"Home": {"Atk": 1.0, "Def": 0.591144392727914}, "Away": {"Atk": 0.42287154153213175, "Def": 0.5797855058828439}}, "Ponte Preta / SP": {"Home": {"Atk": 0.9210455829367857, "Def": 1.4427534067454673}, "Away": {"Atk": 0.8428878372817107, "Def": 0.7171369212387394}}, "Vasco da Gama / RJ": {"Home": {"Atk": 1.2356430338301125, "Def": 0.6527129110408628}, "Away": {"Atk": 0.7993604561572628, "Def": 1.1542993862600655}}, "Santa Cruz / PE": {"Home": {"Atk": 1.1994911920920208, "Def": 0.7688357189226844}, "Away": {"Atk": 0.5470377471678614, "Def": 0.8072236552858191}}, "Sampaio Corr\u00eaa / MA": {"Home": {"Atk": 1.0762385679890547, "Def": 0.6258560960698873}, "Away": {"Atk": 0.9437505317830899, "Def": 0.9128750962907944}}, "Cear\u00e1 / CE": {"Home": {"Atk": 1.5800680074763258, "Def": 0.43081107453918194}, "Away": {"Atk": 0.7672750855633484, "Def": 0.7575511945222579}}, "Vila Nova / GO": {"Home": {"Atk": 0.6331964943750293, "Def": 0.401704225131188}, "Away": {"Atk": 0.42583915124276245, "Def": 0.6323624097908014}}, "Am\u00e9rica / RN": {"Home": {"Atk": 1.1970233159460062, "Def": 0.4050272349524244}, "Away": {"Atk": 0.71419268780116, "Def": 0.6885873453135415}}, "Boa / MG": {"Home": {"Atk": 1.1958153343546198, "Def": 0.46513479719935785}, "Away": {"Atk": 0.8809650533843962, "Def": 0.8185949579629096}}, "Oeste / SP": {"Home": {"Atk": 1.1199568216713123, "Def": 0.5852739635268366}, "Away": {"Atk": 0.5015271674521748, "Def": 0.5747401781452905}}, "Portuguesa / SP": {"Home": {"Atk": 0.8541537641326185, "Def": 0.4494894793970425}, "Away": {"Atk": 0.5466395717975182, "Def": 0.6880520708171813}}, "Paran\u00e1 / PR": {"Home": {"Atk": 0.8334206691938066, "Def": 0.7767041619930354}, "Away": {"Atk": 0.6828647634582264, "Def": 0.8530876383219994}}, "N\u00e1utico / PE": {"Home": {"Atk": 0.9184869509569893, "Def": 0.7023248721427678}, "Away": {"Atk": 0.6971304726142513, "Def": 0.7364137656533107}}, "Luverdense / MT": {"Home": {"Atk": 1.4182877044098139, "Def": 0.5290651800267268}, "Away": {"Atk": 0.49099221331321136, "Def": 0.8404342435402067}}, "Icasa / CE": {"Home": {"Atk": 0.7872843848933087, "Def": 0.6640451647992791}, "Away": {"Atk": 0.2492347283485589, "Def": 0.8094046779687246}}, "Ava\u00ed / SC": {"Home": {"Atk": 0.7524816881247964, "Def": 0.7440677476289812}, "Away": {"Atk": 0.8367088465395426, "Def": 1.4406523448490034}}, "Atl\u00e9tico / GO": {"Home": {"Atk": 1.315335797021929, "Def": 0.5018266820957918}, "Away": {"Atk": 0.5377143856124995, "Def": 0.6420858775160386}}, "ABC / RN": {"Home": {"Atk": 0.8349998062128954, "Def": 0.794231599175488}, "Away": {"Atk": 0.4977528995076406, "Def": 0.9858373306258623}}, "Am\u00e9rica / MG": {"Home": {"Atk": 1.6129456823336448, "Def": 0.9240187994549163}, "Away": {"Atk": 0.4492269576713766, "Def": 0.8164150006957563}}, "Joinville / SC": {"Home": {"Atk": 1.0671283707888726, "Def": 1.2101912899810159}, "Away": {"Atk": 0.7622506531515368, "Def": 0.7231040024576372}}}