{"Red Bull Bragantino / SP": {"Atk": 1.0, "Def": 0.2067474021771532, "Home bonus": 0.7725385746071654, "Ext": 0.5207583215537613}, "Ponte Preta / SP": {"Atk": 0.21028077585728297, "Def": 0.5368514977294461, "Home bonus": 0.9073743893978335, "Ext": 0.25164211431355593}, "Vasco da Gama / RJ": {"Atk": 0.3267500118559419, "Def": 1.1613129239053768, "Home bonus": 0.5726533945863767, "Ext": 0.560114704368824}, "Santa Cruz / PE": {"Atk": 0.48385294385360966, "Def": 0.6700285777803836, "Home bonus": 0.4587393006589985, "Ext": 0.34099925879090043}, "Sampaio Corr\u00eaa / MA": {"Atk": 0.7167478421718804, "Def": 0.6628154017573955, "Home bonus": 0.6006791221051794, "Ext": 0.8515609113925013}, "Cear\u00e1 / CE": {"Atk": 0.35861632927050235, "Def": 0.8068986009203164, "Home bonus": 0.7077443245256776, "Ext": 0.5695355372982768}, "Vila Nova / GO": {"Atk": 0.0, "Def": 0.7205716815499194, "Home bonus": 0.878681949270884, "Ext": 0.43714960471394776}, "Am\u00e9rica / RN": {"Atk": 0.4866581926743545, "Def": 0.4536783006648866, "Home bonus": 0.9589944613866995, "Ext": 0.6684735486198977}, "Boa / MG": {"Atk": 0.7116888672966273, "Def": 0.9207026890688469, "Home bonus": 0.6262217851642738, "Ext": 0.70361486830848}, "Oeste / SP": {"Atk": 0.11495561632100482, "Def": 0.699580371377606, "Home bonus": 0.6839203903745265, "Ext": 0.7963496813986553}, "Portuguesa / SP": {"Atk": 0.169163133789338, "Def": 0.5975359671482011, "Home bonus": 0.37142136665085057, "Ext": 0.8771828973177137}, "Paran\u00e1 / PR": {"Atk": 0.5722223315382843, "Def": 0.4883952720968249, "Home bonus": 0.1679666789173584, "Ext": 0.24622582089161918}, "N\u00e1utico / PE": {"Atk": 0.6262192166092588, "Def": 0.5407951120704845, "Home bonus": 0.6362263553520572, "Ext": 0.6237543064283958}, "Luverdense / MT": {"Atk": 0.29550657371844424, "Def": 0.6133955504974317, "Home bonus": 0.46725113875908275, "Ext": 0.13966093613680286}, "Icasa / CE": {"Atk": 0.2728427588068145, "Def": 0.5205367564287461, "Home bonus": 0.20301568263716596, "Ext": 0.0257370852037103}, "Ava\u00ed / SC": {"Atk": 0.31193132322615447, "Def": 0.5931284228831749, "Home bonus": 0.29704114890964295, "Ext": 0.22948759285097864}, "Atl\u00e9tico / GO": {"Atk": 0.6010733788340155, "Def": 0.6851934558886729, "Home bonus": 0.32320444202349863, "Ext": 0.7501547059819308}, "ABC / RN": {"Atk": 0.31890539548432983, "Def": 0.7104286498226133, "Home bonus": 0.6122282485502044, "Ext": 0.6656833421237454}, "Am\u00e9rica / MG": {"Atk": 0.33174456197823476, "Def": 0.5336049824052874, "Home bonus": 1.0134433056821275, "Ext": 0.16012189469994415}, "Joinville / SC": {"Atk": 0.724821800352619, "Def": 0.7001838781034116, "Home bonus": 0.14657503419684817, "Ext": 0.22279690279080364}}