{"Palmeiras / SP": {"Atk": 0.46848682657999574, "Def": 0.7721418628979486, "Home bonus": 1.8577500494171044, "Ext": 0.1}, "Flamengo / RJ": {"Atk": 0.35464544038602874, "Def": 0.6307990089625894, "Home bonus": 0.6434534584926966, "Ext": 0.1}, "Atl\u00e9tico / MG": {"Atk": 0.8124420778545233, "Def": 0.33173383645228455, "Home bonus": 0.0, "Ext": 0.1}, "Coritiba / PR": {"Atk": 0.40049581511168636, "Def": 0.32121987142043407, "Home bonus": 1.115245487894566, "Ext": 0.1}, "Botafogo / RJ": {"Atk": 0.30861724079518954, "Def": 0.3704427153894184, "Home bonus": 0.31925316697265355, "Ext": 0.1}, "Santa Cruz / PE": {"Atk": 0.726580538168107, "Def": 0.46221844495002434, "Home bonus": 0.0, "Ext": 0.1}, "Corinthians / SP": {"Atk": 0.5275261493706196, "Def": 0.8495633530990946, "Home bonus": 0.38132811661803334, "Ext": 0.1}, "Figueirense / SC": {"Atk": 0.18586276996855505, "Def": 0.5376059229716277, "Home bonus": 1.2102853939423528, "Ext": 0.1}, "Am\u00e9rica / MG": {"Atk": 0.4284471204668407, "Def": 0.26012265672623014, "Home bonus": 0.0, "Ext": 0.003225904302715226}, "Internacional / RS": {"Atk": 0.5753863647192504, "Def": 3.104180996081525, "Home bonus": 0.0, "Ext": 0.1}, "Vit\u00f3ria / BA": {"Atk": 0.35222820891829904, "Def": 0.415773227862728, "Home bonus": 1.068880686540864, "Ext": 0.1}, "Fluminense / RJ": {"Atk": 0.25192340278902764, "Def": 0.638249665826857, "Home bonus": 0.9135507449107004, "Ext": 0.1}, "Cruzeiro / MG": {"Atk": 0.4901280845937181, "Def": 0.3305121567485928, "Home bonus": 0.0, "Ext": 0.038560564263297945}, "Santos / SP": {"Atk": 0.7615408591506236, "Def": 0.900980875004265, "Home bonus": 0.0, "Ext": 0.04039264324405193}, "Athletico Paranaense / PR": {"Atk": 0.41519444030787866, "Def": 0.881194685082957, "Home bonus": 0.45730722937738005, "Ext": 0.1}, "Chapecoense / SC": {"Atk": 0.7423316891079552, "Def": 0.619180658662949, "Home bonus": 0.0, "Ext": 0.1}, "S\u00e3o Paulo / SP": {"Atk": 0.39993261224238763, "Def": 0.7816985577798335, "Home bonus": 0.43035320994269893, "Ext": 0.1}, "Gr\u00eamio / RS": {"Atk": 0.7586769704286449, "Def": 0.7519907584917961, "Home bonus": 0.0, "Ext": 0.1}, "Ponte Preta / SP": {"Atk": 0.15494523623749187, "Def": 0.29586653677303193, "Home bonus": 1.3932959981486508, "Ext": 0.0}, "Sport / PE": {"Atk": 0.39893607939027975, "Def": 0.39837936650873257, "Home bonus": 0.6055414030184769, "Ext": 0.1}}