{"Vasco da Gama / RJ": {"Home": {"Atk": 1.0, "Def": 0.7994975289384176}, "Away": {"Atk": 0.5541570336564227, "Def": 0.5257603996982775}, "Ext": 0.0}, "Vila Nova / GO": {"Home": {"Atk": 0.34977300408366097, "Def": 0.7760929920158011}, "Away": {"Atk": 0.8992250286896216, "Def": 0.5252472714697802}, "Ext": 0.1}, "Guarani / SP": {"Home": {"Atk": 0.5558430187530418, "Def": 0.6090673634217023}, "Away": {"Atk": 1.0884300490047805, "Def": 0.329348730581959}, "Ext": 0.05993612252307038}, "N\u00e1utico / PE": {"Home": {"Atk": 1.0075282608391194, "Def": 0.720515269572011}, "Away": {"Atk": 0.6971950909031718, "Def": 0.6380189723042718}, "Ext": 0.0}, "Brasil / RS": {"Home": {"Atk": 0.6968288826164836, "Def": 0.7679805406581988}, "Away": {"Atk": 0.4419309240705409, "Def": 0.5122443209574148}, "Ext": 0.1}, "CRB / AL": {"Home": {"Atk": 0.7817616964856109, "Def": 0.6505279832330947}, "Away": {"Atk": 0.6044630641312583, "Def": 0.5239368964296894}, "Ext": 0.1}, "Coritiba / PR": {"Home": {"Atk": 0.808820871526554, "Def": 0.5875210022854193}, "Away": {"Atk": 0.5255238260729986, "Def": 0.8427168541179046}, "Ext": 0.04414489730363055}, "Brusque / SC": {"Home": {"Atk": 0.7210666442642634, "Def": 0.9065750994006762}, "Away": {"Atk": 0.6799297904164002, "Def": 0.3531184484248684}, "Ext": 0.1}, "Confian\u00e7a / SE": {"Home": {"Atk": 0.5442003160688414, "Def": 0.6451431497874537}, "Away": {"Atk": 0.34239594684693303, "Def": 0.35792620493586585}, "Ext": 0.08223329342099597}, "Sampaio Corr\u00eaa / MA": {"Home": {"Atk": 0.849784594219348, "Def": 0.47930384912537444}, "Away": {"Atk": 0.7228060580948046, "Def": 0.7742921679983334}, "Ext": 0.1}, "Botafogo / RJ": {"Home": {"Atk": 1.0717691045982078, "Def": 0.7584176904494064}, "Away": {"Atk": 0.5638197684976359, "Def": 0.3470039578226869}, "Ext": 0.1}, "Goi\u00e1s / GO": {"Home": {"Atk": 0.5872489258300897, "Def": 1.0347266974791305}, "Away": {"Atk": 0.45131740699918393, "Def": 0.8578465192377223}, "Ext": 0.01139191660532127}, "Ponte Preta / SP": {"Home": {"Atk": 0.667576412313302, "Def": 0.5285113480467092}, "Away": {"Atk": 0.5425271288600354, "Def": 0.6321469130209315}, "Ext": 0.1}, "Cruzeiro / MG": {"Home": {"Atk": 0.8709227674475585, "Def": 0.21712997274423418}, "Away": {"Atk": 0.6052413618356696, "Def": 0.5286050696255045}, "Ext": 0.1}, "Londrina / PR": {"Home": {"Atk": 0.311686161045587, "Def": 0.4929002431497592}, "Away": {"Atk": 0.32344079096924244, "Def": 0.9006753139645907}, "Ext": 0.1}, "CSA / AL": {"Home": {"Atk": 0.5904859325755303, "Def": 0.6251808994042048}, "Away": {"Atk": 0.49920944114650784, "Def": 0.7557009283164521}, "Ext": 0.0746929821679945}, "Oper\u00e1rio / PR": {"Home": {"Atk": 0.5989749419463735, "Def": 0.6331596341569422}, "Away": {"Atk": 0.42105877776966183, "Def": 0.5305980949160788}, "Ext": 0.04116955675362976}, "Ava\u00ed / SC": {"Home": {"Atk": 0.5481509164698127, "Def": 0.6308540250179969}, "Away": {"Atk": 0.6115398255867807, "Def": 0.6807560082841543}, "Ext": 0.0}, "Vit\u00f3ria / BA": {"Home": {"Atk": 0.5585361170776003, "Def": 0.7327451524781841}, "Away": {"Atk": 0.3039591489046658, "Def": 0.6153441504405202}, "Ext": 0.1}, "Remo / PA": {"Home": {"Atk": 0.338643759787318, "Def": 0.8336766970622977}, "Away": {"Atk": 0.46233636211268136, "Def": 0.6654043754020437}, "Ext": 0.06645067686190688}}