{"Fluminense / RJ": {"Atk": 1.0, "Def": 0.681705477794485, "Home bonus": 0.0, "Ext": 0.33616612925871636}, "Flamengo / RJ": {"Atk": 0.8209351141368827, "Def": 1.0142808864372936, "Home bonus": 0.7386566140122207, "Ext": 0.0}, "Palmeiras / SP": {"Atk": 1.143712148325368, "Def": 1.2820314649945272, "Home bonus": 0.0, "Ext": 0.0}, "Corinthians / SP": {"Atk": 0.720232218762087, "Def": 12.480043928229804, "Home bonus": 0.6494276720811601, "Ext": 0.2643836411020749}, "Cruzeiro / MG": {"Atk": 0.4915700410926079, "Def": 0.8686400482667229, "Home bonus": 1.185099737393035, "Ext": 0.0}, "Coritiba / PR": {"Atk": 0.6816275510036675, "Def": 0.9849560553401984, "Home bonus": 0.0, "Ext": 0.1958347292773672}, "Gr\u00eamio / RS": {"Atk": 1.5921781566016955, "Def": 0.8858903587190142, "Home bonus": 0.0, "Ext": 0.0}, "Bahia / BA": {"Atk": 0.6366368443279944, "Def": 0.7078035069294646, "Home bonus": 1.0621230940493551, "Ext": 0.0}, "Ponte Preta / SP": {"Atk": 0.5173121421012015, "Def": 0.7420969820254663, "Home bonus": 1.3487976914277267, "Ext": 0.0}, "Ava\u00ed / SC": {"Atk": 0.44479390016832066, "Def": 1.0502355210465812, "Home bonus": 0.0, "Ext": 0.0}, "Botafogo / RJ": {"Atk": 0.5043148364215442, "Def": 1.1003754532926457, "Home bonus": 0.737786026646038, "Ext": 0.0}, "Vasco da Gama / RJ": {"Atk": 0.9057963376310638, "Def": 0.6082871900718849, "Home bonus": 0.0, "Ext": 0.08992574090364663}, "Santos / SP": {"Atk": 0.5849500928248976, "Def": 2.5310407542490005, "Home bonus": 0.2671724208082103, "Ext": 0.0}, "S\u00e3o Paulo / SP": {"Atk": 0.0, "Def": 1.905762622722994, "Home bonus": 1.0485742421291808, "Ext": 0.3963622922416844}, "Atl\u00e9tico / MG": {"Atk": 0.6519978525589651, "Def": 0.7180243990374909, "Home bonus": 0.12370886630005579, "Ext": 0.08669228942231577}, "Athletico Paranaense / PR": {"Atk": 0.5899201492157822, "Def": 0.6911237290487658, "Home bonus": 0.0, "Ext": 0.043028235823403864}, "Sport / PE": {"Atk": 1.1523182788821156, "Def": 0.6678811629659953, "Home bonus": 0.08602222730934792, "Ext": 0.0}, "Vit\u00f3ria / BA": {"Atk": 0.7460871634885977, "Def": 0.4806848652132923, "Home bonus": 0.0, "Ext": 0.09793266497347938}, "Atl\u00e9tico / GO": {"Atk": 0.0, "Def": 0.4560459541420527, "Home bonus": 1.0779366484143253, "Ext": 0.015831628215090095}, "Chapecoense / SC": {"Atk": 0.9655571703125873, "Def": 0.520764503601211, "Home bonus": 0.42042721613860473, "Ext": 0.0}}