{"Guarani / SP": {"Home": {"Atk": 1.0, "Def": 0.6047155060253266}, "Away": {"Atk": 0.34584679601121504, "Def": 1.1924853217975402}}, "Botafogo / SP": {"Home": {"Atk": 1.0242025424920784, "Def": 0.5797985231930121}, "Away": {"Atk": 0.610065341530539, "Def": 1.481828984258497}}, "S\u00e3o Bento / SP": {"Home": {"Atk": 1.018582905022805, "Def": 0.604628166458345}, "Away": {"Atk": 0.8499285577487714, "Def": 0.7221723922203626}}, "Vila Nova / GO": {"Home": {"Atk": 0.4727187094207889, "Def": 0.6945639282922534}, "Away": {"Atk": 0.672862003325956, "Def": 1.2650657244214167}}, "Coritiba / PR": {"Home": {"Atk": 1.7327862156254819, "Def": 0.6329310992556826}, "Away": {"Atk": 0.7132412312167097, "Def": 1.2365957953230429}}, "Oper\u00e1rio / PR": {"Home": {"Atk": 1.555305737278712, "Def": 1.101103819326758}, "Away": {"Atk": 0.41802464599957073, "Def": 0.7773333051330414}}, "Crici\u00fama / SC": {"Home": {"Atk": 1.067003365473196, "Def": 0.740426170099018}, "Away": {"Atk": 0.2564491511372348, "Def": 0.986940620146771}}, "Brasil / RS": {"Home": {"Atk": 0.8663525090332869, "Def": 0.6861844080582998}, "Away": {"Atk": 0.45534060284984856, "Def": 1.0739587654389433}}, "Sport / PE": {"Home": {"Atk": 1.5941286804586148, "Def": 0.7313758672891701}, "Away": {"Atk": 0.9406992719489913, "Def": 1.2610957204809337}}, "CRB / AL": {"Home": {"Atk": 1.2290929585205383, "Def": 0.4065621221091684}, "Away": {"Atk": 0.9485529845281251, "Def": 1.5726482323049427}}, "Ponte Preta / SP": {"Home": {"Atk": 1.2517574067035926, "Def": 0.7299533089101385}, "Away": {"Atk": 0.6592911361955723, "Def": 1.2263133304449474}}, "Red Bull Bragantino / SP": {"Home": {"Atk": 2.453835220454297, "Def": 1.0611735402111997}, "Away": {"Atk": 0.8735018999159216, "Def": 1.8545662544508574}}, "Oeste / SP": {"Home": {"Atk": 1.2335193067550498, "Def": 1.245038655855057}, "Away": {"Atk": 0.5895190013605761, "Def": 0.7745646081692025}}, "Atl\u00e9tico / GO": {"Home": {"Atk": 1.4561902250447338, "Def": 0.8125631088404918}, "Away": {"Atk": 0.5531843651731018, "Def": 2.009269436187533}}, "Paran\u00e1 / PR": {"Home": {"Atk": 0.6212929515151138, "Def": 1.8620835089477952}, "Away": {"Atk": 0.6450005583331435, "Def": 0.7953873452463407}}, "Londrina / PR": {"Home": {"Atk": 1.5722142279408795, "Def": 0.5755868579535305}, "Away": {"Atk": 0.589506310034114, "Def": 0.7780468659697779}}, "Figueirense / SC": {"Home": {"Atk": 0.988054913507263, "Def": 0.5367124989234713}, "Away": {"Atk": 0.4482478175241513, "Def": 1.800106775791873}}, "Am\u00e9rica / MG": {"Home": {"Atk": 1.4108453809128105, "Def": 0.40644844479421827}, "Away": {"Atk": 0.606666419542975, "Def": 2.0035434559437784}}, "Vit\u00f3ria / BA": {"Home": {"Atk": 0.8777813530084555, "Def": 0.7859202931376996}, "Away": {"Atk": 0.5798377025318352, "Def": 0.6756060990980617}}, "Cuiab\u00e1 / MT": {"Home": {"Atk": 1.4879447734145157, "Def": 0.5146093312680993}, "Away": {"Atk": 0.5832758603302769, "Def": 1.5227620304056975}}}