{"Flamengo / RJ": {"Atk": 1.0, "Def": 1.1983567977490472, "Ext": 0.0}, "Fluminense / RJ": {"Atk": 1.5302943106741727, "Def": 1.3710707993111209, "Ext": 0.0}, "S\u00e3o Paulo / SP": {"Atk": 1.7151100864380908, "Def": 1.1065454640213708, "Ext": 0.1}, "Santos / SP": {"Atk": 1.0907872198926125, "Def": 1.4235473681506088, "Ext": 0.0}, "Athletico Paranaense / PR": {"Atk": 1.0289845207183426, "Def": 1.191123567216454, "Ext": 0.0}, "Atl\u00e9tico / MG": {"Atk": 1.2758558440779721, "Def": 1.5533118939678632, "Ext": 0.1}, "Bahia / BA": {"Atk": 0.717470811898948, "Def": 1.3504013311059895, "Ext": 0.0}, "Internacional / RS": {"Atk": 1.1528850087922382, "Def": 1.2228994725898532, "Ext": 0.0}, "Crici\u00fama / SC": {"Atk": 0.46721058917479436, "Def": 1.0208852361745593, "Ext": 0.0}, "Chapecoense / SC": {"Atk": 0.7480992981951514, "Def": 1.3158319049847838, "Ext": 0.05808857759881664}, "Botafogo / RJ": {"Atk": 0.7225243475979045, "Def": 1.014822747255703, "Ext": 0.0}, "Sport / PE": {"Atk": 0.631413103582674, "Def": 1.046470612764965, "Ext": 0.1}, "Corinthians / SP": {"Atk": 1.0393793795890907, "Def": 1.7827019101881867, "Ext": 0.1}, "Palmeiras / SP": {"Atk": 0.8720873432711773, "Def": 0.8409201779794332, "Ext": 0.0}, "Coritiba / PR": {"Atk": 0.8723940694058333, "Def": 1.2473532467199502, "Ext": 0.01715325778318008}, "Cruzeiro / MG": {"Atk": 1.6591011290128859, "Def": 1.1859784429682962, "Ext": 0.1}, "Vit\u00f3ria / BA": {"Atk": 0.9444783735734148, "Def": 0.8837816836129889, "Ext": 0.1}, "Gr\u00eamio / RS": {"Atk": 0.6274941638646617, "Def": 2.812335162714137, "Ext": 0.1}, "Figueirense / SC": {"Atk": 0.8256813815437128, "Def": 0.894500367057448, "Ext": 0.0}, "Goi\u00e1s / GO": {"Atk": 0.6776460018094904, "Def": 1.3491433076165187, "Ext": 0.1}, "Home bonus": 0.5911396368567551}