{"Paran\u00e1 / PR": {"Atk": 0.6641773569810854, "Def": 0.5948416532896904, "Ext": 0.1}, "Atl\u00e9tico / GO": {"Atk": 0.5007069781657016, "Def": 0.576020072491418, "Ext": 0.0}, "Paysandu / PA": {"Atk": 0.6748080398798402, "Def": 0.7885365978654497, "Ext": 0.0}, "Mogi Mirim / SP": {"Atk": 0.6578585069697898, "Def": 0.4107695815032983, "Ext": 0.1}, "Vit\u00f3ria / BA": {"Atk": 0.8377099709135895, "Def": 0.7282488103539783, "Ext": 0.0}, "Maca\u00e9 / RJ": {"Atk": 0.80104832249654, "Def": 0.5037213200470069, "Ext": 0.095668988848677}, "Am\u00e9rica / MG": {"Atk": 0.803063104448482, "Def": 0.6832938879970625, "Ext": 0.0}, "N\u00e1utico / PE": {"Atk": 0.7313336804351778, "Def": 0.5746636924832221, "Ext": 0.0}, "ABC / RN": {"Atk": 0.6256822117955092, "Def": 0.4319010598843278, "Ext": 0.1}, "CRB / AL": {"Atk": 0.7056343802950081, "Def": 0.6150012023250412, "Ext": 0.0}, "Bahia / BA": {"Atk": 0.8349947574785727, "Def": 0.7326402316361365, "Ext": 0.009216169174668255}, "Crici\u00fama / SC": {"Atk": 0.5244348719466095, "Def": 0.6207214793570016, "Ext": 0.1}, "Sampaio Corr\u00eaa / MA": {"Atk": 0.8281092806423022, "Def": 0.6744745766977284, "Ext": 0.0}, "Santa Cruz / PE": {"Atk": 0.8422086389991303, "Def": 0.5466795546931109, "Ext": 0.069986178787812}, "Botafogo / RJ": {"Atk": 0.9198231512926809, "Def": 0.8740587687349324, "Ext": 0.024657631850793307}, "Red Bull Bragantino / SP": {"Atk": 0.8012041340788926, "Def": 0.4894795579438465, "Ext": 0.0}, "Boa / MG": {"Atk": 0.5088513507198933, "Def": 0.6216546064166867, "Ext": 0.1}, "Oeste / SP": {"Atk": 0.5972793442925769, "Def": 0.5450207781273207, "Ext": 0.1}, "Cear\u00e1 / CE": {"Atk": 0.5738929532871864, "Def": 0.43548708207813863, "Ext": 0.1}, "Luverdense / MT": {"Atk": 0.622322359416758, "Def": 0.7045892955845762, "Ext": 0.0}}