{"Oeste / SP": {"Home": {"Atk": 1.0, "Def": 0.6011660301030892}, "Away": {"Atk": 0.7239535868199362, "Def": 1.0190749268120922}}, "Boa / MG": {"Home": {"Atk": 0.8155180060691176, "Def": 0.5380815605150904}, "Away": {"Atk": 0.50240492889432, "Def": 1.4334781491899138}}, "Figueirense / SC": {"Home": {"Atk": 2.4721222546175845, "Def": 0.5207532017972462}, "Away": {"Atk": 0.7396444247164456, "Def": 1.063950146188881}}, "Joinville / SC": {"Home": {"Atk": 1.7517611078580304, "Def": 0.5057907516568287}, "Away": {"Atk": 0.8085569097745051, "Def": 1.6599417582527738}}, "Icasa / CE": {"Home": {"Atk": 2.094647853778929, "Def": 0.3718601558642029}, "Away": {"Atk": 0.515393503874157, "Def": 1.2572105599358936}}, "ABC / RN": {"Home": {"Atk": 2.140802954803574, "Def": 0.6798275279098817}, "Away": {"Atk": 0.323958022706204, "Def": 0.8670946054713359}}, "Palmeiras / SP": {"Home": {"Atk": 2.3593061442838965, "Def": 1.0992175786083669}, "Away": {"Atk": 0.9939840435277593, "Def": 1.6264953045381847}}, "S\u00e3o Caetano / SP": {"Home": {"Atk": 1.4086436420777857, "Def": 0.578219030220053}, "Away": {"Atk": 0.7258344407922909, "Def": 0.8566721402204699}}, "Guaratinguet\u00e1 / SP": {"Home": {"Atk": 1.8176436140724328, "Def": 0.6205486373047653}, "Away": {"Atk": 0.39877871042892354, "Def": 0.974566580064844}}, "Paysandu / PA": {"Home": {"Atk": 1.6434477927000404, "Def": 0.5986194682593765}, "Away": {"Atk": 0.34713409568506876, "Def": 0.9367185773521346}}, "ASA / AL": {"Home": {"Atk": 1.7788746258055177, "Def": 0.3892690701280999}, "Away": {"Atk": 0.3945914699101725, "Def": 0.6822548441662123}}, "Am\u00e9rica / MG": {"Home": {"Atk": 1.887244661559384, "Def": 0.49172157519375675}, "Away": {"Atk": 0.6260987840193566, "Def": 1.9324293011627336}}, "Ava\u00ed / SC": {"Home": {"Atk": 1.7907588021268976, "Def": 0.5190668173947682}, "Away": {"Atk": 0.7305444860287309, "Def": 1.4565250786893693}}, "Chapecoense / SC": {"Home": {"Atk": 2.8062987019326022, "Def": 0.6139927693178012}, "Away": {"Atk": 0.7340418030675335, "Def": 1.7391575256675502}}, "Cear\u00e1 / CE": {"Home": {"Atk": 2.4070691610262607, "Def": 0.5743302730043266}, "Away": {"Atk": 0.5631565158043532, "Def": 1.0685231941667126}}, "Am\u00e9rica / RN": {"Home": {"Atk": 1.6271051495893254, "Def": 0.5270548753661891}, "Away": {"Atk": 0.4589081591827786, "Def": 0.9893841740072576}}, "Paran\u00e1 / PR": {"Home": {"Atk": 1.718913747707845, "Def": 1.197922986455471}, "Away": {"Atk": 0.7762174213035696, "Def": 1.4050407138553018}}, "Atl\u00e9tico / GO": {"Home": {"Atk": 1.5911319027545452, "Def": 0.4498717617169319}, "Away": {"Atk": 0.3685534982782219, "Def": 1.5170694897644472}}, "Red Bull Bragantino / SP": {"Home": {"Atk": 1.0927750294184206, "Def": 1.017336685285775}, "Away": {"Atk": 0.6115147948920701, "Def": 1.1846882575946902}}, "Sport / PE": {"Home": {"Atk": 1.9094141171939596, "Def": 0.6518050928453181}, "Away": {"Atk": 1.0430699033711215, "Def": 0.8860502422877483}}}