{"Palmeiras / SP": {"Atk": 1.0, "Def": 0.905059936980464, "Ext": 0.1925150136605995}, "Chapecoense / SC": {"Atk": 0.1615542969877696, "Def": 0.8797251959854697, "Ext": 0.12162718319670085}, "Fluminense / RJ": {"Atk": 0.650202025786319, "Def": 0.6091805058931551, "Ext": 0.0}, "S\u00e3o Paulo / SP": {"Atk": 0.7333036524899736, "Def": 0.7109522223092428, "Ext": 0.0}, "Cruzeiro / MG": {"Atk": 0.5580613090191465, "Def": 0.8555441830338109, "Ext": 0.0}, "Athletico Paranaense / PR": {"Atk": 0.5719508559389286, "Def": 0.8206628043915903, "Ext": 0.0}, "Sport / PE": {"Atk": 0.15373068517395944, "Def": 6.151088076030813, "Ext": 0.6937455801718838}, "Vasco da Gama / RJ": {"Atk": 0.2636333131443739, "Def": 0.4138545457427563, "Ext": 0.0}, "Gr\u00eamio / RS": {"Atk": 0.665876126988507, "Def": 1.8457058664146977, "Ext": 0.26067788402360265}, "Ava\u00ed / SC": {"Atk": 0.4749717289641645, "Def": 0.49734318314594406, "Ext": 0.0}, "Coritiba / PR": {"Atk": 0.4051290461426901, "Def": 0.9027455669901184, "Ext": 0.0}, "Goi\u00e1s / GO": {"Atk": 0.5122256480580659, "Def": 1.0994067020751708, "Ext": 0.0}, "Corinthians / SP": {"Atk": 0.9253954096123668, "Def": 1.8165358415297341, "Ext": 0.02506043870261117}, "Flamengo / RJ": {"Atk": 0.8332892966400675, "Def": 0.5037214293672291, "Ext": 0.0}, "Santos / SP": {"Atk": 0.8021012046367044, "Def": 0.9292009007277234, "Ext": 0.15859285610626872}, "Atl\u00e9tico / MG": {"Atk": 1.0211910571734213, "Def": 0.7794014144130001, "Ext": 0.0}, "Joinville / SC": {"Atk": 0.21865440672390085, "Def": 0.7901326400497066, "Ext": 0.0}, "Ponte Preta / SP": {"Atk": 0.4919116242547765, "Def": 0.9274234685871451, "Ext": 0.13540161136213463}, "Internacional / RS": {"Atk": 0.4895786587125541, "Def": 0.8706379883039096, "Ext": 0.0}, "Figueirense / SC": {"Atk": 0.3173114873536526, "Def": 0.6472168852652803, "Ext": 0.15505805905577533}, "Home bonus": 0.561277572186791}