{"Palmeiras / SP": {"Atk": 0.7989223505795433, "Def": 0.7497659327199535, "Home bonus": 0.9067677270650101, "Ext": 0.0}, "Flamengo / RJ": {"Atk": 0.6216830455123932, "Def": 0.8125464350933145, "Home bonus": 0.6012986972455899, "Ext": 0.0}, "Atl\u00e9tico / MG": {"Atk": 0.6204332384292189, "Def": 0.7384157147165612, "Home bonus": 0.7509527723578531, "Ext": 0.2150640167208616}, "Coritiba / PR": {"Atk": 0.2824344029212766, "Def": 0.674696724606958, "Home bonus": 0.970538891642655, "Ext": 0.1615436261615314}, "Botafogo / RJ": {"Atk": 0.44504289664433844, "Def": 0.6861878565711057, "Home bonus": 0.7971534214303234, "Ext": 0.11240633501717259}, "Santa Cruz / PE": {"Atk": 0.645045731721431, "Def": 0.3483949732778707, "Home bonus": 0.19933197263812363, "Ext": 0.0}, "Corinthians / SP": {"Atk": 0.7080104519979002, "Def": 0.792913588039054, "Home bonus": 0.25891548847401724, "Ext": 0.0}, "Figueirense / SC": {"Atk": 0.08486276100826817, "Def": 1.014420509074711, "Home bonus": 0.5075927249990193, "Ext": 0.41913501991883373}, "Am\u00e9rica / MG": {"Atk": 0.26634401339395214, "Def": 0.41612382948617216, "Home bonus": 0.16198047342575544, "Ext": 0.0}, "Internacional / RS": {"Atk": 0.23643516378069204, "Def": 0.8348550896844246, "Home bonus": 0.49944564005820824, "Ext": 0.2905525098737141}, "Vit\u00f3ria / BA": {"Atk": 0.5800241750314796, "Def": 0.45148461771503395, "Home bonus": 0.41127628399547494, "Ext": 0.05802492271474282}, "Fluminense / RJ": {"Atk": 0.40402405222146354, "Def": 0.9506913060884641, "Home bonus": 0.4413970157817098, "Ext": 0.22840725118787658}, "Cruzeiro / MG": {"Atk": 0.6612207837346167, "Def": 0.48972020214953316, "Home bonus": 0.0, "Ext": 0.0}, "Santos / SP": {"Atk": 0.5825018773283521, "Def": 1.1665340122804724, "Home bonus": 0.9265873348950496, "Ext": 0.10385400752026286}, "Athletico Paranaense / PR": {"Atk": 0.3049803243904709, "Def": 1.6570579252882127, "Home bonus": 0.8817312502206032, "Ext": 0.0}, "Chapecoense / SC": {"Atk": 0.5560225836540751, "Def": 0.5796245107767527, "Home bonus": 0.07441101153446726, "Ext": 0.40442130572615065}, "S\u00e3o Paulo / SP": {"Atk": 0.47190481662318895, "Def": 0.9817351142672034, "Home bonus": 0.10848744054511321, "Ext": 0.08275107360164982}, "Gr\u00eamio / RS": {"Atk": 0.39608205592953155, "Def": 1.6118205492834563, "Home bonus": 0.5292416637301677, "Ext": 0.1737864880109691}, "Ponte Preta / SP": {"Atk": 0.4702352388659806, "Def": 0.45853303384231514, "Home bonus": 1.0955973529378182, "Ext": 0.0}, "Sport / PE": {"Atk": 0.291148265488162, "Def": 0.4762342250709629, "Home bonus": 1.1656991709685862, "Ext": 0.12295747088101895}}