{"Gr\u00eamio / RS": {"Atk": 1.0, "Def": 0.5892793585107772, "Ext": 0.16335363482026677}, "Atl\u00e9tico / MG": {"Atk": 0.529145026123804, "Def": 0.8509222791310698, "Ext": 0.3272296071154715}, "Cear\u00e1 / CE": {"Atk": 0.45772282547542853, "Def": 0.5876984637862631, "Ext": 0.11486333521434275}, "Palmeiras / SP": {"Atk": 0.6654266756380479, "Def": 1.1194188803309313, "Ext": 0.2975363801947623}, "S\u00e3o Paulo / SP": {"Atk": 0.4467705851016049, "Def": 0.7783843410789248, "Ext": 0.574806091519948}, "Flamengo / RJ": {"Atk": 0.5864825094031108, "Def": 0.9862622237684525, "Ext": 0.4348798235399694}, "Fluminense / RJ": {"Atk": 0.4337743963557748, "Def": 0.5901337046317648, "Ext": 0.7846059956572011}, "Chapecoense / SC": {"Atk": 0.17823830965536092, "Def": 0.4434025715241826, "Ext": 0.713658248328175}, "Bahia / BA": {"Atk": 0.12968621853929227, "Def": 0.9044939162947812, "Ext": 0.09855605152930745}, "Athletico Paranaense / PR": {"Atk": 0.562158066986986, "Def": 0.943767246891633, "Ext": 0.11618444350531362}, "Internacional / RS": {"Atk": 0.6236899463597833, "Def": 0.6050936439746005, "Ext": 0.37297329733029955}, "Cruzeiro / MG": {"Atk": 0.049667005623179945, "Def": 0.5917250784828165, "Ext": 0.058370771254076595}, "Fortaleza / CE": {"Atk": 0.42722798853184585, "Def": 0.4924592384873014, "Ext": 0.14600118965090564}, "Corinthians / SP": {"Atk": 0.32180123564927066, "Def": 0.817723916540277, "Ext": 0.24344638615748862}, "Santos / SP": {"Atk": 0.5013552118314336, "Def": 0.9530917808550533, "Ext": 0.0}, "Vasco da Gama / RJ": {"Atk": 0.11526365907493245, "Def": 0.8009117858841825, "Ext": 0.5730615513353188}, "Botafogo / RJ": {"Atk": 0.3585564470695358, "Def": 0.7157285882058515, "Ext": 0.13243699863016795}, "Ava\u00ed / SC": {"Atk": 0.0, "Def": 0.6207841087657031, "Ext": 0.0}, "Goi\u00e1s / GO": {"Atk": 0.23670040545876356, "Def": 0.8643936817240623, "Ext": 0.09592251030271029}, "CSA / AL": {"Atk": 0.0, "Def": 0.20540730724141748, "Ext": 0.011336744254379853}, "Home bonus": 0.476724181100926}