{"Cruzeiro / MG": {"Atk": 1.0, "Def": 2.0210890246293713}, "Athletico Paranaense / PR": {"Atk": 1.4697485062652464, "Def": 1.8399862507887597}, "Am\u00e9rica / MG": {"Atk": 0.8390617282166296, "Def": 1.5262812512017767}, "Vit\u00f3ria / BA": {"Atk": 1.1308468638909444, "Def": 0.9777874376759532}, "Vasco da Gama / RJ": {"Atk": 1.302280190176444, "Def": 1.1674547937155177}, "Botafogo / RJ": {"Atk": 1.1714370046449663, "Def": 1.353121036797274}, "S\u00e3o Paulo / SP": {"Atk": 1.761887496870294, "Def": 1.9915122994269097}, "Santos / SP": {"Atk": 1.6067206164268788, "Def": 1.8516204028415713}, "Corinthians / SP": {"Atk": 1.1990108347945632, "Def": 1.926369959759147}, "Internacional / RS": {"Atk": 1.710314978477744, "Def": 2.8479671968410245}, "Atl\u00e9tico / MG": {"Atk": 1.9594928594001666, "Def": 1.4105141410161828}, "Paran\u00e1 / PR": {"Atk": 0.3075604712085187, "Def": 1.047729128829816}, "Chapecoense / SC": {"Atk": 0.9456717965258165, "Def": 1.2229548227967662}, "Bahia / BA": {"Atk": 1.2170661987941973, "Def": 1.6511873987877381}, "Fluminense / RJ": {"Atk": 1.1955289813735483, "Def": 1.5313381712057856}, "Flamengo / RJ": {"Atk": 2.090898828043785, "Def": 2.76104467101484}, "Cear\u00e1 / CE": {"Atk": 0.9720020737474631, "Def": 1.7049281636857492}, "Sport / PE": {"Atk": 1.2873852828554118, "Def": 1.0030707662803628}, "Palmeiras / SP": {"Atk": 2.080672232145965, "Def": 2.6545815941269697}, "Gr\u00eamio / RS": {"Atk": 1.5246789994270589, "Def": 2.308643652182543}, "Home bonus": 0.5403678526253183}