{"Flamengo / RJ": {"Atk": 1.0, "Def": 0.7991571742827709, "Home bonus": 0.5095230543220483}, "Botafogo / RJ": {"Atk": 0.8054480795062041, "Def": 0.8200117423926957, "Home bonus": 0.0}, "Palmeiras / SP": {"Atk": 0.9248010004254251, "Def": 1.0442495003954226, "Home bonus": 0.34214369954244855}, "Santos / SP": {"Atk": 0.718541000644684, "Def": 0.9449449719496519, "Home bonus": 1.0033862629918382}, "Corinthians / SP": {"Atk": 0.6774829189643399, "Def": 0.7747624897748835, "Home bonus": 0.6657252581929862}, "Gr\u00eamio / RS": {"Atk": 0.6845652038781297, "Def": 1.2357341516535214, "Home bonus": 0.2436383491099031}, "Sport / PE": {"Atk": 0.8718071254315825, "Def": 0.8441441735337701, "Home bonus": 0.0}, "Coritiba / PR": {"Atk": 0.5359902450415319, "Def": 1.02472731512357, "Home bonus": 0.0}, "Fortaleza / CE": {"Atk": 0.7650727728701947, "Def": 1.5404848849439483, "Home bonus": 0.0}, "Goi\u00e1s / GO": {"Atk": 1.0905878528655915, "Def": 0.41139242041583424, "Home bonus": 0.39638235579671727}, "Fluminense / RJ": {"Atk": 0.5896362020156657, "Def": 0.7655280099977849, "Home bonus": 1.265481327521931}, "Vasco da Gama / RJ": {"Atk": 1.2400717078135157, "Def": 0.8837037842900362, "Home bonus": 0.0}, "S\u00e3o Paulo / SP": {"Atk": 1.0011873737254282, "Def": 1.1382333972386829, "Home bonus": 0.30859883385610587}, "Red Bull Bragantino / SP": {"Atk": 0.8246140941497826, "Def": 0.6360014808509658, "Home bonus": 0.45631127039505853}, "Atl\u00e9tico / MG": {"Atk": 1.2530780684927327, "Def": 0.8734025033451964, "Home bonus": 1.0337342995644054}, "Internacional / RS": {"Atk": 0.7146263656826374, "Def": 1.7211863576246518, "Home bonus": 0.9275990899696438}, "Bahia / BA": {"Atk": 1.0617022811548966, "Def": 0.5046144335039878, "Home bonus": 0.0}, "Athletico Paranaense / PR": {"Atk": 0.7246708783565791, "Def": 1.2188454763681562, "Home bonus": 0.0}, "Cear\u00e1 / CE": {"Atk": 0.9441508998219577, "Def": 0.6876730886396991, "Home bonus": 0.0}, "Atl\u00e9tico / GO": {"Atk": 0.4195624788479478, "Def": 0.8823651682008952, "Home bonus": 1.0174488794118048}}