{"Flamengo / RJ": {"Home": {"Atk": 1.0, "Def": 0.6942390003956561}, "Away": {"Atk": 1.3291196473023823, "Def": 0.8289439179897322}, "Ext": 0.0}, "Corinthians / SP": {"Home": {"Atk": 0.5778410029516041, "Def": 0.7212766439229209}, "Away": {"Atk": 0.28194533796852134, "Def": 4.534822573257573}, "Ext": 0.2854608048739733}, "S\u00e3o Paulo / SP": {"Home": {"Atk": 0.1889005840393727, "Def": 2.4333960216168995}, "Away": {"Atk": 0.41425433238027887, "Def": 0.5457211089119463}, "Ext": 0.19435174111784898}, "Atl\u00e9tico Mineiro / MG": {"Home": {"Atk": 1.1133299909106817, "Def": 1.584180528633087}, "Away": {"Atk": 0.5918224470965077, "Def": 1.2529719283307368}, "Ext": 0.033602193041349246}, "Internacional / RS": {"Home": {"Atk": 0.5176718738072542, "Def": 0.8226999214423998}, "Away": {"Atk": 0.600192852351942, "Def": 0.8446997472495085}, "Ext": 0.18713452804317315}, "Cear\u00e1 / CE": {"Home": {"Atk": 0.44149089408431513, "Def": 2.0786905244118157}, "Away": {"Atk": 0.0, "Def": 0.6183708360707941}, "Ext": 0.3900308501577467}, "Bahia / BA": {"Home": {"Atk": 0.8305652294506428, "Def": 0.39185879253281536}, "Away": {"Atk": 0.45748939351089335, "Def": 0.3497935579033054}, "Ext": 0.0}, "Athletico Paranaense / PR": {"Home": {"Atk": 0.9775722079062568, "Def": 0.580915380613741}, "Away": {"Atk": 0.7147464528916135, "Def": 0.5070921474886305}, "Ext": 0.0}, "Chapecoense / SC": {"Home": {"Atk": 0.0, "Def": 0.44377018386754136}, "Away": {"Atk": 0.24031055129341228, "Def": 0.811867339354224}, "Ext": 0.5599619206064047}, "Cuiab\u00e1 / MT": {"Home": {"Atk": 0.25277426402636255, "Def": 0.6519959856474201}, "Away": {"Atk": 0.23897489631044264, "Def": 5.3544830607281}, "Ext": 0.44220687999826064}, "Fluminense / RJ": {"Home": {"Atk": 0.4702447518772092, "Def": 0.6005507113369277}, "Away": {"Atk": 0.2825798386210146, "Def": 0.7221452774558301}, "Ext": 0.1997907142388566}, "Palmeiras / SP": {"Home": {"Atk": 1.030625763356199, "Def": 0.37171860999369893}, "Away": {"Atk": 0.9918304784100039, "Def": 0.6102507703829224}, "Ext": 0.0}, "Santos / SP": {"Home": {"Atk": 0.6531842102525349, "Def": 0.817554942987228}, "Away": {"Atk": 0.32119341481973646, "Def": 0.4090609864313961}, "Ext": 0.0}, "Am\u00e9rica / MG": {"Home": {"Atk": 0.7258691858238571, "Def": 0.7602923803750639}, "Away": {"Atk": 0.5160309379348578, "Def": 0.471881997031668}, "Ext": 0.0}, "Gr\u00eamio / RS": {"Home": {"Atk": 0.4227461650639378, "Def": 0.8944916264328491}, "Away": {"Atk": 0.3339545364693239, "Def": 0.5204258020258596}, "Ext": 0.274883748311795}, "Fortaleza / CE": {"Home": {"Atk": 1.179027917842136, "Def": 0.5818952313115243}, "Away": {"Atk": 0.7806048060587241, "Def": 0.5409529971756452}, "Ext": 0.0}, "Sport / PE": {"Home": {"Atk": 0.21561057430550284, "Def": 0.8425863942874761}, "Away": {"Atk": 0.28167739037632183, "Def": 0.9080624963304145}, "Ext": 0.05094075185824757}, "Red Bull Bragantino / SP": {"Home": {"Atk": 0.2803278939204642, "Def": 1.41176098204803}, "Away": {"Atk": 0.6288860403379659, "Def": 1.5803125148136732}, "Ext": 0.709574167253691}, "Juventude / RS": {"Home": {"Atk": 0.644553675981608, "Def": 0.6101442089119753}, "Away": {"Atk": 0.3230246164011959, "Def": 0.5955144831785449}, "Ext": 0.07209125117215058}, "Atl\u00e9tico / GO": {"Home": {"Atk": 0.31499219270272727, "Def": 0.7621661928968178}, "Away": {"Atk": 0.6991389358584721, "Def": 0.6853635869621958}, "Ext": 0.022834304220663102}}