{"Flamengo / RJ": {"Atk": 1.0, "Def": 0.625666882778549, "Ext": 0.3971442419547441}, "Fluminense / RJ": {"Atk": 0.640198927488219, "Def": 0.8394783327091494, "Ext": 0.5803725917505023}, "S\u00e3o Paulo / SP": {"Atk": 0.6003986893131422, "Def": 0.8459957606234318, "Ext": 0.32772622427571263}, "Santos / SP": {"Atk": 0.44672953777130187, "Def": 0.8372615684039189, "Ext": 0.3041146358136735}, "Athletico Paranaense / PR": {"Atk": 0.39762829336037253, "Def": 0.9231467939200501, "Ext": 0.423207817476263}, "Atl\u00e9tico / MG": {"Atk": 0.6050763896708091, "Def": 0.882862818963721, "Ext": 0.0174059006481129}, "Bahia / BA": {"Atk": 0.19897550207094383, "Def": 0.779319091150706, "Ext": 0.41816897977020107}, "Internacional / RS": {"Atk": 0.5791906754726251, "Def": 0.8398441006475285, "Ext": 0.02744987008105959}, "Crici\u00fama / SC": {"Atk": 0.012009789535805046, "Def": 0.6131203473893045, "Ext": 0.044281018443959846}, "Chapecoense / SC": {"Atk": 0.3475842696478332, "Def": 0.7231400336098153, "Ext": 0.3488802131878259}, "Botafogo / RJ": {"Atk": 0.48505185514172344, "Def": 0.8424949548963209, "Ext": 0.0}, "Sport / PE": {"Atk": 0.2692014019406888, "Def": 0.9208659438940794, "Ext": 0.0810989228912839}, "Corinthians / SP": {"Atk": 0.6567648734957053, "Def": 0.9377380844749348, "Ext": 0.4468524624820947}, "Palmeiras / SP": {"Atk": 0.402601732148444, "Def": 0.5705239030282835, "Ext": 0.4188612192025328}, "Coritiba / PR": {"Atk": 0.3002780957451518, "Def": 0.7810730707264105, "Ext": 0.0029537775541109363}, "Cruzeiro / MG": {"Atk": 0.9229226999616158, "Def": 0.5856573177088782, "Ext": 0.45355422265679346}, "Vit\u00f3ria / BA": {"Atk": 0.3495553983330994, "Def": 0.8666392342959275, "Ext": 0.4652690564769511}, "Gr\u00eamio / RS": {"Atk": 0.2669544798237616, "Def": 0.821938839743013, "Ext": 0.1270016645051109}, "Figueirense / SC": {"Atk": 0.36946258360811834, "Def": 0.5345439362140522, "Ext": 0.46240990780699254}, "Goi\u00e1s / GO": {"Atk": 0.29312876549789035, "Def": 0.7065307501943925, "Ext": 0.0}, "Home bonus": 0.3457216157229101}