{"Guarani / SP": {"Atk": 1.0, "Def": 1.5853452845270894, "Home bonus": 0.6039974195909432, "Ext": 0.1}, "Vila Nova / GO": {"Atk": 1.2741944709315838, "Def": 2.852731638156837, "Home bonus": 0.0, "Ext": 0.0}, "Crici\u00fama / SC": {"Atk": 1.0208015596946467, "Def": 1.5331316339331242, "Home bonus": 0.36619898913991467, "Ext": 0.0}, "Ituano / SP": {"Atk": 0.7975490395640524, "Def": 1.0992705657779434, "Home bonus": 0.3770987848369432, "Ext": 0.0}, "Mirassol / SP": {"Atk": 0.9668737889125711, "Def": 1.3309321589101601, "Home bonus": 0.28359066050707804, "Ext": 0.0}, "Vit\u00f3ria / BA": {"Atk": 1.3129291488290198, "Def": 1.408707445764202, "Home bonus": 0.5766983675881383, "Ext": 0.0}, "Sampaio Corr\u00eaa / MA": {"Atk": 0.567792581926737, "Def": 0.9363392961592251, "Home bonus": 0.39402216824270003, "Ext": 0.1}, "Juventude / RS": {"Atk": 1.2438912010240364, "Def": 1.3555104374477023, "Home bonus": 0.0, "Ext": 0.0}, "Londrina / PR": {"Atk": 0.513142717205734, "Def": 0.7693726819705585, "Home bonus": 0.9138955232820959, "Ext": 0.0}, "CRB / AL": {"Atk": 0.9525469273052138, "Def": 0.9661132854406442, "Home bonus": 0.3048010702638213, "Ext": 0.0}, "Ponte Preta / SP": {"Atk": 0.35490791808725003, "Def": 1.6168888136745108, "Home bonus": 0.5638679324199894, "Ext": 0.1}, "Atl\u00e9tico / GO": {"Atk": 1.2068200787844094, "Def": 0.6460289245508251, "Home bonus": 0.5141696822880422, "Ext": 0.1}, "Ava\u00ed / SC": {"Atk": 0.9104017199206653, "Def": 0.8291635446998924, "Home bonus": 0.0, "Ext": 0.1}, "Botafogo / SP": {"Atk": 0.8021278487140602, "Def": 0.9804908395523092, "Home bonus": 0.0, "Ext": 0.0}, "Novorizontino / SP": {"Atk": 1.2354984251616727, "Def": 1.9133556096958901, "Home bonus": 0.30935453750736636, "Ext": 0.0}, "Sport / PE": {"Atk": 1.0309511656512116, "Def": 1.7723216172447707, "Home bonus": 1.0416346234097098, "Ext": 0.0}, "Cear\u00e1 / CE": {"Atk": 1.1723399134073518, "Def": 1.0716313285345596, "Home bonus": 0.0, "Ext": 0.0}, "Chapecoense / SC": {"Atk": 1.2036506789159027, "Def": 0.8610064267482667, "Home bonus": 0.0, "Ext": 0.1}, "Tombense / MG": {"Atk": 0.6978756440818491, "Def": 0.7622278168666922, "Home bonus": 0.7331720151864746, "Ext": 0.0}, "ABC / RN": {"Atk": 0.6630267144758871, "Def": 0.8539351092364871, "Home bonus": 0.0, "Ext": 0.1}}