{"Cear\u00e1 / CE": {"Atk": 0.8053938620367946, "Def": 0.6152821651920661, "Ext": 0.07831260495575461}, "Bahia / BA": {"Atk": 0.8715221070290115, "Def": 0.8053433660379038, "Ext": 0.1}, "Sampaio Corr\u00eaa / MA": {"Atk": 0.4877282662035138, "Def": 0.5012345586693846, "Ext": 0.1}, "Oeste / SP": {"Atk": 0.5826442999715008, "Def": 0.5893557875567147, "Ext": 0.1}, "Vila Nova / GO": {"Atk": 0.8897983310399924, "Def": 0.5415245352229731, "Ext": 0.1}, "Luverdense / MT": {"Atk": 0.6897888303720966, "Def": 0.7591328109996244, "Ext": 0.1}, "Tupi / MG": {"Atk": 0.6497329434528171, "Def": 0.60205686139876, "Ext": 0.0}, "Brasil / RS": {"Atk": 0.7110241694156989, "Def": 0.7627277442978977, "Ext": 0.0}, "Londrina / PR": {"Atk": 0.5939635039838813, "Def": 0.951610073840343, "Ext": 0.0005690421128127187}, "Crici\u00fama / SC": {"Atk": 0.8650894612677831, "Def": 0.5882158644141124, "Ext": 0.0}, "N\u00e1utico / PE": {"Atk": 0.9279671980486611, "Def": 0.5840984179109036, "Ext": 0.1}, "CRB / AL": {"Atk": 0.904973600267006, "Def": 0.5378112870990929, "Ext": 0.0}, "Paysandu / PA": {"Atk": 0.6193710058804502, "Def": 0.5937485297205977, "Ext": 0.0}, "Red Bull Bragantino / SP": {"Atk": 0.5183901331951332, "Def": 0.57082908681394, "Ext": 0.0}, "Goi\u00e1s / GO": {"Atk": 0.7275251635548352, "Def": 0.6043535612648431, "Ext": 0.1}, "Vasco da Gama / RJ": {"Atk": 0.9876078248280811, "Def": 0.6742455495531406, "Ext": 0.1}, "Atl\u00e9tico / GO": {"Atk": 0.8052295804515296, "Def": 0.9824478173837838, "Ext": 0.1}, "Joinville / SC": {"Atk": 0.4043133819499205, "Def": 0.6979616158890346, "Ext": 0.0}, "Paran\u00e1 / PR": {"Atk": 0.6001712881224851, "Def": 0.5721446510856067, "Ext": 0.1}, "Ava\u00ed / SC": {"Atk": 0.7503294390741307, "Def": 0.6532381432609665, "Ext": 0.0}}