{"Fluminense / RJ": {"Atk": 1.0, "Def": 0.9422324008737688, "Home bonus": 0.20502656913092035, "Ext": 0.19138947055151312}, "Flamengo / RJ": {"Atk": 0.7893541393687591, "Def": 1.3068043625855135, "Home bonus": 0.7248175727331087, "Ext": 0.02826491445068663}, "Palmeiras / SP": {"Atk": 1.471470851819913, "Def": 1.1904121859290098, "Home bonus": 0.0, "Ext": 0.049093215738118694}, "Corinthians / SP": {"Atk": 0.8140046725182369, "Def": 3.592212418200742, "Home bonus": 0.5406611999954238, "Ext": 0.2107175921962355}, "Cruzeiro / MG": {"Atk": 0.992681957411432, "Def": 1.2873299026658975, "Home bonus": 0.30801838715533125, "Ext": 0.013604697327582939}, "Coritiba / PR": {"Atk": 1.1104356365203527, "Def": 0.9600124920644463, "Home bonus": 0.0, "Ext": 0.007166858588321188}, "Gr\u00eamio / RS": {"Atk": 1.3362951450841145, "Def": 1.553165136231219, "Home bonus": 0.0, "Ext": 0.165707146452854}, "Bahia / BA": {"Atk": 0.8386065666705395, "Def": 0.8926002852136885, "Home bonus": 0.9401197010757346, "Ext": 0.0}, "Ponte Preta / SP": {"Atk": 0.47668166840517506, "Def": 0.8279729067537076, "Home bonus": 0.8802176548176761, "Ext": 0.0}, "Ava\u00ed / SC": {"Atk": 0.6382141999712799, "Def": 0.8345535379141052, "Home bonus": 0.004470827350010739, "Ext": 0.0}, "Botafogo / RJ": {"Atk": 0.6504690592430444, "Def": 1.2080782614773147, "Home bonus": 0.8120742666334175, "Ext": 0.10647094830805809}, "Vasco da Gama / RJ": {"Atk": 0.9300789562017046, "Def": 0.9168451811729941, "Home bonus": 0.0, "Ext": 0.0}, "Santos / SP": {"Atk": 0.5320584801966424, "Def": 4.403846437117954, "Home bonus": 0.5729046243118352, "Ext": 0.18254293860230786}, "S\u00e3o Paulo / SP": {"Atk": 0.3037073285628808, "Def": 1.5589962166285407, "Home bonus": 0.8785692656285867, "Ext": 0.4883730759917785}, "Atl\u00e9tico / MG": {"Atk": 1.1561690500283268, "Def": 0.8354386683861762, "Home bonus": 0.0, "Ext": 0.0}, "Athletico Paranaense / PR": {"Atk": 0.9167741702673209, "Def": 1.0456041183053648, "Home bonus": 0.34697635009707817, "Ext": 0.0}, "Sport / PE": {"Atk": 1.0234450657191947, "Def": 0.7288746004194883, "Home bonus": 0.4327929541653337, "Ext": 0.0}, "Vit\u00f3ria / BA": {"Atk": 1.0134870951725883, "Def": 0.7893680837771604, "Home bonus": 0.0, "Ext": 0.20832019329670273}, "Atl\u00e9tico / GO": {"Atk": 0.9173685412645043, "Def": 0.6824736220056621, "Home bonus": 0.0, "Ext": 0.0}, "Chapecoense / SC": {"Atk": 1.1367572095847285, "Def": 0.8429067850199929, "Home bonus": 0.0, "Ext": 0.0}}