{"Guarani / SP": {"Atk": 1.0, "Def": 1.4514389214251981, "Ext": 0.1}, "Botafogo / SP": {"Atk": 1.3128583519262236, "Def": 1.3969820217128208, "Ext": 0.08037325460430765}, "S\u00e3o Bento / SP": {"Atk": 1.5157681799343519, "Def": 1.0512063864133223, "Ext": 0.1}, "Vila Nova / GO": {"Atk": 0.9771678116745253, "Def": 1.5636179909780155, "Ext": 0.0}, "Coritiba / PR": {"Atk": 1.923019493116665, "Def": 1.356072929564549, "Ext": 0.1}, "Oper\u00e1rio / PR": {"Atk": 1.3238588612997535, "Def": 1.256305539870759, "Ext": 0.0}, "Crici\u00fama / SC": {"Atk": 0.9998571231159497, "Def": 1.5235745159336318, "Ext": 0.0}, "Brasil / RS": {"Atk": 1.0713847745618827, "Def": 1.3720057307657325, "Ext": 0.1}, "Sport / PE": {"Atk": 1.9392599022143975, "Def": 1.5501880171766762, "Ext": 0.1}, "CRB / AL": {"Atk": 1.7348247509424526, "Def": 1.2985040571805888, "Ext": 0.0}, "Ponte Preta / SP": {"Atk": 1.5167619042090468, "Def": 1.6373601542489875, "Ext": 0.1}, "Red Bull Bragantino / SP": {"Atk": 2.308578496796493, "Def": 2.464779024912545, "Ext": 0.0}, "Oeste / SP": {"Atk": 1.4272963034719135, "Def": 1.3657698035587402, "Ext": 0.1}, "Atl\u00e9tico / GO": {"Atk": 1.61504517210078, "Def": 2.096704892961785, "Ext": 0.1}, "Paran\u00e1 / PR": {"Atk": 1.1507356071666566, "Def": 1.6940224124800773, "Ext": 0.1}, "Londrina / PR": {"Atk": 1.624770592251845, "Def": 1.065514309285426, "Ext": 0.1}, "Figueirense / SC": {"Atk": 1.0881130020254144, "Def": 1.4041896314556792, "Ext": 0.1}, "Am\u00e9rica / MG": {"Atk": 1.4394266857895908, "Def": 1.427936013033891, "Ext": 0.1}, "Vit\u00f3ria / BA": {"Atk": 1.1429235855114226, "Def": 1.1271953232497351, "Ext": 0.0}, "Cuiab\u00e1 / MT": {"Atk": 1.5320076550616644, "Def": 1.3244262406606626, "Ext": 0.1}}