{"Guarani / SP": {"Home": {"Atk": 1.0, "Def": 0.648087208512208}, "Away": {"Atk": 0.40952543972161976, "Def": 0.9089860657439981}, "Ext": 0.0}, "Vila Nova / GO": {"Home": {"Atk": 0.6283153938086716, "Def": 1.3734644300161973}, "Away": {"Atk": 0.5941366341892763, "Def": 0.8926642962449615}, "Ext": 0.0}, "Crici\u00fama / SC": {"Home": {"Atk": 0.9338711258968765, "Def": 0.6885907295210573}, "Away": {"Atk": 0.35298880972207825, "Def": 0.6725816976834736}, "Ext": 0.0}, "Ituano / SP": {"Home": {"Atk": 0.8704213110774206, "Def": 0.5071059397212838}, "Away": {"Atk": 0.3591608783868853, "Def": 0.5838233892939098}, "Ext": 0.0}, "Mirassol / SP": {"Home": {"Atk": 0.5763303376453861, "Def": 0.7304618226477495}, "Away": {"Atk": 0.40228507475765196, "Def": 0.7114744053044356}, "Ext": 0.0}, "Vit\u00f3ria / BA": {"Home": {"Atk": 0.8947018852309958, "Def": 1.2455883799802827}, "Away": {"Atk": 0.5453894902133135, "Def": 0.7144375116050483}, "Ext": 0.0}, "Sampaio Corr\u00eaa / MA": {"Home": {"Atk": 0.4779201678077976, "Def": 0.4517684257223981}, "Away": {"Atk": 0.11371891710531805, "Def": 0.7592846150383337}, "Ext": 0.10220636692403354}, "Juventude / RS": {"Home": {"Atk": 0.5665722068771503, "Def": 0.6715658439373536}, "Away": {"Atk": 0.5831381346567346, "Def": 0.9430016574847703}, "Ext": 0.0}, "Londrina / PR": {"Home": {"Atk": 0.7410025911737879, "Def": 0.33462884991881564}, "Away": {"Atk": 0.2325970234353523, "Def": 0.38736671312800586}, "Ext": 0.0}, "CRB / AL": {"Home": {"Atk": 0.7150094443991415, "Def": 0.4634335543037053}, "Away": {"Atk": 0.5095094525706952, "Def": 0.6253863969232798}, "Ext": 0.0}, "Ponte Preta / SP": {"Home": {"Atk": 0.4070750289983975, "Def": 1.3194865901191333}, "Away": {"Atk": 0.14806778380575195, "Def": 0.6754507375571805}, "Ext": 0.12803537671216658}, "Atl\u00e9tico / GO": {"Home": {"Atk": 0.5376373865327411, "Def": 0.6817909059544198}, "Away": {"Atk": 0.39853511327767116, "Def": 0.7154157080267094}, "Ext": 0.5045798382620917}, "Ava\u00ed / SC": {"Home": {"Atk": 0.4539487430507689, "Def": 0.29031201542869656}, "Away": {"Atk": 0.17142200400171947, "Def": 1.0152130010852538}, "Ext": 0.31551104178570666}, "Botafogo / SP": {"Home": {"Atk": 0.3587470101366721, "Def": 0.42132799091424183}, "Away": {"Atk": 0.3364669671368676, "Def": 0.5698720602400229}, "Ext": 0.0}, "Novorizontino / SP": {"Home": {"Atk": 0.8785480914385198, "Def": 0.7074851326504974}, "Away": {"Atk": 0.6532403537238188, "Def": 0.8990129742011355}, "Ext": 0.0}, "Sport / PE": {"Home": {"Atk": 1.1473691525972647, "Def": 1.3190620689648203}, "Away": {"Atk": 0.25761759540200424, "Def": 0.8712799504631137}, "Ext": 0.24644693075022117}, "Cear\u00e1 / CE": {"Home": {"Atk": 0.7026969192138792, "Def": 0.385679624474429}, "Away": {"Atk": 0.5982277085611841, "Def": 0.7587903257324528}, "Ext": 0.0}, "Chapecoense / SC": {"Home": {"Atk": 0.470775932532878, "Def": 0.4636904494806238}, "Away": {"Atk": 0.5755637192774544, "Def": 0.46453248349057874}, "Ext": 0.0}, "Tombense / MG": {"Home": {"Atk": 0.9373147209821968, "Def": 0.3173595241547025}, "Away": {"Atk": 0.2749263316078428, "Def": 0.4622902588302728}, "Ext": 0.0}, "ABC / RN": {"Home": {"Atk": 0.1398174029787523, "Def": 0.48949526068619176}, "Away": {"Atk": 0.14276579967196776, "Def": 0.5632356550064758}, "Ext": 0.29845786246977524}}