{"Vasco da Gama / RJ": {"Atk": 1.0, "Def": 0.6815682987028063, "Ext": 0.0}, "Vila Nova / GO": {"Atk": 0.7782337018920787, "Def": 0.9964090169758408, "Ext": 0.1}, "Guarani / SP": {"Atk": 1.22930225980673, "Def": 0.8637909233343135, "Ext": 0.0}, "N\u00e1utico / PE": {"Atk": 1.150657430682884, "Def": 0.7000493248026864, "Ext": 0.0}, "Brasil / RS": {"Atk": 0.5383456814509476, "Def": 0.7075184689641387, "Ext": 0.1}, "CRB / AL": {"Atk": 1.0467746044418713, "Def": 0.9160524821538062, "Ext": 0.1}, "Coritiba / PR": {"Atk": 1.1053400556224549, "Def": 1.0144786853111767, "Ext": 0.0}, "Brusque / SC": {"Atk": 1.03700958137917, "Def": 0.6341372796379581, "Ext": 0.05507942962027057}, "Confian\u00e7a / SE": {"Atk": 0.7989395274784885, "Def": 0.7499514049844433, "Ext": 0.0823548746186863}, "Sampaio Corr\u00eaa / MA": {"Atk": 0.9394242687417111, "Def": 0.8597580737170467, "Ext": 0.07198310834920343}, "Botafogo / RJ": {"Atk": 1.261232762233536, "Def": 1.133195403042173, "Ext": 0.0}, "Goi\u00e1s / GO": {"Atk": 1.068955356735806, "Def": 1.13176594090286, "Ext": 0.0}, "Ponte Preta / SP": {"Atk": 0.8814438481406457, "Def": 0.9091681290623106, "Ext": 0.1}, "Cruzeiro / MG": {"Atk": 0.9576252919605879, "Def": 0.8228043409603898, "Ext": 0.1}, "Londrina / PR": {"Atk": 0.7182136920248469, "Def": 0.8846490130978918, "Ext": 0.1}, "CSA / AL": {"Atk": 1.0837579571920057, "Def": 1.0713269898576352, "Ext": 0.0}, "Oper\u00e1rio / PR": {"Atk": 0.8098575395553811, "Def": 0.7845723653906973, "Ext": 0.1}, "Ava\u00ed / SC": {"Atk": 1.002480782905986, "Def": 1.0213763820048283, "Ext": 0.0}, "Vit\u00f3ria / BA": {"Atk": 0.6980537356112371, "Def": 1.1442339654151046, "Ext": 0.005913382465321028}, "Remo / PA": {"Atk": 0.6986478302574107, "Def": 0.8580752831648576, "Ext": 0.1}}