{"Palmeiras / SP": {"Atk": 1.0, "Def": 0.9636523583104152, "Ext": 0.1884169656125}, "Chapecoense / SC": {"Atk": 0.1836877831405398, "Def": 0.824391101251334, "Ext": 0.07377265381506336}, "Fluminense / RJ": {"Atk": 0.6732933899947764, "Def": 0.6579982112144489, "Ext": 0.0}, "S\u00e3o Paulo / SP": {"Atk": 0.722309568245603, "Def": 0.7622778489868101, "Ext": 0.0}, "Cruzeiro / MG": {"Atk": 0.5813226658276528, "Def": 0.924562421017811, "Ext": 0.0}, "Athletico Paranaense / PR": {"Atk": 0.571645559781068, "Def": 0.7891367074763733, "Ext": 0.0}, "Sport / PE": {"Atk": 0.25322554205800457, "Def": 5.082894657704616, "Ext": 0.6060846820223367}, "Vasco da Gama / RJ": {"Atk": 0.3244141272993317, "Def": 0.4434755170704753, "Ext": 0.0}, "Gr\u00eamio / RS": {"Atk": 0.6703020120970993, "Def": 2.0488117873978338, "Ext": 0.2949494758832338}, "Ava\u00ed / SC": {"Atk": 0.47961306427435824, "Def": 0.5035771873085528, "Ext": 0.005688350645743599}, "Coritiba / PR": {"Atk": 0.39512418756250395, "Def": 0.9093763452768878, "Ext": 0.0}, "Goi\u00e1s / GO": {"Atk": 0.4847902501807106, "Def": 1.1294726710100447, "Ext": 0.0}, "Corinthians / SP": {"Atk": 0.9827638731978428, "Def": 1.9305939544419832, "Ext": 0.0361468111581464}, "Flamengo / RJ": {"Atk": 0.8151894499023922, "Def": 0.4957563762316421, "Ext": 0.0}, "Santos / SP": {"Atk": 0.8185037748537523, "Def": 1.018754249418176, "Ext": 0.20128525398996475}, "Atl\u00e9tico / MG": {"Atk": 1.0687058553225508, "Def": 0.7831259514756416, "Ext": 0.0}, "Joinville / SC": {"Atk": 0.23888328593628808, "Def": 0.7826096840102501, "Ext": 0.0}, "Ponte Preta / SP": {"Atk": 0.5418096086030649, "Def": 0.9842118235300088, "Ext": 0.1428825814604902}, "Internacional / RS": {"Atk": 0.4956801071672425, "Def": 0.8520524581523469, "Ext": 0.0}, "Figueirense / SC": {"Atk": 0.329555214330136, "Def": 0.6242708925254836, "Ext": 0.1593195749258716}, "Home bonus": 0.5775341175846667}