{"Fluminense / RJ": {"Atk": 1.0, "Def": 1.2855471930591817, "Ext": 0.44177365068273505}, "Flamengo / RJ": {"Atk": 1.0393889315423452, "Def": 1.6450771447903416, "Ext": 0.22320970013026753}, "Palmeiras / SP": {"Atk": 1.3064214479843825, "Def": 1.1415852686061807, "Ext": 0.0}, "Corinthians / SP": {"Atk": 1.204355847247921, "Def": 4.912017815687039, "Ext": 0.15398149868376376}, "Cruzeiro / MG": {"Atk": 0.9666960793362579, "Def": 1.7757098284839996, "Ext": 0.0}, "Coritiba / PR": {"Atk": 0.9461623135617553, "Def": 0.9635466724919023, "Ext": 0.0}, "Gr\u00eamio / RS": {"Atk": 1.4214410678215603, "Def": 2.0564208273748767, "Ext": 0.2622944588028875}, "Bahia / BA": {"Atk": 1.2495548892660941, "Def": 0.8552989348756549, "Ext": 0.0}, "Ponte Preta / SP": {"Atk": 0.9557904014932347, "Def": 1.0180452830098254, "Ext": 0.0}, "Ava\u00ed / SC": {"Atk": 0.5018189048362162, "Def": 0.9941690301277248, "Ext": 0.0}, "Botafogo / RJ": {"Atk": 0.9504151810235477, "Def": 1.2354977450086102, "Ext": 0.0}, "Vasco da Gama / RJ": {"Atk": 0.9500890101128181, "Def": 0.7385331727582316, "Ext": 0.0}, "Santos / SP": {"Atk": 0.7027160622541718, "Def": 4.31830526279494, "Ext": 0.0}, "S\u00e3o Paulo / SP": {"Atk": 0.45779982656233165, "Def": 1.7842378628550217, "Ext": 0.6058796883741534}, "Atl\u00e9tico / MG": {"Atk": 0.9360103068015209, "Def": 0.9891397078242821, "Ext": 0.0}, "Athletico Paranaense / PR": {"Atk": 1.1277538414322241, "Def": 1.1020832689694904, "Ext": 0.0}, "Sport / PE": {"Atk": 1.3522359343221015, "Def": 0.9186005879279442, "Ext": 0.0}, "Vit\u00f3ria / BA": {"Atk": 1.0933783942304935, "Def": 0.7362290828056572, "Ext": 0.0}, "Atl\u00e9tico / GO": {"Atk": 0.6348943274635392, "Def": 0.689215232993135, "Ext": 0.0}, "Chapecoense / SC": {"Atk": 1.1477449235087342, "Def": 0.765498008137185, "Ext": 0.0}, "Home bonus": 0.2675647922679576}