{"Guarani / SP": {"Atk": 1.0, "Def": 1.6905277181140927, "Home bonus": 0.2530232586337516, "Ext": 0.1}, "Botafogo / SP": {"Atk": 2.1949810062115125, "Def": 1.6467046884517687, "Home bonus": 0.029414890782120513, "Ext": 0.1}, "S\u00e3o Bento / SP": {"Atk": 2.670313668592474, "Def": 1.330497577066154, "Home bonus": 0.0, "Ext": 0.1}, "Vila Nova / GO": {"Atk": 1.3423973238809699, "Def": 2.6673887075963023, "Home bonus": 0.0, "Ext": 0.0}, "Coritiba / PR": {"Atk": 2.028313594699859, "Def": 2.6579931013158378, "Home bonus": 0.8770774647619772, "Ext": 0.0}, "Oper\u00e1rio / PR": {"Atk": 1.2130230344877238, "Def": 2.3048031905610067, "Home bonus": 0.5490895784688185, "Ext": 0.1}, "Crici\u00fama / SC": {"Atk": 0.7612139443999982, "Def": 1.972268119905869, "Home bonus": 0.4561286872323289, "Ext": 0.0}, "Brasil / RS": {"Atk": 1.4455755760051143, "Def": 2.0384520034410865, "Home bonus": 0.0, "Ext": 0.02868382912835507}, "Sport / PE": {"Atk": 2.627067516805114, "Def": 2.370260345844456, "Home bonus": 0.0, "Ext": 0.1}, "CRB / AL": {"Atk": 2.2626214860025153, "Def": 1.8584030426203897, "Home bonus": 0.0, "Ext": 0.0}, "Ponte Preta / SP": {"Atk": 2.026240393556036, "Def": 2.4523011085443036, "Home bonus": 0.19472716039150606, "Ext": 0.1}, "Red Bull Bragantino / SP": {"Atk": 1.4823684451136958, "Def": 3.78723496182758, "Home bonus": 1.2238203042256228, "Ext": 0.0}, "Oeste / SP": {"Atk": 1.7158612091157566, "Def": 2.1677101739529894, "Home bonus": 0.05190053818995834, "Ext": 0.1}, "Atl\u00e9tico / GO": {"Atk": 1.4404775496870288, "Def": 2.821137317854817, "Home bonus": 0.755782969588111, "Ext": 0.1}, "Paran\u00e1 / PR": {"Atk": 1.5350520170166613, "Def": 2.3528049920341627, "Home bonus": 0.0, "Ext": 0.1}, "Londrina / PR": {"Atk": 2.171459087987708, "Def": 1.396985163262474, "Home bonus": 0.4945667611403952, "Ext": 0.1}, "Figueirense / SC": {"Atk": 1.587306776111411, "Def": 2.7775070401783166, "Home bonus": 0.14970790396250622, "Ext": 0.1}, "Am\u00e9rica / MG": {"Atk": 1.8303404292166667, "Def": 1.5021650426830404, "Home bonus": 0.0923891480188485, "Ext": 0.1}, "Vit\u00f3ria / BA": {"Atk": 1.5722107934356557, "Def": 1.3061761760139123, "Home bonus": 0.3279131434189394, "Ext": 0.03553733029752071}, "Cuiab\u00e1 / MT": {"Atk": 2.0625287645520918, "Def": 1.9491390320221018, "Home bonus": 0.23627366517913787, "Ext": 0.1}}