{"Cear\u00e1 / CE": {"Atk": 1.0, "Def": 0.9240119396417994, "Home bonus": 0.0, "Ext": 0.1}, "Bahia / BA": {"Atk": 0.8908993376443604, "Def": 1.1744809680126906, "Home bonus": 0.7480345339150468, "Ext": 0.1}, "Sampaio Corr\u00eaa / MA": {"Atk": 0.3832243388701593, "Def": 0.6393524189009633, "Home bonus": 0.5984913425269515, "Ext": 0.1}, "Oeste / SP": {"Atk": 0.6631148844904073, "Def": 0.6820431652593426, "Home bonus": 0.1457503771035772, "Ext": 0.1}, "Vila Nova / GO": {"Atk": 1.134490181871682, "Def": 0.7237176835839468, "Home bonus": 0.0, "Ext": 0.1}, "Luverdense / MT": {"Atk": 0.5214115764599844, "Def": 1.0580562282532682, "Home bonus": 0.8965282834397406, "Ext": 0.1}, "Tupi / MG": {"Atk": 0.5192356536277243, "Def": 0.692193050392045, "Home bonus": 0.6680845887539144, "Ext": 0.0}, "Brasil / RS": {"Atk": 0.5863423353301171, "Def": 0.9583585549895193, "Home bonus": 0.7534547664303154, "Ext": 0.0}, "Londrina / PR": {"Atk": 0.805753330184208, "Def": 1.4679073625056338, "Home bonus": 0.04851597416500024, "Ext": 0.0}, "Crici\u00fama / SC": {"Atk": 0.7187145160905538, "Def": 0.7813107705082523, "Home bonus": 0.8300471967277029, "Ext": 0.005492677679705381}, "N\u00e1utico / PE": {"Atk": 0.8920971029147786, "Def": 0.878157069046382, "Home bonus": 0.8689132952507935, "Ext": 0.1}, "CRB / AL": {"Atk": 1.2673685599881916, "Def": 0.5599721262413486, "Home bonus": 0.0, "Ext": 0.0}, "Paysandu / PA": {"Atk": 0.5691414322784077, "Def": 0.8501096916846088, "Home bonus": 0.7094949680724026, "Ext": 0.00640238759525584}, "Red Bull Bragantino / SP": {"Atk": 0.5576458791626487, "Def": 0.6794546532380439, "Home bonus": 0.1870094626275204, "Ext": 0.0}, "Goi\u00e1s / GO": {"Atk": 0.7019910630476385, "Def": 0.7535485962597163, "Home bonus": 0.7998218517993839, "Ext": 0.1}, "Vasco da Gama / RJ": {"Atk": 1.0737525233052023, "Def": 0.860574000679846, "Home bonus": 0.48027826332185697, "Ext": 0.004190136666446185}, "Atl\u00e9tico / GO": {"Atk": 0.6935760545835993, "Def": 1.3606800894824431, "Home bonus": 0.9182278589489827, "Ext": 0.1}, "Joinville / SC": {"Atk": 0.47548951999868067, "Def": 0.8704853357140576, "Home bonus": 0.12218180572996078, "Ext": 0.0}, "Paran\u00e1 / PR": {"Atk": 0.8282454351314402, "Def": 0.685636788772333, "Home bonus": 0.12807120749747028, "Ext": 0.1}, "Ava\u00ed / SC": {"Atk": 0.5079389908431186, "Def": 1.0119753505882934, "Home bonus": 1.158529372223733, "Ext": 0.0}}