{"Flamengo / RJ": {"Atk": 1.0, "Def": 0.9455453647759959, "Home bonus": 0.5139630282575379, "Ext": 0.0}, "Fluminense / RJ": {"Atk": 1.256876804592908, "Def": 1.127669304009573, "Home bonus": 0.6880087827691818, "Ext": 0.0}, "S\u00e3o Paulo / SP": {"Atk": 1.6545980744465405, "Def": 1.1028573655727016, "Home bonus": 0.27266766721677266, "Ext": 0.1}, "Santos / SP": {"Atk": 1.0437080355743058, "Def": 1.3578685029783824, "Home bonus": 0.33721286426382335, "Ext": 0.019714045289955264}, "Athletico Paranaense / PR": {"Atk": 1.054793618706499, "Def": 1.1168513235952744, "Home bonus": 0.3193561570944514, "Ext": 0.0}, "Atl\u00e9tico / MG": {"Atk": 1.437904125133299, "Def": 1.4032551695035769, "Home bonus": 0.12241570395443477, "Ext": 0.1}, "Bahia / BA": {"Atk": 0.8250011826327852, "Def": 1.1982520324365478, "Home bonus": 0.0, "Ext": 0.0}, "Internacional / RS": {"Atk": 0.8618216476208632, "Def": 1.135805234681412, "Home bonus": 1.0996262189177184, "Ext": 0.0}, "Crici\u00fama / SC": {"Atk": 0.44637346755103585, "Def": 0.8871812443820404, "Home bonus": 0.5508999130505505, "Ext": 0.0}, "Chapecoense / SC": {"Atk": 0.7886060917650568, "Def": 1.21628306791293, "Home bonus": 0.5198502660557951, "Ext": 0.0}, "Botafogo / RJ": {"Atk": 0.4696626741130067, "Def": 0.9228422239265381, "Home bonus": 0.894824376345057, "Ext": 0.0}, "Sport / PE": {"Atk": 0.6985841645727304, "Def": 0.997025182800547, "Home bonus": 0.5245642730921175, "Ext": 0.018392702549066327}, "Corinthians / SP": {"Atk": 0.9190261138833075, "Def": 1.680019518640443, "Home bonus": 0.7871209941803483, "Ext": 0.1}, "Palmeiras / SP": {"Atk": 0.7548180164330709, "Def": 0.7725624296501574, "Home bonus": 0.4910994307218708, "Ext": 0.0}, "Coritiba / PR": {"Atk": 0.9389629163778523, "Def": 1.2402687116629807, "Home bonus": 0.30614713288541284, "Ext": 0.038807357055663086}, "Cruzeiro / MG": {"Atk": 1.4488619921984918, "Def": 1.0928060744774686, "Home bonus": 0.9180090385794607, "Ext": 0.1}, "Vit\u00f3ria / BA": {"Atk": 0.9021020560328655, "Def": 0.8135561080014785, "Home bonus": 0.4959832601728921, "Ext": 0.1}, "Gr\u00eamio / RS": {"Atk": 0.7468836971124131, "Def": 2.1511213636086577, "Home bonus": 0.5511731547675861, "Ext": 0.1}, "Figueirense / SC": {"Atk": 0.7875302777263619, "Def": 0.8842300441891048, "Home bonus": 0.5316664273158668, "Ext": 0.0}, "Goi\u00e1s / GO": {"Atk": 0.45047683182339393, "Def": 1.2570421354571648, "Home bonus": 1.008040049019266, "Ext": 0.07280170139295089}}