{"Paran\u00e1 / PR": {"Atk": 1.0, "Def": 1.1862412491593195}, "Atl\u00e9tico / GO": {"Atk": 0.731231981853122, "Def": 1.2630975238050328}, "Paysandu / PA": {"Atk": 1.0960350606749591, "Def": 1.3807512389795922}, "Mogi Mirim / SP": {"Atk": 0.9463585198539463, "Def": 0.6938243339321862}, "Vit\u00f3ria / BA": {"Atk": 1.4254171312795212, "Def": 1.3427547482747044}, "Maca\u00e9 / RJ": {"Atk": 1.203134734685482, "Def": 0.8947933000030677}, "Am\u00e9rica / MG": {"Atk": 1.2506079622692166, "Def": 1.3248059068826377}, "N\u00e1utico / PE": {"Atk": 0.9708128776943515, "Def": 1.2406502474690033}, "ABC / RN": {"Atk": 0.9620147539593507, "Def": 0.7510361373542781}, "CRB / AL": {"Atk": 0.8947653896653802, "Def": 1.2663500657338735}, "Bahia / BA": {"Atk": 1.2879338213114837, "Def": 1.2259047341799547}, "Crici\u00fama / SC": {"Atk": 0.7389231520739004, "Def": 1.1692112305685192}, "Sampaio Corr\u00eaa / MA": {"Atk": 1.1294257788834292, "Def": 1.3986048845911814}, "Santa Cruz / PE": {"Atk": 1.3391270382490565, "Def": 1.1938192746446088}, "Botafogo / RJ": {"Atk": 1.5036888923461396, "Def": 1.732142183978225}, "Red Bull Bragantino / SP": {"Atk": 1.357999837229582, "Def": 0.8909075848264948}, "Boa / MG": {"Atk": 0.644816231604779, "Def": 0.9210018759249093}, "Oeste / SP": {"Atk": 0.8679609594246727, "Def": 1.3038224734014023}, "Cear\u00e1 / CE": {"Atk": 0.8693672788567688, "Def": 0.8085389516004939}, "Luverdense / MT": {"Atk": 0.9787056464934354, "Def": 1.3563209885178824}, "Home bonus": 0.48982838954386937}