{"Ponte Preta / SP": {"Atk": 1.0, "Def": 1.2968698224951432}, "Oeste / SP": {"Atk": 0.8674723875395337, "Def": 0.9792653707195749}, "Brasil / RS": {"Atk": 0.8621595260409731, "Def": 1.1194585042170104}, "Figueirense / SC": {"Atk": 1.1736849106020883, "Def": 0.75605256926472}, "Fortaleza / CE": {"Atk": 1.2912458590680365, "Def": 1.1612935014753532}, "Vila Nova / GO": {"Atk": 0.9833745995654867, "Def": 1.0816336002776523}, "Atl\u00e9tico / GO": {"Atk": 1.3947932571093227, "Def": 0.7473958520741133}, "CSA / AL": {"Atk": 1.2254493127355417, "Def": 1.0393095067291485}, "Londrina / PR": {"Atk": 1.0876510503855306, "Def": 0.9221487273925216}, "Sampaio Corr\u00eaa / MA": {"Atk": 0.7775780021101868, "Def": 0.8372485933898249}, "Guarani / SP": {"Atk": 1.059441692206813, "Def": 0.9945313943465964}, "S\u00e3o Bento / SP": {"Atk": 0.9894821334392949, "Def": 0.9494294074116405}, "Juventude / RS": {"Atk": 0.6566478481629056, "Def": 0.8248280542211015}, "Ava\u00ed / SC": {"Atk": 1.1938868305165342, "Def": 1.203639969032608}, "Crici\u00fama / SC": {"Atk": 1.0972767229061013, "Def": 0.7900104838640353}, "Goi\u00e1s / GO": {"Atk": 1.3193464716644385, "Def": 0.7653245786054149}, "Boa / MG": {"Atk": 0.6330693109518872, "Def": 0.8089532682785042}, "CRB / AL": {"Atk": 0.8422872433830033, "Def": 1.005669364914452}, "Coritiba / PR": {"Atk": 0.9689021034971529, "Def": 0.8856266515710363}, "Paysandu / PA": {"Atk": 1.029061867406376, "Def": 0.7329745367814111}}