{"Paran\u00e1 / PR": {"Atk": 1.0, "Def": 1.0129600300513852, "Home bonus": 0.01932065676603621, "Ext": 0.6733708796277259}, "Atl\u00e9tico / GO": {"Atk": 0.41499145186702624, "Def": 0.6031114368185672, "Home bonus": 0.08395256799665193, "Ext": 0.0}, "Paysandu / PA": {"Atk": 0.4324175938679258, "Def": 0.6507515854284137, "Home bonus": 0.26013989433936596, "Ext": 0.0632654787159254}, "Mogi Mirim / SP": {"Atk": 0.15462964612118948, "Def": 0.6222292196777074, "Home bonus": 0.5202376503766424, "Ext": 0.3609620036208293}, "Vit\u00f3ria / BA": {"Atk": 0.5472730082628008, "Def": 0.7309341417061692, "Home bonus": 0.4694562888371763, "Ext": 0.6652377197241612}, "Maca\u00e9 / RJ": {"Atk": 0.47334904034090797, "Def": 0.6420491302631115, "Home bonus": 0.6757199177201907, "Ext": 0.46143625958065276}, "Am\u00e9rica / MG": {"Atk": 0.38090793526398387, "Def": 0.8176192737174546, "Home bonus": 0.8619995382536946, "Ext": 0.0}, "N\u00e1utico / PE": {"Atk": 0.5665668923551912, "Def": 0.7708771441379101, "Home bonus": 0.1718883091951898, "Ext": 0.258473760236526}, "ABC / RN": {"Atk": 0.31515452509672626, "Def": 0.7239081144190509, "Home bonus": 0.5027130014070759, "Ext": 0.6599663280271767}, "CRB / AL": {"Atk": 0.5118367753790695, "Def": 0.5002187647410212, "Home bonus": 0.13069136253965563, "Ext": 0.40539730892308057}, "Bahia / BA": {"Atk": 0.30934311744789633, "Def": 0.9915331386035984, "Home bonus": 0.8732086549218006, "Ext": 0.513055722750574}, "Crici\u00fama / SC": {"Atk": 0.4967276314934948, "Def": 0.6404228129743583, "Home bonus": 0.7280782685989302, "Ext": 0.4446542372816704}, "Sampaio Corr\u00eaa / MA": {"Atk": 0.41535714321336803, "Def": 1.0282582403197753, "Home bonus": 0.9920049514484737, "Ext": 0.3672342956015321}, "Santa Cruz / PE": {"Atk": 0.43331075459853974, "Def": 0.7826858697871361, "Home bonus": 0.35828559005798133, "Ext": 0.4540773795536182}, "Botafogo / RJ": {"Atk": 0.3792460354839545, "Def": 0.8236328797812403, "Home bonus": 1.114449005818115, "Ext": 0.47904242264999736}, "Red Bull Bragantino / SP": {"Atk": 0.4234201494907813, "Def": 0.5505475994852271, "Home bonus": 0.1812426860850315, "Ext": 0.1584760823240132}, "Boa / MG": {"Atk": 0.15662843332526558, "Def": 0.8882633507174822, "Home bonus": 0.8191262517251001, "Ext": 0.3997619506685348}, "Oeste / SP": {"Atk": 0.29603916416164716, "Def": 0.5895559334433802, "Home bonus": 0.3485099845948664, "Ext": 0.6576908008515369}, "Cear\u00e1 / CE": {"Atk": 0.0, "Def": 0.482247297415029, "Home bonus": 0.4394217051802872, "Ext": 0.14385371785849446}, "Luverdense / MT": {"Atk": 0.24839755451055043, "Def": 1.0037574427444984, "Home bonus": 0.1531686238583793, "Ext": 0.3183485875355487}}