{"Flamengo / RJ": {"Atk": 1.0, "Def": 0.9870427717111122, "Home bonus": 0.44228404425545087}, "Fluminense / RJ": {"Atk": 1.180625372001879, "Def": 1.2604512179664378, "Home bonus": 0.7627432212324788}, "S\u00e3o Paulo / SP": {"Atk": 1.5906050687682833, "Def": 1.0369654498771832, "Home bonus": 0.27340745368868413}, "Santos / SP": {"Atk": 1.0229743784650822, "Def": 1.269801264056743, "Home bonus": 0.2943675184217715}, "Athletico Paranaense / PR": {"Atk": 1.0230086131216345, "Def": 1.0409305471478996, "Home bonus": 0.28126571451643195}, "Atl\u00e9tico / MG": {"Atk": 1.378036784369007, "Def": 1.2559585484706968, "Home bonus": 0.0}, "Bahia / BA": {"Atk": 0.7886337793860839, "Def": 1.1120369239402845, "Home bonus": 0.0}, "Internacional / RS": {"Atk": 0.8066992842709618, "Def": 1.0846522011011652, "Home bonus": 1.125595838892137}, "Crici\u00fama / SC": {"Atk": 0.41863930498095375, "Def": 0.8472437085736205, "Home bonus": 0.6180766531155922}, "Chapecoense / SC": {"Atk": 0.5400192593337079, "Def": 1.1402710613876779, "Home bonus": 0.724423370602284}, "Botafogo / RJ": {"Atk": 0.44868674135926406, "Def": 0.8686379894187944, "Home bonus": 0.9722443840436752}, "Sport / PE": {"Atk": 0.5913422355662188, "Def": 0.9223139547978962, "Home bonus": 0.5999154096411573}, "Corinthians / SP": {"Atk": 0.8137043654630166, "Def": 1.5176895287720713, "Home bonus": 0.9162353169142827}, "Palmeiras / SP": {"Atk": 0.7163803831869651, "Def": 0.7459610564785905, "Home bonus": 0.5471294434522062}, "Coritiba / PR": {"Atk": 0.9142642747314892, "Def": 1.1032591721967613, "Home bonus": 0.27596180704290535}, "Cruzeiro / MG": {"Atk": 1.2750677275783164, "Def": 1.0290798087254187, "Home bonus": 1.025771629995995}, "Vit\u00f3ria / BA": {"Atk": 0.8334027070513599, "Def": 0.7494426505718051, "Home bonus": 0.5669125361761845}, "Gr\u00eamio / RS": {"Atk": 0.6805030758803988, "Def": 2.3460895248378666, "Home bonus": 0.6452589254528572}, "Figueirense / SC": {"Atk": 0.748709784962446, "Def": 0.811065110913474, "Home bonus": 0.499353923076567}, "Goi\u00e1s / GO": {"Atk": 0.449861945262734, "Def": 1.2195487366830826, "Home bonus": 1.0643656566745663}}