{"Flamengo / RJ": {"Atk": 1.0, "Def": 0.8523889337508923, "Ext": 0.0}, "Fluminense / RJ": {"Atk": 1.2202054358051757, "Def": 1.1518069561174393, "Ext": 0.08986445909421815}, "S\u00e3o Paulo / SP": {"Atk": 1.1909964577991738, "Def": 1.2644577844328295, "Ext": 0.11264414649283003}, "Santos / SP": {"Atk": 0.8608935537240621, "Def": 1.381994221989862, "Ext": 0.0}, "Athletico Paranaense / PR": {"Atk": 0.9026203419874175, "Def": 1.0135784963139765, "Ext": 0.0}, "Atl\u00e9tico / MG": {"Atk": 0.6131084116177634, "Def": 3.8411562911428114, "Ext": 0.47630931261529885}, "Bahia / BA": {"Atk": 0.5630113290350744, "Def": 1.0498667043792584, "Ext": 0.0}, "Internacional / RS": {"Atk": 1.018033813685199, "Def": 1.1507585825963895, "Ext": 0.04268246298341344}, "Crici\u00fama / SC": {"Atk": 0.37967481219419374, "Def": 0.7356598112865548, "Ext": 0.0}, "Chapecoense / SC": {"Atk": 0.6833204542958076, "Def": 1.1645323559885232, "Ext": 0.08077450645421944}, "Botafogo / RJ": {"Atk": 0.47294353664973265, "Def": 0.8316756808501146, "Ext": 0.0}, "Sport / PE": {"Atk": 0.6528458054610177, "Def": 0.9357221967242261, "Ext": 0.0}, "Corinthians / SP": {"Atk": 0.6487175782981054, "Def": 3.687358135025008, "Ext": 0.3565147679494828}, "Palmeiras / SP": {"Atk": 0.6723004171369562, "Def": 0.626746252242241, "Ext": 0.0}, "Coritiba / PR": {"Atk": 0.5267802328654397, "Def": 1.4795706383394884, "Ext": 0.24455299770099395}, "Cruzeiro / MG": {"Atk": 1.2031412382879714, "Def": 1.797885622780691, "Ext": 0.2765949893760866}, "Vit\u00f3ria / BA": {"Atk": 0.5824467474604944, "Def": 0.81292024824021, "Ext": 0.13313730947872737}, "Gr\u00eamio / RS": {"Atk": 0.5786404579070087, "Def": 2.7063932148522283, "Ext": 0.01901992152265767}, "Figueirense / SC": {"Atk": 0.7316379040922195, "Def": 0.80115199414127, "Ext": 0.0}, "Goi\u00e1s / GO": {"Atk": 0.565606533257599, "Def": 1.2083120174351083, "Ext": 0.0}, "Home bonus": 0.5478053411863316}