{"Ponte Preta / SP": {"Atk": 1.0, "Def": 1.1653260863829724, "Home bonus": 0.0}, "Oeste / SP": {"Atk": 0.8370299094028343, "Def": 0.859492393215429, "Home bonus": 0.3232722657979235}, "Brasil / RS": {"Atk": 0.6991717349125085, "Def": 0.9921581274297865, "Home bonus": 0.13494709342715797}, "Figueirense / SC": {"Atk": 1.1375229297104728, "Def": 0.8006659053511662, "Home bonus": 0.0}, "Fortaleza / CE": {"Atk": 1.20571509480831, "Def": 1.1506958371347102, "Home bonus": 0.29781590423615867}, "Vila Nova / GO": {"Atk": 0.7441569457272028, "Def": 1.7190875616182921, "Home bonus": 0.0}, "Atl\u00e9tico / GO": {"Atk": 1.0457313825244576, "Def": 0.7084168809804485, "Home bonus": 0.4840837587561341}, "CSA / AL": {"Atk": 1.0670426916542675, "Def": 1.0061637826361571, "Home bonus": 0.1965237868879022}, "Londrina / PR": {"Atk": 0.5621629341627459, "Def": 0.7984181839727875, "Home bonus": 0.7002583359082233}, "Sampaio Corr\u00eaa / MA": {"Atk": 0.5891507599932018, "Def": 0.7605780748896726, "Home bonus": 0.3302671860001608}, "Guarani / SP": {"Atk": 1.0705191231991644, "Def": 0.811554132882873, "Home bonus": 0.4380953979356043}, "S\u00e3o Bento / SP": {"Atk": 0.6432029870064786, "Def": 0.8694493551282634, "Home bonus": 0.44535388409924936}, "Juventude / RS": {"Atk": 0.6413826289432666, "Def": 1.022412883428832, "Home bonus": 0.0}, "Ava\u00ed / SC": {"Atk": 1.2147029176822157, "Def": 1.1212037242953348, "Home bonus": 0.0}, "Crici\u00fama / SC": {"Atk": 0.6993236186715931, "Def": 0.7297484647532021, "Home bonus": 0.4630934223136728}, "Goi\u00e1s / GO": {"Atk": 1.22954765637069, "Def": 0.6863414803088254, "Home bonus": 0.0}, "Boa / MG": {"Atk": 0.44789713515682683, "Def": 0.6735209858208026, "Home bonus": 0.4138521100696742}, "CRB / AL": {"Atk": 0.4455146105431254, "Def": 0.9097578647059653, "Home bonus": 0.5078148249196511}, "Coritiba / PR": {"Atk": 0.7886543847275753, "Def": 0.9831392680787294, "Home bonus": 0.25052544052430337}, "Paysandu / PA": {"Atk": 0.7328303179893507, "Def": 0.7624457963708168, "Home bonus": 0.09829676481356328}}