{"Red Bull Bragantino / SP": {"Atk": 0.7115501273896775, "Def": 0.5108751427353191, "Home bonus": 0.3405815347035185, "Ext": 0.0}, "Ponte Preta / SP": {"Atk": 0.9569346774501722, "Def": 0.7556267417279491, "Home bonus": 0.28728019076952094, "Ext": 0.1}, "Vasco da Gama / RJ": {"Atk": 0.7862558388180119, "Def": 0.8354511019128669, "Home bonus": 0.5383558317417486, "Ext": 0.0}, "Santa Cruz / PE": {"Atk": 0.635770694459278, "Def": 0.8260452175615678, "Home bonus": 0.7878291523161892, "Ext": 0.1}, "Sampaio Corr\u00eaa / MA": {"Atk": 0.9410286770709454, "Def": 0.652177061499216, "Home bonus": 0.053023001597685825, "Ext": 0.1}, "Cear\u00e1 / CE": {"Atk": 0.9441203683895691, "Def": 0.5172904302018607, "Home bonus": 0.8889408838247793, "Ext": 0.1}, "Vila Nova / GO": {"Atk": 0.44163649375501746, "Def": 0.45405323912970413, "Home bonus": 0.0, "Ext": 0.0}, "Am\u00e9rica / RN": {"Atk": 0.6003560436352252, "Def": 0.5344906892132556, "Home bonus": 0.2790173864573874, "Ext": 0.1}, "Boa / MG": {"Atk": 0.8522456728582245, "Def": 0.6597240498885146, "Home bonus": 0.042273336575058995, "Ext": 0.0}, "Oeste / SP": {"Atk": 0.5420703808599147, "Def": 0.5650100640678826, "Home bonus": 0.5843626807042893, "Ext": 0.1}, "Portuguesa / SP": {"Atk": 0.49486661683539696, "Def": 0.5783634215561743, "Home bonus": 0.22321521906152209, "Ext": 0.1}, "Paran\u00e1 / PR": {"Atk": 0.661945996385823, "Def": 0.7131817819538541, "Home bonus": 0.21373563803220416, "Ext": 0.1}, "N\u00e1utico / PE": {"Atk": 0.6825107526643458, "Def": 0.7346668024388872, "Home bonus": 0.2344463573210596, "Ext": 0.0}, "Luverdense / MT": {"Atk": 0.4016804701254246, "Def": 0.6455877713462388, "Home bonus": 1.0203801658319205, "Ext": 0.0}, "Icasa / CE": {"Atk": 0.40108317808269567, "Def": 0.7011304573002731, "Home bonus": 0.3350049502379771, "Ext": 0.0}, "Ava\u00ed / SC": {"Atk": 0.9011664449287041, "Def": 0.8484813035494082, "Home bonus": 0.0, "Ext": 0.0}, "Atl\u00e9tico / GO": {"Atk": 0.7204386177508809, "Def": 0.5217147886108431, "Home bonus": 0.6204983647068246, "Ext": 0.0}, "ABC / RN": {"Atk": 0.3767277341230664, "Def": 0.956997377405724, "Home bonus": 0.4696003152002292, "Ext": 0.0}, "Am\u00e9rica / MG": {"Atk": 0.5540739868208129, "Def": 0.7501535952717202, "Home bonus": 0.8726545332815966, "Ext": 0.0}, "Joinville / SC": {"Atk": 0.6798389638496483, "Def": 0.962600912850747, "Home bonus": 0.4571039166057398, "Ext": 0.1}}