{"Flamengo / RJ": {"Atk": 1.0, "Def": 0.77039036324008, "Ext": 0.20804943814350632}, "Corinthians / SP": {"Atk": 0.26256572850371845, "Def": 1.1540982895104934, "Ext": 0.22903326014326186}, "S\u00e3o Paulo / SP": {"Atk": 0.20678358341568226, "Def": 0.550813370027317, "Ext": 0.0}, "Atl\u00e9tico Mineiro / MG": {"Atk": 0.7599405335964705, "Def": 0.8214576245531305, "Ext": 0.04320628392240997}, "Internacional / RS": {"Atk": 0.23831631653709331, "Def": 0.5781188248941869, "Ext": 0.3565517836806298}, "Cear\u00e1 / CE": {"Atk": 0.31445996828954254, "Def": 1.175504076162722, "Ext": 0.4613974753465563}, "Bahia / BA": {"Atk": 0.8002378057689641, "Def": 0.3384840786997315, "Ext": 0.0}, "Athletico Paranaense / PR": {"Atk": 0.7056785537077596, "Def": 0.915225754425125, "Ext": 0.352483209221177}, "Chapecoense / SC": {"Atk": 0.0, "Def": 0.5664423342413861, "Ext": 0.6641314683932983}, "Cuiab\u00e1 / MT": {"Atk": 0.15391184574225236, "Def": 0.7751825351174995, "Ext": 0.5666299009314982}, "Fluminense / RJ": {"Atk": 0.3118684900928107, "Def": 0.9248424705447559, "Ext": 0.08894777305426227}, "Palmeiras / SP": {"Atk": 1.0324937047997902, "Def": 0.6079260367639963, "Ext": 0.0}, "Santos / SP": {"Atk": 0.6097562035198824, "Def": 0.4883239847189461, "Ext": 0.0}, "Am\u00e9rica / MG": {"Atk": 0.48079589027479425, "Def": 0.4141497029161475, "Ext": 0.0}, "Gr\u00eamio / RS": {"Atk": 0.3508452755603131, "Def": 0.528050077638403, "Ext": 0.0}, "Fortaleza / CE": {"Atk": 0.8842701876310776, "Def": 1.2030740926975745, "Ext": 0.03625118863695019}, "Sport / PE": {"Atk": 0.14550350494990744, "Def": 0.9100474372862956, "Ext": 0.15263957397441813}, "Red Bull Bragantino / SP": {"Atk": 0.6704645576776618, "Def": 1.3562821759722028, "Ext": 0.7170804141430944}, "Juventude / RS": {"Atk": 0.3345946379847265, "Def": 0.5139737078871047, "Ext": 0.0}, "Atl\u00e9tico / GO": {"Atk": 0.5119094513099844, "Def": 0.5361489698732358, "Ext": 0.0}, "Home bonus": 0.0}