{"Oeste / SP": {"Atk": 1.0, "Def": 1.1621129404353199, "Ext": 0.0}, "Boa / MG": {"Atk": 1.1279432813836594, "Def": 1.912031313477149, "Ext": 0.1}, "Figueirense / SC": {"Atk": 2.299211104362313, "Def": 1.019766222533611, "Ext": 0.0}, "Joinville / SC": {"Atk": 1.8952566666699941, "Def": 1.6497914917570842, "Ext": 0.0}, "Icasa / CE": {"Atk": 1.5387283396743903, "Def": 0.9023716992640997, "Ext": 0.0}, "ABC / RN": {"Atk": 0.7575936482021935, "Def": 1.1727307923067278, "Ext": 0.1}, "Palmeiras / SP": {"Atk": 2.0848925303094696, "Def": 2.398051727745637, "Ext": 0.1}, "S\u00e3o Caetano / SP": {"Atk": 1.2574351350397555, "Def": 1.5095607491524003, "Ext": 0.1}, "Guaratinguet\u00e1 / SP": {"Atk": 1.2245910365628896, "Def": 1.1475419281909256, "Ext": 0.1}, "Paysandu / PA": {"Atk": 0.9240398056786211, "Def": 1.269400289838688, "Ext": 0.1}, "ASA / AL": {"Atk": 1.3068533669867672, "Def": 1.0506337421107665, "Ext": 0.0}, "Am\u00e9rica / MG": {"Atk": 1.7641315596024496, "Def": 1.1368804195517406, "Ext": 0.0}, "Ava\u00ed / SC": {"Atk": 1.6398634009399864, "Def": 1.5769671791446596, "Ext": 0.1}, "Chapecoense / SC": {"Atk": 2.1630720969496346, "Def": 2.080622016436962, "Ext": 0.1}, "Cear\u00e1 / CE": {"Atk": 1.2799287114570024, "Def": 1.5552734343593189, "Ext": 0.1}, "Am\u00e9rica / RN": {"Atk": 1.1749852722591567, "Def": 1.0254259485950594, "Ext": 0.1}, "Paran\u00e1 / PR": {"Atk": 1.8995490153742127, "Def": 4.600577549244027, "Ext": 0.1}, "Atl\u00e9tico / GO": {"Atk": 0.9444682665690015, "Def": 1.2898793379230282, "Ext": 0.0}, "Red Bull Bragantino / SP": {"Atk": 1.100422871885708, "Def": 2.30624473996977, "Ext": 0.0}, "Sport / PE": {"Atk": 2.156327822047055, "Def": 1.0980724361414496, "Ext": 0.0}, "Home bonus": 0.5199343151254622}