{"Fluminense / RJ": {"Home": {"Atk": 1.0, "Def": 0.4386226199817704}, "Away": {"Atk": 0.8961600245288845, "Def": 0.6381715632524606}}, "Flamengo / RJ": {"Home": {"Atk": 0.8872238046440581, "Def": 0.7551118473490848}, "Away": {"Atk": 0.6831502307076055, "Def": 0.6803543877867174}}, "Palmeiras / SP": {"Home": {"Atk": 1.0346357735278902, "Def": 1.0103060411388742}, "Away": {"Atk": 0.7844213989774885, "Def": 0.5892016982835533}}, "Corinthians / SP": {"Home": {"Atk": 1.1532655929075757, "Def": 0.8048980543159773}, "Away": {"Atk": 0.7547265703983362, "Def": 3.710319204877387}}, "Cruzeiro / MG": {"Home": {"Atk": 0.7074720552296863, "Def": 0.8836328697063472}, "Away": {"Atk": 0.5926931902776562, "Def": 0.7592414567236142}}, "Coritiba / PR": {"Home": {"Atk": 0.6309572900935716, "Def": 0.6618096076554129}, "Away": {"Atk": 0.6701667095946175, "Def": 0.4631013164605184}}, "Gr\u00eamio / RS": {"Home": {"Atk": 0.999251451148244, "Def": 0.9260748424191528}, "Away": {"Atk": 1.1293079574290998, "Def": 0.6639310043639235}}, "Bahia / BA": {"Home": {"Atk": 1.0450706968078836, "Def": 0.42879992555959456}, "Away": {"Atk": 0.41545171214341375, "Def": 0.5888142058470346}}, "Ponte Preta / SP": {"Home": {"Atk": 0.8009876720364982, "Def": 0.8838413666051192}, "Away": {"Atk": 0.3312083973161016, "Def": 0.513784191079294}}, "Ava\u00ed / SC": {"Home": {"Atk": 0.2899834080513365, "Def": 0.7568737375454558}, "Away": {"Atk": 0.32973983990381184, "Def": 0.5449736879676218}}, "Botafogo / RJ": {"Home": {"Atk": 0.8708175939460812, "Def": 0.48196749159559005}, "Away": {"Atk": 0.3598326374686296, "Def": 1.2039822936899067}}, "Vasco da Gama / RJ": {"Home": {"Atk": 0.6994111597637879, "Def": 0.44715077454563035}, "Away": {"Atk": 0.6472630655534792, "Def": 0.45447228593333217}}, "Santos / SP": {"Home": {"Atk": 0.6658034683473177, "Def": 1.152248140750216}, "Away": {"Atk": 0.5325129504710544, "Def": 1.0168688431048711}}, "S\u00e3o Paulo / SP": {"Home": {"Atk": 0.8882850882526978, "Def": 0.6816736712361327}, "Away": {"Atk": 0.5698627901485583, "Def": 0.48541813913636295}}, "Atl\u00e9tico / MG": {"Home": {"Atk": 0.711710421791832, "Def": 0.43464089748553547}, "Away": {"Atk": 0.5890805097587478, "Def": 0.9201901376008216}}, "Athletico Paranaense / PR": {"Home": {"Atk": 0.9649878172961746, "Def": 0.521730298245455}, "Away": {"Atk": 0.5376071849013445, "Def": 0.7193664665037659}}, "Sport / PE": {"Home": {"Atk": 0.8914299163466278, "Def": 0.6830644321706262}, "Away": {"Atk": 0.7990460094741454, "Def": 0.45786634777838975}}, "Vit\u00f3ria / BA": {"Home": {"Atk": 0.5844097880657916, "Def": 0.3865956426871699}, "Away": {"Atk": 0.7953046078304173, "Def": 0.5271029406959872}}, "Atl\u00e9tico / GO": {"Home": {"Atk": 0.7154629495790878, "Def": 0.5163562769973902}, "Away": {"Atk": 0.3816884828654779, "Def": 0.36420203880044916}}, "Chapecoense / SC": {"Home": {"Atk": 0.750591810406394, "Def": 0.43326929376386414}, "Away": {"Atk": 0.8124666544948129, "Def": 0.38537642744436984}}}