{"ABC / RN": {"Atk": 1.0, "Def": 1.9499418324717273, "Ext": 0.0}, "N\u00e1utico / PE": {"Atk": 0.9021049052340202, "Def": 2.490324713055716, "Ext": 0.031110616241821792}, "Crici\u00fama / SC": {"Atk": 1.0335078797704949, "Def": 4.5632350900820455, "Ext": 0.4812909191275993}, "Goi\u00e1s / GO": {"Atk": 1.8822003144536321, "Def": 1.9989432664932079, "Ext": 0.0}, "Guarani / SP": {"Atk": 1.801846476469776, "Def": 2.140006832915019, "Ext": 0.0}, "Juventude / RS": {"Atk": 2.1826366483306194, "Def": 3.0132389161019897, "Ext": 0.0}, "Londrina / PR": {"Atk": 3.8807254474684094, "Def": 1.643022869948951, "Ext": 0.0}, "Boa / MG": {"Atk": 1.4976999021879118, "Def": 2.794824948398456, "Ext": 0.1448438393986431}, "Paysandu / PA": {"Atk": 1.6727075402366205, "Def": 4.146455342671155, "Ext": 0.1787685482719611}, "CRB / AL": {"Atk": 1.616703655516418, "Def": 1.9352200908855264, "Ext": 0.0}, "Cear\u00e1 / CE": {"Atk": 2.5427558219112685, "Def": 3.2162186592467332, "Ext": 0.0}, "Santa Cruz / PE": {"Atk": 1.8288708541443381, "Def": 2.1149349083670113, "Ext": 0.0}, "Figueirense / SC": {"Atk": 2.3563521412578923, "Def": 1.707533790627498, "Ext": 0.0}, "Vila Nova / GO": {"Atk": 1.6272549169245736, "Def": 4.7507857474948585, "Ext": 0.1096052453679229}, "Oeste / SP": {"Atk": 2.3161461976151454, "Def": 3.7956764109213816, "Ext": 0.0}, "Brasil / RS": {"Atk": 1.9002351143858744, "Def": 1.9486643534387695, "Ext": 0.0}, "Paran\u00e1 / PR": {"Atk": 2.580572748144907, "Def": 6.850656464262524, "Ext": 0.10337732363959108}, "Am\u00e9rica / MG": {"Atk": 2.79156911589639, "Def": 3.622579558332403, "Ext": 0.0}, "Luverdense / MT": {"Atk": 1.9380397892240842, "Def": 2.976656646405183, "Ext": 0.07935229672348258}, "Internacional / RS": {"Atk": 2.7762196568571, "Def": 7.0061312002478076, "Ext": 0.15288841602954692}, "Home bonus": 0.44221280529811147}