{"Fluminense / RJ": {"Atk": 1.0, "Def": 0.7059624395326561, "Ext": 0.1}, "Flamengo / RJ": {"Atk": 0.8834672327029364, "Def": 1.0630776365318164, "Ext": 0.0}, "Palmeiras / SP": {"Atk": 1.2024374139521028, "Def": 0.8803669464810351, "Ext": 0.062297245548337925}, "Corinthians / SP": {"Atk": 0.9467069974858883, "Def": 1.5770167013158376, "Ext": 0.1}, "Cruzeiro / MG": {"Atk": 0.8974005784299971, "Def": 1.1025451410922018, "Ext": 0.0}, "Coritiba / PR": {"Atk": 0.8635175966068629, "Def": 0.7820766988486076, "Ext": 0.1}, "Gr\u00eamio / RS": {"Atk": 1.1206320304215238, "Def": 1.20086880928804, "Ext": 0.1}, "Bahia / BA": {"Atk": 0.9921154364723578, "Def": 0.7626580727711317, "Ext": 0.0}, "Ponte Preta / SP": {"Atk": 0.6659482022369997, "Def": 0.7918794620027824, "Ext": 0.0}, "Ava\u00ed / SC": {"Atk": 0.44329354460110887, "Def": 0.7834976582096076, "Ext": 0.0}, "Botafogo / RJ": {"Atk": 0.8753574036322114, "Def": 0.9368351366366434, "Ext": 0.1}, "Vasco da Gama / RJ": {"Atk": 0.7510016634297857, "Def": 0.8137123950611986, "Ext": 0.1}, "Santos / SP": {"Atk": 0.7243177441748555, "Def": 1.366570368378673, "Ext": 0.1}, "S\u00e3o Paulo / SP": {"Atk": 0.9454505979472817, "Def": 0.7554002067030333, "Ext": 0.1}, "Atl\u00e9tico / MG": {"Atk": 0.9227795082100053, "Def": 0.7491507944157639, "Ext": 0.0}, "Athletico Paranaense / PR": {"Atk": 0.8306444477726713, "Def": 0.8691821728052624, "Ext": 0.017935155679015838}, "Sport / PE": {"Atk": 0.8744563865077961, "Def": 0.635902195274977, "Ext": 0.0}, "Vit\u00f3ria / BA": {"Atk": 0.9919757151849707, "Def": 0.6308554403167598, "Ext": 0.0}, "Atl\u00e9tico / GO": {"Atk": 0.7274365944760938, "Def": 0.6346016954281146, "Ext": 0.0}, "Chapecoense / SC": {"Atk": 0.9382062518132712, "Def": 0.7498644583414219, "Ext": 0.03536428748520665}, "Home bonus": 0.2942600201886076}