{"Oeste / SP": {"Home": {"Atk": 1.0, "Def": 0.4961189231163251}, "Away": {"Atk": 0.6677303346262409, "Def": 0.7909008055506381}}, "Boa / MG": {"Home": {"Atk": 0.935579356127703, "Def": 0.5302236132961797}, "Away": {"Atk": 0.41351675760218787, "Def": 1.1375600210268668}}, "Figueirense / SC": {"Home": {"Atk": 1.7510319097641622, "Def": 0.5137926684591811}, "Away": {"Atk": 0.7750748560877384, "Def": 0.8885462648469916}}, "Joinville / SC": {"Home": {"Atk": 1.4970490766781983, "Def": 0.5161454906988245}, "Away": {"Atk": 0.7233244277402033, "Def": 1.13387116259907}}, "Icasa / CE": {"Home": {"Atk": 1.5538157298507524, "Def": 0.44429926688218446}, "Away": {"Atk": 0.527493346191505, "Def": 0.9836771348789611}}, "ABC / RN": {"Home": {"Atk": 1.682960603468604, "Def": 0.5601147469528596}, "Away": {"Atk": 0.3160946845951796, "Def": 0.6847475932686027}}, "Palmeiras / SP": {"Home": {"Atk": 1.9510838558196855, "Def": 1.244202530287926}, "Away": {"Atk": 0.8739540067690966, "Def": 1.3719356940536678}}, "S\u00e3o Caetano / SP": {"Home": {"Atk": 1.2946163147450744, "Def": 0.5227606503565366}, "Away": {"Atk": 0.5777738122506684, "Def": 0.7139589651738802}}, "Guaratinguet\u00e1 / SP": {"Home": {"Atk": 1.239083698687215, "Def": 0.6090706017946936}, "Away": {"Atk": 0.5062008163806623, "Def": 0.785619744839566}}, "Paysandu / PA": {"Home": {"Atk": 1.2449021418954864, "Def": 0.5542828880656276}, "Away": {"Atk": 0.4385946264950818, "Def": 0.7293286626362419}}, "ASA / AL": {"Home": {"Atk": 1.418050594716874, "Def": 0.4272033734299455}, "Away": {"Atk": 0.39313834689605265, "Def": 0.5509518288833307}}, "Am\u00e9rica / MG": {"Home": {"Atk": 1.3960586543593627, "Def": 0.5033738688709885}, "Away": {"Atk": 0.688189935765342, "Def": 1.3510725598552356}}, "Ava\u00ed / SC": {"Home": {"Atk": 1.3151849047031128, "Def": 0.4797722501470887}, "Away": {"Atk": 0.6301857872631027, "Def": 1.1782634730160928}}, "Chapecoense / SC": {"Home": {"Atk": 1.7681454711168567, "Def": 0.7038389551183323}, "Away": {"Atk": 0.6473048728424293, "Def": 1.6651107481578111}}, "Cear\u00e1 / CE": {"Home": {"Atk": 1.9726179842548195, "Def": 0.5979080974632324}, "Away": {"Atk": 0.5928500772297387, "Def": 0.9117922809708628}}, "Am\u00e9rica / RN": {"Home": {"Atk": 1.314866045747824, "Def": 0.5149114969310024}, "Away": {"Atk": 0.5976282354194719, "Def": 0.8212194884041726}}, "Paran\u00e1 / PR": {"Home": {"Atk": 1.289035034800977, "Def": 1.07674530643812}, "Away": {"Atk": 0.7830892667928308, "Def": 0.9353925455025303}}, "Atl\u00e9tico / GO": {"Home": {"Atk": 1.2506586279409933, "Def": 0.46338047261350035}, "Away": {"Atk": 0.45113105848020146, "Def": 1.0060805862374473}}, "Red Bull Bragantino / SP": {"Home": {"Atk": 0.8965206330329889, "Def": 0.82900776767755}, "Away": {"Atk": 0.5262903070067056, "Def": 0.9489377601004887}}, "Sport / PE": {"Home": {"Atk": 1.643925880985948, "Def": 0.593957073436049}, "Away": {"Atk": 0.9488323001623622, "Def": 0.7045258755910699}}}