{"Ponte Preta / SP": {"Atk": 1.0, "Def": 3.015297045721193, "Ext": 0.14007860353712154}, "CSA / AL": {"Atk": 0.5230867660865026, "Def": 4.314874897498059, "Ext": 0.3114863334093652}, "Sport / PE": {"Atk": 1.3619319156789866, "Def": 5.226641807567262, "Ext": 0.06810966217882986}, "Brusque / SC": {"Atk": 1.9713861247707605, "Def": 1.840415258167309, "Ext": 0.0}, "Novorizontino / SP": {"Atk": 2.291944707698265, "Def": 1.9738971597292774, "Ext": 0.0}, "Londrina / PR": {"Atk": 2.9524806400137615, "Def": 1.9692845108363002, "Ext": 0.0}, "Vasco da Gama / RJ": {"Atk": 2.292989047401765, "Def": 7.659570911836728, "Ext": 0.0}, "Bahia / BA": {"Atk": 2.8097878403716856, "Def": 4.920515269032885, "Ext": 0.0}, "Tombense / MG": {"Atk": 1.205326182524589, "Def": 6.164853424075807, "Ext": 0.4972487170929578}, "Chapecoense / SC": {"Atk": 1.745198388827681, "Def": 2.36141816120436, "Ext": 0.0}, "Guarani / SP": {"Atk": 0.7480086474803279, "Def": 2.113922925261481, "Ext": 0.24000365670726656}, "CRB / AL": {"Atk": 2.194738408597871, "Def": 1.6635438717337283, "Ext": 0.0}, "N\u00e1utico / PE": {"Atk": 1.118074473004518, "Def": 2.7326530616702063, "Ext": 0.3574739138882153}, "Crici\u00fama / SC": {"Atk": 2.036797368081212, "Def": 3.0447303610720935, "Ext": 0.2212470144977205}, "Ituano / SP": {"Atk": 2.1622905382155255, "Def": 2.5403872507128087, "Ext": 0.231899115065122}, "Oper\u00e1rio / PR": {"Atk": 3.184279112909319, "Def": 1.818604225695664, "Ext": 0.0}, "Gr\u00eamio / RS": {"Atk": 1.84684403526244, "Def": 11.636909915288697, "Ext": 0.0}, "Sampaio Corr\u00eaa / MA": {"Atk": 2.6452247350707156, "Def": 1.9480258745431145, "Ext": 0.0}, "Cruzeiro / MG": {"Atk": 3.2612798986650877, "Def": 5.666792799010765, "Ext": 0.0}, "Vila Nova / GO": {"Atk": 0.601800957553194, "Def": 3.0743203870685916, "Ext": 0.24056651237910537}}