{"Atl\u00e9tico Mineiro / MG": {"Home": {"Atk": 1.0, "Def": 0.41362829642648075}, "Away": {"Atk": 0.5768658690032347, "Def": 0.744463247535446}, "Ext": 0.1}, "Fluminense / RJ": {"Home": {"Atk": 1.0873212878547405, "Def": 0.5225581781603577}, "Away": {"Atk": 0.6375963162767815, "Def": 0.6823784681115118}, "Ext": 0.1}, "S\u00e3o Paulo / SP": {"Home": {"Atk": 1.2283368153377165, "Def": 0.4419612135754204}, "Away": {"Atk": 0.5869659138943322, "Def": 0.7092528628198519}, "Ext": 0.1}, "Palmeiras / SP": {"Home": {"Atk": 1.2251796404113684, "Def": 0.6618580528069468}, "Away": {"Atk": 0.747197121411241, "Def": 1.8938165878875581}, "Ext": 0.09956303170081081}, "Botafogo / RJ": {"Home": {"Atk": 0.5265054176565821, "Def": 0.5241268036610235}, "Away": {"Atk": 0.5756424211260446, "Def": 0.6516791069584055}, "Ext": 0.0}, "Juventude / RS": {"Home": {"Atk": 0.5406969286170044, "Def": 0.3810215208333535}, "Away": {"Atk": 0.44964806310067584, "Def": 0.45468960033278205}, "Ext": 0.1}, "Fortaleza / CE": {"Home": {"Atk": 0.4430285429344982, "Def": 0.8893064262314053}, "Away": {"Atk": 0.6783137553505915, "Def": 0.5533259964057293}, "Ext": 0.0}, "Atl\u00e9tico / GO": {"Home": {"Atk": 0.6213021668359682, "Def": 0.513601227789684}, "Away": {"Atk": 0.49071016792424826, "Def": 0.4831330997461229}, "Ext": 0.1}, "Ava\u00ed / SC": {"Home": {"Atk": 1.010437868190085, "Def": 0.37238628664545065}, "Away": {"Atk": 0.30801274180661964, "Def": 0.4751015924091479}, "Ext": 0.04864787191491541}, "Coritiba / PR": {"Home": {"Atk": 0.8371600791664253, "Def": 0.5196994565510592}, "Away": {"Atk": 0.4518810422393533, "Def": 0.43771385566382176}, "Ext": 0.1}, "Am\u00e9rica / MG": {"Home": {"Atk": 0.769592033625568, "Def": 0.5652398751634685}, "Away": {"Atk": 0.25184280538145404, "Def": 0.7782369967202308}, "Ext": 0.0}, "Flamengo / RJ": {"Home": {"Atk": 1.3710809883524437, "Def": 1.1099624578098355}, "Away": {"Atk": 0.5785826841562332, "Def": 0.7662830986114774}, "Ext": 0.0}, "Red Bull Bragantino / SP": {"Home": {"Atk": 0.9394843274976744, "Def": 0.6510465366156412}, "Away": {"Atk": 0.6832336166891971, "Def": 0.4910820401990067}, "Ext": 0.0}, "Corinthians / SP": {"Home": {"Atk": 0.8011845235781659, "Def": 1.3459546140830045}, "Away": {"Atk": 0.5799550205267098, "Def": 0.5605202312665998}, "Ext": 0.0}, "Santos / SP": {"Home": {"Atk": 1.0923081766695661, "Def": 0.5627908467337643}, "Away": {"Atk": 0.3742673641830368, "Def": 0.9886000013826548}, "Ext": 0.1}, "Internacional / RS": {"Home": {"Atk": 1.2607183914428277, "Def": 0.5273446779523318}, "Away": {"Atk": 0.5100386601261674, "Def": 0.7652529355851779}, "Ext": 0.0}, "Cear\u00e1 / CE": {"Home": {"Atk": 0.6120678618668959, "Def": 0.48867902503697214}, "Away": {"Atk": 0.5598000298957395, "Def": 0.9696969368454894}, "Ext": 0.1}, "Goi\u00e1s / GO": {"Home": {"Atk": 0.8521263593761724, "Def": 0.5040042245567598}, "Away": {"Atk": 0.4578950763502224, "Def": 0.5500066862906493}, "Ext": 0.1}, "Cuiab\u00e1 / MT": {"Home": {"Atk": 0.43336055029615783, "Def": 0.897158913642029}, "Away": {"Atk": 0.34363213804542125, "Def": 0.6946928861701208}, "Ext": 0.0}, "Athletico Paranaense / PR": {"Home": {"Atk": 1.0272016040412555, "Def": 0.6563487740059868}, "Away": {"Atk": 0.5627329950092176, "Def": 0.5438826291382065}, "Ext": 0.0}}