{"Cear\u00e1 / CE": {"Atk": 0.7272343573733361, "Def": 0.5318487599538654}, "Bahia / BA": {"Atk": 0.7234716757952446, "Def": 0.5532135481361122}, "Sampaio Corr\u00eaa / MA": {"Atk": 0.40218204522341744, "Def": 0.350747110510428}, "Oeste / SP": {"Atk": 0.37252477759563807, "Def": 0.7492021379500123}, "Vila Nova / GO": {"Atk": 0.5885749189660932, "Def": 0.4996891740061728}, "Luverdense / MT": {"Atk": 0.5158441703795486, "Def": 0.5761801643329533}, "Tupi / MG": {"Atk": 0.38656143765975526, "Def": 0.5125446420318659}, "Brasil / RS": {"Atk": 0.2766054941796343, "Def": 0.8586383580964003}, "Londrina / PR": {"Atk": 0.4064347523079099, "Def": 0.7686184114855432}, "Crici\u00fama / SC": {"Atk": 0.7158652702307802, "Def": 0.9998699279645793}, "N\u00e1utico / PE": {"Atk": 0.7116399079160189, "Def": 0.5433697690363984}, "CRB / AL": {"Atk": 0.6128249370303288, "Def": 0.5225593856542805}, "Paysandu / PA": {"Atk": 0.43596156983168227, "Def": 0.6478970815584555}, "Red Bull Bragantino / SP": {"Atk": 0.37778736640293875, "Def": 0.6310600231554178}, "Goi\u00e1s / GO": {"Atk": 0.5889251673821834, "Def": 0.5082154630821681}, "Vasco da Gama / RJ": {"Atk": 0.7705353565428462, "Def": 0.7330199605583979}, "Atl\u00e9tico / GO": {"Atk": 0.45291833837402673, "Def": 0.9453213540820411}, "Joinville / SC": {"Atk": 0.2878156078804234, "Def": 0.5982083585491896}, "Paran\u00e1 / PR": {"Atk": 0.40036164665197693, "Def": 0.5204799639417471}, "Ava\u00ed / SC": {"Atk": 0.38459550686064836, "Def": 0.7249070888351473}, "Home bonus": 0.4468464677811051}