{"Fluminense / RJ": {"Atk": 1.0, "Def": 1.1847052330506327, "Ext": 0.3110599350193384}, "Flamengo / RJ": {"Atk": 1.2446832049876306, "Def": 1.1625354044032912, "Ext": 0.0}, "Palmeiras / SP": {"Atk": 1.572512012458415, "Def": 1.0591335841802556, "Ext": 0.0}, "Corinthians / SP": {"Atk": 1.2289642633059235, "Def": 2.003843979196287, "Ext": 0.10515822235471065}, "Cruzeiro / MG": {"Atk": 1.1811047589941321, "Def": 1.3260709831760058, "Ext": 0.0}, "Coritiba / PR": {"Atk": 1.1327148223696575, "Def": 0.9179433613521278, "Ext": 0.0}, "Gr\u00eamio / RS": {"Atk": 1.3678696744304073, "Def": 1.553489453171996, "Ext": 0.15122453304990616}, "Bahia / BA": {"Atk": 1.3693377670331173, "Def": 0.8937935596605768, "Ext": 0.0}, "Ponte Preta / SP": {"Atk": 0.9638741910256107, "Def": 0.898614435587507, "Ext": 0.0}, "Ava\u00ed / SC": {"Atk": 0.6753867070207248, "Def": 0.8913233622036779, "Ext": 0.0}, "Botafogo / RJ": {"Atk": 1.0639349315050297, "Def": 1.3461112156586363, "Ext": 0.13663233727501914}, "Vasco da Gama / RJ": {"Atk": 0.9485472558992644, "Def": 0.9750611402242253, "Ext": 0.0}, "Santos / SP": {"Atk": 0.9578606478152119, "Def": 2.1357557203003217, "Ext": 0.06857851997874151}, "S\u00e3o Paulo / SP": {"Atk": 0.8522918649170316, "Def": 1.3151658886618747, "Ext": 0.43005954402264746}, "Atl\u00e9tico / MG": {"Atk": 1.1599385657477599, "Def": 0.9503782080764431, "Ext": 0.0}, "Athletico Paranaense / PR": {"Atk": 1.1249259508918321, "Def": 1.0106682960682207, "Ext": 0.0}, "Sport / PE": {"Atk": 1.2698801292568278, "Def": 0.7563261282450687, "Ext": 0.0}, "Vit\u00f3ria / BA": {"Atk": 1.0061885696834172, "Def": 0.8855785270340554, "Ext": 0.22775677064138114}, "Atl\u00e9tico / GO": {"Atk": 0.91422840737467, "Def": 0.7558495947679913, "Ext": 0.0}, "Chapecoense / SC": {"Atk": 1.0931798263008792, "Def": 0.9076310957398559, "Ext": 0.056270406474109684}}