{"Palmeiras / SP": {"Atk": 0.8744550072843025, "Def": 0.47273801206230537}, "Chapecoense / SC": {"Atk": 0.5050974480839804, "Def": 0.588165484388596}, "Fluminense / RJ": {"Atk": 0.5996737324291654, "Def": 0.506772575138317}, "S\u00e3o Paulo / SP": {"Atk": 0.7787494150697079, "Def": 0.5086833221031751}, "Cruzeiro / MG": {"Atk": 0.6431574869805328, "Def": 0.7340055036572629}, "Athletico Paranaense / PR": {"Atk": 0.622806243311765, "Def": 0.5582477037567302}, "Sport / PE": {"Atk": 0.7658591202947506, "Def": 0.6292971382388576}, "Vasco da Gama / RJ": {"Atk": 0.4202115495010019, "Def": 0.45827964309720376}, "Gr\u00eamio / RS": {"Atk": 0.7333860071369596, "Def": 0.7562818332513636}, "Ava\u00ed / SC": {"Atk": 0.5565551057802923, "Def": 0.40512589209290867}, "Coritiba / PR": {"Atk": 0.4618904949279684, "Def": 0.5882382552819609}, "Goi\u00e1s / GO": {"Atk": 0.584278891825187, "Def": 0.5021401728421856}, "Corinthians / SP": {"Atk": 1.0344828331144158, "Def": 0.7807384052784132}, "Flamengo / RJ": {"Atk": 0.6636133351227378, "Def": 0.4676135448033913}, "Santos / SP": {"Atk": 0.7994315403540433, "Def": 0.5957032003494729}, "Atl\u00e9tico / MG": {"Atk": 0.9249653195847323, "Def": 0.5041429049393787}, "Joinville / SC": {"Atk": 0.38445836617166845, "Def": 0.5336417521401294}, "Ponte Preta / SP": {"Atk": 0.6040930189512483, "Def": 0.6173344432896912}, "Internacional / RS": {"Atk": 0.542437010611582, "Def": 0.6400617525448954}, "Figueirense / SC": {"Atk": 0.5253215516485491, "Def": 0.48799190968543543}}