{"Fluminense / RJ": {"Atk": 1.0, "Def": 0.5527240204922831, "Ext": 0.1}, "Flamengo / RJ": {"Atk": 0.9323323518489687, "Def": 0.8074925745709531, "Ext": 0.1}, "Palmeiras / SP": {"Atk": 0.9700578952829232, "Def": 0.7621365108447264, "Ext": 0.07708649451239225}, "Corinthians / SP": {"Atk": 1.0580972109172924, "Def": 1.7688333176636601, "Ext": 0.1}, "Cruzeiro / MG": {"Atk": 0.7224084551136065, "Def": 0.9829176247671488, "Ext": 0.0}, "Coritiba / PR": {"Atk": 0.7322000968625357, "Def": 0.6138311301207736, "Ext": 0.0}, "Gr\u00eamio / RS": {"Atk": 1.208096194306778, "Def": 0.8209909794493266, "Ext": 0.1}, "Bahia / BA": {"Atk": 0.8312648006121904, "Def": 0.61764335994514, "Ext": 0.0964177568269654}, "Ponte Preta / SP": {"Atk": 0.6936912988706391, "Def": 0.6204148822689192, "Ext": 0.0}, "Ava\u00ed / SC": {"Atk": 0.35078045948212644, "Def": 0.62016276093019, "Ext": 0.0}, "Botafogo / RJ": {"Atk": 0.7095682244212673, "Def": 0.7663698278616562, "Ext": 0.1}, "Vasco da Gama / RJ": {"Atk": 0.7366619170362616, "Def": 0.5138382550487863, "Ext": 0.1}, "Santos / SP": {"Atk": 0.7262619816077618, "Def": 1.2061812031435972, "Ext": 0.1}, "S\u00e3o Paulo / SP": {"Atk": 0.7662533467052742, "Def": 0.614772219356552, "Ext": 0.1}, "Atl\u00e9tico / MG": {"Atk": 0.655717691616729, "Def": 0.6588343216939643, "Ext": 0.0}, "Athletico Paranaense / PR": {"Atk": 0.7227824848287071, "Def": 0.6993474510119814, "Ext": 0.0}, "Sport / PE": {"Atk": 1.0495809016664464, "Def": 0.579364728979907, "Ext": 0.0}, "Vit\u00f3ria / BA": {"Atk": 0.7304300937782162, "Def": 0.5065420844574131, "Ext": 0.0}, "Atl\u00e9tico / GO": {"Atk": 0.5702799848320201, "Def": 0.45097647716963535, "Ext": 0.0}, "Chapecoense / SC": {"Atk": 0.8482188004640899, "Def": 0.4646177000260026, "Ext": 0.006528851972910075}}