{"Palmeiras / SP": {"Atk": 0.9498637117317533, "Def": 0.7605597071534117}, "Flamengo / RJ": {"Atk": 0.7660497669203717, "Def": 0.7272605164876456}, "Atl\u00e9tico / MG": {"Atk": 0.9546113882435378, "Def": 0.527630662202881}, "Coritiba / PR": {"Atk": 0.6405536381622544, "Def": 0.6526226757803095}, "Botafogo / RJ": {"Atk": 0.66649924461664, "Def": 0.6497171213060281}, "Santa Cruz / PE": {"Atk": 0.61869970198417, "Def": 0.40405475648086964}, "Corinthians / SP": {"Atk": 0.730424383048484, "Def": 0.6251295579352395}, "Figueirense / SC": {"Atk": 0.4828295990879855, "Def": 0.556406752606049}, "Am\u00e9rica / MG": {"Atk": 0.3473336744380723, "Def": 0.4749536226050287}, "Internacional / RS": {"Atk": 0.5390920149045988, "Def": 0.6263401312257015}, "Vit\u00f3ria / BA": {"Atk": 0.7416613776398951, "Def": 0.47262120170419775}, "Fluminense / RJ": {"Atk": 0.7259110206274644, "Def": 0.5824579964492932}, "Cruzeiro / MG": {"Atk": 0.7001984927146009, "Def": 0.5473597928210874}, "Santos / SP": {"Atk": 0.908163228027252, "Def": 0.7752308913886813}, "Athletico Paranaense / PR": {"Atk": 0.5817987870310503, "Def": 0.7579727766443601}, "Chapecoense / SC": {"Atk": 0.7760628753042982, "Def": 0.4536442168748512}, "S\u00e3o Paulo / SP": {"Atk": 0.6142555654748517, "Def": 0.7298075307721726}, "Gr\u00eamio / RS": {"Atk": 0.6129164050695718, "Def": 0.6527457637639035}, "Ponte Preta / SP": {"Atk": 0.7267602127346764, "Def": 0.47404284293587373}, "Sport / PE": {"Atk": 0.7473999625164578, "Def": 0.48542132382783537}}