{"Cruzeiro / MG": {"Atk": 1.0, "Def": 0.9139779906386518}, "Ava\u00ed / SC": {"Atk": 0.9415486384478582, "Def": 0.6671974969348602}, "CSA / AL": {"Atk": 1.0820243715110456, "Def": 0.9114705086676089}, "Ponte Preta / SP": {"Atk": 1.0497342402001955, "Def": 0.7121109820296011}, "Oeste / SP": {"Atk": 0.6388317281884157, "Def": 0.5412124076321029}, "Oper\u00e1rio / PR": {"Atk": 0.7751157726257906, "Def": 1.0340586312801936}, "Juventude / RS": {"Atk": 1.3038803628276736, "Def": 0.8864221416399427}, "Vit\u00f3ria / BA": {"Atk": 1.0353259183584236, "Def": 0.9079528882527619}, "Confian\u00e7a / SE": {"Atk": 0.9512805232176537, "Def": 0.8512472583476416}, "Cuiab\u00e1 / MT": {"Atk": 1.0045022454220391, "Def": 0.9050997289080555}, "Am\u00e9rica / MG": {"Atk": 0.8656425671610787, "Def": 1.3595881078132095}, "Figueirense / SC": {"Atk": 0.5599734675871038, "Def": 0.8577872833669145}, "CRB / AL": {"Atk": 0.955207202691034, "Def": 0.7609818787088042}, "Guarani / SP": {"Atk": 1.023319396670243, "Def": 0.7425824716300702}, "Botafogo / SP": {"Atk": 0.4734461732587125, "Def": 0.9405503221898136}, "Paran\u00e1 / PR": {"Atk": 0.8970054046009079, "Def": 0.6864653058540905}, "Brasil / RS": {"Atk": 0.7305804186635155, "Def": 1.1588533350570407}, "N\u00e1utico / PE": {"Atk": 0.7872244697539066, "Def": 0.7329454252774029}, "Sampaio Corr\u00eaa / MA": {"Atk": 1.2784039087323265, "Def": 0.8984807510266916}, "Chapecoense / SC": {"Atk": 0.8540432558380502, "Def": 2.5975378527337436}}