{"Red Bull Bragantino / SP": {"Home": {"Atk": 1.0, "Def": 0.37625466451277156}, "Away": {"Atk": 0.49340191850463105, "Def": 0.5449215260848207}}, "Ponte Preta / SP": {"Home": {"Atk": 1.205613363300693, "Def": 0.5104848221628567}, "Away": {"Atk": 0.6925833802580771, "Def": 0.7952154515643259}}, "Vasco da Gama / RJ": {"Home": {"Atk": 1.1515706515376984, "Def": 0.5171686861694285}, "Away": {"Atk": 0.5720230062599496, "Def": 0.9743548354362821}}, "Santa Cruz / PE": {"Home": {"Atk": 1.1463811970339686, "Def": 0.699884136653095}, "Away": {"Atk": 0.44832963755406613, "Def": 0.6401963964994618}}, "Sampaio Corr\u00eaa / MA": {"Home": {"Atk": 1.0712715413972185, "Def": 0.4192558944670511}, "Away": {"Atk": 0.6768853124659182, "Def": 0.880476405852498}}, "Cear\u00e1 / CE": {"Home": {"Atk": 1.6488478763057879, "Def": 0.32306520141353606}, "Away": {"Atk": 0.6345729654965644, "Def": 0.6450297013170705}}, "Vila Nova / GO": {"Home": {"Atk": 0.4562156938110632, "Def": 0.27267168320429314}, "Away": {"Atk": 0.3421652869223356, "Def": 0.656662641415122}}, "Am\u00e9rica / RN": {"Home": {"Atk": 0.8148971129350542, "Def": 0.3613624470678492}, "Away": {"Atk": 0.4124500975776822, "Def": 0.6945293120768109}}, "Boa / MG": {"Home": {"Atk": 0.9967809139085645, "Def": 0.42370592645658567}, "Away": {"Atk": 0.5704830539431007, "Def": 0.740536207929278}}, "Oeste / SP": {"Home": {"Atk": 1.0501319420891093, "Def": 0.5337619658573517}, "Away": {"Atk": 0.35616187126684073, "Def": 0.49154832611192534}}, "Portuguesa / SP": {"Home": {"Atk": 0.6697855961257222, "Def": 0.3509216366852738}, "Away": {"Atk": 0.34028346272514826, "Def": 0.7387782962278504}}, "Paran\u00e1 / PR": {"Home": {"Atk": 0.8437894825444369, "Def": 0.5823341129045371}, "Away": {"Atk": 0.5005973211976358, "Def": 0.6500689270972084}}, "N\u00e1utico / PE": {"Home": {"Atk": 0.9692412861315545, "Def": 0.4927508228873505}, "Away": {"Atk": 0.4591841922114476, "Def": 0.7890488813486406}}, "Luverdense / MT": {"Home": {"Atk": 1.1576066910804652, "Def": 0.44039898284843293}, "Away": {"Atk": 0.2867215879768113, "Def": 0.7001084344455097}}, "Icasa / CE": {"Home": {"Atk": 0.6721647516386392, "Def": 0.5561718950022441}, "Away": {"Atk": 0.2846232553437193, "Def": 0.7001137680658394}}, "Ava\u00ed / SC": {"Home": {"Atk": 0.8369467243793799, "Def": 0.5157353457667144}, "Away": {"Atk": 0.7291943432006458, "Def": 1.1273952208103786}}, "Atl\u00e9tico / GO": {"Home": {"Atk": 1.2226208463087818, "Def": 0.39982556800064417}, "Away": {"Atk": 0.4983167106692761, "Def": 0.5404645814394798}}, "ABC / RN": {"Home": {"Atk": 0.695320631112868, "Def": 0.6145859216193212}, "Away": {"Atk": 0.29450903796393285, "Def": 0.9233734156167704}}, "Am\u00e9rica / MG": {"Home": {"Atk": 1.1071030200366208, "Def": 0.553494273266887}, "Away": {"Atk": 0.3944915710695285, "Def": 0.6709382342527598}}, "Joinville / SC": {"Home": {"Atk": 1.0606412325059633, "Def": 0.9663112718705548}, "Away": {"Atk": 0.4927320383813515, "Def": 0.6811966648135965}}}