{"Vasco da Gama / RJ": {"Atk": 1.0, "Def": 0.8016853704681984, "Ext": 0.12676352457986825}, "Fluminense / RJ": {"Atk": 0.5144360334568474, "Def": 1.393300533671382, "Ext": 0.28305384612749745}, "Corinthians / SP": {"Atk": 0.45130843722986597, "Def": 4.333184871638247, "Ext": 0.0}, "Vit\u00f3ria / BA": {"Atk": 0.9448315152764156, "Def": 1.3143207239125858, "Ext": 0.33799406711871555}, "Gr\u00eamio / RS": {"Atk": 0.90141120728593, "Def": 1.4921855590072857, "Ext": 0.0}, "Ponte Preta / SP": {"Atk": 0.7542869312056186, "Def": 0.7816245396972044, "Ext": 0.0}, "Crici\u00fama / SC": {"Atk": 1.2524794590090587, "Def": 0.6358670005417304, "Ext": 0.0}, "Cruzeiro / MG": {"Atk": 1.9080110917703004, "Def": 1.2274755347321207, "Ext": 0.0}, "Coritiba / PR": {"Atk": 0.3800079864188174, "Def": 1.7063668527477716, "Ext": 0.34462129141950587}, "Santos / SP": {"Atk": 0.9552369226267402, "Def": 1.5456722694777845, "Ext": 0.11742031182058199}, "Botafogo / RJ": {"Atk": 1.052291101104976, "Def": 1.4731296849261835, "Ext": 0.14773757913748703}, "Flamengo / RJ": {"Atk": 0.7954217015618845, "Def": 1.0724510483244345, "Ext": 0.0}, "S\u00e3o Paulo / SP": {"Atk": 0.7900546163416237, "Def": 1.229122841994151, "Ext": 0.0}, "Bahia / BA": {"Atk": 0.7501037502727849, "Def": 1.1001266004132817, "Ext": 0.0}, "Internacional / RS": {"Atk": 0.6043433213626523, "Def": 1.6775297222985825, "Ext": 0.5288938632240544}, "Goi\u00e1s / GO": {"Atk": 0.7810052879403033, "Def": 1.7090363179256316, "Ext": 0.21409538129725803}, "N\u00e1utico / PE": {"Atk": 0.27412826929876216, "Def": 0.5021165085032082, "Ext": 0.0}, "Atl\u00e9tico / MG": {"Atk": 0.8511407028683545, "Def": 1.5121326743669463, "Ext": 0.0}, "Athletico Paranaense / PR": {"Atk": 1.151476837336902, "Def": 1.3414936820418297, "Ext": 0.2765390441856774}, "Portuguesa / SP": {"Atk": 0.8984558834064545, "Def": 1.1725465279240033, "Ext": 0.15680241433836978}, "Home bonus": 0.4902238400281092}