{"Vasco da Gama / RJ": {"Atk": 1.0, "Def": 0.5715511125225782}, "Fluminense / RJ": {"Atk": 0.8553543881472067, "Def": 0.7527370981426776}, "Corinthians / SP": {"Atk": 0.6170888339072045, "Def": 1.471501368087729}, "Vit\u00f3ria / BA": {"Atk": 1.0737160840772173, "Def": 0.6230982860548337}, "Gr\u00eamio / RS": {"Atk": 0.893074931339475, "Def": 1.147503415909424}, "Ponte Preta / SP": {"Atk": 0.7549984087542098, "Def": 0.5885559269085736}, "Crici\u00fama / SC": {"Atk": 0.9327003722038276, "Def": 0.5394471109737571}, "Cruzeiro / MG": {"Atk": 1.6198458803994082, "Def": 1.1155416001264464}, "Coritiba / PR": {"Atk": 0.8221709521255605, "Def": 0.6759946567095689}, "Santos / SP": {"Atk": 0.9103703499788925, "Def": 0.8619659131446757}, "Botafogo / RJ": {"Atk": 1.0932216590729198, "Def": 0.7950157791383274}, "Flamengo / RJ": {"Atk": 0.8373842138560206, "Def": 0.7711489603355434}, "S\u00e3o Paulo / SP": {"Atk": 0.6770494180808678, "Def": 0.8350077013592094}, "Bahia / BA": {"Atk": 0.7496779560552503, "Def": 0.7521692662925156}, "Internacional / RS": {"Atk": 1.0555203154003547, "Def": 0.6722686216298251}, "Goi\u00e1s / GO": {"Atk": 0.8031341068520864, "Def": 0.760565646932417}, "N\u00e1utico / PE": {"Atk": 0.4886628456795595, "Def": 0.5602379586989228}, "Atl\u00e9tico / MG": {"Atk": 0.9136996119345212, "Def": 0.9031444553327592}, "Athletico Paranaense / PR": {"Atk": 1.2907688153635335, "Def": 0.6888307833262981}, "Portuguesa / SP": {"Atk": 1.1548491935436853, "Def": 0.6298768868200576}}