{"Flamengo / RJ": {"Atk": 1.0, "Def": 2.0042865970315096, "Ext": 0.1}, "Fluminense / RJ": {"Atk": 3.3890646797217654, "Def": 2.2264492854793265, "Ext": 0.0}, "S\u00e3o Paulo / SP": {"Atk": 4.553652590043542, "Def": 2.532413363187165, "Ext": 0.09999870281602782}, "Santos / SP": {"Atk": 2.6627753370623797, "Def": 3.796272973655254, "Ext": 0.1}, "Athletico Paranaense / PR": {"Atk": 3.981941696614959, "Def": 2.159299440098793, "Ext": 0.1}, "Atl\u00e9tico / MG": {"Atk": 3.156251412189416, "Def": 3.7518494323110687, "Ext": 0.1}, "Bahia / BA": {"Atk": 1.3221779066065356, "Def": 2.5087841254364327, "Ext": 0.0}, "Internacional / RS": {"Atk": 2.7480282691304283, "Def": 2.911736432979608, "Ext": 0.1}, "Crici\u00fama / SC": {"Atk": 1.0324471379931974, "Def": 1.9812538912585336, "Ext": 0.0}, "Chapecoense / SC": {"Atk": 1.6134469535874854, "Def": 2.2692601553506875, "Ext": 0.1}, "Botafogo / RJ": {"Atk": 3.131490588026172, "Def": 2.121640140157809, "Ext": 0.0}, "Sport / PE": {"Atk": 2.2070249647141718, "Def": 2.6364978079991332, "Ext": 0.1}, "Corinthians / SP": {"Atk": 2.542406027169868, "Def": 6.225051132921869, "Ext": 0.1}, "Palmeiras / SP": {"Atk": 1.5752385552370525, "Def": 2.032671846082077, "Ext": 0.1}, "Coritiba / PR": {"Atk": 1.5705254420688533, "Def": 2.575322591989577, "Ext": 0.0}, "Cruzeiro / MG": {"Atk": 5.208103138958844, "Def": 2.658923483260186, "Ext": 0.1}, "Vit\u00f3ria / BA": {"Atk": 1.9927252225223033, "Def": 2.260532773658104, "Ext": 0.1}, "Gr\u00eamio / RS": {"Atk": 1.237094876961885, "Def": 7.855433535463037, "Ext": 0.1}, "Figueirense / SC": {"Atk": 1.2006965292433704, "Def": 1.5888785051340963, "Ext": 0.0}, "Goi\u00e1s / GO": {"Atk": 1.156149789067926, "Def": 4.132507623574674, "Ext": 0.0}, "Home bonus": 0.33980094856231124}