{"Palmeiras / SP": {"Atk": 0.9091046826897927, "Def": 0.9907282106890442}, "Chapecoense / SC": {"Atk": 0.34722478814901814, "Def": 0.8059643359319015}, "Fluminense / RJ": {"Atk": 0.6951270650219684, "Def": 0.760622692854967}, "S\u00e3o Paulo / SP": {"Atk": 0.6607883184039768, "Def": 0.6788664795246981}, "Cruzeiro / MG": {"Atk": 0.4244506584116424, "Def": 0.8940945840654951}, "Athletico Paranaense / PR": {"Atk": 0.6353760114234593, "Def": 0.5586177399642918}, "Sport / PE": {"Atk": 0.8573207439986977, "Def": 0.6499317770573654}, "Vasco da Gama / RJ": {"Atk": 0.2233471227067551, "Def": 0.3664644414474652}, "Gr\u00eamio / RS": {"Atk": 0.612688590738832, "Def": 0.6973062576827297}, "Ava\u00ed / SC": {"Atk": 0.4974754150489281, "Def": 0.41178298962124266}, "Coritiba / PR": {"Atk": 0.26282030583138416, "Def": 0.6091783102703543}, "Goi\u00e1s / GO": {"Atk": 0.340461686778523, "Def": 0.7703172662165941}, "Corinthians / SP": {"Atk": 0.5884039940531441, "Def": 1.2183540939552902}, "Flamengo / RJ": {"Atk": 0.47625759886072216, "Def": 0.43928487341583716}, "Santos / SP": {"Atk": 0.7061230816454692, "Def": 0.47613102710416144}, "Atl\u00e9tico / MG": {"Atk": 0.9997795148663473, "Def": 0.7098730371774145}, "Joinville / SC": {"Atk": 0.20131378286913926, "Def": 0.5502991944579686}, "Ponte Preta / SP": {"Atk": 0.6165047314513526, "Def": 0.5915622414046138}, "Internacional / RS": {"Atk": 0.37681431566565693, "Def": 0.6433597613965165}, "Figueirense / SC": {"Atk": 0.33196882763585167, "Def": 0.522559935586568}, "Home bonus": 0.4341245079422504}