{"Vasco da Gama / RJ": {"Atk": 1.0, "Def": 0.5988970881129895, "Home bonus": 0.22212286500265416}, "Fluminense / RJ": {"Atk": 0.611542409040555, "Def": 0.7804296631115558, "Home bonus": 0.6822275917094863}, "Corinthians / SP": {"Atk": 0.4180080150810312, "Def": 2.625382312639764, "Home bonus": 0.398639024526764}, "Vit\u00f3ria / BA": {"Atk": 1.0971071114179807, "Def": 0.6845767871116332, "Home bonus": 0.3634311681726827}, "Gr\u00eamio / RS": {"Atk": 0.759899730852047, "Def": 1.2212266903821472, "Home bonus": 0.3461471200141264}, "Ponte Preta / SP": {"Atk": 0.7479193598571466, "Def": 0.6703978999496886, "Home bonus": 0.17688669621479094}, "Crici\u00fama / SC": {"Atk": 1.0499923617515898, "Def": 0.5751570243845562, "Home bonus": 0.096940128809071}, "Cruzeiro / MG": {"Atk": 1.2977354162820616, "Def": 0.985669050924392, "Home bonus": 0.8486732091689461}, "Coritiba / PR": {"Atk": 0.49991520409378315, "Def": 0.8282309512753514, "Home bonus": 0.947402900175932}, "Santos / SP": {"Atk": 0.8321357986576411, "Def": 1.0447333744319316, "Home bonus": 0.4860451649476858}, "Botafogo / RJ": {"Atk": 1.05055161193033, "Def": 0.9199524639166483, "Home bonus": 0.22960070927487408}, "Flamengo / RJ": {"Atk": 0.6970948407881639, "Def": 0.7668456108004522, "Home bonus": 0.5576060298070715}, "S\u00e3o Paulo / SP": {"Atk": 0.7897173813522598, "Def": 0.9486038872865614, "Home bonus": 0.14153493107485937}, "Bahia / BA": {"Atk": 0.7779537299705565, "Def": 0.9400596348260165, "Home bonus": 0.009076251447737313}, "Internacional / RS": {"Atk": 0.9404838056561613, "Def": 0.6609792278615214, "Home bonus": 0.48427654145156757}, "Goi\u00e1s / GO": {"Atk": 0.8596767992039995, "Def": 1.0243717273705175, "Home bonus": 0.44269512103713204}, "N\u00e1utico / PE": {"Atk": 0.36266569513131375, "Def": 0.447034013866003, "Home bonus": 0.2671841264835726}, "Atl\u00e9tico / MG": {"Atk": 0.3650423958670891, "Def": 1.119831249182806, "Home bonus": 1.67371853944317}, "Athletico Paranaense / PR": {"Atk": 1.1389223581655386, "Def": 0.7307949421043046, "Home bonus": 0.4815542264239765}, "Portuguesa / SP": {"Atk": 0.6903269609020414, "Def": 0.8186438891419429, "Home bonus": 1.0054694085487488}}