{"Cruzeiro / MG": {"Atk": 1.0, "Def": 1.3010397716138016, "Ext": 0.1}, "Ava\u00ed / SC": {"Atk": 1.1896419310385455, "Def": 0.8429320097635488, "Ext": 0.0}, "CSA / AL": {"Atk": 1.3014328089849387, "Def": 1.1098123637020307, "Ext": 0.0}, "Ponte Preta / SP": {"Atk": 1.4222101793488984, "Def": 0.8143523213865387, "Ext": 0.02352251696855356}, "Oeste / SP": {"Atk": 0.7651276869634486, "Def": 0.692715499360143, "Ext": 0.0}, "Oper\u00e1rio / PR": {"Atk": 1.0474953676508774, "Def": 1.1799260176476096, "Ext": 0.0}, "Juventude / RS": {"Atk": 1.360355755028626, "Def": 0.9617862127872863, "Ext": 0.1}, "Vit\u00f3ria / BA": {"Atk": 1.1789713982472247, "Def": 0.8988231405017828, "Ext": 0.1}, "Confian\u00e7a / SE": {"Atk": 1.015618442490966, "Def": 0.9022990067036656, "Ext": 0.1}, "Cuiab\u00e1 / MT": {"Atk": 1.2541393831116607, "Def": 1.0078197538610671, "Ext": 0.0}, "Am\u00e9rica / MG": {"Atk": 1.080971534127433, "Def": 1.8322056386243517, "Ext": 0.1}, "Figueirense / SC": {"Atk": 0.9335280496857529, "Def": 0.8379818405564462, "Ext": 0.014190329632984482}, "CRB / AL": {"Atk": 1.271906277955786, "Def": 0.8600108606098817, "Ext": 0.0}, "Guarani / SP": {"Atk": 1.0759663930958607, "Def": 0.8552885758958122, "Ext": 0.0}, "Botafogo / SP": {"Atk": 0.676558190873852, "Def": 1.0766326475112753, "Ext": 0.0}, "Paran\u00e1 / PR": {"Atk": 0.8931834416981077, "Def": 0.8206143018036591, "Ext": 0.0}, "Brasil / RS": {"Atk": 0.7988768070771141, "Def": 1.2729519093670336, "Ext": 0.1}, "N\u00e1utico / PE": {"Atk": 0.9143950088711253, "Def": 0.9778365973287866, "Ext": 0.1}, "Sampaio Corr\u00eaa / MA": {"Atk": 1.29829984693068, "Def": 1.0582970142072579, "Ext": 0.0026915505048467118}, "Chapecoense / SC": {"Atk": 1.065744446708342, "Def": 1.9534780865642152, "Ext": 0.02569671511524972}}