{"Palmeiras / SP": {"Atk": 1.0, "Def": 0.6837052438923437, "Ext": 0.1}, "Chapecoense / SC": {"Atk": 0.30842844832230015, "Def": 0.8298874891944111, "Ext": 0.1}, "Fluminense / RJ": {"Atk": 0.6319771835635826, "Def": 0.73056606365257, "Ext": 0.1}, "S\u00e3o Paulo / SP": {"Atk": 0.6990629720710103, "Def": 0.690807254247978, "Ext": 0.0}, "Cruzeiro / MG": {"Atk": 0.4747705936624283, "Def": 0.9107737019001756, "Ext": 0.0}, "Athletico Paranaense / PR": {"Atk": 0.6367230895877766, "Def": 0.8874913315079515, "Ext": 0.010269905068447209}, "Sport / PE": {"Atk": 0.791156783970443, "Def": 0.7655171280276807, "Ext": 0.1}, "Vasco da Gama / RJ": {"Atk": 0.19608871028072897, "Def": 0.40551585530679807, "Ext": 0.0}, "Gr\u00eamio / RS": {"Atk": 0.7756064736919852, "Def": 1.0625336089255266, "Ext": 0.0}, "Ava\u00ed / SC": {"Atk": 0.47759781273599067, "Def": 0.44961824918989185, "Ext": 0.0}, "Coritiba / PR": {"Atk": 0.3338389368750559, "Def": 0.867164690829244, "Ext": 0.1}, "Goi\u00e1s / GO": {"Atk": 0.47479334263869066, "Def": 1.1872138862207628, "Ext": 0.006647359300265632}, "Corinthians / SP": {"Atk": 0.9844134036836545, "Def": 1.0366323599704061, "Ext": 0.1}, "Flamengo / RJ": {"Atk": 0.7619758078184866, "Def": 0.566477237393073, "Ext": 0.0}, "Santos / SP": {"Atk": 0.8990903071765197, "Def": 0.6640687663900896, "Ext": 0.1}, "Atl\u00e9tico / MG": {"Atk": 0.9957597410235622, "Def": 0.818730501557654, "Ext": 0.0}, "Joinville / SC": {"Atk": 0.32811651506551226, "Def": 0.8021922244508425, "Ext": 0.1}, "Ponte Preta / SP": {"Atk": 0.53422125753516, "Def": 0.6749399361007606, "Ext": 0.1}, "Internacional / RS": {"Atk": 0.4401774650089852, "Def": 0.8161018100581916, "Ext": 0.0}, "Figueirense / SC": {"Atk": 0.5145213832425789, "Def": 0.5311841002388963, "Ext": 0.1}, "Home bonus": 0.5270683656231007}