{"Vasco da Gama / RJ": {"Atk": 1.0, "Def": 0.45361218200885606, "Home bonus": 0.6615471102017073, "Ext": 0.4212450276190858}, "Fluminense / RJ": {"Atk": 0.22308464848112383, "Def": 0.6701927872925229, "Home bonus": 0.42777199802469473, "Ext": 0.500318431731447}, "Corinthians / SP": {"Atk": 0.3178804565637556, "Def": 0.9761334836735356, "Home bonus": 0.19992834860134204, "Ext": 0.5171744998865149}, "Vit\u00f3ria / BA": {"Atk": 0.5747936826933292, "Def": 0.5524682041981468, "Home bonus": 0.5079914728734869, "Ext": 0.6318394808769374}, "Gr\u00eamio / RS": {"Atk": 0.7140530666299497, "Def": 0.8295512799302389, "Home bonus": 0.2295232253951226, "Ext": 0.19734172150887452}, "Ponte Preta / SP": {"Atk": 0.21844139860969045, "Def": 0.5431695863937288, "Home bonus": 0.5382347967111006, "Ext": 0.7909244693902878}, "Crici\u00fama / SC": {"Atk": 0.1965341711979073, "Def": 0.6875317673143234, "Home bonus": 0.8025943608444163, "Ext": 0.4548165178175528}, "Cruzeiro / MG": {"Atk": 0.7767847982135656, "Def": 0.9765728362893613, "Home bonus": 0.2154606183801303, "Ext": 0.7871825718818122}, "Coritiba / PR": {"Atk": 0.03268178503751793, "Def": 0.7613775236517105, "Home bonus": 0.945055683642928, "Ext": 0.4840724137166386}, "Santos / SP": {"Atk": 0.3555467467943736, "Def": 0.9552201570160586, "Home bonus": 0.2559962567560708, "Ext": 0.7860845359849965}, "Botafogo / RJ": {"Atk": 0.6039718118966589, "Def": 0.6504618384483761, "Home bonus": 0.030863812120067727, "Ext": 0.3327143195178568}, "Flamengo / RJ": {"Atk": 0.6063782886493109, "Def": 0.520256404361211, "Home bonus": 0.2624508370592621, "Ext": 0.32135226815833123}, "S\u00e3o Paulo / SP": {"Atk": 0.37042249427558005, "Def": 1.0617545822031027, "Home bonus": 0.38169954050387145, "Ext": 0.0}, "Bahia / BA": {"Atk": 0.512142386747443, "Def": 0.6850046886447377, "Home bonus": 0.017761957123921097, "Ext": 0.46511005134418965}, "Internacional / RS": {"Atk": 0.28643862886599614, "Def": 0.6532780010172946, "Home bonus": 0.8619092281465974, "Ext": 0.6105334668757709}, "Goi\u00e1s / GO": {"Atk": 0.32929248482291446, "Def": 0.9769723259500516, "Home bonus": 0.32218681466921467, "Ext": 0.0013660081728142522}, "N\u00e1utico / PE": {"Atk": 0.010497724422169747, "Def": 0.6308357703369168, "Home bonus": 0.9112405157641841, "Ext": 0.2309293263967738}, "Atl\u00e9tico / MG": {"Atk": 0.5990858539951305, "Def": 0.5720733696843082, "Home bonus": 0.142111877473996, "Ext": 0.0761838973218606}, "Athletico Paranaense / PR": {"Atk": 0.553689524384196, "Def": 1.0137221000029144, "Home bonus": 0.04564155326029239, "Ext": 0.8462179921720244}, "Portuguesa / SP": {"Atk": 0.35075218221061677, "Def": 0.5504345724220961, "Home bonus": 0.6129755023380911, "Ext": 0.4390763814395533}}