{"Ponte Preta / SP": {"Atk": 1.0, "Def": 2.4427065535081853, "Ext": 0.14233829073044596}, "CSA / AL": {"Atk": 0.43711735444942984, "Def": 2.472618653347043, "Ext": 0.33549855170039755}, "Sport / PE": {"Atk": 1.0079740141040463, "Def": 3.028559158361477, "Ext": 0.07736821012756893}, "Brusque / SC": {"Atk": 1.3110441860955129, "Def": 1.6368582420100088, "Ext": 0.0}, "Novorizontino / SP": {"Atk": 1.5703691808271398, "Def": 1.2903274857152969, "Ext": 0.0}, "Londrina / PR": {"Atk": 1.6708347322893706, "Def": 1.672752122229872, "Ext": 0.0}, "Vasco da Gama / RJ": {"Atk": 1.7935362689640533, "Def": 2.739042158741165, "Ext": 0.0}, "Bahia / BA": {"Atk": 1.8687002587282666, "Def": 3.603803016432236, "Ext": 0.0}, "Tombense / MG": {"Atk": 1.6335638004010842, "Def": 1.837006960195201, "Ext": 0.0}, "Chapecoense / SC": {"Atk": 1.3478196043633095, "Def": 1.7491059294426854, "Ext": 0.0}, "Guarani / SP": {"Atk": 0.6712213558604637, "Def": 1.6069066626030684, "Ext": 0.2620364905688629}, "CRB / AL": {"Atk": 1.6969017333830638, "Def": 1.1291418861489595, "Ext": 0.0}, "N\u00e1utico / PE": {"Atk": 1.460062218365783, "Def": 1.106411459805095, "Ext": 0.0}, "Crici\u00fama / SC": {"Atk": 1.4272833637976163, "Def": 2.0605722945730185, "Ext": 0.20555006501242187}, "Ituano / SP": {"Atk": 1.2443989796780432, "Def": 2.1634666139209084, "Ext": 0.2997454025642591}, "Oper\u00e1rio / PR": {"Atk": 1.6218267146852132, "Def": 1.2225430883808381, "Ext": 0.0}, "Gr\u00eamio / RS": {"Atk": 1.5272044312950739, "Def": 8.276321012367545, "Ext": 0.022594589953838565}, "Sampaio Corr\u00eaa / MA": {"Atk": 2.189496029926994, "Def": 1.2500197664298682, "Ext": 0.0}, "Cruzeiro / MG": {"Atk": 2.1360136917987504, "Def": 3.7031326764768058, "Ext": 0.0}, "Vila Nova / GO": {"Atk": 0.4983162577749718, "Def": 2.317337876212526, "Ext": 0.26922379749288755}}