{"Paran\u00e1 / PR": {"Atk": 1.0, "Def": 1.2968799922864835, "Home bonus": 0.0}, "Atl\u00e9tico / GO": {"Atk": 0.33417464387802165, "Def": 1.7424475799754708, "Home bonus": 0.7973868162429196}, "Paysandu / PA": {"Atk": 0.5327133098978926, "Def": 1.471966253253017, "Home bonus": 0.9960855297754402}, "Mogi Mirim / SP": {"Atk": 1.3274302319490787, "Def": 0.6025097187035972, "Home bonus": 0.0}, "Vit\u00f3ria / BA": {"Atk": 0.9101604440814289, "Def": 1.3561043131297337, "Home bonus": 1.3920079248296207}, "Maca\u00e9 / RJ": {"Atk": 1.1773602657325324, "Def": 0.7142629779615515, "Home bonus": 0.853477659412538}, "Am\u00e9rica / MG": {"Atk": 0.9771282569149512, "Def": 1.7280233752543643, "Home bonus": 0.9897980798510017}, "N\u00e1utico / PE": {"Atk": 0.8437554363341325, "Def": 0.9961505995912465, "Home bonus": 0.9186447889275537}, "ABC / RN": {"Atk": 1.191140932053469, "Def": 0.6142876359840956, "Home bonus": 0.0}, "CRB / AL": {"Atk": 0.6154865730174185, "Def": 1.6950092713737395, "Home bonus": 0.8409482823005839}, "Bahia / BA": {"Atk": 1.1656398602648002, "Def": 2.031428357761957, "Home bonus": 0.6319451525110792}, "Crici\u00fama / SC": {"Atk": 0.6531508460361977, "Def": 1.0484543242627495, "Home bonus": 0.6588711681513861}, "Sampaio Corr\u00eaa / MA": {"Atk": 1.1298078233597586, "Def": 1.3874859912240263, "Home bonus": 0.865866300135256}, "Santa Cruz / PE": {"Atk": 0.9304302430767897, "Def": 1.3210383428247285, "Home bonus": 1.131602019623026}, "Botafogo / RJ": {"Atk": 0.7808786706252476, "Def": 2.3702830921863773, "Home bonus": 1.3712051551602544}, "Red Bull Bragantino / SP": {"Atk": 1.2035521219354428, "Def": 0.8242944264107627, "Home bonus": 0.49025694556337274}, "Boa / MG": {"Atk": 0.9403610915731265, "Def": 1.0950986393816227, "Home bonus": 0.0}, "Oeste / SP": {"Atk": 1.002455486036641, "Def": 1.1733693380592807, "Home bonus": 0.22198953415084616}, "Cear\u00e1 / CE": {"Atk": 0.25536908119088814, "Def": 0.6520419038231182, "Home bonus": 1.0028867650688913}, "Luverdense / MT": {"Atk": 0.6120107830247264, "Def": 0.987551604598453, "Home bonus": 0.5908996176457065}}