{"Cruzeiro / MG": {"Atk": 1.0, "Def": 1.3627786089223426, "Ext": 0.1}, "Ava\u00ed / SC": {"Atk": 1.0418610441401996, "Def": 0.9049875998528835, "Ext": 0.0}, "CSA / AL": {"Atk": 1.2035624836494843, "Def": 1.3046980874515397, "Ext": 0.0}, "Ponte Preta / SP": {"Atk": 1.2303435455401075, "Def": 0.8758565882750464, "Ext": 0.0}, "Oeste / SP": {"Atk": 0.7603217276929032, "Def": 0.7390774991642556, "Ext": 0.0}, "Oper\u00e1rio / PR": {"Atk": 0.8510513773014793, "Def": 1.3446355511986423, "Ext": 0.0}, "Juventude / RS": {"Atk": 1.3217266368837615, "Def": 1.2161565073342586, "Ext": 0.1}, "Vit\u00f3ria / BA": {"Atk": 1.1656002614988048, "Def": 0.9782034545905104, "Ext": 0.1}, "Confian\u00e7a / SE": {"Atk": 1.0111207689472232, "Def": 0.9591548834512137, "Ext": 0.0}, "Cuiab\u00e1 / MT": {"Atk": 1.1881463611408762, "Def": 1.3740743865453569, "Ext": 0.0}, "Am\u00e9rica / MG": {"Atk": 1.0719923721717894, "Def": 1.8944839100103732, "Ext": 0.1}, "Figueirense / SC": {"Atk": 0.8125853546560113, "Def": 1.2857541073551095, "Ext": 0.0}, "CRB / AL": {"Atk": 1.053837407554542, "Def": 1.0514586427153205, "Ext": 0.1}, "Guarani / SP": {"Atk": 1.0263027468590917, "Def": 0.9605899355290614, "Ext": 0.0979553354355805}, "Botafogo / SP": {"Atk": 0.5271462374899019, "Def": 1.2825005238671543, "Ext": 0.0}, "Paran\u00e1 / PR": {"Atk": 0.9538350122410847, "Def": 0.8928120003871428, "Ext": 0.0}, "Brasil / RS": {"Atk": 0.7401654983187034, "Def": 1.5783869773620804, "Ext": 0.1}, "N\u00e1utico / PE": {"Atk": 0.7381422258249656, "Def": 1.1550198463451051, "Ext": 0.1}, "Sampaio Corr\u00eaa / MA": {"Atk": 1.32404795659172, "Def": 1.1167659652050324, "Ext": 0.0}, "Chapecoense / SC": {"Atk": 1.0697806801497667, "Def": 3.369646378208924, "Ext": 0.0}, "Home bonus": 0.38314703076596784}