{"Ponte Preta / SP": {"Atk": 1.0, "Def": 1.2202309014294974, "Ext": 0.0}, "CSA / AL": {"Atk": 0.7739254915650806, "Def": 1.1029142230349456, "Ext": 0.0}, "Sport / PE": {"Atk": 0.8209426687873549, "Def": 1.2846382855040337, "Ext": 0.0}, "Brusque / SC": {"Atk": 0.6518430352822863, "Def": 1.110575371262358, "Ext": 0.0}, "Novorizontino / SP": {"Atk": 1.0973713475957112, "Def": 0.8456854338570139, "Ext": 0.0}, "Londrina / PR": {"Atk": 1.0167069523975891, "Def": 1.0842814644837873, "Ext": 0.0}, "Vasco da Gama / RJ": {"Atk": 1.2208690321874318, "Def": 1.108453261824042, "Ext": 0.0}, "Bahia / BA": {"Atk": 1.1900310809294707, "Def": 1.5217471689864064, "Ext": 0.0}, "Tombense / MG": {"Atk": 0.9909870500219184, "Def": 0.9248627956801706, "Ext": 0.0}, "Chapecoense / SC": {"Atk": 0.9684337020363414, "Def": 1.0597363931673545, "Ext": 0.0}, "Guarani / SP": {"Atk": 0.8439107332558924, "Def": 0.9978022789121501, "Ext": 0.01951689415536965}, "CRB / AL": {"Atk": 0.9860902639069099, "Def": 0.8906456148780104, "Ext": 0.0}, "N\u00e1utico / PE": {"Atk": 0.9206747783485921, "Def": 0.6739453993627741, "Ext": 0.0}, "Crici\u00fama / SC": {"Atk": 1.118139349403208, "Def": 1.228247749209944, "Ext": 0.0}, "Ituano / SP": {"Atk": 1.1996754319235696, "Def": 1.0994431286042696, "Ext": 0.01829288541331883}, "Oper\u00e1rio / PR": {"Atk": 0.8788760331000721, "Def": 0.8614365339180174, "Ext": 0.007985321371717152}, "Gr\u00eamio / RS": {"Atk": 1.2761594789818305, "Def": 1.5796682264300328, "Ext": 0.1}, "Sampaio Corr\u00eaa / MA": {"Atk": 1.2788843381547796, "Def": 0.8799470252376849, "Ext": 0.0}, "Cruzeiro / MG": {"Atk": 1.4659106808100772, "Def": 1.980142788044355, "Ext": 0.0}, "Vila Nova / GO": {"Atk": 0.762918398637143, "Def": 1.2164447236888443, "Ext": 0.1}}