{"Palmeiras / SP": {"Atk": 0.944387700689576, "Def": 0.6052467573882423}, "Chapecoense / SC": {"Atk": 0.39318783815883995, "Def": 0.6908171521006641}, "Fluminense / RJ": {"Atk": 0.5383285958584325, "Def": 0.62965017572797}, "S\u00e3o Paulo / SP": {"Atk": 0.6163933257287687, "Def": 0.6898686920411329}, "Cruzeiro / MG": {"Atk": 0.5425280255688952, "Def": 0.9550257224978193}, "Athletico Paranaense / PR": {"Atk": 0.5181617290027137, "Def": 0.6361051866462978}, "Sport / PE": {"Atk": 0.792212337487644, "Def": 0.8407814623433023}, "Vasco da Gama / RJ": {"Atk": 0.3438110522896287, "Def": 0.4600764635618574}, "Gr\u00eamio / RS": {"Atk": 0.7010599534987016, "Def": 0.8441658895383285}, "Ava\u00ed / SC": {"Atk": 0.4323166363987834, "Def": 0.441384335704207}, "Coritiba / PR": {"Atk": 0.3334139723159122, "Def": 0.6922265373872368}, "Goi\u00e1s / GO": {"Atk": 0.4470915803221239, "Def": 0.7452364467282477}, "Corinthians / SP": {"Atk": 1.017280892897289, "Def": 1.1285749882773153}, "Flamengo / RJ": {"Atk": 0.6542509400309604, "Def": 0.49739634054967236}, "Santos / SP": {"Atk": 0.8480657057772787, "Def": 0.6902499761806415}, "Atl\u00e9tico / MG": {"Atk": 0.9768942086326771, "Def": 0.6558906996849555}, "Joinville / SC": {"Atk": 0.2881692221608701, "Def": 0.6870669347991955}, "Ponte Preta / SP": {"Atk": 0.6599560899964213, "Def": 0.7425614270927057}, "Internacional / RS": {"Atk": 0.45351740632804227, "Def": 0.8290934550354836}, "Figueirense / SC": {"Atk": 0.4900256261827069, "Def": 0.5512423628930072}, "Home bonus": 0.5561798650826965}