{"Flamengo / RJ": {"Atk": 1.0, "Def": 0.6156138262503936, "Home bonus": 0.8612301384490897, "Ext": 0.0}, "Botafogo / RJ": {"Atk": 0.7692091295461257, "Def": 4.441956792114597, "Home bonus": 1.193661237495198, "Ext": 0.1}, "Palmeiras / SP": {"Atk": 1.0806634848687653, "Def": 0.9020330865877128, "Home bonus": 0.7844890040822468, "Ext": 0.0}, "Corinthians / SP": {"Atk": 0.45299227493682837, "Def": 0.9754274609035551, "Home bonus": 1.0323050290444875, "Ext": 0.0}, "Red Bull Bragantino / SP": {"Atk": 1.2534821386072492, "Def": 0.7221885800478435, "Home bonus": 0.002241611222272595, "Ext": 0.0}, "Atl\u00e9tico Mineiro / MG": {"Atk": 1.0462800237026129, "Def": 1.1260533952223137, "Home bonus": 0.0, "Ext": 0.0}, "Gr\u00eamio / RS": {"Atk": 0.8732104749676188, "Def": 0.6779886657592595, "Home bonus": 0.6396587296973553, "Ext": 0.1}, "Athletico Paranaense / PR": {"Atk": 0.7217512122726286, "Def": 0.6433965020378548, "Home bonus": 0.7488333179177359, "Ext": 0.0}, "Fortaleza / CE": {"Atk": 0.6188994359635319, "Def": 1.8057389709134655, "Home bonus": 0.6339394684226672, "Ext": 0.1}, "Am\u00e9rica / MG": {"Atk": 0.8525273564395646, "Def": 0.3919281275646546, "Home bonus": 0.3365114412710151, "Ext": 0.0}, "Fluminense / RJ": {"Atk": 1.1322322982197668, "Def": 1.5382825390105437, "Home bonus": 0.0, "Ext": 0.1}, "Vasco da Gama / RJ": {"Atk": 0.7015817797109796, "Def": 0.4235028209959648, "Home bonus": 0.0, "Ext": 0.0}, "S\u00e3o Paulo / SP": {"Atk": 0.9392061198856326, "Def": 0.7807916567098019, "Home bonus": 0.3097072120493593, "Ext": 0.0}, "Santos / SP": {"Atk": 0.39413020307537106, "Def": 0.8950716889017984, "Home bonus": 0.3990339352669616, "Ext": 0.1}, "Goi\u00e1s / GO": {"Atk": 0.2677225678642671, "Def": 0.5436301279265373, "Home bonus": 1.2339642090622098, "Ext": 0.0}, "Cruzeiro / MG": {"Atk": 0.9517214264056069, "Def": 1.1176011419395069, "Home bonus": 0.0, "Ext": 0.0}, "Internacional / RS": {"Atk": 0.5698927216096923, "Def": 0.691227697266542, "Home bonus": 0.3310413082250264, "Ext": 0.0}, "Coritiba / PR": {"Atk": 0.5336874577307944, "Def": 0.48960737350490113, "Home bonus": 0.0, "Ext": 0.1}, "Bahia / BA": {"Atk": 0.30831709078898467, "Def": 0.5629650920868576, "Home bonus": 1.2315773746845444, "Ext": 0.0}, "Cuiab\u00e1 / MT": {"Atk": 0.632839454472856, "Def": 0.6767786879677538, "Home bonus": 0.0, "Ext": 0.0}}