{"Paran\u00e1 / PR": {"Atk": 1.0, "Def": 1.4584684243211516}, "Atl\u00e9tico / GO": {"Atk": 0.586152324587441, "Def": 1.5169530310309278}, "Paysandu / PA": {"Atk": 1.0538672340448982, "Def": 1.570200487810028}, "Mogi Mirim / SP": {"Atk": 1.0777145877808234, "Def": 0.7435466130048402}, "Vit\u00f3ria / BA": {"Atk": 1.34926771844282, "Def": 1.5501131965201205}, "Maca\u00e9 / RJ": {"Atk": 1.285219861771496, "Def": 0.9055257876281083}, "Am\u00e9rica / MG": {"Atk": 1.3124202646206755, "Def": 1.7474307781051828}, "N\u00e1utico / PE": {"Atk": 1.1589693003425598, "Def": 1.2544619853612675}, "ABC / RN": {"Atk": 1.090186293619936, "Def": 0.7623598010599549}, "CRB / AL": {"Atk": 0.8834616116932337, "Def": 1.3978680612512981}, "Bahia / BA": {"Atk": 1.3427502694081697, "Def": 1.8882131238253166}, "Crici\u00fama / SC": {"Atk": 0.7383357109715702, "Def": 1.2475756329821601}, "Sampaio Corr\u00eaa / MA": {"Atk": 1.281864667751982, "Def": 1.5868982998649999}, "Santa Cruz / PE": {"Atk": 1.258575490629821, "Def": 1.3893100144621267}, "Botafogo / RJ": {"Atk": 1.3635392713107466, "Def": 2.0151231276254866}, "Red Bull Bragantino / SP": {"Atk": 1.3261481524146856, "Def": 1.0155308041191968}, "Boa / MG": {"Atk": 0.7841011812902866, "Def": 1.268811801061584}, "Oeste / SP": {"Atk": 0.9816700318911575, "Def": 1.2817014405893405}, "Cear\u00e1 / CE": {"Atk": 0.6897685625668692, "Def": 0.7661963330436079}, "Luverdense / MT": {"Atk": 0.8279986499363545, "Def": 1.4017057275485911}, "Home bonus": 0.6358891220059063}