{"Red Bull Bragantino / SP": {"Atk": 1.0, "Def": 0.852669778983235}, "Ponte Preta / SP": {"Atk": 1.2628481724595166, "Def": 1.1730804347127086}, "Vasco da Gama / RJ": {"Atk": 1.2080910922412436, "Def": 1.4367334881371348}, "Santa Cruz / PE": {"Atk": 1.1476152385156893, "Def": 1.210784371138275}, "Sampaio Corr\u00eaa / MA": {"Atk": 1.3720254609255365, "Def": 1.0433517604984117}, "Cear\u00e1 / CE": {"Atk": 1.5775990945140468, "Def": 0.8018525671773596}, "Vila Nova / GO": {"Atk": 0.5856709459743331, "Def": 0.7598062634335727}, "Am\u00e9rica / RN": {"Atk": 1.0465501436726876, "Def": 0.8541113717852779}, "Boa / MG": {"Atk": 1.2599292181114699, "Def": 1.0187523941962122}, "Oeste / SP": {"Atk": 0.8769921283028441, "Def": 0.9208532215578824}, "Portuguesa / SP": {"Atk": 0.7989677903321741, "Def": 0.8021314408243986}, "Paran\u00e1 / PR": {"Atk": 0.9851499920327861, "Def": 1.1219951245272621}, "N\u00e1utico / PE": {"Atk": 0.964703200995342, "Def": 1.0175626477945867}, "Luverdense / MT": {"Atk": 1.0596226309341503, "Def": 0.9884348269866078}, "Icasa / CE": {"Atk": 0.574982769375403, "Def": 1.0444556051290084}, "Ava\u00ed / SC": {"Atk": 1.3118815091115472, "Def": 1.4537440774095385}, "Atl\u00e9tico / GO": {"Atk": 1.3424059450720671, "Def": 0.8225504076032774}, "ABC / RN": {"Atk": 0.6562207719743148, "Def": 1.3609539815239755}, "Am\u00e9rica / MG": {"Atk": 1.1410249548616014, "Def": 1.014493215817927}, "Joinville / SC": {"Atk": 1.228797433855758, "Def": 1.285555506613164}, "Home bonus": 0.3250008511067367}