{"Atl\u00e9tico Mineiro / MG": {"Atk": 1.0, "Def": 3.320963887816227, "Home bonus": 0.12594644585103176, "Ext": 0.39363793950171827}, "Fluminense / RJ": {"Atk": 1.1820167322810806, "Def": 1.8447949200981213, "Home bonus": 0.9024316132094361, "Ext": 0.18648907906363626}, "S\u00e3o Paulo / SP": {"Atk": 1.4600819307787716, "Def": 1.561192497509753, "Home bonus": 0.582739198466069, "Ext": 0.11141120270039861}, "Palmeiras / SP": {"Atk": 2.255861873449627, "Def": 2.2550954073177008, "Home bonus": 0.3937383270918634, "Ext": 0.0}, "Botafogo / RJ": {"Atk": 1.410747639536117, "Def": 1.2718910222618969, "Home bonus": 0.0, "Ext": 0.0}, "Juventude / RS": {"Atk": 0.5330838576085519, "Def": 0.9422610722138316, "Home bonus": 0.29146304581766114, "Ext": 0.19022121128490038}, "Fortaleza / CE": {"Atk": 1.1516289938679736, "Def": 1.9896224499762334, "Home bonus": 0.0, "Ext": 0.14302371838701514}, "Atl\u00e9tico / GO": {"Atk": 1.4666130614881812, "Def": 0.8517823169872231, "Home bonus": 0.0, "Ext": 0.0}, "Ava\u00ed / SC": {"Atk": 0.24612605543914523, "Def": 1.0482648059031143, "Home bonus": 0.8056538051707283, "Ext": 0.2095325253501214}, "Coritiba / PR": {"Atk": 0.0, "Def": 1.2312271247999336, "Home bonus": 1.0168590871618057, "Ext": 0.30905641195111994}, "Am\u00e9rica / MG": {"Atk": 0.7925697363123008, "Def": 1.610344038312179, "Home bonus": 0.49453032529585705, "Ext": 0.0}, "Flamengo / RJ": {"Atk": 1.6349110309617414, "Def": 1.8664552448960994, "Home bonus": 0.8144764317057596, "Ext": 0.0}, "Red Bull Bragantino / SP": {"Atk": 1.3584935447690778, "Def": 1.5289821989662447, "Home bonus": 0.2817946369726466, "Ext": 0.16973514581582286}, "Corinthians / SP": {"Atk": 1.3560283866473486, "Def": 1.7651779388354742, "Home bonus": 0.34842897515215826, "Ext": 0.0}, "Santos / SP": {"Atk": 0.4743247242604752, "Def": 2.4696995668245822, "Home bonus": 0.8498285055516225, "Ext": 0.16940947677321078}, "Internacional / RS": {"Atk": 1.346484260773841, "Def": 1.4572893069103283, "Home bonus": 1.0530984378787425, "Ext": 0.0}, "Cear\u00e1 / CE": {"Atk": 0.820835806025889, "Def": 2.1551123604486, "Home bonus": 0.0, "Ext": 0.34599164814298644}, "Goi\u00e1s / GO": {"Atk": 0.6731373346568709, "Def": 2.773131751046761, "Home bonus": 0.10441739325044949, "Ext": 0.4015370217219455}, "Cuiab\u00e1 / MT": {"Atk": 0.8385519081546552, "Def": 1.9092442501289435, "Home bonus": 0.04980545384955307, "Ext": 0.07260996379204221}, "Athletico Paranaense / PR": {"Atk": 1.2050129528831255, "Def": 1.5659263617034533, "Home bonus": 0.4460545781705007, "Ext": 0.05528112846414417}}