{"Fluminense / RJ": {"Atk": 1.0, "Def": 0.9885559377618128, "Home bonus": 0.23654046849232888, "Ext": 0.23417235992316246}, "Flamengo / RJ": {"Atk": 0.7209566675599656, "Def": 1.3078095195586226, "Home bonus": 1.0094617211694958, "Ext": 0.0}, "Palmeiras / SP": {"Atk": 1.5572897166208743, "Def": 1.1207994600592406, "Home bonus": 0.21490945659942245, "Ext": 0.0}, "Corinthians / SP": {"Atk": 0.8736614125126011, "Def": 3.1082797541947516, "Home bonus": 0.5447473202505146, "Ext": 0.18742897125447025}, "Cruzeiro / MG": {"Atk": 1.0045193874700755, "Def": 1.2425350416273544, "Home bonus": 0.38932797743079656, "Ext": 0.0}, "Coritiba / PR": {"Atk": 1.1429837391009365, "Def": 0.925179243122878, "Home bonus": 0.0, "Ext": 0.0}, "Gr\u00eamio / RS": {"Atk": 1.3601742314880345, "Def": 1.6103429233482094, "Home bonus": 0.0, "Ext": 0.11251460803732286}, "Bahia / BA": {"Atk": 0.7896772776666457, "Def": 0.9951508287575948, "Home bonus": 1.0118248439756703, "Ext": 0.035696913734745345}, "Ponte Preta / SP": {"Atk": 0.5173386565287937, "Def": 0.8625566237787918, "Home bonus": 0.8356083673438451, "Ext": 0.0}, "Ava\u00ed / SC": {"Atk": 0.7541090931222569, "Def": 0.9152016973261585, "Home bonus": 0.048847724007178545, "Ext": 0.0}, "Botafogo / RJ": {"Atk": 0.7778583539483606, "Def": 1.0900056229510608, "Home bonus": 0.6943866663446295, "Ext": 0.0}, "Vasco da Gama / RJ": {"Atk": 0.9917089344212641, "Def": 1.0326343169766512, "Home bonus": 0.0, "Ext": 0.024509242457137113}, "Santos / SP": {"Atk": 0.6191062815750131, "Def": 3.0687137300560354, "Home bonus": 0.5339715701543554, "Ext": 0.15830819381348038}, "S\u00e3o Paulo / SP": {"Atk": 0.3476502094300326, "Def": 2.0884741557520923, "Home bonus": 0.6898775126830325, "Ext": 0.5519414124425973}, "Atl\u00e9tico / MG": {"Atk": 1.3486629928564433, "Def": 0.8912201612839613, "Home bonus": 0.0, "Ext": 0.0}, "Athletico Paranaense / PR": {"Atk": 0.8729485613603276, "Def": 1.1402718646860044, "Home bonus": 0.4855885398453961, "Ext": 0.0}, "Sport / PE": {"Atk": 1.053873243754224, "Def": 0.7279799799120257, "Home bonus": 0.413973662218666, "Ext": 0.0}, "Vit\u00f3ria / BA": {"Atk": 1.179398357409976, "Def": 0.8765581519489811, "Home bonus": 0.0, "Ext": 0.20123860758433787}, "Atl\u00e9tico / GO": {"Atk": 1.0557716284404979, "Def": 0.7640346161862035, "Home bonus": 0.0, "Ext": 0.0}, "Chapecoense / SC": {"Atk": 1.0626433571646792, "Def": 0.9670936971600794, "Home bonus": 0.3106726746774917, "Ext": 0.005314934252486606}}