{"Guarani / SP": {"Atk": 1.0, "Def": 2.1163736457791984, "Home bonus": 0.3614169776091198, "Ext": 0.08290932147471045}, "Botafogo / SP": {"Atk": 1.9352212474651345, "Def": 1.970668440995621, "Home bonus": 0.0, "Ext": 0.1}, "S\u00e3o Bento / SP": {"Atk": 2.3157475722425884, "Def": 1.3460947571146755, "Home bonus": 0.06435022549222429, "Ext": 0.1}, "Vila Nova / GO": {"Atk": 1.3822730410151742, "Def": 1.848798855496863, "Home bonus": 0.0, "Ext": 0.0}, "Coritiba / PR": {"Atk": 2.2699287322414934, "Def": 2.3205197994593956, "Home bonus": 0.12979699461755992, "Ext": 0.1}, "Oper\u00e1rio / PR": {"Atk": 1.098403388048439, "Def": 1.9741789072912521, "Home bonus": 0.5623021370070216, "Ext": 0.1}, "Crici\u00fama / SC": {"Atk": 1.1488688702947598, "Def": 2.01660821514169, "Home bonus": 0.40362848401185575, "Ext": 0.1}, "Brasil / RS": {"Atk": 1.5894981774749157, "Def": 1.633621516613857, "Home bonus": 0.0, "Ext": 0.0}, "Sport / PE": {"Atk": 2.0634391228609448, "Def": 2.861863207924832, "Home bonus": 0.35671790467601766, "Ext": 0.1}, "CRB / AL": {"Atk": 2.253543720488064, "Def": 1.7426202003974836, "Home bonus": 0.0, "Ext": 0.016580578006570895}, "Ponte Preta / SP": {"Atk": 1.4622019511515354, "Def": 1.8967640563677948, "Home bonus": 0.6238355700321068, "Ext": 0.1}, "Red Bull Bragantino / SP": {"Atk": 2.3995818986511193, "Def": 2.824700271193621, "Home bonus": 0.8502233939898427, "Ext": 0.0}, "Oeste / SP": {"Atk": 2.13612402051937, "Def": 1.5171856832772763, "Home bonus": 0.0, "Ext": 0.1}, "Atl\u00e9tico / GO": {"Atk": 1.9526870756539032, "Def": 2.719358890660352, "Home bonus": 0.26007116536264935, "Ext": 0.1}, "Paran\u00e1 / PR": {"Atk": 1.6676148008186613, "Def": 2.647583446325452, "Home bonus": 0.0, "Ext": 0.1}, "Londrina / PR": {"Atk": 1.4924628491078644, "Def": 1.4160611352437873, "Home bonus": 0.37798276316647594, "Ext": 0.1}, "Figueirense / SC": {"Atk": 1.5144130265515445, "Def": 2.078826105526437, "Home bonus": 0.08180347874425471, "Ext": 0.1}, "Am\u00e9rica / MG": {"Atk": 2.046375630362, "Def": 2.054081931078976, "Home bonus": 0.06534669948855738, "Ext": 0.1}, "Vit\u00f3ria / BA": {"Atk": 1.995140022367555, "Def": 1.554370029382757, "Home bonus": 0.1550552573012372, "Ext": 0.0}, "Cuiab\u00e1 / MT": {"Atk": 1.3509511897312485, "Def": 1.8545201014310129, "Home bonus": 0.7682447594339775, "Ext": 0.0}}