{"Vasco da Gama / RJ": {"Home": {"Atk": 1.0, "Def": 0.4511268879625357}, "Away": {"Atk": 0.6359637546069558, "Def": 0.6835544397375218}}, "Vila Nova / GO": {"Home": {"Atk": 0.5194708108310568, "Def": 0.9786496967333828}, "Away": {"Atk": 0.6982740816219166, "Def": 0.6963477555048551}}, "Guarani / SP": {"Home": {"Atk": 1.116031156211694, "Def": 0.6266886720113609}, "Away": {"Atk": 0.808957585559437, "Def": 0.7282888447879465}}, "N\u00e1utico / PE": {"Home": {"Atk": 1.2027236600351323, "Def": 0.4295858070018155}, "Away": {"Atk": 0.7231226592747545, "Def": 0.6586778750367855}}, "Brasil / RS": {"Home": {"Atk": 0.5626148826903713, "Def": 0.5310911651243956}, "Away": {"Atk": 0.30989795431117134, "Def": 0.6336829985285205}}, "CRB / AL": {"Home": {"Atk": 1.028787535824326, "Def": 0.633494605880225}, "Away": {"Atk": 0.6934942295380446, "Def": 0.8405225310992511}}, "Coritiba / PR": {"Home": {"Atk": 1.1427888863506077, "Def": 0.7753697702924257}, "Away": {"Atk": 0.6075953416092877, "Def": 0.9211082665946125}}, "Brusque / SC": {"Home": {"Atk": 1.0351921986689028, "Def": 0.68044571101192}, "Away": {"Atk": 0.575802876201723, "Def": 0.4326442572058551}}, "Confian\u00e7a / SE": {"Home": {"Atk": 0.7955172675717974, "Def": 0.4376718754340156}, "Away": {"Atk": 0.5207378192197679, "Def": 0.7571544034217366}}, "Sampaio Corr\u00eaa / MA": {"Home": {"Atk": 0.9988236761370883, "Def": 0.6847845870228946}, "Away": {"Atk": 0.5062203684091143, "Def": 0.6981726129833691}}, "Botafogo / RJ": {"Home": {"Atk": 1.5391094016799503, "Def": 0.9188997075854345}, "Away": {"Atk": 0.54375709104183, "Def": 0.9521678793217425}}, "Goi\u00e1s / GO": {"Home": {"Atk": 1.2021289196484028, "Def": 0.7361960149417685}, "Away": {"Atk": 0.5807581420392698, "Def": 1.1650332355259174}}, "Ponte Preta / SP": {"Home": {"Atk": 0.9551956901173091, "Def": 0.6956835099008857}, "Away": {"Atk": 0.4205076732216911, "Def": 0.7705447374067533}}, "Cruzeiro / MG": {"Home": {"Atk": 1.0078894491561943, "Def": 0.4224820384629341}, "Away": {"Atk": 0.6002951869062083, "Def": 0.8834730856809032}}, "Londrina / PR": {"Home": {"Atk": 0.5886791159966298, "Def": 0.5456906555354099}, "Away": {"Atk": 0.4587192673537161, "Def": 0.8222239682790262}}, "CSA / AL": {"Home": {"Atk": 1.0056308776634282, "Def": 0.7004446998442425}, "Away": {"Atk": 0.6467281078402765, "Def": 0.9817568421701739}}, "Oper\u00e1rio / PR": {"Home": {"Atk": 0.837871782455978, "Def": 0.5170953045283524}, "Away": {"Atk": 0.42737055500851834, "Def": 0.7135841403368277}}, "Ava\u00ed / SC": {"Home": {"Atk": 0.9225854989205697, "Def": 0.7932959736337603}, "Away": {"Atk": 0.6432496882913604, "Def": 0.8454888235812918}}, "Vit\u00f3ria / BA": {"Home": {"Atk": 0.7493266836932369, "Def": 0.7958795238010381}, "Away": {"Atk": 0.4180633924923179, "Def": 0.995973329955586}}, "Remo / PA": {"Home": {"Atk": 0.467120034417891, "Def": 0.7922068638587184}, "Away": {"Atk": 0.6432903781947855, "Def": 0.6279370849020872}}}