{"Flamengo / RJ": {"Atk": 1.0, "Def": 1.2282050371593338, "Ext": 0.0}, "Fluminense / RJ": {"Atk": 2.523320172057001, "Def": 1.7340911723591583, "Ext": 0.0}, "S\u00e3o Paulo / SP": {"Atk": 2.754836813654608, "Def": 1.2680668674276163, "Ext": 0.0}, "Santos / SP": {"Atk": 1.6500869479915576, "Def": 2.557509263967328, "Ext": 0.0}, "Athletico Paranaense / PR": {"Atk": 2.4873833213111696, "Def": 1.2547745411690698, "Ext": 0.0}, "Atl\u00e9tico / MG": {"Atk": 1.3124925328638046, "Def": 3.1514305542942767, "Ext": 0.48055481363452657}, "Bahia / BA": {"Atk": 0.9364946204690033, "Def": 1.6994530241711217, "Ext": 0.014397563909314784}, "Internacional / RS": {"Atk": 2.5665132194240856, "Def": 1.9128632553578089, "Ext": 0.0}, "Crici\u00fama / SC": {"Atk": 0.9309460685423858, "Def": 1.3259047633828152, "Ext": 0.0}, "Chapecoense / SC": {"Atk": 0.9451213454547445, "Def": 1.5528420853941778, "Ext": 0.0}, "Botafogo / RJ": {"Atk": 1.6087409402818662, "Def": 1.4388953053517688, "Ext": 0.0}, "Sport / PE": {"Atk": 1.2111178615826768, "Def": 1.451557407674881, "Ext": 0.07644958323733118}, "Corinthians / SP": {"Atk": 1.5823984330329401, "Def": 4.144916183148168, "Ext": 0.0}, "Palmeiras / SP": {"Atk": 1.2980437109217977, "Def": 1.0435121455979446, "Ext": 0.0}, "Coritiba / PR": {"Atk": 1.096076129990089, "Def": 1.7955507386633893, "Ext": 0.08339269245051674}, "Cruzeiro / MG": {"Atk": 2.883460794563452, "Def": 1.969509766337611, "Ext": 0.06579902940445398}, "Vit\u00f3ria / BA": {"Atk": 0.9438093973118773, "Def": 2.0044700048375947, "Ext": 0.40732295052187334}, "Gr\u00eamio / RS": {"Atk": 0.6614826019634976, "Def": 3.2303823147818576, "Ext": 0.24292546257290004}, "Figueirense / SC": {"Atk": 1.0704899971805535, "Def": 1.0107070965113696, "Ext": 0.0}, "Goi\u00e1s / GO": {"Atk": 1.008189310893744, "Def": 1.7269833422796714, "Ext": 0.0}}