{"Ponte Preta / SP": {"Atk": 1.0, "Def": 1.0381630324229867, "Home bonus": 0.0, "Ext": 0.0}, "Oeste / SP": {"Atk": 0.8237382724219791, "Def": 0.8559985695722627, "Home bonus": 0.10245022125099935, "Ext": 0.0}, "Brasil / RS": {"Atk": 0.6055507790294969, "Def": 1.041950745452175, "Home bonus": 0.0, "Ext": 0.0}, "Figueirense / SC": {"Atk": 1.0650160789712202, "Def": 0.8274081418695702, "Home bonus": 0.0, "Ext": 0.0}, "Fortaleza / CE": {"Atk": 1.1746597874046647, "Def": 0.9070045859823648, "Home bonus": 0.3268861480441794, "Ext": 0.0}, "Vila Nova / GO": {"Atk": 0.7431428666166477, "Def": 1.4726356026746805, "Home bonus": 0.0, "Ext": 0.0}, "Atl\u00e9tico / GO": {"Atk": 0.4357306783220644, "Def": 1.394200679524466, "Home bonus": 0.5065026799965775, "Ext": 0.5778317825351015}, "CSA / AL": {"Atk": 0.8146309242257435, "Def": 0.838607100729455, "Home bonus": 0.6006246805875677, "Ext": 0.0}, "Londrina / PR": {"Atk": 0.551012239343916, "Def": 0.6969360568564547, "Home bonus": 0.8411999138934555, "Ext": 0.0}, "Sampaio Corr\u00eaa / MA": {"Atk": 0.29154534990709713, "Def": 0.9204175261708515, "Home bonus": 0.3216309301859658, "Ext": 0.27226531017547223}, "Guarani / SP": {"Atk": 0.9589224667430867, "Def": 0.7178392404000778, "Home bonus": 0.6141867057360425, "Ext": 0.0}, "S\u00e3o Bento / SP": {"Atk": 0.1464363588990943, "Def": 1.938282453657196, "Home bonus": 0.41019359749400164, "Ext": 0.5036866772246904}, "Juventude / RS": {"Atk": 0.3077045578737683, "Def": 1.545282360118798, "Home bonus": 0.0, "Ext": 0.33517212278633}, "Ava\u00ed / SC": {"Atk": 1.12008257866385, "Def": 1.0826810439263397, "Home bonus": 0.0, "Ext": 0.05441720553356629}, "Crici\u00fama / SC": {"Atk": 0.3650176714550114, "Def": 0.9053558281052642, "Home bonus": 0.4758398741358445, "Ext": 0.23518513746051023}, "Goi\u00e1s / GO": {"Atk": 1.2013993966653138, "Def": 0.6499543970258653, "Home bonus": 0.0649013411611224, "Ext": 0.0}, "Boa / MG": {"Atk": 0.43874011820019065, "Def": 0.6694486080913117, "Home bonus": 0.36751837395311276, "Ext": 0.0}, "CRB / AL": {"Atk": 0.33837404340201, "Def": 0.8160916969433702, "Home bonus": 0.6244283688707392, "Ext": 0.0}, "Coritiba / PR": {"Atk": 0.7081376524218823, "Def": 1.1469602307610167, "Home bonus": 0.19788938403903647, "Ext": 0.04978798272562874}, "Paysandu / PA": {"Atk": 0.4967761701634534, "Def": 0.8215164239668182, "Home bonus": 0.17158779236113886, "Ext": 0.203428356117476}}