{"Red Bull Bragantino / SP": {"Home": {"Atk": 0.7301017363450828, "Def": 0.39423630342035754}, "Away": {"Atk": 0.5209469429997287, "Def": 0.41374913619905535}, "Ext": 0.0}, "Ponte Preta / SP": {"Home": {"Atk": 0.5869661690460678, "Def": 1.2142685369923865}, "Away": {"Atk": 0.6886426448527722, "Def": 0.8389926127915508}, "Ext": 0.33069189052827236}, "Vasco da Gama / RJ": {"Home": {"Atk": 0.8013944991941228, "Def": 0.6496862080979725}, "Away": {"Atk": 0.5130158347935797, "Def": 0.6507860369118083}, "Ext": 0.0}, "Santa Cruz / PE": {"Home": {"Atk": 0.6787607517791505, "Def": 0.9487972074244718}, "Away": {"Atk": 0.3902103814627886, "Def": 0.7723434994621364}, "Ext": 0.24454873876415445}, "Sampaio Corr\u00eaa / MA": {"Home": {"Atk": 0.5888092857501289, "Def": 0.7625365720164687}, "Away": {"Atk": 0.6060977208629053, "Def": 0.5664740142939425}, "Ext": 0.25176287395196206}, "Cear\u00e1 / CE": {"Home": {"Atk": 0.9256663874928733, "Def": 0.4579998279280942}, "Away": {"Atk": 0.6262039574692341, "Def": 0.4143081121449627}, "Ext": 0.0}, "Vila Nova / GO": {"Home": {"Atk": 0.40297361333518017, "Def": 0.32283513079595294}, "Away": {"Atk": 0.4798903536285192, "Def": 0.35800481633157266}, "Ext": 0.07566822121582241}, "Am\u00e9rica / RN": {"Home": {"Atk": 0.6320442301516398, "Def": 0.4403714349860948}, "Away": {"Atk": 0.546050669653137, "Def": 0.43308798745331045}, "Ext": 0.0}, "Boa / MG": {"Home": {"Atk": 0.7130011756079607, "Def": 0.6009755658162702}, "Away": {"Atk": 0.7352353702209274, "Def": 0.38409531756000537}, "Ext": 0.0}, "Oeste / SP": {"Home": {"Atk": 0.6088336525846094, "Def": 0.7598911157668011}, "Away": {"Atk": 0.17037858192925323, "Def": 0.49764577521242065}, "Ext": 0.1912282900568492}, "Portuguesa / SP": {"Home": {"Atk": 0.41432173015642354, "Def": 0.36758832477976167}, "Away": {"Atk": 0.38913056585462097, "Def": 0.4199059340003029}, "Ext": 0.0}, "Paran\u00e1 / PR": {"Home": {"Atk": 0.4738040675614705, "Def": 1.2011003026781812}, "Away": {"Atk": 0.4835949977452358, "Def": 0.517115674512423}, "Ext": 0.19777421123595693}, "N\u00e1utico / PE": {"Home": {"Atk": 0.5808363147033436, "Def": 0.5079975559111607}, "Away": {"Atk": 0.498691203018463, "Def": 0.47427077455335676}, "Ext": 0.0}, "Luverdense / MT": {"Home": {"Atk": 0.7420825893793885, "Def": 0.5137232436974246}, "Away": {"Atk": 0.2795232313080041, "Def": 0.505730258004758}, "Ext": 0.0}, "Icasa / CE": {"Home": {"Atk": 0.5548425843631297, "Def": 0.5739821501558704}, "Away": {"Atk": 0.28910990530314407, "Def": 0.551465375057466}, "Ext": 0.0}, "Ava\u00ed / SC": {"Home": {"Atk": 0.5140094107007631, "Def": 0.6420855619885015}, "Away": {"Atk": 0.7800199345291121, "Def": 0.5346933828251466}, "Ext": 0.0}, "Atl\u00e9tico / GO": {"Home": {"Atk": 0.7550162167110953, "Def": 0.6155697746408736}, "Away": {"Atk": 0.5693244672746246, "Def": 0.4598789316722607}, "Ext": 0.028459793946702797}, "ABC / RN": {"Home": {"Atk": 0.4623371931524968, "Def": 0.7153386171886291}, "Away": {"Atk": 0.396228875212342, "Def": 0.5422820404538559}, "Ext": 0.0}, "Am\u00e9rica / MG": {"Home": {"Atk": 0.9373394725998478, "Def": 0.6441251850319571}, "Away": {"Atk": 0.6837747565575301, "Def": 0.5180083858867487}, "Ext": 0.0}, "Joinville / SC": {"Home": {"Atk": 0.6964975753481505, "Def": 2.275439426173175}, "Away": {"Atk": 0.5227509951286357, "Def": 0.5955363994743131}, "Ext": 0.1475526753714269}}