{"Cear\u00e1 / CE": {"Atk": 1.0, "Def": 0.6485157523214042, "Ext": 0.024783376895225116}, "Bahia / BA": {"Atk": 0.9071573312974643, "Def": 0.853596831097559, "Ext": 0.04452625212314756}, "Sampaio Corr\u00eaa / MA": {"Atk": 0.41018120075744624, "Def": 0.5235715244039267, "Ext": 0.0744545576443223}, "Oeste / SP": {"Atk": 0.5901021287281624, "Def": 0.746391533960015, "Ext": 0.0}, "Vila Nova / GO": {"Atk": 1.0012814088740334, "Def": 0.5075984217841846, "Ext": 0.1}, "Luverdense / MT": {"Atk": 0.7278422070811278, "Def": 0.7948232873165328, "Ext": 0.1}, "Tupi / MG": {"Atk": 0.7577110688359378, "Def": 0.6268707646063884, "Ext": 0.0}, "Brasil / RS": {"Atk": 0.7739511949837987, "Def": 0.8473138529934249, "Ext": 0.0}, "Londrina / PR": {"Atk": 0.6207441435453979, "Def": 1.0959256258294123, "Ext": 0.051368754558515174}, "Crici\u00fama / SC": {"Atk": 0.8648520955216232, "Def": 0.6346227157799749, "Ext": 0.1}, "N\u00e1utico / PE": {"Atk": 0.9875116827324856, "Def": 0.6398632028141089, "Ext": 0.00674573234720736}, "CRB / AL": {"Atk": 1.057513914594377, "Def": 0.5805086513809575, "Ext": 0.0}, "Paysandu / PA": {"Atk": 0.6283335450467114, "Def": 0.7103381053108446, "Ext": 0.0}, "Red Bull Bragantino / SP": {"Atk": 0.5246030011945525, "Def": 0.6071974896654775, "Ext": 0.0}, "Goi\u00e1s / GO": {"Atk": 0.722588869032857, "Def": 0.6753448438718953, "Ext": 0.1}, "Vasco da Gama / RJ": {"Atk": 1.0560131295342188, "Def": 0.7199888278564043, "Ext": 0.1}, "Atl\u00e9tico / GO": {"Atk": 0.8418091425779619, "Def": 0.9493142072971023, "Ext": 0.1}, "Joinville / SC": {"Atk": 0.4779173782059806, "Def": 0.7249184854638452, "Ext": 0.0}, "Paran\u00e1 / PR": {"Atk": 0.570147738410407, "Def": 0.6829244915324854, "Ext": 0.1}, "Ava\u00ed / SC": {"Atk": 0.7574222522799885, "Def": 0.5907738711997325, "Ext": 0.0}}