{"Oeste / SP": {"Atk": 1.0, "Def": 1.064032583922549, "Home bonus": 0.006071843629415793}, "Boa / MG": {"Atk": 0.9874639851434345, "Def": 1.2307098901769642, "Home bonus": 0.0}, "Figueirense / SC": {"Atk": 1.5753386618996308, "Def": 0.8526638061185743, "Home bonus": 0.8234527997994348}, "Joinville / SC": {"Atk": 1.1640280371039118, "Def": 1.101584137433898, "Home bonus": 1.1567687821770474}, "Icasa / CE": {"Atk": 0.6689041295685542, "Def": 0.6541142344211348, "Home bonus": 1.117699276229261}, "ABC / RN": {"Atk": 0.7014233362089562, "Def": 0.8749134875567047, "Home bonus": 0.07866766590459574}, "Palmeiras / SP": {"Atk": 1.5467637875794678, "Def": 1.9336234631530882, "Home bonus": 0.9829298799754665}, "S\u00e3o Caetano / SP": {"Atk": 1.2518799275928643, "Def": 1.3348263293850646, "Home bonus": 0.0}, "Guaratinguet\u00e1 / SP": {"Atk": 1.0788102014944312, "Def": 0.8588923324327069, "Home bonus": 0.39350048765213097}, "Paysandu / PA": {"Atk": 0.289116994378919, "Def": 0.7624672821394731, "Home bonus": 1.4777004636852344}, "ASA / AL": {"Atk": 0.8513826073086371, "Def": 0.7694306375925712, "Home bonus": 0.48182185248251325}, "Am\u00e9rica / MG": {"Atk": 0.9968166261858353, "Def": 0.8666595092605074, "Home bonus": 1.8962322126877935}, "Ava\u00ed / SC": {"Atk": 1.37599074745836, "Def": 1.0584242123865424, "Home bonus": 0.20896588294736285}, "Chapecoense / SC": {"Atk": 1.8837779976487385, "Def": 1.8601616081053132, "Home bonus": 0.4539756887546174}, "Cear\u00e1 / CE": {"Atk": 0.6380794913346844, "Def": 0.9534558645139409, "Home bonus": 1.2402925981492452}, "Am\u00e9rica / RN": {"Atk": 0.9749372435116678, "Def": 0.9632332840975787, "Home bonus": 0.0}, "Paran\u00e1 / PR": {"Atk": 1.1786654605126663, "Def": 2.717204820704947, "Home bonus": 0.6819059973861971}, "Atl\u00e9tico / GO": {"Atk": 0.7255406171355541, "Def": 0.8522276383200224, "Home bonus": 0.0}, "Red Bull Bragantino / SP": {"Atk": 1.1242204978332662, "Def": 2.4818322003159135, "Home bonus": 0.0}, "Sport / PE": {"Atk": 1.9245620434160593, "Def": 1.029107813521545, "Home bonus": 0.0}}