{"Flamengo / RJ": {"Atk": 1.0, "Def": 1.268499990263744, "Ext": 0.0}, "Fluminense / RJ": {"Atk": 1.9585691935425256, "Def": 1.8726028632012492, "Ext": 0.0}, "S\u00e3o Paulo / SP": {"Atk": 2.2130554274991825, "Def": 1.3509310587229502, "Ext": 0.0}, "Santos / SP": {"Atk": 1.2485855406832032, "Def": 2.2548983519312666, "Ext": 0.0}, "Athletico Paranaense / PR": {"Atk": 1.8303219773081143, "Def": 1.1341095025495112, "Ext": 0.0}, "Atl\u00e9tico / MG": {"Atk": 1.6383663907001844, "Def": 1.7733879005125086, "Ext": 0.1}, "Bahia / BA": {"Atk": 0.7715601445116883, "Def": 1.7685292544910378, "Ext": 0.0}, "Internacional / RS": {"Atk": 1.660420164230433, "Def": 2.2999879348826573, "Ext": 0.1}, "Crici\u00fama / SC": {"Atk": 0.2861916670159464, "Def": 1.2095159215294724, "Ext": 0.0}, "Chapecoense / SC": {"Atk": 0.773322734745606, "Def": 1.598331319720947, "Ext": 0.1}, "Botafogo / RJ": {"Atk": 1.0387669132922364, "Def": 2.046648327348933, "Ext": 0.0}, "Sport / PE": {"Atk": 0.9742916755588388, "Def": 1.2954270556386571, "Ext": 0.0}, "Corinthians / SP": {"Atk": 1.5620937279122709, "Def": 2.6630496741045437, "Ext": 0.1}, "Palmeiras / SP": {"Atk": 1.014340947645199, "Def": 1.1998172121601038, "Ext": 0.1}, "Coritiba / PR": {"Atk": 1.0071126654918112, "Def": 1.8524729660527848, "Ext": 0.1}, "Cruzeiro / MG": {"Atk": 2.780059669274689, "Def": 1.8119470165348295, "Ext": 0.1}, "Vit\u00f3ria / BA": {"Atk": 1.1582370655663146, "Def": 1.1325886392023192, "Ext": 0.1}, "Gr\u00eamio / RS": {"Atk": 0.8236734748199224, "Def": 2.2498402424375636, "Ext": 0.1}, "Figueirense / SC": {"Atk": 0.9482015935843255, "Def": 1.1183516121218053, "Ext": 0.0}, "Goi\u00e1s / GO": {"Atk": 0.7434766900327466, "Def": 1.718337353386157, "Ext": 0.1}, "Home bonus": 0.4650789624553402}