{"Flamengo / RJ": {"Atk": 1.0, "Def": 0.539858994299652, "Ext": 0.0}, "Botafogo / RJ": {"Atk": 0.43180746775046736, "Def": 0.45548121869733604, "Ext": 0.1}, "Palmeiras / SP": {"Atk": 0.6882808404857368, "Def": 0.7664448853290836, "Ext": 0.0}, "Santos / SP": {"Atk": 0.7160110999028751, "Def": 0.5261349199672135, "Ext": 0.1}, "Corinthians / SP": {"Atk": 0.6167966143188185, "Def": 0.6057614342299854, "Ext": 0.0}, "Gr\u00eamio / RS": {"Atk": 0.6657955585845228, "Def": 0.6962040053252685, "Ext": 0.1}, "Sport / PE": {"Atk": 0.3649644729979697, "Def": 0.5759148724886103, "Ext": 0.1}, "Coritiba / PR": {"Atk": 0.44471319041441404, "Def": 0.5476534276617424, "Ext": 0.1}, "Fortaleza / CE": {"Atk": 0.4550446605053713, "Def": 0.8070837253471225, "Ext": 0.1}, "Goi\u00e1s / GO": {"Atk": 0.5386397446094785, "Def": 0.4326263915406276, "Ext": 0.1}, "Fluminense / RJ": {"Atk": 0.754877287785712, "Def": 0.6379382380526301, "Ext": 0.0}, "Vasco da Gama / RJ": {"Atk": 0.5176051222719454, "Def": 0.5160815639257769, "Ext": 0.0}, "S\u00e3o Paulo / SP": {"Atk": 0.865534999855187, "Def": 0.6673256885429798, "Ext": 0.0}, "Red Bull Bragantino / SP": {"Atk": 0.7311859703055059, "Def": 0.6275295480320201, "Ext": 0.004999994132856691}, "Atl\u00e9tico / MG": {"Atk": 0.9050412398541597, "Def": 0.6124956068368045, "Ext": 0.0}, "Internacional / RS": {"Atk": 0.872590566494599, "Def": 0.8212300079122465, "Ext": 0.1}, "Bahia / BA": {"Atk": 0.5849128165169944, "Def": 0.4430158100557409, "Ext": 0.020746493717135987}, "Athletico Paranaense / PR": {"Atk": 0.45421898616985323, "Def": 0.8814714553291896, "Ext": 0.0}, "Cear\u00e1 / CE": {"Atk": 0.7822375370580182, "Def": 0.5270293929955904, "Ext": 0.0}, "Atl\u00e9tico / GO": {"Atk": 0.4931690383361366, "Def": 0.6274293887606686, "Ext": 0.0}, "Home bonus": 0.29962966167200705}