{"Guarani / SP": {"Atk": 1.0, "Def": 1.6671531752716493, "Ext": 0.1}, "Botafogo / SP": {"Atk": 1.6642667436391607, "Def": 2.069882851433085, "Ext": 0.1}, "S\u00e3o Bento / SP": {"Atk": 2.077761275494311, "Def": 1.137298891520991, "Ext": 0.0}, "Vila Nova / GO": {"Atk": 0.9641438887838397, "Def": 1.9602726801917043, "Ext": 0.0}, "Coritiba / PR": {"Atk": 2.116107438934465, "Def": 1.906328827121597, "Ext": 0.1}, "Oper\u00e1rio / PR": {"Atk": 1.4777280481627868, "Def": 2.0416209921857127, "Ext": 0.0}, "Crici\u00fama / SC": {"Atk": 1.134440345127466, "Def": 1.6363049270285546, "Ext": 0.0}, "Brasil / RS": {"Atk": 1.427218779660786, "Def": 1.8248931249590608, "Ext": 0.1}, "Sport / PE": {"Atk": 2.3154996320514507, "Def": 2.035674017089067, "Ext": 0.1}, "CRB / AL": {"Atk": 2.2379014969329223, "Def": 1.6385378032165026, "Ext": 0.0}, "Ponte Preta / SP": {"Atk": 2.704647250882383, "Def": 1.7479485868245388, "Ext": 0.1}, "Red Bull Bragantino / SP": {"Atk": 2.414049635208499, "Def": 4.467681277979597, "Ext": 0.0}, "Oeste / SP": {"Atk": 1.3111252611980202, "Def": 3.826512672509656, "Ext": 0.1}, "Atl\u00e9tico / GO": {"Atk": 1.9590236091119684, "Def": 2.059115373992734, "Ext": 0.1}, "Paran\u00e1 / PR": {"Atk": 2.1677465640735214, "Def": 2.1808426773361345, "Ext": 0.1}, "Londrina / PR": {"Atk": 2.067158662512008, "Def": 1.9001565278047792, "Ext": 0.050653650238837195}, "Figueirense / SC": {"Atk": 1.918578250574461, "Def": 2.512325678374764, "Ext": 0.1}, "Am\u00e9rica / MG": {"Atk": 1.2347185557794356, "Def": 1.3015295638340763, "Ext": 0.0}, "Vit\u00f3ria / BA": {"Atk": 2.066831882797492, "Def": 0.8810387486701872, "Ext": 0.0}, "Cuiab\u00e1 / MT": {"Atk": 1.6270882163087674, "Def": 1.844553379926954, "Ext": 0.1}}