{"Ponte Preta / SP": {"Atk": 1.0, "Def": 0.8507525080573447, "Ext": 0.0}, "Oeste / SP": {"Atk": 0.49278474516289716, "Def": 1.1631405657885459, "Ext": 0.2278295393581665}, "Brasil / RS": {"Atk": 0.5281660014871813, "Def": 0.94969227667827, "Ext": 0.0}, "Figueirense / SC": {"Atk": 0.8914245481357996, "Def": 0.8091955866233438, "Ext": 0.06325825075336781}, "Fortaleza / CE": {"Atk": 1.16726750815754, "Def": 1.1331503972275885, "Ext": 0.0}, "Vila Nova / GO": {"Atk": 0.5784747651078455, "Def": 1.9063438768850431, "Ext": 0.0}, "Atl\u00e9tico / GO": {"Atk": 0.5663476881278959, "Def": 1.3167633269841068, "Ext": 0.5720821476626159}, "CSA / AL": {"Atk": 0.8422372963910039, "Def": 1.0410082857182545, "Ext": 0.0}, "Londrina / PR": {"Atk": 0.6172784063377961, "Def": 0.738621353517439, "Ext": 0.0}, "Sampaio Corr\u00eaa / MA": {"Atk": 0.2314241480326756, "Def": 0.8713662360713659, "Ext": 0.27565172793227016}, "Guarani / SP": {"Atk": 1.2418523458655593, "Def": 0.6284663744775405, "Ext": 0.0}, "S\u00e3o Bento / SP": {"Atk": 0.0, "Def": 2.5977897922904605, "Ext": 0.6434489025875715}, "Juventude / RS": {"Atk": 0.34911860823502694, "Def": 1.259088539718391, "Ext": 0.13064926492239454}, "Ava\u00ed / SC": {"Atk": 1.1419060137101809, "Def": 1.0041924162261846, "Ext": 0.0}, "Crici\u00fama / SC": {"Atk": 0.4047956309216378, "Def": 1.0458621112936919, "Ext": 0.25883815363348434}, "Goi\u00e1s / GO": {"Atk": 1.1030182301101286, "Def": 0.6463033422951007, "Ext": 0.0}, "Boa / MG": {"Atk": 0.3847622814405939, "Def": 0.6328774029645754, "Ext": 0.0}, "CRB / AL": {"Atk": 0.48473240493172653, "Def": 0.7856830036076812, "Ext": 0.0}, "Coritiba / PR": {"Atk": 0.3247050134449683, "Def": 2.8057967857696484, "Ext": 0.4243943513993581}, "Paysandu / PA": {"Atk": 0.5013534409129191, "Def": 0.8327213323643007, "Ext": 0.13570943969087768}, "Home bonus": 0.32171211517237147}