{"Fluminense / RJ": {"Atk": 1.0, "Def": 0.6579447865450626, "Home bonus": 0.17815241622125827, "Ext": 0.1}, "Flamengo / RJ": {"Atk": 0.825597939537508, "Def": 1.0374565190441434, "Home bonus": 0.4231946914570658, "Ext": 0.0}, "Palmeiras / SP": {"Atk": 1.0846703774537976, "Def": 0.9676512031819599, "Home bonus": 0.0, "Ext": 0.0}, "Corinthians / SP": {"Atk": 0.8893528234123225, "Def": 1.7086713175204469, "Home bonus": 0.5380213287823576, "Ext": 0.1}, "Cruzeiro / MG": {"Atk": 0.8481623049604599, "Def": 1.1327379749105142, "Home bonus": 0.3543973778255641, "Ext": 0.1}, "Coritiba / PR": {"Atk": 0.7772828265256162, "Def": 0.753809479200967, "Home bonus": 0.0, "Ext": 0.02568949757075955}, "Gr\u00eamio / RS": {"Atk": 1.1818065294502516, "Def": 1.1731746321568213, "Home bonus": 0.0, "Ext": 0.1}, "Bahia / BA": {"Atk": 0.5812140405298999, "Def": 0.7469871210058098, "Home bonus": 1.0398472028232635, "Ext": 0.018765018558858433}, "Ponte Preta / SP": {"Atk": 0.53781807137154, "Def": 0.7036552123309884, "Home bonus": 0.7545179887882473, "Ext": 0.0}, "Ava\u00ed / SC": {"Atk": 0.4786078651167991, "Def": 0.7892769131360959, "Home bonus": 0.0, "Ext": 0.0}, "Botafogo / RJ": {"Atk": 0.7568860308390325, "Def": 0.8352311346914102, "Home bonus": 0.75167695121343, "Ext": 0.1}, "Vasco da Gama / RJ": {"Atk": 0.7994701425504891, "Def": 0.6594468965380115, "Home bonus": 0.10073174245523246, "Ext": 0.1}, "Santos / SP": {"Atk": 0.5953340951171613, "Def": 1.7885099077202502, "Home bonus": 0.5533468135050594, "Ext": 0.1}, "S\u00e3o Paulo / SP": {"Atk": 0.788452385767228, "Def": 0.7107733861815987, "Home bonus": 0.5855373613147427, "Ext": 0.1}, "Atl\u00e9tico / MG": {"Atk": 0.8694997591664995, "Def": 0.7481112006468037, "Home bonus": 0.023719862333508528, "Ext": 0.0}, "Athletico Paranaense / PR": {"Atk": 0.7550632355141461, "Def": 0.8417093820087655, "Home bonus": 0.42863697518212834, "Ext": 0.0}, "Sport / PE": {"Atk": 0.8129649053802039, "Def": 0.6573111150104675, "Home bonus": 0.4325080641405098, "Ext": 0.0}, "Vit\u00f3ria / BA": {"Atk": 0.982356658313466, "Def": 0.5823410462571482, "Home bonus": 0.0, "Ext": 0.0}, "Atl\u00e9tico / GO": {"Atk": 0.826283345170182, "Def": 0.5740283077667262, "Home bonus": 0.03395491171435808, "Ext": 0.0}, "Chapecoense / SC": {"Atk": 0.9622764788664453, "Def": 0.6404185198471498, "Home bonus": 0.0, "Ext": 0.0}}