{"Palmeiras / SP": {"Atk": 1.0, "Def": 0.6302135519862636, "Ext": 0.1287438093083416}, "Chapecoense / SC": {"Atk": 0.5134468714533789, "Def": 0.6607882707837678, "Ext": 0.0}, "Fluminense / RJ": {"Atk": 0.6775086344477947, "Def": 0.538500462889503, "Ext": 0.0}, "S\u00e3o Paulo / SP": {"Atk": 0.769394514691202, "Def": 0.6723619192449204, "Ext": 0.0}, "Cruzeiro / MG": {"Atk": 0.5908196545146708, "Def": 0.7704068703874826, "Ext": 0.0}, "Athletico Paranaense / PR": {"Atk": 0.6293288168868979, "Def": 0.6045889028636457, "Ext": 0.0}, "Sport / PE": {"Atk": 0.5681560253392686, "Def": 1.0431032789988064, "Ext": 0.39668591157126654}, "Vasco da Gama / RJ": {"Atk": 0.38744188180255845, "Def": 0.42728069307553745, "Ext": 0.0}, "Gr\u00eamio / RS": {"Atk": 0.8773439437773398, "Def": 0.8075865344042178, "Ext": 0.0}, "Ava\u00ed / SC": {"Atk": 0.6278466781923315, "Def": 0.4485423069473566, "Ext": 0.0}, "Coritiba / PR": {"Atk": 0.45019417591087807, "Def": 0.6802808221446023, "Ext": 0.0}, "Goi\u00e1s / GO": {"Atk": 0.5858332690545413, "Def": 0.6797283555222288, "Ext": 0.0}, "Corinthians / SP": {"Atk": 0.9643392630001023, "Def": 1.0496398278816073, "Ext": 0.06873605627762873}, "Flamengo / RJ": {"Atk": 0.8192437860050099, "Def": 0.5018142874469073, "Ext": 0.0}, "Santos / SP": {"Atk": 1.0607770793682223, "Def": 0.5877506878515354, "Ext": 0.0}, "Atl\u00e9tico / MG": {"Atk": 1.0492538371211058, "Def": 0.6588993338204258, "Ext": 0.0}, "Joinville / SC": {"Atk": 0.40123552664572926, "Def": 0.6123252085246692, "Ext": 0.0}, "Ponte Preta / SP": {"Atk": 0.622708872907323, "Def": 0.7309212383796411, "Ext": 0.15782305810102465}, "Internacional / RS": {"Atk": 0.6231222846453475, "Def": 0.6472396401214207, "Ext": 0.0}, "Figueirense / SC": {"Atk": 0.46166960068908935, "Def": 0.5451821399401487, "Ext": 0.18947043558801582}}