{"Flamengo / RJ": {"Home": {"Atk": 1.0, "Def": 0.4017141341241041}, "Away": {"Atk": 0.0, "Def": 0.600778867730641}}, "Fluminense / RJ": {"Home": {"Atk": 1.3668823776796228, "Def": 0.4448608867307077}, "Away": {"Atk": 0.533748185439523, "Def": 0.554396297215159}}, "S\u00e3o Paulo / SP": {"Home": {"Atk": 1.0910766607801548, "Def": 0.7258851672939954}, "Away": {"Atk": 1.045224788680222, "Def": 0.6175860118855803}}, "Santos / SP": {"Home": {"Atk": 0.537235475828824, "Def": 0.8963110229093867}, "Away": {"Atk": 0.6905488170016508, "Def": 0.919991347435805}}, "Athletico Paranaense / PR": {"Home": {"Atk": 0.9728340961791606, "Def": 0.4682068506153746}, "Away": {"Atk": 0.7792229052933014, "Def": 0.5169241369561295}}, "Atl\u00e9tico / MG": {"Home": {"Atk": 0.4892908182809157, "Def": 1.1019700661224603}, "Away": {"Atk": 0.9989087586857903, "Def": 0.3853195641075262}}, "Bahia / BA": {"Home": {"Atk": 0.24852901589120516, "Def": 0.6595510111383236}, "Away": {"Atk": 0.4173057389786577, "Def": 0.7101183151333975}}, "Internacional / RS": {"Home": {"Atk": 0.9720603870004869, "Def": 0.5753939549660868}, "Away": {"Atk": 0.592506990313465, "Def": 0.7102338660761225}}, "Crici\u00fama / SC": {"Home": {"Atk": 0.7321843595742695, "Def": 0.7367723199922149}, "Away": {"Atk": 0.0, "Def": 0.5455278171739298}}, "Chapecoense / SC": {"Home": {"Atk": 0.6644892061987863, "Def": 0.6874868866312683}, "Away": {"Atk": 0.2662848444202592, "Def": 0.4779746430541238}}, "Botafogo / RJ": {"Home": {"Atk": 1.3304728645985489, "Def": 0.6890214650810255}, "Away": {"Atk": 0.3332114733221856, "Def": 0.42269584769616114}}, "Sport / PE": {"Home": {"Atk": 0.6634961490083136, "Def": 0.43346538884978086}, "Away": {"Atk": 0.4272500852334449, "Def": 0.7725313244685164}}, "Corinthians / SP": {"Home": {"Atk": 0.7416584813354867, "Def": 0.8956226503432236}, "Away": {"Atk": 0.8565524082003693, "Def": 1.0478714794049695}}, "Palmeiras / SP": {"Home": {"Atk": 0.6258320653872829, "Def": 0.6489834628728414}, "Away": {"Atk": 0.4347854556203897, "Def": 0.5380505897267198}}, "Coritiba / PR": {"Home": {"Atk": 0.5797398223214055, "Def": 0.5369857915338737}, "Away": {"Atk": 0.4673662861105197, "Def": 0.7051176511057778}}, "Cruzeiro / MG": {"Home": {"Atk": 1.324755961928389, "Def": 0.7250166862881262}, "Away": {"Atk": 1.0371977946991335, "Def": 0.5377803624610918}}, "Vit\u00f3ria / BA": {"Home": {"Atk": 0.5981610694850457, "Def": 0.37996456383943833}, "Away": {"Atk": 0.4647847484425705, "Def": 0.776045110563824}}, "Gr\u00eamio / RS": {"Home": {"Atk": 0.6011390829347592, "Def": 0.8960361060040966}, "Away": {"Atk": 0.22293531253181764, "Def": 0.9436202571383929}}, "Figueirense / SC": {"Home": {"Atk": 0.3544730845928265, "Def": 0.2704696170704794}, "Away": {"Atk": 0.37637710174467803, "Def": 0.837201856379056}}, "Goi\u00e1s / GO": {"Home": {"Atk": 0.7330955163927383, "Def": 0.9656481240593807}, "Away": {"Atk": 0.19473023400523912, "Def": 0.9257897938753682}}}