{"Oeste / SP": {"Atk": 1.0, "Def": 1.1446093843358762}, "Boa / MG": {"Atk": 0.8130450112193651, "Def": 1.3462324610254903}, "Figueirense / SC": {"Atk": 1.703960834338911, "Def": 1.0254336634808696}, "Joinville / SC": {"Atk": 1.4534890977426458, "Def": 1.40535476373872}, "Icasa / CE": {"Atk": 1.3594065295155957, "Def": 1.0072806369290908}, "ABC / RN": {"Atk": 1.0422498703149978, "Def": 0.9874692470594792}, "Palmeiras / SP": {"Atk": 1.9724641925416322, "Def": 2.352923989802899}, "S\u00e3o Caetano / SP": {"Atk": 1.3023370976894468, "Def": 0.9828467381418402}, "Guaratinguet\u00e1 / SP": {"Atk": 1.1675058609440756, "Def": 1.205468023551103}, "Paysandu / PA": {"Atk": 0.908922397236672, "Def": 1.0657354351236648}, "ASA / AL": {"Atk": 1.0781439072997892, "Def": 0.7356864274593921}, "Am\u00e9rica / MG": {"Atk": 1.4545705070599388, "Def": 1.3469911221509425}, "Ava\u00ed / SC": {"Atk": 1.4838253872266014, "Def": 1.3247215156469672}, "Chapecoense / SC": {"Atk": 1.7434053736428838, "Def": 1.7355836461565404}, "Cear\u00e1 / CE": {"Atk": 1.521906966846519, "Def": 1.2444726896810638}, "Am\u00e9rica / RN": {"Atk": 1.1606924053411014, "Def": 1.0342821118474692}, "Paran\u00e1 / PR": {"Atk": 1.4573816501813301, "Def": 1.9736685870562434}, "Atl\u00e9tico / GO": {"Atk": 0.9712999858309287, "Def": 1.186796746302602}, "Red Bull Bragantino / SP": {"Atk": 0.9963216217132812, "Def": 1.5755162517042083}, "Sport / PE": {"Atk": 1.7589449958178462, "Def": 1.0896036269910678}, "Home bonus": 0.4512906018651077}