{"Guarani / SP": {"Atk": 1.0, "Def": 1.1163026612298068, "Ext": 0.0}, "Vila Nova / GO": {"Atk": 0.7948240142144654, "Def": 5.895388681499743, "Ext": 0.015479580402570676}, "Crici\u00fama / SC": {"Atk": 0.8907054228693394, "Def": 1.304116342544078, "Ext": 0.0}, "Ituano / SP": {"Atk": 0.6758122569367117, "Def": 0.8209218245854585, "Ext": 0.0}, "Mirassol / SP": {"Atk": 0.6292531740493106, "Def": 1.6519402543921247, "Ext": 0.10189357964567211}, "Vit\u00f3ria / BA": {"Atk": 1.2194841507494454, "Def": 1.258987655676108, "Ext": 0.0}, "Sampaio Corr\u00eaa / MA": {"Atk": 0.3906762509147211, "Def": 0.8210285952744274, "Ext": 0.0}, "Juventude / RS": {"Atk": 0.9131297643918193, "Def": 0.9853281980527753, "Ext": 0.0}, "Londrina / PR": {"Atk": 0.5522702852009372, "Def": 0.5415947840431798, "Ext": 0.0}, "CRB / AL": {"Atk": 0.7970049304601085, "Def": 0.7596955187247718, "Ext": 0.0}, "Ponte Preta / SP": {"Atk": 0.31529353376708974, "Def": 1.1443934089977346, "Ext": 0.0}, "Atl\u00e9tico / GO": {"Atk": 0.36510250406205685, "Def": 1.2475019510693737, "Ext": 0.7265609047809042}, "Ava\u00ed / SC": {"Atk": 0.5554609248834116, "Def": 0.6091077337619679, "Ext": 0.0}, "Botafogo / SP": {"Atk": 0.592545103817151, "Def": 0.7236786471351799, "Ext": 0.0}, "Novorizontino / SP": {"Atk": 0.9560698332043889, "Def": 2.7219576654763658, "Ext": 0.09386949872032392}, "Sport / PE": {"Atk": 1.1329851098840118, "Def": 1.295480378626993, "Ext": 0.0}, "Cear\u00e1 / CE": {"Atk": 0.8918399027778297, "Def": 0.7634100047081361, "Ext": 0.0}, "Chapecoense / SC": {"Atk": 0.9573080867824272, "Def": 0.6711560816427309, "Ext": 0.0}, "Tombense / MG": {"Atk": 0.7288491818489554, "Def": 0.6235944043952704, "Ext": 0.0}, "ABC / RN": {"Atk": 0.2686629682859112, "Def": 0.8123717712301776, "Ext": 0.22371091306681848}, "Home bonus": 0.33199798102939665}