{"Flamengo / RJ": {"Atk": 1.0, "Def": 2.556093973792528}, "Fluminense / RJ": {"Atk": 4.790333542659784, "Def": 4.737848581914916}, "S\u00e3o Paulo / SP": {"Atk": 5.094334735710295, "Def": 2.9252305244231898}, "Santos / SP": {"Atk": 3.284605223045584, "Def": 6.79215942794515}, "Athletico Paranaense / PR": {"Atk": 4.811945368234733, "Def": 2.6400693953059577}, "Atl\u00e9tico / MG": {"Atk": 4.502318905991214, "Def": 4.18160285820972}, "Bahia / BA": {"Atk": 2.0496872490259817, "Def": 3.6564057100814242}, "Internacional / RS": {"Atk": 4.480998273573609, "Def": 4.738639689731196}, "Crici\u00fama / SC": {"Atk": 1.217751248635887, "Def": 2.80701850092887}, "Chapecoense / SC": {"Atk": 1.941967461079272, "Def": 3.5543326359982905}, "Botafogo / RJ": {"Atk": 3.0741673841410524, "Def": 3.9341461070466837}, "Sport / PE": {"Atk": 2.462734750251517, "Def": 3.557603559014738}, "Corinthians / SP": {"Atk": 2.7702156220513285, "Def": 10.488224407517338}, "Palmeiras / SP": {"Atk": 2.2763036678237203, "Def": 2.9453855359105865}, "Coritiba / PR": {"Atk": 2.6487330312099417, "Def": 3.517171669118407}, "Cruzeiro / MG": {"Atk": 6.775675284798279, "Def": 4.131427350014436}, "Vit\u00f3ria / BA": {"Atk": 3.708377573289941, "Def": 3.090581754665106}, "Gr\u00eamio / RS": {"Atk": 2.0781916755616234, "Def": 5.190888388358693}, "Figueirense / SC": {"Atk": 1.8420477651330105, "Def": 2.1206721069243533}, "Goi\u00e1s / GO": {"Atk": 1.2838978914820418, "Def": 5.582580063442797}, "Home bonus": 0.45070975700375104}