{"Gr\u00eamio / RS": {"Atk": 1.0, "Def": 0.7228780391948704, "Ext": 0.1}, "Atl\u00e9tico / MG": {"Atk": 0.6596960561781652, "Def": 0.615406274763793, "Ext": 0.0}, "Cear\u00e1 / CE": {"Atk": 0.5100517906321022, "Def": 0.7626606873789502, "Ext": 0.0}, "Palmeiras / SP": {"Atk": 0.9280856825004793, "Def": 0.96825981926165, "Ext": 0.0}, "S\u00e3o Paulo / SP": {"Atk": 0.5562594232467313, "Def": 1.0748507928782804, "Ext": 0.0}, "Flamengo / RJ": {"Atk": 1.3780835069951352, "Def": 0.734934548618091, "Ext": 0.1}, "Fluminense / RJ": {"Atk": 0.5791084211682057, "Def": 0.6725263842993268, "Ext": 0.08454294880435485}, "Chapecoense / SC": {"Atk": 0.47104518810237506, "Def": 0.5646941619262659, "Ext": 0.0}, "Bahia / BA": {"Atk": 0.637705928273771, "Def": 0.6954178273105831, "Ext": 0.1}, "Athletico Paranaense / PR": {"Atk": 0.7999345086395256, "Def": 1.0008281726141492, "Ext": 0.0}, "Internacional / RS": {"Atk": 0.6079287929035161, "Def": 0.8415885701780706, "Ext": 0.1}, "Cruzeiro / MG": {"Atk": 0.3764828151262591, "Def": 0.6736603844681335, "Ext": 0.1}, "Fortaleza / CE": {"Atk": 0.8075785985058176, "Def": 0.6039069200188971, "Ext": 0.1}, "Corinthians / SP": {"Atk": 0.5986411529054214, "Def": 0.9312735838966933, "Ext": 0.1}, "Santos / SP": {"Atk": 0.912300344741269, "Def": 0.9308630597431972, "Ext": 0.07864914481245878}, "Vasco da Gama / RJ": {"Atk": 0.597075754758334, "Def": 0.6311021996011078, "Ext": 0.0}, "Botafogo / RJ": {"Atk": 0.439436530139066, "Def": 0.6668569639387596, "Ext": 0.1}, "Ava\u00ed / SC": {"Atk": 0.21921961399564432, "Def": 0.4773228923958609, "Ext": 0.1}, "Goi\u00e1s / GO": {"Atk": 0.6945543952723577, "Def": 0.4443650245578771, "Ext": 0.1}, "CSA / AL": {"Atk": 0.29628532555339177, "Def": 0.5015355104631835, "Ext": 0.1}, "Home bonus": 0.3760182041152201}