{"Vasco da Gama / RJ": {"Atk": 1.0, "Def": 0.4719377820937013, "Home bonus": 0.0, "Ext": 0.1}, "Fluminense / RJ": {"Atk": 0.7396015775322199, "Def": 0.706832528468304, "Home bonus": 0.34827021193194496, "Ext": 0.0}, "Corinthians / SP": {"Atk": 0.4871950880271191, "Def": 1.6097586344446102, "Home bonus": 0.41486101984572793, "Ext": 0.0}, "Vit\u00f3ria / BA": {"Atk": 0.6655812597255317, "Def": 0.6333920384918763, "Home bonus": 0.7023211565846258, "Ext": 0.1}, "Gr\u00eamio / RS": {"Atk": 0.8143137163898241, "Def": 0.936680675595765, "Home bonus": 0.3187151735347958, "Ext": 0.0}, "Ponte Preta / SP": {"Atk": 0.7121481409067787, "Def": 0.570960287207001, "Home bonus": 0.1352348310761323, "Ext": 0.1}, "Crici\u00fama / SC": {"Atk": 0.8000548217636646, "Def": 0.5322248538094282, "Home bonus": 0.3352817655278143, "Ext": 0.0}, "Cruzeiro / MG": {"Atk": 1.2301609293729265, "Def": 1.1151708375028522, "Home bonus": 0.804987600618566, "Ext": 0.1}, "Coritiba / PR": {"Atk": 0.6124465540781867, "Def": 0.7631597935396518, "Home bonus": 0.6217723211221854, "Ext": 0.1}, "Santos / SP": {"Atk": 0.7474923993977771, "Def": 0.9426526064864624, "Home bonus": 0.2858581939683341, "Ext": 0.1}, "Botafogo / RJ": {"Atk": 1.0733095057337179, "Def": 0.8628239300636832, "Home bonus": 0.32593708378498587, "Ext": 0.1}, "Flamengo / RJ": {"Atk": 0.6737581121544333, "Def": 0.6759157693926203, "Home bonus": 0.30264740554533387, "Ext": 0.0}, "S\u00e3o Paulo / SP": {"Atk": 0.6637574609670353, "Def": 0.9020263155046793, "Home bonus": 0.0, "Ext": 0.0}, "Bahia / BA": {"Atk": 0.6592864233955773, "Def": 0.7534402661752708, "Home bonus": 0.31067281525924684, "Ext": 0.1}, "Internacional / RS": {"Atk": 1.0705206098630793, "Def": 0.6357757985657793, "Home bonus": 0.12417911024148262, "Ext": 0.1}, "Goi\u00e1s / GO": {"Atk": 0.7399612657845186, "Def": 0.7602395471004354, "Home bonus": 0.20505231808887825, "Ext": 0.1}, "N\u00e1utico / PE": {"Atk": 0.28656077134354685, "Def": 0.4835888311066878, "Home bonus": 0.22144480363249755, "Ext": 0.0}, "Atl\u00e9tico / MG": {"Atk": 0.3210150440176168, "Def": 0.894021382694165, "Home bonus": 1.6442061182821874, "Ext": 0.0}, "Athletico Paranaense / PR": {"Atk": 1.1748839053701199, "Def": 0.7519257310716088, "Home bonus": 0.2743456158056862, "Ext": 0.1}, "Portuguesa / SP": {"Atk": 0.7027261366209068, "Def": 0.5756781496142658, "Home bonus": 0.860467722320429, "Ext": 0.1}}