{"Fluminense / RJ": {"Home": {"Atk": 1.0, "Def": 0.4674742421939486}, "Away": {"Atk": 0.38025121689897257, "Def": 0.6058878682346205}, "Ext": 0.33175286246154045}, "Flamengo / RJ": {"Home": {"Atk": 0.7985571769508877, "Def": 0.5450799810224292}, "Away": {"Atk": 0.36029601197031413, "Def": 0.7226871389471828}, "Ext": 0.5209757994495077}, "Palmeiras / SP": {"Home": {"Atk": 0.5811665710748241, "Def": 0.6711548125203957}, "Away": {"Atk": 0.372398999811719, "Def": 0.718824847356057}, "Ext": 0.14838631068038516}, "Corinthians / SP": {"Home": {"Atk": 0.7065474007206728, "Def": 0.6724163705607472}, "Away": {"Atk": 0.6270025354074901, "Def": 0.7769026104688674}, "Ext": 0.3708105094030867}, "Cruzeiro / MG": {"Home": {"Atk": 0.41461058139531226, "Def": 0.6102916812212724}, "Away": {"Atk": 0.3940656734717756, "Def": 0.5933030079099488}, "Ext": 0.44331471661983}, "Coritiba / PR": {"Home": {"Atk": 0.5203692499143262, "Def": 0.5908758775069816}, "Away": {"Atk": 0.6549129184867091, "Def": 0.8521979704864944}, "Ext": 0.4247721043989193}, "Gr\u00eamio / RS": {"Home": {"Atk": 0.7347625807913064, "Def": 0.5852451020091185}, "Away": {"Atk": 0.5951447462713737, "Def": 0.8982622510619367}, "Ext": 0.2791145919052087}, "Bahia / BA": {"Home": {"Atk": 0.47757325380045285, "Def": 0.4773346617517362}, "Away": {"Atk": 0.2671231814412871, "Def": 0.4376424218883011}, "Ext": 0.594571597292737}, "Ponte Preta / SP": {"Home": {"Atk": 0.7266324962925317, "Def": 0.5847019216996513}, "Away": {"Atk": 0.37345577834512, "Def": 0.41356575065233636}, "Ext": 0.2740436458404067}, "Ava\u00ed / SC": {"Home": {"Atk": 0.6314236853416672, "Def": 0.9607084472342523}, "Away": {"Atk": 0.2847717690838629, "Def": 0.3343731018692088}, "Ext": 0.17109663144187642}, "Botafogo / RJ": {"Home": {"Atk": 0.4381692861129223, "Def": 0.6121109603335512}, "Away": {"Atk": 0.20587459619983633, "Def": 0.8427048177408729}, "Ext": 0.19163830773676424}, "Vasco da Gama / RJ": {"Home": {"Atk": 0.2468194967001021, "Def": 0.8462894123205889}, "Away": {"Atk": 0.7043810594202744, "Def": 0.6724308567878274}, "Ext": 0.6464018369408823}, "Santos / SP": {"Home": {"Atk": 0.484746111483627, "Def": 0.8685340115558716}, "Away": {"Atk": 0.7205788488002826, "Def": 0.673222320209018}, "Ext": 0.0}, "S\u00e3o Paulo / SP": {"Home": {"Atk": 0.5692561372196833, "Def": 0.7796512554982762}, "Away": {"Atk": 0.22077585111482625, "Def": 0.4179228360177074}, "Ext": 0.41446407835485216}, "Atl\u00e9tico / MG": {"Home": {"Atk": 0.3658905103208072, "Def": 0.4978266977361554}, "Away": {"Atk": 0.3509410343501721, "Def": 0.6462370618658214}, "Ext": 0.05586752212737629}, "Athletico Paranaense / PR": {"Home": {"Atk": 0.5441099853932119, "Def": 0.5245350861998462}, "Away": {"Atk": 0.5507448294855088, "Def": 0.5505083553252977}, "Ext": 0.10609290788822207}, "Sport / PE": {"Home": {"Atk": 0.5011194858678052, "Def": 0.8791870800635146}, "Away": {"Atk": 0.6835960634398164, "Def": 0.7214352517322326}, "Ext": 0.03661158234388938}, "Vit\u00f3ria / BA": {"Home": {"Atk": 0.3738114701700864, "Def": 0.4369143777878129}, "Away": {"Atk": 0.4309828043212571, "Def": 0.504213324422659}, "Ext": 0.27166993863092415}, "Atl\u00e9tico / GO": {"Home": {"Atk": 0.6278868067472282, "Def": 0.52860801169762}, "Away": {"Atk": 0.41744977663771704, "Def": 0.1745590885851984}, "Ext": 0.5651344291763942}, "Chapecoense / SC": {"Home": {"Atk": 0.3954031553233974, "Def": 0.6456813985873657}, "Away": {"Atk": 0.6786878793113755, "Def": 0.8948445991632896}, "Ext": 0.21888060347072882}}