{"Flamengo / RJ": {"Atk": 1.0, "Def": 0.5557775464996537, "Home bonus": 0.0}, "Corinthians / SP": {"Atk": 0.3841424279643919, "Def": 0.6268738448853505, "Home bonus": 0.5319404591163185}, "S\u00e3o Paulo / SP": {"Atk": 0.4394464452897594, "Def": 0.5576624503606917, "Home bonus": 0.0}, "Atl\u00e9tico Mineiro / MG": {"Atk": 0.5645824013218632, "Def": 1.0736951412995233, "Home bonus": 1.0343146123919058}, "Internacional / RS": {"Atk": 0.6412366993937368, "Def": 0.557432090184093, "Home bonus": 0.0}, "Cear\u00e1 / CE": {"Atk": 0.23045719273639592, "Def": 0.556236598894373, "Home bonus": 0.9194205415039031}, "Bahia / BA": {"Atk": 0.4811628180937994, "Def": 0.34959613246012444, "Home bonus": 0.4552802704668513}, "Athletico Paranaense / PR": {"Atk": 0.5799424583746708, "Def": 0.43871544990163475, "Home bonus": 0.5849211794189404}, "Chapecoense / SC": {"Atk": 0.4105057552462355, "Def": 0.35857144632789745, "Home bonus": 0.0}, "Cuiab\u00e1 / MT": {"Atk": 0.495642396467891, "Def": 0.5120469270532916, "Home bonus": 0.20726115376201118}, "Fluminense / RJ": {"Atk": 0.5670325089571099, "Def": 0.48717712398465357, "Home bonus": 0.017231318570494803}, "Palmeiras / SP": {"Atk": 0.7903713745109726, "Def": 0.4752101639359602, "Home bonus": 0.14680509427264787}, "Santos / SP": {"Atk": 0.37095393846058816, "Def": 0.4313156908788737, "Home bonus": 0.38709590161388613}, "Am\u00e9rica / MG": {"Atk": 0.45156279257202186, "Def": 0.5683722356146175, "Home bonus": 0.0}, "Gr\u00eamio / RS": {"Atk": 0.47321714938389914, "Def": 0.5636846657133394, "Home bonus": 0.0}, "Fortaleza / CE": {"Atk": 0.6098868615331016, "Def": 0.6320555644998519, "Home bonus": 0.5238753704049355}, "Sport / PE": {"Atk": 0.19430556999100815, "Def": 0.7714449627544081, "Home bonus": 0.0}, "Red Bull Bragantino / SP": {"Atk": 0.7546949658051607, "Def": 0.46798610648386246, "Home bonus": 0.0}, "Juventude / RS": {"Atk": 0.3753278834415215, "Def": 0.5167369043883151, "Home bonus": 0.412057745999523}, "Atl\u00e9tico / GO": {"Atk": 0.40578517153962573, "Def": 0.6216243472456426, "Home bonus": 0.0}}