{"Gr\u00eamio / RS": {"Atk": 1.0, "Def": 0.4975398543321643}, "Atl\u00e9tico / MG": {"Atk": 0.5252478970993479, "Def": 0.5964890909806356}, "Cear\u00e1 / CE": {"Atk": 0.5659401737644253, "Def": 0.5547005363241672}, "Palmeiras / SP": {"Atk": 0.6549951534328644, "Def": 0.6612870939555126}, "S\u00e3o Paulo / SP": {"Atk": 0.45374392610055053, "Def": 0.8345939055416463}, "Flamengo / RJ": {"Atk": 0.9885991656928652, "Def": 0.6995216381383148}, "Fluminense / RJ": {"Atk": 0.6329155248575546, "Def": 0.7660818777886113}, "Chapecoense / SC": {"Atk": 0.44726725893642444, "Def": 0.4292596494258661}, "Bahia / BA": {"Atk": 0.515567013284374, "Def": 0.6325382566385906}, "Athletico Paranaense / PR": {"Atk": 0.7293481590700724, "Def": 0.6863675331889489}, "Internacional / RS": {"Atk": 0.4218065537935048, "Def": 0.9872218988060815}, "Cruzeiro / MG": {"Atk": 0.6565289307939254, "Def": 0.5118752267474832}, "Fortaleza / CE": {"Atk": 0.502215436740731, "Def": 0.738596486115946}, "Corinthians / SP": {"Atk": 0.5821524563024839, "Def": 0.7183273525640882}, "Santos / SP": {"Atk": 0.7522863643539817, "Def": 0.6044256296205097}, "Vasco da Gama / RJ": {"Atk": 0.39097511919418765, "Def": 0.48443318003996705}, "Botafogo / RJ": {"Atk": 0.7313008959450559, "Def": 0.5929210465225185}, "Ava\u00ed / SC": {"Atk": 0.30049171073961556, "Def": 0.4814718804878579}, "Goi\u00e1s / GO": {"Atk": 0.41307946039008264, "Def": 0.8635125080031482}, "CSA / AL": {"Atk": 0.14072463286160097, "Def": 0.6315931600546989}, "Home bonus": 0.5022334424687467}