{"Palmeiras / SP": {"Atk": 1.0, "Def": 0.5482304643516503, "Ext": 0.0}, "Flamengo / RJ": {"Atk": 0.390082499879409, "Def": 0.4961930568192262, "Ext": 0.0}, "Atl\u00e9tico / MG": {"Atk": 0.4543196367463459, "Def": 0.5888504231359131, "Ext": 0.47487270633749157}, "Coritiba / PR": {"Atk": 0.0, "Def": 1.2329662585514356, "Ext": 0.6802093924349752}, "Botafogo / RJ": {"Atk": 0.2744914594080891, "Def": 0.43529123445630086, "Ext": 0.459490626215512}, "Santa Cruz / PE": {"Atk": 0.18794941278610902, "Def": 0.45444232187960776, "Ext": 0.23615694036965698}, "Corinthians / SP": {"Atk": 0.5380012048330888, "Def": 461.38841504931446, "Ext": 0.0}, "Figueirense / SC": {"Atk": 0.0, "Def": 1.1202115054387938, "Ext": 0.35067273413831884}, "Am\u00e9rica / MG": {"Atk": 0.0, "Def": 0.3761840087527034, "Ext": 0.14253933939429916}, "Internacional / RS": {"Atk": 0.2851245767352593, "Def": 1.5604337377476543, "Ext": 0.16327951449369296}, "Vit\u00f3ria / BA": {"Atk": 0.0961226225085768, "Def": 1.2794959481097679, "Ext": 0.7026663996518046}, "Fluminense / RJ": {"Atk": 0.2096020850921702, "Def": 0.8092475217983438, "Ext": 0.3197468529358026}, "Cruzeiro / MG": {"Atk": 0.3670537058617629, "Def": 0.670784069353781, "Ext": 0.29309846239697956}, "Santos / SP": {"Atk": 0.9315462600041613, "Def": 0.9059569151290108, "Ext": 0.0}, "Athletico Paranaense / PR": {"Atk": 0.3029282580962799, "Def": 0.9271173438384104, "Ext": 0.04413949108319424}, "Chapecoense / SC": {"Atk": 0.37418754254294456, "Def": 0.46395722094683806, "Ext": 0.4900744930955548}, "S\u00e3o Paulo / SP": {"Atk": 0.2899541384594968, "Def": 0.702909775993488, "Ext": 0.09044469342287306}, "Gr\u00eamio / RS": {"Atk": 0.8886926772570859, "Def": 0.6612304888967051, "Ext": 0.0}, "Ponte Preta / SP": {"Atk": 0.5077866561246918, "Def": 0.3310933399444659, "Ext": 0.0}, "Sport / PE": {"Atk": 0.34348739402341316, "Def": 0.4551089923507811, "Ext": 0.09120043510513723}, "Home bonus": 0.5444576656215002}