{"Cear\u00e1 / CE": {"Atk": 0.494915583076724, "Def": 1.1497196242527725, "Home bonus": 0.1931864347330004, "Ext": 0.2936222938746929}, "Bahia / BA": {"Atk": 0.6057920938524726, "Def": 0.9326443730540419, "Home bonus": 0.5262904641544233, "Ext": 0.0}, "Sampaio Corr\u00eaa / MA": {"Atk": 0.15581756590902524, "Def": 0.5096094528703212, "Home bonus": 0.4014224578108959, "Ext": 0.24328328731715892}, "Oeste / SP": {"Atk": 0.5141433784363042, "Def": 0.48747031654485695, "Home bonus": 0.13563849458226204, "Ext": 0.0}, "Vila Nova / GO": {"Atk": 0.6742615819248402, "Def": 0.622185276919129, "Home bonus": 0.0, "Ext": 0.3273492514258375}, "Luverdense / MT": {"Atk": 0.24247071706581205, "Def": 1.4847529580529018, "Home bonus": 0.673580789466076, "Ext": 0.3115531259474413}, "Tupi / MG": {"Atk": 0.37652382278239277, "Def": 0.4854849549273548, "Home bonus": 0.7625012248251969, "Ext": 0.0}, "Brasil / RS": {"Atk": 0.5321570618021787, "Def": 0.7854659110207193, "Home bonus": 0.5532773291962905, "Ext": 0.0}, "Londrina / PR": {"Atk": 0.44228958894528336, "Def": 1.4729594946436606, "Home bonus": 0.0, "Ext": 0.11399170730266446}, "Crici\u00fama / SC": {"Atk": 0.235518451532768, "Def": 0.6309259609144865, "Home bonus": 1.1712847320282225, "Ext": 0.1945743904593104}, "N\u00e1utico / PE": {"Atk": 0.4851311926190809, "Def": 0.6279269608444934, "Home bonus": 0.9096067566220183, "Ext": 0.06802929268528866}, "CRB / AL": {"Atk": 0.9403758868055969, "Def": 0.4163375678980569, "Home bonus": 0.0, "Ext": 0.0}, "Paysandu / PA": {"Atk": 0.3958497849400878, "Def": 0.5674900455514924, "Home bonus": 0.5090214321325861, "Ext": 0.0}, "Red Bull Bragantino / SP": {"Atk": 0.4996732070900001, "Def": 0.4706038253010049, "Home bonus": 0.0, "Ext": 0.0}, "Goi\u00e1s / GO": {"Atk": 0.28963761880956895, "Def": 0.7634972000250182, "Home bonus": 0.5612923800400244, "Ext": 0.25557239145583244}, "Vasco da Gama / RJ": {"Atk": 0.781141434206877, "Def": 0.7465360331697574, "Home bonus": 0.0891178740820707, "Ext": 0.23569164189575925}, "Atl\u00e9tico / GO": {"Atk": 0.3343739051332012, "Def": 1.897926298790077, "Home bonus": 0.8325066574946526, "Ext": 0.21740823506519535}, "Joinville / SC": {"Atk": 0.2805641880112251, "Def": 0.5701967969966057, "Home bonus": 0.22722576221916285, "Ext": 0.0}, "Paran\u00e1 / PR": {"Atk": 0.40860521009548467, "Def": 0.7899048952052019, "Home bonus": 0.05221405760680391, "Ext": 0.20215960648061063}, "Ava\u00ed / SC": {"Atk": 0.33559982985584685, "Def": 0.6068583619278664, "Home bonus": 1.1016397556372517, "Ext": 0.0}}