{"Palmeiras / SP": {"Atk": 1.0, "Def": 0.8594826498635334}, "Flamengo / RJ": {"Atk": 0.5549019763573864, "Def": 0.6296042425151448}, "Atl\u00e9tico / MG": {"Atk": 0.8006712564773126, "Def": 0.5029831952592607}, "Coritiba / PR": {"Atk": 0.4802926815951946, "Def": 0.6118582076919019}, "Botafogo / RJ": {"Atk": 0.6318325741172691, "Def": 0.4235430698464543}, "Santa Cruz / PE": {"Atk": 0.5939635313424276, "Def": 0.5486443952077896}, "Corinthians / SP": {"Atk": 0.7661606157928615, "Def": 1.163648629622784}, "Figueirense / SC": {"Atk": 0.35384142586233724, "Def": 0.7117390782965047}, "Am\u00e9rica / MG": {"Atk": 0.2891635415267334, "Def": 0.38578957075195763}, "Internacional / RS": {"Atk": 0.5107199047883427, "Def": 0.9194623824104655}, "Vit\u00f3ria / BA": {"Atk": 0.5696050853111395, "Def": 0.5086929771520231}, "Fluminense / RJ": {"Atk": 0.4025009955936674, "Def": 0.8508185500337804}, "Cruzeiro / MG": {"Atk": 0.58364472574021, "Def": 0.40791549700563845}, "Santos / SP": {"Atk": 1.041895272868012, "Def": 0.9791744423135177}, "Athletico Paranaense / PR": {"Atk": 0.5140473529610752, "Def": 0.992132923735721}, "Chapecoense / SC": {"Atk": 0.7555172591010878, "Def": 0.41572735668736055}, "S\u00e3o Paulo / SP": {"Atk": 0.4623585321677184, "Def": 0.8942757548185726}, "Gr\u00eamio / RS": {"Atk": 0.8963261118238961, "Def": 0.692180122141747}, "Ponte Preta / SP": {"Atk": 0.5796064446331604, "Def": 0.4719463125272524}, "Sport / PE": {"Atk": 0.788308654808235, "Def": 0.4520106018141418}, "Home bonus": 0.4764676226043475}