{"Gr\u00eamio / RS": {"Home": {"Atk": 1.0, "Def": 0.5117658747191587}, "Away": {"Atk": 0.8543266223073944, "Def": 0.6806255717843572}, "Ext": 0.1}, "Atl\u00e9tico / MG": {"Home": {"Atk": 0.7626647618321282, "Def": 0.43243483265602284}, "Away": {"Atk": 0.5626122236848312, "Def": 0.5073920364981682}, "Ext": 0.0}, "Cear\u00e1 / CE": {"Home": {"Atk": 0.6571503153806689, "Def": 0.848671158519726}, "Away": {"Atk": 0.43081790511823226, "Def": 0.5212081037916184}, "Ext": 0.0}, "Palmeiras / SP": {"Home": {"Atk": 1.0183616979482155, "Def": 1.251403666927842}, "Away": {"Atk": 0.7006644613221643, "Def": 0.6572896253948693}, "Ext": 0.1}, "S\u00e3o Paulo / SP": {"Home": {"Atk": 0.5863083505361535, "Def": 0.9157529490029467}, "Away": {"Atk": 0.5061316824011721, "Def": 0.8213885327301661}, "Ext": 0.00792591559394884}, "Flamengo / RJ": {"Home": {"Atk": 1.3290273500502399, "Def": 0.8005258764505466}, "Away": {"Atk": 1.006210513391321, "Def": 0.6658433531918427}, "Ext": 0.0}, "Fluminense / RJ": {"Home": {"Atk": 0.5293931253022374, "Def": 0.6543411265874781}, "Away": {"Atk": 0.6579722183920625, "Def": 0.413477072659764}, "Ext": 0.0}, "Chapecoense / SC": {"Home": {"Atk": 0.39462513922110926, "Def": 0.4789842702303089}, "Away": {"Atk": 0.555618010966292, "Def": 0.42267118931614184}, "Ext": 0.0}, "Bahia / BA": {"Home": {"Atk": 0.6301400531000173, "Def": 0.6216119489436758}, "Away": {"Atk": 0.5591130030245802, "Def": 0.6519095407534797}, "Ext": 0.1}, "Athletico Paranaense / PR": {"Home": {"Atk": 0.6834857453593174, "Def": 0.810905315458555}, "Away": {"Atk": 0.9504820465964782, "Def": 0.5704617890076578}, "Ext": 0.0}, "Internacional / RS": {"Home": {"Atk": 0.7647350098584004, "Def": 0.9597691998192992}, "Away": {"Atk": 0.5353988224168328, "Def": 0.5152415774799018}, "Ext": 0.1}, "Cruzeiro / MG": {"Home": {"Atk": 0.4130339208694199, "Def": 0.7128739504782705}, "Away": {"Atk": 0.5181241509556389, "Def": 0.49197321749173245}, "Ext": 0.1}, "Fortaleza / CE": {"Home": {"Atk": 0.6110883317747892, "Def": 0.6337198163783779}, "Away": {"Atk": 0.7983507375909831, "Def": 0.38299728797705407}, "Ext": 0.1}, "Corinthians / SP": {"Home": {"Atk": 0.6723431334286477, "Def": 0.8797178124309234}, "Away": {"Atk": 0.5852144128709877, "Def": 0.644959937723607}, "Ext": 0.1}, "Santos / SP": {"Home": {"Atk": 1.075331764636583, "Def": 0.656085068904538}, "Away": {"Atk": 0.5651033747851348, "Def": 0.7573146221945547}, "Ext": 0.0}, "Vasco da Gama / RJ": {"Home": {"Atk": 0.5696297154051239, "Def": 0.4837324219966847}, "Away": {"Atk": 0.5670488789748633, "Def": 0.6245016336591898}, "Ext": 0.0}, "Botafogo / RJ": {"Home": {"Atk": 0.5395186889663737, "Def": 0.662329706838541}, "Away": {"Atk": 0.46499446460600175, "Def": 0.45689974293424324}, "Ext": 0.1}, "Ava\u00ed / SC": {"Home": {"Atk": 0.30401468354818945, "Def": 0.42932140476937397}, "Away": {"Atk": 0.264404795629666, "Def": 0.3802658151516374}, "Ext": 0.1}, "Goi\u00e1s / GO": {"Home": {"Atk": 0.7664390006724044, "Def": 0.5715438206978305}, "Away": {"Atk": 0.4230514755751074, "Def": 0.3109406301920644}, "Ext": 0.1}, "CSA / AL": {"Home": {"Atk": 0.4804655003831023, "Def": 0.5123901335969993}, "Away": {"Atk": 0.24754921140759895, "Def": 0.44439906709302895}, "Ext": 0.1}}