{"Cruzeiro / MG": {"Atk": 1.0, "Def": 0.9386718564737875, "Ext": 0.060609879494853185}, "Athletico Paranaense / PR": {"Atk": 0.4508242367959508, "Def": 0.6149612886990358, "Ext": 0.06636978084705346}, "Am\u00e9rica / MG": {"Atk": 0.46781063916751703, "Def": 0.5557397409297026, "Ext": 0.1}, "Vit\u00f3ria / BA": {"Atk": 0.4774500209268431, "Def": 0.39989437512618065, "Ext": 0.07915555439972524}, "Vasco da Gama / RJ": {"Atk": 0.5964191245724134, "Def": 0.39965932235952945, "Ext": 0.09313899429751053}, "Botafogo / RJ": {"Atk": 0.5661726488007841, "Def": 0.9641116009627793, "Ext": 0.048183552323497844}, "S\u00e3o Paulo / SP": {"Atk": 0.6014342679213667, "Def": 0.7063262133961121, "Ext": 0.06297027331709786}, "Santos / SP": {"Atk": 0.4813285494966729, "Def": 0.5904942260743062, "Ext": 0.05758856173075238}, "Corinthians / SP": {"Atk": 0.5246196528322944, "Def": 0.9741709213547919, "Ext": 0.06752083697723855}, "Internacional / RS": {"Atk": 0.5619447086736126, "Def": 0.9644780118671086, "Ext": 0.09070795906229424}, "Atl\u00e9tico / MG": {"Atk": 0.6910802939607715, "Def": 0.8092646900316905, "Ext": 0.1}, "Paran\u00e1 / PR": {"Atk": 0.19529310698356098, "Def": 0.4603886238232587, "Ext": 0.05130249681903591}, "Chapecoense / SC": {"Atk": 0.38493247639361516, "Def": 0.5138998941469507, "Ext": 0.1}, "Bahia / BA": {"Atk": 0.3746350123269984, "Def": 0.5523567623244474, "Ext": 0.05063297677953225}, "Fluminense / RJ": {"Atk": 0.5996323168009661, "Def": 0.6039186467377581, "Ext": 0.1}, "Flamengo / RJ": {"Atk": 0.5848896359337317, "Def": 0.6601145095326957, "Ext": 0.0}, "Cear\u00e1 / CE": {"Atk": 0.30591092354541227, "Def": 0.8984020440742142, "Ext": 0.039183948063184704}, "Sport / PE": {"Atk": 0.4544404304886852, "Def": 0.43355329211055255, "Ext": 0.1}, "Palmeiras / SP": {"Atk": 0.6525305995284002, "Def": 0.7466193609524137, "Ext": 0.05334258988286224}, "Gr\u00eamio / RS": {"Atk": 0.7232639855513477, "Def": 0.8261846645222786, "Ext": 0.1}, "Home bonus": 0.5798138686207712}