{"Palmeiras / SP": {"Atk": 1.0, "Def": 0.8693657776835729, "Ext": 0.0}, "Flamengo / RJ": {"Atk": 0.7193117370374508, "Def": 0.9010743730729854, "Ext": 0.0933719346603752}, "Atl\u00e9tico / MG": {"Atk": 0.9029808243519654, "Def": 0.6061468680333157, "Ext": 0.1}, "Coritiba / PR": {"Atk": 0.5928393236903662, "Def": 0.7054383917428367, "Ext": 0.1}, "Botafogo / RJ": {"Atk": 0.6399199645755431, "Def": 0.6805091372371039, "Ext": 0.1}, "Santa Cruz / PE": {"Atk": 0.6652218299482057, "Def": 0.4912785636726247, "Ext": 0.041346707561427054}, "Corinthians / SP": {"Atk": 0.6874942386344022, "Def": 0.92254478338228, "Ext": 0.0}, "Figueirense / SC": {"Atk": 0.4785461051119267, "Def": 0.6718266465929162, "Ext": 0.1}, "Am\u00e9rica / MG": {"Atk": 0.3544583033697228, "Def": 0.5674203015822216, "Ext": 0.0}, "Internacional / RS": {"Atk": 0.5148702015060012, "Def": 0.6953207411085582, "Ext": 0.1}, "Vit\u00f3ria / BA": {"Atk": 0.6628001682619109, "Def": 0.5528167028202863, "Ext": 0.1}, "Fluminense / RJ": {"Atk": 0.5996777449781887, "Def": 0.8414979705699813, "Ext": 0.1}, "Cruzeiro / MG": {"Atk": 0.7141675188145916, "Def": 0.48856795455267704, "Ext": 0.0}, "Santos / SP": {"Atk": 0.8684048856875889, "Def": 1.059360626679338, "Ext": 0.1}, "Athletico Paranaense / PR": {"Atk": 0.4471727584242315, "Def": 1.2592831257521846, "Ext": 0.0}, "Chapecoense / SC": {"Atk": 0.8202949560475525, "Def": 0.48148256493879704, "Ext": 0.1}, "S\u00e3o Paulo / SP": {"Atk": 0.5004570597034427, "Def": 0.8174831233985904, "Ext": 0.08778622663850492}, "Gr\u00eamio / RS": {"Atk": 0.635483228756013, "Def": 0.8381124664401305, "Ext": 0.1}, "Ponte Preta / SP": {"Atk": 0.7330717747285975, "Def": 0.5334330677531521, "Ext": 0.0}, "Sport / PE": {"Atk": 0.7065632383626481, "Def": 0.5340990190202797, "Ext": 0.1}, "Home bonus": 0.5250062304581014}