{"Flamengo / RJ": {"Home": {"Atk": 1.0, "Def": 0.5190471177784947}, "Away": {"Atk": 1.1346011744680806, "Def": 0.867090014540505}, "Ext": 0.0}, "Corinthians / SP": {"Home": {"Atk": 0.6359671107121716, "Def": 0.5496303336728569}, "Away": {"Atk": 0.25490882899077594, "Def": 2.0063732621639407}, "Ext": 0.1772455269803913}, "S\u00e3o Paulo / SP": {"Home": {"Atk": 0.1675426784598523, "Def": 1.9859261110470596}, "Away": {"Atk": 0.2888661809032311, "Def": 0.5840960108706909}, "Ext": 0.21851626977588354}, "Atl\u00e9tico Mineiro / MG": {"Home": {"Atk": 1.0789048044516603, "Def": 1.2461084801013111}, "Away": {"Atk": 0.4857588458672446, "Def": 1.3128732177714828}, "Ext": 0.10900769561179743}, "Internacional / RS": {"Home": {"Atk": 0.7485542187382976, "Def": 0.6165146756525343}, "Away": {"Atk": 0.49559300258722877, "Def": 0.78428674109248}, "Ext": 0.19836853174238256}, "Cear\u00e1 / CE": {"Home": {"Atk": 0.4131053929653036, "Def": 1.893767214241914}, "Away": {"Atk": 0.0, "Def": 0.6329887705557484}, "Ext": 0.44424237543058803}, "Bahia / BA": {"Home": {"Atk": 0.7050110742208596, "Def": 0.3706938320540553}, "Away": {"Atk": 0.45209154253954026, "Def": 0.39619270217406144}, "Ext": 0.0}, "Athletico Paranaense / PR": {"Home": {"Atk": 0.7729707385063185, "Def": 0.4457423501819779}, "Away": {"Atk": 0.5319918394122648, "Def": 0.48290779021440083}, "Ext": 0.0}, "Chapecoense / SC": {"Home": {"Atk": 0.0, "Def": 0.41338053125083973}, "Away": {"Atk": 0.197762970427753, "Def": 0.6106747853605781}, "Ext": 0.5953319179271609}, "Cuiab\u00e1 / MT": {"Home": {"Atk": 0.26713921063632656, "Def": 0.5807342056274327}, "Away": {"Atk": 0.1979408003905391, "Def": 5.065429036838249}, "Ext": 0.3777684462220827}, "Fluminense / RJ": {"Home": {"Atk": 0.4088613740155712, "Def": 0.5805047778804979}, "Away": {"Atk": 0.2234602285985793, "Def": 0.6904149369877873}, "Ext": 0.19124746527417769}, "Palmeiras / SP": {"Home": {"Atk": 0.9884478848753686, "Def": 0.29019376963611626}, "Away": {"Atk": 0.6901373039945693, "Def": 0.7059290721574407}, "Ext": 0.0}, "Santos / SP": {"Home": {"Atk": 0.6229724784703472, "Def": 0.7067085993765712}, "Away": {"Atk": 0.3193015750961931, "Def": 0.3651233865041373}, "Ext": 0.0}, "Am\u00e9rica / MG": {"Home": {"Atk": 0.6773819360237487, "Def": 0.6344131586083239}, "Away": {"Atk": 0.43620923900603537, "Def": 0.41240461537421064}, "Ext": 0.0}, "Gr\u00eamio / RS": {"Home": {"Atk": 0.41798080391466175, "Def": 0.6983971927684075}, "Away": {"Atk": 0.21236183493578678, "Def": 0.5413945305746239}, "Ext": 0.23507413074549444}, "Fortaleza / CE": {"Home": {"Atk": 0.9001995989963956, "Def": 0.48613479618035194}, "Away": {"Atk": 0.6267693192995579, "Def": 0.5285100541784011}, "Ext": 0.0}, "Sport / PE": {"Home": {"Atk": 0.2775439867312981, "Def": 0.6802862077735642}, "Away": {"Atk": 0.26094858866543436, "Def": 0.7256527460589122}, "Ext": 0.0}, "Red Bull Bragantino / SP": {"Home": {"Atk": 0.3219319280382938, "Def": 1.1832196459440911}, "Away": {"Atk": 0.584122564275673, "Def": 1.3197046231204959}, "Ext": 0.6707554319502934}, "Juventude / RS": {"Home": {"Atk": 0.5754971223332949, "Def": 0.49191642626058313}, "Away": {"Atk": 0.2980584746128535, "Def": 0.527404393502358}, "Ext": 0.09815664796554911}, "Atl\u00e9tico / GO": {"Home": {"Atk": 0.33163188295943774, "Def": 0.5606213957987446}, "Away": {"Atk": 0.5044891832594938, "Def": 0.6389646576743874}, "Ext": 0.0}}