{"ABC / RN": {"Atk": 1.0, "Def": 1.2310767566532237, "Ext": 0.1}, "N\u00e1utico / PE": {"Atk": 1.0143281474764412, "Def": 1.482976961637628, "Ext": 0.1}, "Crici\u00fama / SC": {"Atk": 1.6768466341973602, "Def": 1.4937444003908975, "Ext": 0.1}, "Goi\u00e1s / GO": {"Atk": 1.448493622317568, "Def": 1.2581604127819717, "Ext": 0.0}, "Guarani / SP": {"Atk": 1.6438418442268472, "Def": 1.5854358445725754, "Ext": 0.1}, "Juventude / RS": {"Atk": 1.9964722850927905, "Def": 1.8045860416275963, "Ext": 0.0}, "Londrina / PR": {"Atk": 2.396448208420654, "Def": 1.2098360842744345, "Ext": 0.1}, "Boa / MG": {"Atk": 1.6795163294884514, "Def": 1.54121093794634, "Ext": 0.1}, "Paysandu / PA": {"Atk": 1.589840277668649, "Def": 1.801259270196612, "Ext": 0.0}, "CRB / AL": {"Atk": 1.4443746813831633, "Def": 1.382979769197107, "Ext": 0.0}, "Cear\u00e1 / CE": {"Atk": 1.893279838430209, "Def": 1.611467583263726, "Ext": 0.0}, "Santa Cruz / PE": {"Atk": 1.6231008659806863, "Def": 1.2665873959802325, "Ext": 0.0}, "Figueirense / SC": {"Atk": 1.747994372610855, "Def": 1.1300569390832387, "Ext": 0.0}, "Vila Nova / GO": {"Atk": 1.7118903513454162, "Def": 2.190106441641098, "Ext": 0.09101132428517107}, "Oeste / SP": {"Atk": 1.7107676522073452, "Def": 1.898196343318249, "Ext": 0.0}, "Brasil / RS": {"Atk": 1.7065578982787328, "Def": 1.126025683306122, "Ext": 0.0}, "Paran\u00e1 / PR": {"Atk": 1.9433134639708196, "Def": 2.1201682652823655, "Ext": 0.1}, "Am\u00e9rica / MG": {"Atk": 1.888093085626214, "Def": 2.51366575573836, "Ext": 0.1}, "Luverdense / MT": {"Atk": 1.6181866044495168, "Def": 1.4225987695785343, "Ext": 0.1}, "Internacional / RS": {"Atk": 2.3334086432415764, "Def": 2.25404773504387, "Ext": 0.09008432461514018}}