{"Fluminense / RJ": {"Atk": 1.0, "Def": 0.7095182833477705, "Home bonus": 0.2579728676061658, "Ext": 0.1}, "Flamengo / RJ": {"Atk": 0.7772045791385132, "Def": 1.1233974558729072, "Home bonus": 0.7218861048317473, "Ext": 0.0}, "Palmeiras / SP": {"Atk": 1.2690564915588565, "Def": 1.013250085920922, "Home bonus": 0.0, "Ext": 0.0}, "Corinthians / SP": {"Atk": 0.8851102140250933, "Def": 1.8527134613497842, "Home bonus": 0.4829470642899481, "Ext": 0.1}, "Cruzeiro / MG": {"Atk": 0.8354032672549037, "Def": 1.0718470909660138, "Home bonus": 0.42864757591272534, "Ext": 0.0}, "Coritiba / PR": {"Atk": 0.7900888764237661, "Def": 0.8618845888059784, "Home bonus": 0.0, "Ext": 0.030840684273522902}, "Gr\u00eamio / RS": {"Atk": 1.2138638405169078, "Def": 1.2017743484569723, "Home bonus": 0.0, "Ext": 0.1}, "Bahia / BA": {"Atk": 0.709275908454184, "Def": 0.7706584284449157, "Home bonus": 0.9895388144744376, "Ext": 0.003422510654458345}, "Ponte Preta / SP": {"Atk": 0.5240502233318273, "Def": 0.7142092306651225, "Home bonus": 0.7824016399524201, "Ext": 0.0}, "Ava\u00ed / SC": {"Atk": 0.5353083206566437, "Def": 0.8349277615857824, "Home bonus": 0.0, "Ext": 0.0}, "Botafogo / RJ": {"Atk": 0.7201188375248513, "Def": 0.8751646324247073, "Home bonus": 0.8999688814017753, "Ext": 0.1}, "Vasco da Gama / RJ": {"Atk": 0.8209971301409397, "Def": 0.7606679210034571, "Home bonus": 0.1344378435832064, "Ext": 0.1}, "Santos / SP": {"Atk": 0.6250289600062333, "Def": 1.7742238382638873, "Home bonus": 0.5399035247529125, "Ext": 0.1}, "S\u00e3o Paulo / SP": {"Atk": 0.8084156070102405, "Def": 0.7609009752694185, "Home bonus": 0.699996188489893, "Ext": 0.1}, "Atl\u00e9tico / MG": {"Atk": 0.9930170411017725, "Def": 0.7666251819098812, "Home bonus": 0.0, "Ext": 0.0}, "Athletico Paranaense / PR": {"Atk": 0.9001909317645643, "Def": 0.8544516944857466, "Home bonus": 0.31806362552330864, "Ext": 0.0}, "Sport / PE": {"Atk": 0.8477522082108542, "Def": 0.703581550419307, "Home bonus": 0.41164132551112204, "Ext": 0.0}, "Vit\u00f3ria / BA": {"Atk": 1.0921976232850725, "Def": 0.5811335349683081, "Home bonus": 0.0, "Ext": 0.061169958811848474}, "Atl\u00e9tico / GO": {"Atk": 0.8392825216666673, "Def": 0.6062821446862303, "Home bonus": 0.0, "Ext": 0.0}, "Chapecoense / SC": {"Atk": 1.0570357893249342, "Def": 0.7183693571641837, "Home bonus": 0.0, "Ext": 0.0}}