{"Palmeiras / SP": {"Atk": 1.0, "Def": 0.6170016501589866, "Home bonus": 0.8279314434164018, "Ext": 0.07636778365987892}, "Flamengo / RJ": {"Atk": 0.4064425549730103, "Def": 0.7154092475995895, "Home bonus": 0.530264893060983, "Ext": 0.2489282218462968}, "Atl\u00e9tico / MG": {"Atk": 0.48395041656006477, "Def": 0.564868260947138, "Home bonus": 0.5318105933746836, "Ext": 0.3472610839962715}, "Coritiba / PR": {"Atk": 0.4933893978090335, "Def": 0.6350214601585449, "Home bonus": 0.41752221816771806, "Ext": 0.0963819735124904}, "Botafogo / RJ": {"Atk": 0.39646744733836675, "Def": 1.008675035362851, "Home bonus": 0.12049555649621027, "Ext": 0.791539495711694}, "Santa Cruz / PE": {"Atk": 0.30182731184543066, "Def": 0.4327592137701105, "Home bonus": 0.2674637100492637, "Ext": 0.11608770656257182}, "Corinthians / SP": {"Atk": 0.32124515541145465, "Def": 0.6296569133496251, "Home bonus": 0.8926570811343638, "Ext": 0.6406946113952124}, "Figueirense / SC": {"Atk": 0.3018529793156277, "Def": 0.6009626114250274, "Home bonus": 0.36525861926731046, "Ext": 0.5265030040895291}, "Am\u00e9rica / MG": {"Atk": 0.21690376287124785, "Def": 1.0547858753862762, "Home bonus": 0.7880000224995758, "Ext": 0.18565608872122763}, "Internacional / RS": {"Atk": 0.584085611256496, "Def": 0.8978980188011075, "Home bonus": 0.2755669553933928, "Ext": 0.7866504401293231}, "Vit\u00f3ria / BA": {"Atk": 0.3710635737784854, "Def": 0.6133876492241745, "Home bonus": 0.18119890383543918, "Ext": 0.30897146068441095}, "Fluminense / RJ": {"Atk": 0.21339810055012173, "Def": 0.8289676735870997, "Home bonus": 0.7263865555543016, "Ext": 0.5958919971967348}, "Cruzeiro / MG": {"Atk": 0.5654172799770832, "Def": 0.7203069961169563, "Home bonus": 0.44915971261942783, "Ext": 0.06672780837536674}, "Santos / SP": {"Atk": 0.6273436711069567, "Def": 0.8183155628148582, "Home bonus": 0.31526773099363725, "Ext": 0.16734480141973693}, "Athletico Paranaense / PR": {"Atk": 0.3653195648896642, "Def": 1.0241922077770906, "Home bonus": 0.4701951828205011, "Ext": 0.07255705916718466}, "Chapecoense / SC": {"Atk": 0.4394793076303508, "Def": 0.6093632575150218, "Home bonus": 0.5027814351562809, "Ext": 0.23736425437841532}, "S\u00e3o Paulo / SP": {"Atk": 0.6540942258889177, "Def": 0.6918296693000628, "Home bonus": 0.3704366057292948, "Ext": 0.5038710043032065}, "Gr\u00eamio / RS": {"Atk": 0.6935752352310349, "Def": 0.6139050590592374, "Home bonus": 0.07146878759989193, "Ext": 0.0}, "Ponte Preta / SP": {"Atk": 0.34613536149911084, "Def": 0.5603463219956079, "Home bonus": 0.7100113781575083, "Ext": 0.2678816036072794}, "Sport / PE": {"Atk": 0.29653062672966785, "Def": 0.7828115620611411, "Home bonus": 0.33195610292760513, "Ext": 0.4226045976776132}}