{"Cruzeiro / MG": {"Atk": 1.0, "Def": 1.678644333392537, "Ext": 0.0}, "Athletico Paranaense / PR": {"Atk": 1.3174315168483905, "Def": 1.3196367378149028, "Ext": 0.0}, "Am\u00e9rica / MG": {"Atk": 1.353341086485729, "Def": 1.0520055007353935, "Ext": 0.0}, "Vit\u00f3ria / BA": {"Atk": 1.4447502161072476, "Def": 0.7461037158946492, "Ext": 0.1}, "Vasco da Gama / RJ": {"Atk": 1.6171581326296374, "Def": 0.8910390296078287, "Ext": 0.0}, "Botafogo / RJ": {"Atk": 1.2879549114920787, "Def": 1.1611266057080745, "Ext": 0.1}, "S\u00e3o Paulo / SP": {"Atk": 1.9896155785983032, "Def": 1.6236010420642462, "Ext": 0.1}, "Santos / SP": {"Atk": 1.2710064080590013, "Def": 1.1766327081371946, "Ext": 0.1}, "Corinthians / SP": {"Atk": 1.4559696148659793, "Def": 1.858412098823087, "Ext": 0.036984714309301704}, "Internacional / RS": {"Atk": 1.6483938793051947, "Def": 2.042967611009684, "Ext": 0.1}, "Atl\u00e9tico / MG": {"Atk": 2.223028777424305, "Def": 0.9454680461449935, "Ext": 0.1}, "Paran\u00e1 / PR": {"Atk": 0.5712184341840063, "Def": 1.080207995651069, "Ext": 0.0005372260902132069}, "Chapecoense / SC": {"Atk": 1.2245391659871459, "Def": 1.0328063065300515, "Ext": 0.1}, "Bahia / BA": {"Atk": 1.4430513504955869, "Def": 1.1347396485900447, "Ext": 0.0}, "Fluminense / RJ": {"Atk": 1.3550111488852525, "Def": 1.1527414970010685, "Ext": 0.0}, "Flamengo / RJ": {"Atk": 1.9521687124100937, "Def": 1.9844346142615976, "Ext": 0.0}, "Cear\u00e1 / CE": {"Atk": 0.7402300379505686, "Def": 1.1636654309859065, "Ext": 0.0}, "Sport / PE": {"Atk": 1.3265269864859768, "Def": 0.9920671244536198, "Ext": 0.0}, "Palmeiras / SP": {"Atk": 1.916358670391028, "Def": 1.564007284393483, "Ext": 0.0}, "Gr\u00eamio / RS": {"Atk": 1.266507183012079, "Def": 3.125131904703628, "Ext": 0.0}}