{"Fluminense / RJ": {"Atk": 1.0, "Def": 0.6898002927848215}, "Flamengo / RJ": {"Atk": 0.9498013596479044, "Def": 0.9594276131397337}, "Palmeiras / SP": {"Atk": 1.1769978907772753, "Def": 0.8438020787395598}, "Corinthians / SP": {"Atk": 0.9665477766587327, "Def": 1.339735979911597}, "Cruzeiro / MG": {"Atk": 0.9341010421577024, "Def": 0.950562443158412}, "Coritiba / PR": {"Atk": 0.805221508716343, "Def": 0.7015346407996547}, "Gr\u00eamio / RS": {"Atk": 1.1068593979721177, "Def": 1.0039393443480833}, "Bahia / BA": {"Atk": 1.0063589198710008, "Def": 0.6958745138402074}, "Ponte Preta / SP": {"Atk": 0.7831611408617896, "Def": 0.7089203076826638}, "Ava\u00ed / SC": {"Atk": 0.5286169843222241, "Def": 0.7795821190267239}, "Botafogo / RJ": {"Atk": 0.978327695656254, "Def": 0.8670698964891652}, "Vasco da Gama / RJ": {"Atk": 0.7686740579850018, "Def": 0.7345695116951318}, "Santos / SP": {"Atk": 0.7921668417826683, "Def": 1.3057718881093938}, "S\u00e3o Paulo / SP": {"Atk": 1.0399805689955761, "Def": 0.6526151975611523}, "Atl\u00e9tico / MG": {"Atk": 0.8753378539154454, "Def": 0.7927787823109257}, "Athletico Paranaense / PR": {"Atk": 0.8957003678288344, "Def": 0.7716549461400873}, "Sport / PE": {"Atk": 0.9874360452795174, "Def": 0.5894614800922411}, "Vit\u00f3ria / BA": {"Atk": 0.9730700433913192, "Def": 0.5809299176532988}, "Atl\u00e9tico / GO": {"Atk": 0.7424033311817069, "Def": 0.5849484640479321}, "Chapecoense / SC": {"Atk": 0.928750459554046, "Def": 0.6575572683578293}}