{"Cear\u00e1 / CE": {"Atk": 0.44978844658060185, "Def": 1.1113851108748298, "Ext": 0.31816067503045353}, "Bahia / BA": {"Atk": 0.5891335405666892, "Def": 1.505194797284498, "Ext": 0.2058991541267636}, "Sampaio Corr\u00eaa / MA": {"Atk": 0.19243876195606183, "Def": 0.49261300618970666, "Ext": 0.11440950747464869}, "Oeste / SP": {"Atk": 0.47882946009379884, "Def": 0.45690311903295944, "Ext": 0.0}, "Vila Nova / GO": {"Atk": 0.7666853219038804, "Def": 0.5219308134014062, "Ext": 0.1106096772727418}, "Luverdense / MT": {"Atk": 0.2797094324742155, "Def": 1.5498790309740371, "Ext": 0.32444858346632705}, "Tupi / MG": {"Atk": 0.3222543390014523, "Def": 0.7390725648041216, "Ext": 0.19551824471563944}, "Brasil / RS": {"Atk": 0.5591175819418357, "Def": 0.8244576932349581, "Ext": 0.0}, "Londrina / PR": {"Atk": 0.43027399030298435, "Def": 1.6104524892850305, "Ext": 0.10249033863474358}, "Crici\u00fama / SC": {"Atk": 0.5312393429097991, "Def": 0.6496747911453694, "Ext": 0.10660564242262649}, "N\u00e1utico / PE": {"Atk": 0.8437857281034803, "Def": 0.5594984539979807, "Ext": 0.0}, "CRB / AL": {"Atk": 0.846165893764894, "Def": 0.44502465792150625, "Ext": 0.0}, "Paysandu / PA": {"Atk": 0.4392170653209212, "Def": 0.5781666564907938, "Ext": 0.0}, "Red Bull Bragantino / SP": {"Atk": 0.3696325471676894, "Def": 0.4804170784989427, "Ext": 0.0}, "Goi\u00e1s / GO": {"Atk": 0.48383276083099136, "Def": 0.7915286633504248, "Ext": 0.2048839214607026}, "Vasco da Gama / RJ": {"Atk": 0.848336283966877, "Def": 0.5857071497947098, "Ext": 0.0}, "Atl\u00e9tico / GO": {"Atk": 0.3971715113697755, "Def": 1.932200490415139, "Ext": 0.2638360954641535}, "Joinville / SC": {"Atk": 0.19406832203579027, "Def": 0.7361105947903672, "Ext": 0.0}, "Paran\u00e1 / PR": {"Atk": 0.4697734010434389, "Def": 0.48945406666487506, "Ext": 0.0}, "Ava\u00ed / SC": {"Atk": 0.5391356617018696, "Def": 0.6887383643554739, "Ext": 0.0}, "Home bonus": 0.4249483334137788}