{"Palmeiras / SP": {"Atk": 1.0, "Def": 1.0818270306397804, "Home bonus": 1.237387844049343, "Ext": 0.0}, "Flamengo / RJ": {"Atk": 0.9295846149394703, "Def": 1.1590244287611882, "Home bonus": 0.37562635746475165, "Ext": 0.1}, "Atl\u00e9tico / MG": {"Atk": 1.121193297443273, "Def": 0.7315442180437144, "Home bonus": 0.7348019044384716, "Ext": 0.1}, "Coritiba / PR": {"Atk": 0.5448430628553006, "Def": 0.8206193231889621, "Home bonus": 1.1234696981281114, "Ext": 0.1}, "Botafogo / RJ": {"Atk": 0.7977627364676889, "Def": 0.8350334097545433, "Home bonus": 0.776368211038225, "Ext": 0.1}, "Santa Cruz / PE": {"Atk": 0.9162766441623296, "Def": 0.6958937218897011, "Home bonus": 0.0, "Ext": 0.0}, "Corinthians / SP": {"Atk": 0.7796422126964809, "Def": 1.3761650401229966, "Home bonus": 0.9604540830411906, "Ext": 0.0}, "Figueirense / SC": {"Atk": 0.5854871181914345, "Def": 0.9514167871132653, "Home bonus": 0.453762836281363, "Ext": 0.1}, "Am\u00e9rica / MG": {"Atk": 0.5132420316258913, "Def": 0.6561996508264971, "Home bonus": 0.0, "Ext": 0.0}, "Internacional / RS": {"Atk": 0.7995171311306182, "Def": 0.8521248861267072, "Home bonus": 0.2943376127787152, "Ext": 0.1}, "Vit\u00f3ria / BA": {"Atk": 0.8143364317286694, "Def": 0.6088660162207286, "Home bonus": 0.6898606569187243, "Ext": 0.1}, "Fluminense / RJ": {"Atk": 0.6770383847176638, "Def": 1.0819944204882936, "Home bonus": 0.730633418783664, "Ext": 0.1}, "Cruzeiro / MG": {"Atk": 1.1259567721227062, "Def": 0.5540002433676864, "Home bonus": 0.0, "Ext": 0.0}, "Santos / SP": {"Atk": 1.1518855262936558, "Def": 1.4176272443928761, "Home bonus": 0.5206612455037316, "Ext": 0.1}, "Athletico Paranaense / PR": {"Atk": 0.4871523138564523, "Def": 1.8178323567293297, "Home bonus": 0.7420963215679732, "Ext": 0.07960314196365854}, "Chapecoense / SC": {"Atk": 1.2071293207146876, "Def": 0.6334746838752643, "Home bonus": 0.0, "Ext": 0.1}, "S\u00e3o Paulo / SP": {"Atk": 0.7639954926242561, "Def": 0.9918499610462294, "Home bonus": 0.35259983431835373, "Ext": 0.1}, "Gr\u00eamio / RS": {"Atk": 0.8970698432070808, "Def": 1.2498823146364015, "Home bonus": 0.48832726371324076, "Ext": 0.1}, "Ponte Preta / SP": {"Atk": 0.7425283132890139, "Def": 0.7018955821503347, "Home bonus": 0.9038715493361379, "Ext": 0.0}, "Sport / PE": {"Atk": 0.6808331970487984, "Def": 0.638478748136338, "Home bonus": 1.438420335447582, "Ext": 0.1}}