{"Fluminense / RJ": {"Atk": 1.0, "Def": 1.4407203932907322, "Ext": 0.4621221461587943}, "Flamengo / RJ": {"Atk": 1.337022803229763, "Def": 1.5355380235130833, "Ext": 0.10862801364120576}, "Palmeiras / SP": {"Atk": 1.5777813818507709, "Def": 1.2774797320548958, "Ext": 0.0}, "Corinthians / SP": {"Atk": 1.4046089577453225, "Def": 3.21501574193699, "Ext": 0.10185903577643998}, "Cruzeiro / MG": {"Atk": 1.2670081858489097, "Def": 1.783451663319138, "Ext": 0.06673155384764005}, "Coritiba / PR": {"Atk": 1.0734293359123381, "Def": 1.0777833913349406, "Ext": 0.017659928513413914}, "Gr\u00eamio / RS": {"Atk": 1.6193881063451034, "Def": 1.886772726878881, "Ext": 0.14695042466434496}, "Bahia / BA": {"Atk": 1.4598767599414055, "Def": 1.0191422256485594, "Ext": 0.0}, "Ponte Preta / SP": {"Atk": 1.1749339277987658, "Def": 1.0357884199982184, "Ext": 0.0}, "Ava\u00ed / SC": {"Atk": 0.6702194319409839, "Def": 1.147987533074879, "Ext": 0.0}, "Botafogo / RJ": {"Atk": 1.5030731992055069, "Def": 1.272185045670572, "Ext": 0.0}, "Vasco da Gama / RJ": {"Atk": 1.145062873178385, "Def": 0.9671088366669138, "Ext": 0.0}, "Santos / SP": {"Atk": 1.0591694035377384, "Def": 2.960834715827264, "Ext": 0.0}, "S\u00e3o Paulo / SP": {"Atk": 0.82772434606545, "Def": 1.59640426691728, "Ext": 0.5840461058716448}, "Atl\u00e9tico / MG": {"Atk": 1.2558869135382276, "Def": 1.1183289491090729, "Ext": 0.0}, "Athletico Paranaense / PR": {"Atk": 1.3351917819435726, "Def": 1.1460079889105563, "Ext": 0.0}, "Sport / PE": {"Atk": 1.4202017764051977, "Def": 0.8783956606687061, "Ext": 0.0}, "Vit\u00f3ria / BA": {"Atk": 1.4758493561289048, "Def": 0.8699626348404014, "Ext": 0.0}, "Atl\u00e9tico / GO": {"Atk": 1.1321558513835794, "Def": 0.8468805600866509, "Ext": 0.0}, "Chapecoense / SC": {"Atk": 1.3189440744172902, "Def": 0.9356030078704453, "Ext": 0.0}}