{"Cear\u00e1 / CE": {"Atk": 1.0, "Def": 4.720469790418789, "Home bonus": 0.3304132402400561, "Ext": 0.42067945787746236}, "Bahia / BA": {"Atk": 1.3019374000911785, "Def": 2.636746629408208, "Home bonus": 0.5735481386851674, "Ext": 0.05955946132319556}, "Sampaio Corr\u00eaa / MA": {"Atk": 0.0, "Def": 1.2985826115627659, "Home bonus": 0.5880946449729082, "Ext": 0.3728816146700099}, "Oeste / SP": {"Atk": 1.3821226634518706, "Def": 1.1787886431350616, "Home bonus": 0.10243314287455643, "Ext": 0.0}, "Vila Nova / GO": {"Atk": 1.5953548217240383, "Def": 1.4775836421567075, "Home bonus": 0.0, "Ext": 0.3119496306025135}, "Luverdense / MT": {"Atk": 0.5121329965066975, "Def": 3.2597076974895516, "Home bonus": 0.7355229078089437, "Ext": 0.3509698146005388}, "Tupi / MG": {"Atk": 0.8122253409765458, "Def": 1.2420090827184083, "Home bonus": 0.8081143883696357, "Ext": 0.010734191150806678}, "Brasil / RS": {"Atk": 1.390576733370423, "Def": 1.9509587592728137, "Home bonus": 0.44445190163580905, "Ext": 0.0}, "Londrina / PR": {"Atk": 1.0472272469955806, "Def": 3.899400219808956, "Home bonus": 0.0, "Ext": 0.0971430481841841}, "Crici\u00fama / SC": {"Atk": 0.43735322929916254, "Def": 1.8220471112429328, "Home bonus": 0.9012220041985547, "Ext": 0.337014226172704}, "N\u00e1utico / PE": {"Atk": 1.5723485117200133, "Def": 1.3736322101204914, "Home bonus": 0.6560775413128147, "Ext": 0.019801154057884334}, "CRB / AL": {"Atk": 2.3037961866501844, "Def": 1.0781913949109359, "Home bonus": 0.0, "Ext": 0.0}, "Paysandu / PA": {"Atk": 0.9017967794856955, "Def": 1.3980921369856754, "Home bonus": 0.4702175494026987, "Ext": 0.0}, "Red Bull Bragantino / SP": {"Atk": 1.1532943898642478, "Def": 1.1653100117493216, "Home bonus": 0.0, "Ext": 0.0}, "Goi\u00e1s / GO": {"Atk": 0.821188284255435, "Def": 1.4443388433791986, "Home bonus": 0.7016323242576579, "Ext": 0.14153028895622707}, "Vasco da Gama / RJ": {"Atk": 1.9562403572084321, "Def": 1.819857776080921, "Home bonus": 0.02792578948788455, "Ext": 0.2353237669934887}, "Atl\u00e9tico / GO": {"Atk": 0.8431751729936355, "Def": 4.088490793685489, "Home bonus": 0.8615853699293972, "Ext": 0.10927871213668286}, "Joinville / SC": {"Atk": 0.7151499146289709, "Def": 1.2238877359557683, "Home bonus": 0.27503536398021006, "Ext": 0.0}, "Paran\u00e1 / PR": {"Atk": 1.0535788493906029, "Def": 1.781767939779987, "Home bonus": 0.025739387529795973, "Ext": 0.1746482043282543}, "Ava\u00ed / SC": {"Atk": 0.5849661766598527, "Def": 1.3274751096335826, "Home bonus": 1.2495544042339946, "Ext": 0.0}}