{"Oeste / SP": {"Atk": 1.0, "Def": 0.8665795983303641, "Ext": 0.0}, "Boa / MG": {"Atk": 0.6952561354978851, "Def": 1.534656113407339, "Ext": 0.14348408702692425}, "Figueirense / SC": {"Atk": 1.657528485103366, "Def": 0.7618527596278344, "Ext": 0.0}, "Joinville / SC": {"Atk": 1.3180071699796871, "Def": 1.6466620473100233, "Ext": 0.24173158770706815}, "Icasa / CE": {"Atk": 1.3397931505854168, "Def": 0.7325821331332579, "Ext": 0.0}, "ABC / RN": {"Atk": 0.8369462207268101, "Def": 0.709013174250552, "Ext": 0.0}, "Palmeiras / SP": {"Atk": 1.7160849715832314, "Def": 2.129093819996015, "Ext": 0.19766615019197714}, "S\u00e3o Caetano / SP": {"Atk": 0.9903997429896314, "Def": 1.0101713867464601, "Ext": 0.25676425759825605}, "Guaratinguet\u00e1 / SP": {"Atk": 0.9663738600191609, "Def": 0.8943763497792229, "Ext": 0.0}, "Paysandu / PA": {"Atk": 0.8341051006974854, "Def": 0.9273665957915315, "Ext": 0.17822849512832284}, "ASA / AL": {"Atk": 1.097341623930444, "Def": 0.728365966607254, "Ext": 0.0}, "Am\u00e9rica / MG": {"Atk": 1.3700203501693513, "Def": 0.9824484973255021, "Ext": 0.1197387756332447}, "Ava\u00ed / SC": {"Atk": 1.1576981627187766, "Def": 1.1664895574245222, "Ext": 0.27202132708079335}, "Chapecoense / SC": {"Atk": 1.5649597937061763, "Def": 1.963259114353458, "Ext": 0.21117705060703917}, "Cear\u00e1 / CE": {"Atk": 1.299609306806715, "Def": 1.0650446656026564, "Ext": 0.016900602751522352}, "Am\u00e9rica / RN": {"Atk": 1.0845299606882264, "Def": 0.8693604182571119, "Ext": 0.0}, "Paran\u00e1 / PR": {"Atk": 1.4402342564368178, "Def": 1.8145683563115735, "Ext": 0.0}, "Atl\u00e9tico / GO": {"Atk": 0.9305421465541912, "Def": 0.9183890682699147, "Ext": 0.0}, "Red Bull Bragantino / SP": {"Atk": 0.9057015053229422, "Def": 1.2320301945262673, "Ext": 0.0}, "Sport / PE": {"Atk": 1.4087237158032373, "Def": 0.8101386269859964, "Ext": 0.09958637577502051}}