{"Cruzeiro / MG": {"Home": {"Atk": 1.0, "Def": 0.6602002211922903}, "Away": {"Atk": 0.48240732473558756, "Def": 0.6616525699881813}, "Ext": 0.47621688549432284}, "Athletico Paranaense / PR": {"Home": {"Atk": 0.8279059377338106, "Def": 0.8654883571593059}, "Away": {"Atk": 0.25174793941073315, "Def": 0.4944502154578894}, "Ext": 0.0}, "Am\u00e9rica / MG": {"Home": {"Atk": 0.5074059795516044, "Def": 0.7213580761758124}, "Away": {"Atk": 0.5032365152435135, "Def": 0.6730271203869892}, "Ext": 0.0}, "Vit\u00f3ria / BA": {"Home": {"Atk": 0.3361194449471675, "Def": 0.6502120460251745}, "Away": {"Atk": 0.12886609288833278, "Def": 0.6604631347780235}, "Ext": 0.2662302488843565}, "Vasco da Gama / RJ": {"Home": {"Atk": 0.8136067845758265, "Def": 0.5069100873659291}, "Away": {"Atk": 0.21024916941856242, "Def": 0.5330431371533936}, "Ext": 0.07101842809171392}, "Botafogo / RJ": {"Home": {"Atk": 0.365020050403368, "Def": 0.6521187041084041}, "Away": {"Atk": 0.4739184366237607, "Def": 0.4658197957706784}, "Ext": 0.4643385704429548}, "S\u00e3o Paulo / SP": {"Home": {"Atk": 0.6644181203674603, "Def": 0.6123571308990865}, "Away": {"Atk": 0.7538178946986974, "Def": 0.6030762756551763}, "Ext": 0.1084581933675618}, "Santos / SP": {"Home": {"Atk": 0.6305543519382588, "Def": 0.7395584776112769}, "Away": {"Atk": 0.32632152371317125, "Def": 0.6787083153882358}, "Ext": 0.033155990486517954}, "Corinthians / SP": {"Home": {"Atk": 0.6725553654100378, "Def": 0.6466953399318277}, "Away": {"Atk": 0.43209349900298255, "Def": 0.8174805846668189}, "Ext": 0.5776760815908114}, "Internacional / RS": {"Home": {"Atk": 0.8799758587014009, "Def": 0.7609757557017878}, "Away": {"Atk": 0.3233085775703125, "Def": 0.7236908373150663}, "Ext": 0.5307759944267683}, "Atl\u00e9tico / MG": {"Home": {"Atk": 0.738644677851153, "Def": 0.6491284142113757}, "Away": {"Atk": 0.6019833167859352, "Def": 0.8531047766696209}, "Ext": 0.16730448913885007}, "Paran\u00e1 / PR": {"Home": {"Atk": 0.2894390229420887, "Def": 0.46846888269908793}, "Away": {"Atk": 0.4090031594704368, "Def": 0.48853551853928534}, "Ext": 0.09697958299822236}, "Chapecoense / SC": {"Home": {"Atk": 0.4828444574877794, "Def": 0.6164056902009066}, "Away": {"Atk": 0.5010729898701337, "Def": 0.29519353137211335}, "Ext": 0.03837164523838051}, "Bahia / BA": {"Home": {"Atk": 0.5101310902325754, "Def": 0.6253798184491949}, "Away": {"Atk": 0.5846760211340457, "Def": 0.4642343602646961}, "Ext": 0.6381977659577727}, "Fluminense / RJ": {"Home": {"Atk": 0.5163058594463951, "Def": 0.6215959418245718}, "Away": {"Atk": 0.330138398235942, "Def": 0.46392827420643623}, "Ext": 0.5509582540102662}, "Flamengo / RJ": {"Home": {"Atk": 0.7161181945616717, "Def": 0.7114745067522078}, "Away": {"Atk": 0.6682989261447051, "Def": 0.5396346267598264}, "Ext": 0.0}, "Cear\u00e1 / CE": {"Home": {"Atk": 0.35121709951753705, "Def": 0.6596614417948187}, "Away": {"Atk": 0.20774989023241974, "Def": 0.7479134295119476}, "Ext": 0.1949034083632452}, "Sport / PE": {"Home": {"Atk": 0.328064772540156, "Def": 0.688794002665487}, "Away": {"Atk": 0.05100648403615918, "Def": 0.34336783675450744}, "Ext": 0.6322242883289269}, "Palmeiras / SP": {"Home": {"Atk": 0.6843540987111797, "Def": 0.7880946380378243}, "Away": {"Atk": 0.45223834538380103, "Def": 0.6962794507515486}, "Ext": 0.27031696646208525}, "Gr\u00eamio / RS": {"Home": {"Atk": 0.8438878305358924, "Def": 0.6679078338561457}, "Away": {"Atk": 0.35347720928606474, "Def": 0.8191236020005621}, "Ext": 0.6444326429213212}}