{"Guarani / SP": {"Atk": 1.0, "Def": 1.897741704154348, "Ext": 0.1}, "Botafogo / SP": {"Atk": 1.5137184293416366, "Def": 1.7656384293763536, "Ext": 0.04166991130744185}, "S\u00e3o Bento / SP": {"Atk": 1.7800016965233376, "Def": 1.2439871101645654, "Ext": 0.1}, "Vila Nova / GO": {"Atk": 1.0873946638414729, "Def": 1.737801477325454, "Ext": 0.0}, "Coritiba / PR": {"Atk": 1.9902770644376544, "Def": 1.627884281408319, "Ext": 0.1}, "Oper\u00e1rio / PR": {"Atk": 1.3397175145686133, "Def": 1.5517576824642183, "Ext": 0.1}, "Crici\u00fama / SC": {"Atk": 1.0229284975143753, "Def": 1.7780784561946537, "Ext": 0.1}, "Brasil / RS": {"Atk": 1.342547417681719, "Def": 1.6213497398103154, "Ext": 0.1}, "Sport / PE": {"Atk": 2.147321386270347, "Def": 1.856214954572629, "Ext": 0.1}, "CRB / AL": {"Atk": 1.848089049534793, "Def": 1.5777953486654517, "Ext": 0.0}, "Ponte Preta / SP": {"Atk": 1.697575779200735, "Def": 1.7885641158202643, "Ext": 0.1}, "Red Bull Bragantino / SP": {"Atk": 2.5451742209953956, "Def": 3.1896898030357415, "Ext": 0.0}, "Oeste / SP": {"Atk": 1.6215386753079417, "Def": 1.6771553485345587, "Ext": 0.1}, "Atl\u00e9tico / GO": {"Atk": 1.6611454223817013, "Def": 2.4866979438875316, "Ext": 0.1}, "Paran\u00e1 / PR": {"Atk": 1.3245815479728162, "Def": 2.5320684794876516, "Ext": 0.1}, "Londrina / PR": {"Atk": 1.7056679371415753, "Def": 1.2773625171221155, "Ext": 0.1}, "Figueirense / SC": {"Atk": 1.0817807106713948, "Def": 1.6809347322815311, "Ext": 0.1}, "Am\u00e9rica / MG": {"Atk": 1.604459074514849, "Def": 1.8775485522498598, "Ext": 0.09638198943052256}, "Vit\u00f3ria / BA": {"Atk": 1.4103121735891593, "Def": 1.4028451408601685, "Ext": 0.02717865668685696}, "Cuiab\u00e1 / MT": {"Atk": 1.5865776461950019, "Def": 1.6304053078356386, "Ext": 0.1}, "Home bonus": 0.24610151399654864}