{"Palmeiras / SP": {"Atk": 1.0, "Def": 0.8636495760820654, "Ext": 0.1}, "Flamengo / RJ": {"Atk": 0.8307225635600837, "Def": 0.8147796736082014, "Ext": 0.1}, "Atl\u00e9tico / MG": {"Atk": 1.029721622285943, "Def": 0.539879521140126, "Ext": 0.1}, "Coritiba / PR": {"Atk": 0.6652386683646752, "Def": 0.6808809150329949, "Ext": 0.1}, "Botafogo / RJ": {"Atk": 0.6985833024716708, "Def": 0.7484843380004507, "Ext": 0.1}, "Santa Cruz / PE": {"Atk": 0.7620704406581255, "Def": 0.4115489409591367, "Ext": 0.0}, "Corinthians / SP": {"Atk": 0.7872779134961916, "Def": 0.6733279380843394, "Ext": 0.0}, "Figueirense / SC": {"Atk": 0.4936178105503597, "Def": 0.577052285023873, "Ext": 0.1}, "Am\u00e9rica / MG": {"Atk": 0.3794835526383694, "Def": 0.5048508314055759, "Ext": 0.0}, "Internacional / RS": {"Atk": 0.5613614211459724, "Def": 0.7099546539339251, "Ext": 0.1}, "Vit\u00f3ria / BA": {"Atk": 0.8607018439614392, "Def": 0.5354873522511553, "Ext": 0.1}, "Fluminense / RJ": {"Atk": 0.7258963222686986, "Def": 0.6349322253917626, "Ext": 0.1}, "Cruzeiro / MG": {"Atk": 0.7798558424300994, "Def": 0.5812464552899645, "Ext": 0.030563112522959894}, "Santos / SP": {"Atk": 0.9545070779049829, "Def": 0.8013920777937618, "Ext": 0.0}, "Athletico Paranaense / PR": {"Atk": 0.6086406568144872, "Def": 0.8886649864293013, "Ext": 0.0}, "Chapecoense / SC": {"Atk": 0.8407472125902797, "Def": 0.5183695981504173, "Ext": 0.1}, "S\u00e3o Paulo / SP": {"Atk": 0.7110644317564146, "Def": 0.7938357949719288, "Ext": 0.0}, "Gr\u00eamio / RS": {"Atk": 0.6681222704959738, "Def": 0.6497934307018298, "Ext": 0.0}, "Ponte Preta / SP": {"Atk": 0.7929038315453624, "Def": 0.5392146293756193, "Ext": 0.0}, "Sport / PE": {"Atk": 0.8064474102363494, "Def": 0.5127199318411392, "Ext": 0.023167282185195422}}