{"Oeste / SP": {"Atk": 1.0, "Def": 0.8749356164651579, "Home bonus": 0.12091548296226867, "Ext": 0.0}, "Boa / MG": {"Atk": 0.8766836261608921, "Def": 1.3161893084140752, "Home bonus": 0.0, "Ext": 0.1}, "Figueirense / SC": {"Atk": 1.228586803351452, "Def": 0.8750863545348282, "Home bonus": 0.8764525652143602, "Ext": 0.0}, "Joinville / SC": {"Atk": 1.311304814097617, "Def": 1.133328890303359, "Home bonus": 0.43168958573454613, "Ext": 0.0}, "Icasa / CE": {"Atk": 1.162446664652865, "Def": 0.6992918518121929, "Home bonus": 0.585738167636715, "Ext": 0.0}, "ABC / RN": {"Atk": 0.4591163732996134, "Def": 0.8280442280150359, "Home bonus": 1.1832701451951044, "Ext": 0.1}, "Palmeiras / SP": {"Atk": 1.7302278436994625, "Def": 1.679821444904444, "Home bonus": 0.11620173678919125, "Ext": 0.1}, "S\u00e3o Caetano / SP": {"Atk": 1.2262146351015046, "Def": 0.9172819329143705, "Home bonus": 0.0, "Ext": 0.1}, "Guaratinguet\u00e1 / SP": {"Atk": 0.643605885851523, "Def": 1.0247228554797074, "Home bonus": 0.9088500669855257, "Ext": 0.1}, "Paysandu / PA": {"Atk": 0.4759133323536721, "Def": 0.8845539937237994, "Home bonus": 1.108346473119816, "Ext": 0.1}, "ASA / AL": {"Atk": 0.8781523369072131, "Def": 0.6398722560679188, "Home bonus": 0.45104004607686937, "Ext": 0.0}, "Am\u00e9rica / MG": {"Atk": 1.0308851657907512, "Def": 0.9461924903779778, "Home bonus": 0.7538373722036547, "Ext": 0.0}, "Ava\u00ed / SC": {"Atk": 1.216047152978129, "Def": 0.9488789995949828, "Home bonus": 0.41082085720171685, "Ext": 0.1}, "Chapecoense / SC": {"Atk": 1.2091556215741721, "Def": 1.3473713656046087, "Home bonus": 1.0492678859699747, "Ext": 0.1}, "Cear\u00e1 / CE": {"Atk": 0.8463508032833198, "Def": 1.0212775415343065, "Home bonus": 1.277428215801294, "Ext": 0.1}, "Am\u00e9rica / RN": {"Atk": 0.9574428951121466, "Def": 0.9078647149244092, "Home bonus": 0.21485599092879445, "Ext": 0.1}, "Paran\u00e1 / PR": {"Atk": 1.2886940200283707, "Def": 1.8001879034244497, "Home bonus": 0.5996056808903367, "Ext": 0.0}, "Atl\u00e9tico / GO": {"Atk": 0.6125214164865252, "Def": 0.9081162165417513, "Home bonus": 0.6721307638397283, "Ext": 0.1}, "Red Bull Bragantino / SP": {"Atk": 0.8980172141516715, "Def": 1.4463275009189804, "Home bonus": 0.10080134199341702, "Ext": 0.0}, "Sport / PE": {"Atk": 1.5711140115519973, "Def": 0.8483746718379019, "Home bonus": 0.0, "Ext": 0.0}}