{"Guarani / SP": {"Home": {"Atk": 1.0, "Def": 0.6123319576956168}, "Away": {"Atk": 0.2850331825944992, "Def": 1.1550862985886767}}, "Botafogo / SP": {"Home": {"Atk": 1.032857306111082, "Def": 0.5762379778525905}, "Away": {"Atk": 0.44415249598979495, "Def": 1.2843151775647952}}, "S\u00e3o Bento / SP": {"Home": {"Atk": 1.0619435632377765, "Def": 0.4287066576434973}, "Away": {"Atk": 0.628915106042458, "Def": 0.6992045492329017}}, "Vila Nova / GO": {"Home": {"Atk": 0.587664792430508, "Def": 0.4688282684111276}, "Away": {"Atk": 0.5217939165478106, "Def": 0.9841940111891555}}, "Coritiba / PR": {"Home": {"Atk": 1.4557859419644699, "Def": 0.5886745697261458}, "Away": {"Atk": 0.6485402796025408, "Def": 1.0015362267976553}}, "Oper\u00e1rio / PR": {"Home": {"Atk": 1.2401098048941959, "Def": 0.6964881569795826}, "Away": {"Atk": 0.3627869441490583, "Def": 0.843068215248706}}, "Crici\u00fama / SC": {"Home": {"Atk": 0.9928530313744308, "Def": 0.5933735114738924}, "Away": {"Atk": 0.2846811731783977, "Def": 0.8983180596181315}}, "Brasil / RS": {"Home": {"Atk": 0.7003667852807314, "Def": 0.7277722196367178}, "Away": {"Atk": 0.5366914009598411, "Def": 0.9573553344449175}}, "Sport / PE": {"Home": {"Atk": 1.590308107501435, "Def": 0.6926781155410386}, "Away": {"Atk": 0.6566057141133601, "Def": 1.1128775759440774}}, "CRB / AL": {"Home": {"Atk": 1.019162405163804, "Def": 0.4342588363167855}, "Away": {"Atk": 0.7275291639254204, "Def": 1.2711530036275749}}, "Ponte Preta / SP": {"Home": {"Atk": 1.3439793554188664, "Def": 0.5879231531533007}, "Away": {"Atk": 0.4607633011416074, "Def": 1.078477565797548}}, "Red Bull Bragantino / SP": {"Home": {"Atk": 2.0959516244189973, "Def": 0.8288561384317326}, "Away": {"Atk": 0.6502871153664549, "Def": 1.4552411543278498}}, "Oeste / SP": {"Home": {"Atk": 1.1980621609239364, "Def": 0.705153340220753}, "Away": {"Atk": 0.6278261140234479, "Def": 0.7737922654949065}}, "Atl\u00e9tico / GO": {"Home": {"Atk": 1.4016545795137363, "Def": 0.6758492750838898}, "Away": {"Atk": 0.4178257477008788, "Def": 1.5806352969890498}}, "Paran\u00e1 / PR": {"Home": {"Atk": 0.6696083167507714, "Def": 1.6082689667904524}, "Away": {"Atk": 0.5425607782809516, "Def": 0.8586571217500996}}, "Londrina / PR": {"Home": {"Atk": 1.121786105324144, "Def": 0.44444009221819397}, "Away": {"Atk": 0.5082423581134803, "Def": 0.7795141134575044}}, "Figueirense / SC": {"Home": {"Atk": 1.0685332984759064, "Def": 0.39531592503621676}, "Away": {"Atk": 0.3787259823777598, "Def": 1.5430786705736754}}, "Am\u00e9rica / MG": {"Home": {"Atk": 1.3324088070503628, "Def": 0.4955712554386397}, "Away": {"Atk": 0.5548236937693409, "Def": 1.4224806782399955}}, "Vit\u00f3ria / BA": {"Home": {"Atk": 1.033767505572025, "Def": 0.5161840446662973}, "Away": {"Atk": 0.5805687539475316, "Def": 0.7311830595991663}}, "Cuiab\u00e1 / MT": {"Home": {"Atk": 1.3401628996567387, "Def": 0.4242153361630601}, "Away": {"Atk": 0.4176307798704653, "Def": 1.173934364913661}}}