{"Palmeiras / SP": {"Atk": 1.2673747878518762, "Def": 0.8529919455399262, "Home bonus": 0.0}, "Chapecoense / SC": {"Atk": 0.2288808503646315, "Def": 0.8621173052091772, "Home bonus": 1.1028959487357366}, "Fluminense / RJ": {"Atk": 0.8086842694092399, "Def": 0.8749892435476758, "Home bonus": 0.19436005436605858}, "S\u00e3o Paulo / SP": {"Atk": 0.7348104261814459, "Def": 0.6114900053511944, "Home bonus": 0.6561785139360807}, "Cruzeiro / MG": {"Atk": 0.48437957443296575, "Def": 1.19829297101264, "Home bonus": 0.2728544539430977}, "Athletico Paranaense / PR": {"Atk": 0.7184081135831396, "Def": 0.761314099231736, "Home bonus": 0.45070478299045585}, "Sport / PE": {"Atk": 1.036300059461547, "Def": 0.8424811664823243, "Home bonus": 0.4740344149432751}, "Vasco da Gama / RJ": {"Atk": 0.2615819405284221, "Def": 0.45644951940403755, "Home bonus": 0.15663285201878496}, "Gr\u00eamio / RS": {"Atk": 0.5372145486132708, "Def": 1.1126826126641294, "Home bonus": 1.4961673303870497}, "Ava\u00ed / SC": {"Atk": 0.542550129606496, "Def": 0.4676320779193349, "Home bonus": 0.6102792731072727}, "Coritiba / PR": {"Atk": 0.320353640595173, "Def": 0.8167618459226889, "Home bonus": 0.5684667990698276}, "Goi\u00e1s / GO": {"Atk": 0.6634784350204381, "Def": 1.3123113630873053, "Home bonus": 0.07866028299607748}, "Corinthians / SP": {"Atk": 0.7261739469581906, "Def": 1.4093946085554805, "Home bonus": 1.1012785246492236}, "Flamengo / RJ": {"Atk": 0.7242510911676209, "Def": 0.4840585479411094, "Home bonus": 0.4464838935401108}, "Santos / SP": {"Atk": 0.7019159559481041, "Def": 0.5778756590394879, "Home bonus": 1.1448085367667844}, "Atl\u00e9tico / MG": {"Atk": 1.2582828150562053, "Def": 0.8412776318772559, "Home bonus": 0.20694208185445687}, "Joinville / SC": {"Atk": 0.27075752957257265, "Def": 0.8635961919495817, "Home bonus": 0.7958141614059752}, "Ponte Preta / SP": {"Atk": 0.810346559831341, "Def": 0.9927537708885188, "Home bonus": 0.0}, "Internacional / RS": {"Atk": 0.3736040684301269, "Def": 0.9688135174105029, "Home bonus": 0.617227996456149}, "Figueirense / SC": {"Atk": 0.49650832326279914, "Def": 0.6799734607761745, "Home bonus": 0.7220644957414195}}