{"Ponte Preta / SP": {"Atk": 1.0, "Def": 1.315711356878219}, "Oeste / SP": {"Atk": 0.9212916242881993, "Def": 1.1546737219029217}, "Brasil / RS": {"Atk": 0.7655966694214464, "Def": 1.1781491284564118}, "Figueirense / SC": {"Atk": 1.234900041515173, "Def": 0.8705486568748687}, "Fortaleza / CE": {"Atk": 1.331079194149004, "Def": 1.2457831465493827}, "Vila Nova / GO": {"Atk": 0.9265719748496627, "Def": 1.7477230668075863}, "Atl\u00e9tico / GO": {"Atk": 1.3733573508848989, "Def": 0.7626711426613371}, "CSA / AL": {"Atk": 1.1975486405066609, "Def": 1.0777508768976087}, "Londrina / PR": {"Atk": 0.9525819856495247, "Def": 1.0788062555660056}, "Sampaio Corr\u00eaa / MA": {"Atk": 0.7625847067969905, "Def": 0.9771072571685138}, "Guarani / SP": {"Atk": 1.1595843321455774, "Def": 1.056118338910291}, "S\u00e3o Bento / SP": {"Atk": 0.9213398420079646, "Def": 1.146505050100065}, "Juventude / RS": {"Atk": 0.7346565371068522, "Def": 1.008323926344102}, "Ava\u00ed / SC": {"Atk": 1.3019770230617156, "Def": 1.2830368226978135}, "Crici\u00fama / SC": {"Atk": 0.9403528379110453, "Def": 1.0153477884751372}, "Goi\u00e1s / GO": {"Atk": 1.5064451107459065, "Def": 0.861552744540373}, "Boa / MG": {"Atk": 0.6258550179519569, "Def": 0.8704754155724674}, "CRB / AL": {"Atk": 0.6001318675349558, "Def": 1.1426965351436478}, "Coritiba / PR": {"Atk": 1.0299461671215493, "Def": 1.0852322598939221}, "Paysandu / PA": {"Atk": 0.879070956933815, "Def": 0.8216871716772642}, "Home bonus": 0.24649827461925072}