{"Flamengo / RJ": {"Atk": 1.0, "Def": 1.996075189076131, "Ext": 0.1}, "Fluminense / RJ": {"Atk": 3.634864141467728, "Def": 3.405198084217452, "Ext": 0.0}, "S\u00e3o Paulo / SP": {"Atk": 4.381391324047498, "Def": 2.455842867023563, "Ext": 0.1}, "Santos / SP": {"Atk": 2.7983570006972047, "Def": 4.85852096285406, "Ext": 0.1}, "Athletico Paranaense / PR": {"Atk": 3.7832790938286758, "Def": 2.2141415978466497, "Ext": 0.0}, "Atl\u00e9tico / MG": {"Atk": 3.2721925724051553, "Def": 3.2650167127280354, "Ext": 0.1}, "Bahia / BA": {"Atk": 1.5065638752522057, "Def": 2.7890366549973247, "Ext": 0.0}, "Internacional / RS": {"Atk": 3.539801072755884, "Def": 3.364964565193013, "Ext": 0.1}, "Crici\u00fama / SC": {"Atk": 0.8385645088831453, "Def": 1.9477408616128886, "Ext": 0.02453587500001176}, "Chapecoense / SC": {"Atk": 1.6522298586397246, "Def": 2.625782952356492, "Ext": 0.012131722654876408}, "Botafogo / RJ": {"Atk": 2.668876103941471, "Def": 2.630656639171959, "Ext": 0.0}, "Sport / PE": {"Atk": 2.4795875830876803, "Def": 3.1448585536105704, "Ext": 0.1}, "Corinthians / SP": {"Atk": 2.502377157253247, "Def": 7.809400256172456, "Ext": 0.1}, "Palmeiras / SP": {"Atk": 1.622032069390583, "Def": 2.247903639322903, "Ext": 0.09947773106252913}, "Coritiba / PR": {"Atk": 2.1839737363097997, "Def": 2.7586524903514555, "Ext": 0.046778277235425256}, "Cruzeiro / MG": {"Atk": 5.602680522783685, "Def": 3.0725884401503136, "Ext": 0.1}, "Vit\u00f3ria / BA": {"Atk": 2.697699671887725, "Def": 2.5159010344402857, "Ext": 0.1}, "Gr\u00eamio / RS": {"Atk": 1.5851347857283073, "Def": 4.519352542911043, "Ext": 0.1}, "Figueirense / SC": {"Atk": 1.1470324591236571, "Def": 1.5330981471714313, "Ext": 0.0}, "Goi\u00e1s / GO": {"Atk": 1.1533259779648597, "Def": 4.75950060670937, "Ext": 0.056013727523680786}, "Home bonus": 0.3677466894711861}