{"Oeste / SP": {"Atk": 1.0, "Def": 2.0354353565395766, "Ext": 0.0}, "Boa / MG": {"Atk": 1.2596823670967605, "Def": 3.333449792837513, "Ext": 0.021792259970508446}, "Figueirense / SC": {"Atk": 4.283327670283138, "Def": 1.6664866507537142, "Ext": 0.0}, "Joinville / SC": {"Atk": 2.5898881675360124, "Def": 3.7508374728131613, "Ext": 0.2714758420853732}, "Icasa / CE": {"Atk": 2.2619475033714473, "Def": 1.359652405568793, "Ext": 0.0}, "ABC / RN": {"Atk": 0.5019346007778839, "Def": 1.8761801785285501, "Ext": 0.168997862053424}, "Palmeiras / SP": {"Atk": 3.077898163629648, "Def": 8.666591070546415, "Ext": 0.1711190822246801}, "S\u00e3o Caetano / SP": {"Atk": 1.839375191450186, "Def": 2.580654712421646, "Ext": 0.11141653813876436}, "Guaratinguet\u00e1 / SP": {"Atk": 1.6622477930337154, "Def": 2.176106143515766, "Ext": 0.02730944120333846}, "Paysandu / PA": {"Atk": 0.0, "Def": 3.5636256409393643, "Ext": 0.5668400877626887}, "ASA / AL": {"Atk": 2.382148710012672, "Def": 1.4756288441011407, "Ext": 0.0}, "Am\u00e9rica / MG": {"Atk": 2.4620882319958954, "Def": 2.749593892326305, "Ext": 0.4023586724249299}, "Ava\u00ed / SC": {"Atk": 2.1902865575602197, "Def": 3.1957036115044852, "Ext": 0.3150575642473566}, "Chapecoense / SC": {"Atk": 3.0611710284535327, "Def": 108.02697244648108, "Ext": 0.3984920112888672}, "Cear\u00e1 / CE": {"Atk": 0.9037429447701532, "Def": 4.428467987364464, "Ext": 0.34064961699506874}, "Am\u00e9rica / RN": {"Atk": 1.7884918598271167, "Def": 1.7392586709883673, "Ext": 0.0}, "Paran\u00e1 / PR": {"Atk": 1.9567850316613826, "Def": 145.13756484989247, "Ext": 0.19661726591595222}, "Atl\u00e9tico / GO": {"Atk": 1.4806680886693766, "Def": 1.825679919636636, "Ext": 0.0}, "Red Bull Bragantino / SP": {"Atk": 1.7718402821467023, "Def": 3.6813227237910184, "Ext": 0.0}, "Sport / PE": {"Atk": 3.9372009320711285, "Def": 1.7743090728037163, "Ext": 0.0}, "Home bonus": 0.53111195793114}