{"Cear\u00e1 / CE": {"Home": {"Atk": 1.0, "Def": 1.073488789530152}, "Away": {"Atk": 0.8478007062960474, "Def": 0.48264242704828064}, "Ext": 0.0}, "Bahia / BA": {"Home": {"Atk": 1.1844438549363474, "Def": 2.178464706735347}, "Away": {"Atk": 0.629323463887136, "Def": 0.7396041069175586}, "Ext": 0.09989773695693598}, "Sampaio Corr\u00eaa / MA": {"Home": {"Atk": 0.5571513682191669, "Def": 0.4431690758283315}, "Away": {"Atk": 0.04371157663829613, "Def": 0.5738119741732485}, "Ext": 0.24761803477599978}, "Oeste / SP": {"Home": {"Atk": 0.7537174191683096, "Def": 0.47900774348817654}, "Away": {"Atk": 0.4604153537836661, "Def": 0.977882800997851}, "Ext": 0.09716978211384772}, "Vila Nova / GO": {"Home": {"Atk": 0.5745600878506051, "Def": 0.46522133327820825}, "Away": {"Atk": 0.9193584153724059, "Def": 0.748664861780809}, "Ext": 0.25412031624468495}, "Luverdense / MT": {"Home": {"Atk": 0.7726968417203026, "Def": 1.368484693598711}, "Away": {"Atk": 0.17525524175748095, "Def": 2.023224774871041}, "Ext": 0.46556113409423233}, "Tupi / MG": {"Home": {"Atk": 1.0728090435190993, "Def": 0.4850463438312832}, "Away": {"Atk": 0.2952110896947682, "Def": 0.6020333569861877}, "Ext": 0.0}, "Brasil / RS": {"Home": {"Atk": 0.9901522595093816, "Def": 1.465446408886339}, "Away": {"Atk": 0.4552218244303096, "Def": 0.6333195118875321}, "Ext": 0.0}, "Londrina / PR": {"Home": {"Atk": 0.4727906466146648, "Def": 1.4100596662743528}, "Away": {"Atk": 0.4069389373203148, "Def": 2.1799043340539948}, "Ext": 0.11820871191183413}, "Crici\u00fama / SC": {"Home": {"Atk": 0.8742016564543913, "Def": 0.5300932532780895}, "Away": {"Atk": 0.15531917218243171, "Def": 1.300912946211052}, "Ext": 0.34085769643188235}, "N\u00e1utico / PE": {"Home": {"Atk": 1.5635926437766976, "Def": 0.40015781985224674}, "Away": {"Atk": 0.578486914893293, "Def": 0.605799581586135}, "Ext": 0.0}, "CRB / AL": {"Home": {"Atk": 0.9915823388231902, "Def": 0.3935512653091782}, "Away": {"Atk": 0.8925596749447944, "Def": 0.7758312942437172}, "Ext": 0.0}, "Paysandu / PA": {"Home": {"Atk": 0.833408647330201, "Def": 0.49732384657000706}, "Away": {"Atk": 0.4693996647893976, "Def": 0.6896621952179289}, "Ext": 0.0}, "Red Bull Bragantino / SP": {"Home": {"Atk": 0.542831336153114, "Def": 0.5971032123000295}, "Away": {"Atk": 0.37587828706856047, "Def": 0.5942882691368437}, "Ext": 0.0}, "Goi\u00e1s / GO": {"Home": {"Atk": 0.5777838761066132, "Def": 1.0300080242045564}, "Away": {"Atk": 0.2186589226603007, "Def": 0.8740991817312168}, "Ext": 0.44322568181451516}, "Vasco da Gama / RJ": {"Home": {"Atk": 0.9937143362482701, "Def": 0.3827320285144563}, "Away": {"Atk": 0.8618405893216844, "Def": 1.1435231808588502}, "Ext": 0.0}, "Atl\u00e9tico / GO": {"Home": {"Atk": 1.1000798576560133, "Def": 0.865999368350459}, "Away": {"Atk": 0.2182117350718893, "Def": 3.8064820403179405}, "Ext": 0.18131878573739915}, "Joinville / SC": {"Home": {"Atk": 0.6049746588589102, "Def": 0.5488372593757503}, "Away": {"Atk": 0.264164056080065, "Def": 0.8434551737416207}, "Ext": 0.0}, "Paran\u00e1 / PR": {"Home": {"Atk": 0.48473456392266384, "Def": 0.8707043338499528}, "Away": {"Atk": 0.5243060238427796, "Def": 0.5198581602408535}, "Ext": 0.0}, "Ava\u00ed / SC": {"Home": {"Atk": 1.3516276814529038, "Def": 0.5531194491514986}, "Away": {"Atk": 0.24361498164722709, "Def": 0.7352785799097322}, "Ext": 0.0}}