{"Fluminense / RJ": {"Atk": 1.0, "Def": 0.6322082949584746, "Home bonus": 0.17707966984974785, "Ext": 0.23804051075738705}, "Flamengo / RJ": {"Atk": 0.9750200395377149, "Def": 1.2929779973981619, "Home bonus": 0.05317717141711321, "Ext": 0.0}, "Palmeiras / SP": {"Atk": 1.0797273630105895, "Def": 0.9801181695724254, "Home bonus": 0.0, "Ext": 0.0}, "Corinthians / SP": {"Atk": 0.7946218273308966, "Def": 5.939494321713593, "Home bonus": 0.53230177707929, "Ext": 0.2412624386731862}, "Cruzeiro / MG": {"Atk": 0.5123598260454506, "Def": 1.0324344218801427, "Home bonus": 1.0216394219167704, "Ext": 0.0}, "Coritiba / PR": {"Atk": 0.8146523966248679, "Def": 0.8315470838982966, "Home bonus": 0.0, "Ext": 0.08114958112087577}, "Gr\u00eamio / RS": {"Atk": 1.3216767512597196, "Def": 1.3203803006961996, "Home bonus": 0.0, "Ext": 0.2814017991401097}, "Bahia / BA": {"Atk": 0.4665825708151693, "Def": 0.7319275652004988, "Home bonus": 1.2794764898480584, "Ext": 0.0}, "Ponte Preta / SP": {"Atk": 0.0, "Def": 0.6310236793933192, "Home bonus": 1.666664194527274, "Ext": 0.0}, "Ava\u00ed / SC": {"Atk": 0.436146581687337, "Def": 0.7325396451754069, "Home bonus": 0.01710697025263566, "Ext": 0.0}, "Botafogo / RJ": {"Atk": 0.6423253054876251, "Def": 0.8888870253979678, "Home bonus": 0.5575385713613173, "Ext": 0.0}, "Vasco da Gama / RJ": {"Atk": 0.8690681151766874, "Def": 0.5748768098797693, "Home bonus": 0.0, "Ext": 0.1491436471812236}, "Santos / SP": {"Atk": 0.6096740398255659, "Def": 1.8610606723752454, "Home bonus": 0.0, "Ext": 0.0}, "S\u00e3o Paulo / SP": {"Atk": 0.0, "Def": 0.9802933445722983, "Home bonus": 1.3117902692641397, "Ext": 0.3372514007528546}, "Atl\u00e9tico / MG": {"Atk": 0.39750420474648085, "Def": 1.3368208372915404, "Home bonus": 0.14084004215908844, "Ext": 0.49300350976138885}, "Athletico Paranaense / PR": {"Atk": 0.7227634901392869, "Def": 0.7292858907545743, "Home bonus": 0.0, "Ext": 0.04564519151911574}, "Sport / PE": {"Atk": 0.6949247383604266, "Def": 0.8934956314890391, "Home bonus": 0.7490790580323541, "Ext": 0.0}, "Vit\u00f3ria / BA": {"Atk": 0.8234160483680998, "Def": 0.42666355734074646, "Home bonus": 0.0, "Ext": 0.0}, "Atl\u00e9tico / GO": {"Atk": 0.29970770126042606, "Def": 0.4604682214105933, "Home bonus": 0.645672962981103, "Ext": 0.0}, "Chapecoense / SC": {"Atk": 1.1738423606824662, "Def": 0.48464297284183855, "Home bonus": 0.0, "Ext": 0.0}}