{"Vasco da Gama / RJ": {"Atk": 1.0, "Def": 0.8317927311459409, "Home bonus": 0.0}, "Vila Nova / GO": {"Atk": 0.46950515762769235, "Def": 1.442273985078552, "Home bonus": 0.0}, "Guarani / SP": {"Atk": 1.3848649719122537, "Def": 0.7522941077739963, "Home bonus": 0.0}, "N\u00e1utico / PE": {"Atk": 1.2215073706686645, "Def": 1.4115233711283528, "Home bonus": 0.5901759280616564}, "Brasil / RS": {"Atk": 0.33263894200765387, "Def": 0.902314607036352, "Home bonus": 0.631199703474834}, "CRB / AL": {"Atk": 0.8192364715865863, "Def": 0.6566523157051848, "Home bonus": 1.0508552104827602}, "Coritiba / PR": {"Atk": 0.6984823266083227, "Def": 1.924479929425407, "Home bonus": 0.574060449978579}, "Brusque / SC": {"Atk": 1.13459337235506, "Def": 0.5984298123290285, "Home bonus": 0.0}, "Confian\u00e7a / SE": {"Atk": 0.6517218982023073, "Def": 0.5750212024169146, "Home bonus": 0.29698403051313044}, "Sampaio Corr\u00eaa / MA": {"Atk": 0.4941555480059596, "Def": 1.7084508356049781, "Home bonus": 0.9118948385217076}, "Botafogo / RJ": {"Atk": 1.0513795646268222, "Def": 0.6263653138701833, "Home bonus": 0.6875950637136087}, "Goi\u00e1s / GO": {"Atk": 0.746391020502418, "Def": 6.986563759680306, "Home bonus": 0.23710604307209332}, "Ponte Preta / SP": {"Atk": 0.345609747534823, "Def": 1.0669449474367507, "Home bonus": 0.2792606766165337}, "Cruzeiro / MG": {"Atk": 0.8180625089751595, "Def": 0.47501768769434694, "Home bonus": 0.6131414552191933}, "Londrina / PR": {"Atk": 0.48591819847372614, "Def": 0.9275230336999652, "Home bonus": 0.0}, "CSA / AL": {"Atk": 0.7789082828487734, "Def": 0.8708842294332612, "Home bonus": 0.0}, "Oper\u00e1rio / PR": {"Atk": 0.6122360246108538, "Def": 0.545401331075499, "Home bonus": 0.4322369837568346}, "Ava\u00ed / SC": {"Atk": 0.9975573719627641, "Def": 1.0161442818773152, "Home bonus": 0.0}, "Vit\u00f3ria / BA": {"Atk": 0.2684175327762941, "Def": 0.9622337064885307, "Home bonus": 0.8822653137036606}, "Remo / PA": {"Atk": 0.6756492828148015, "Def": 1.0025477106239276, "Home bonus": 0.0}}