{"Oeste / SP": {"Home": {"Atk": 1.0, "Def": 0.5646770215541326}, "Away": {"Atk": 0.5517624722809554, "Def": 0.5641801036624627}, "Ext": 0.15524988786325855}, "Boa / MG": {"Home": {"Atk": 0.34068576991048877, "Def": 0.4594860441345611}, "Away": {"Atk": 0.31835459770893487, "Def": 0.5154895433097301}, "Ext": 0.6113121091028906}, "Figueirense / SC": {"Home": {"Atk": 0.5972137209064444, "Def": 0.5475502911125725}, "Away": {"Atk": 0.32252240524581127, "Def": 0.5887238576886968}, "Ext": 0.6497523863448205}, "Joinville / SC": {"Home": {"Atk": 0.5367729652468705, "Def": 0.5277704012048682}, "Away": {"Atk": 0.4193137541236381, "Def": 0.6630087335470225}, "Ext": 0.7275842895367698}, "Icasa / CE": {"Home": {"Atk": 0.6452876377260184, "Def": 0.91551991355289}, "Away": {"Atk": 0.6962992894641548, "Def": 0.7605161621347919}, "Ext": 0.1352162006335123}, "ABC / RN": {"Home": {"Atk": 0.638519594102124, "Def": 0.5923461036924348}, "Away": {"Atk": 0.48154463716852913, "Def": 0.6159821582411545}, "Ext": 0.0}, "Palmeiras / SP": {"Home": {"Atk": 0.6329804402209056, "Def": 0.8070307698586616}, "Away": {"Atk": 0.4885975658453306, "Def": 1.010221907777667}, "Ext": 0.723151351214816}, "S\u00e3o Caetano / SP": {"Home": {"Atk": 0.5557906296625365, "Def": 0.7661808208012965}, "Away": {"Atk": 0.5680249267566801, "Def": 0.6397881216254705}, "Ext": 0.3565102694007808}, "Guaratinguet\u00e1 / SP": {"Home": {"Atk": 0.5533070682226333, "Def": 0.5639558501902786}, "Away": {"Atk": 0.16172402474075273, "Def": 0.48138300089158115}, "Ext": 0.6028606997076572}, "Paysandu / PA": {"Home": {"Atk": 0.3771814697067336, "Def": 0.8401353391175902}, "Away": {"Atk": 0.12077195906595986, "Def": 0.5709458364181991}, "Ext": 0.6021565337993956}, "ASA / AL": {"Home": {"Atk": 0.6376006378766665, "Def": 0.59764378264652}, "Away": {"Atk": 0.6214405431759962, "Def": 0.682221712128997}, "Ext": 0.3931202350032831}, "Am\u00e9rica / MG": {"Home": {"Atk": 0.5716621523113636, "Def": 0.7316622550491522}, "Away": {"Atk": 0.6724370188828814, "Def": 0.5611519659749158}, "Ext": 0.06289454331734588}, "Ava\u00ed / SC": {"Home": {"Atk": 0.5008729380809027, "Def": 0.7331829438220948}, "Away": {"Atk": 0.34674411295405255, "Def": 0.5866803671940511}, "Ext": 0.21053052489847485}, "Chapecoense / SC": {"Home": {"Atk": 0.7598922811047726, "Def": 0.9504788937275982}, "Away": {"Atk": 0.40595059956950313, "Def": 0.6201505198354009}, "Ext": 0.6703166931187291}, "Cear\u00e1 / CE": {"Home": {"Atk": 0.7729385605126783, "Def": 0.6824720376813717}, "Away": {"Atk": 0.7039331929665262, "Def": 0.47137755327382724}, "Ext": 0.6107001320758259}, "Am\u00e9rica / RN": {"Home": {"Atk": 0.40062322334356254, "Def": 0.48645970884156103}, "Away": {"Atk": 0.3117309028908496, "Def": 0.4248672674537506}, "Ext": 0.447357777108939}, "Paran\u00e1 / PR": {"Home": {"Atk": 0.5958379889780036, "Def": 0.6946889341821716}, "Away": {"Atk": 0.6122824029482827, "Def": 0.5762534315064072}, "Ext": 0.22126512686638483}, "Atl\u00e9tico / GO": {"Home": {"Atk": 0.5924470238979644, "Def": 0.49347014454542415}, "Away": {"Atk": 0.19289285801284176, "Def": 0.5138992950822203}, "Ext": 0.15598716795142242}, "Red Bull Bragantino / SP": {"Home": {"Atk": 0.7177109954495842, "Def": 0.5833168332764008}, "Away": {"Atk": 0.34843976964690654, "Def": 0.6281026612433381}, "Ext": 0.2626219061995454}, "Sport / PE": {"Home": {"Atk": 0.5563146778347704, "Def": 0.6295565186002053}, "Away": {"Atk": 0.45415685160504005, "Def": 0.45817189762714655}, "Ext": 0.36629727696467634}}