{"Vasco da Gama / RJ": {"Atk": 1.0, "Def": 0.5058483421221739, "Ext": 0.1}, "Fluminense / RJ": {"Atk": 0.781469593435555, "Def": 0.6525936627601623, "Ext": 0.1}, "Corinthians / SP": {"Atk": 0.6277219549560832, "Def": 1.924522514501002, "Ext": 0.0}, "Vit\u00f3ria / BA": {"Atk": 0.8618418958720713, "Def": 0.5998337519655638, "Ext": 0.1}, "Gr\u00eamio / RS": {"Atk": 0.934224419027141, "Def": 0.8774371622180943, "Ext": 0.0}, "Ponte Preta / SP": {"Atk": 0.6850670605684613, "Def": 0.48992524610927823, "Ext": 0.1}, "Crici\u00fama / SC": {"Atk": 0.9399350523731332, "Def": 0.5091044406454127, "Ext": 0.0}, "Cruzeiro / MG": {"Atk": 1.4871936759576658, "Def": 0.8569312764458435, "Ext": 0.05237120567381682}, "Coritiba / PR": {"Atk": 0.7666456754612815, "Def": 0.7597110998922171, "Ext": 0.1}, "Santos / SP": {"Atk": 0.8165283116616776, "Def": 0.9697542654483849, "Ext": 0.09558829524417177}, "Botafogo / RJ": {"Atk": 1.1499852051824573, "Def": 0.7979761563992799, "Ext": 0.1}, "Flamengo / RJ": {"Atk": 0.7251504716596356, "Def": 0.7291929306388947, "Ext": 0.0}, "S\u00e3o Paulo / SP": {"Atk": 0.5940392682628229, "Def": 0.7883929135626055, "Ext": 0.02488463854988358}, "Bahia / BA": {"Atk": 0.6793729034883731, "Def": 0.6725076476674617, "Ext": 0.08163269799917852}, "Internacional / RS": {"Atk": 1.12196223482152, "Def": 0.5980157954882862, "Ext": 0.1}, "Goi\u00e1s / GO": {"Atk": 0.683659608909539, "Def": 0.7482089875398877, "Ext": 0.1}, "N\u00e1utico / PE": {"Atk": 0.34595313111192316, "Def": 0.5072264143834023, "Ext": 0.0}, "Atl\u00e9tico / MG": {"Atk": 0.86209202188003, "Def": 0.7782710910528804, "Ext": 0.0}, "Athletico Paranaense / PR": {"Atk": 1.1690506868926447, "Def": 0.6667341062992634, "Ext": 0.1}, "Portuguesa / SP": {"Atk": 0.9454611816177577, "Def": 0.5410319487553856, "Ext": 0.1}}