{"Flamengo / RJ": {"Atk": 1.0, "Def": 0.5722142516872787, "Ext": 0.5970590171332464}, "Corinthians / SP": {"Atk": 0.4170662028401257, "Def": 0.7298236734115271, "Ext": 0.3375983112742143}, "S\u00e3o Paulo / SP": {"Atk": 0.3999646739916456, "Def": 0.7433725127732297, "Ext": 0.05952943361562756}, "Atl\u00e9tico Mineiro / MG": {"Atk": 0.6154706283265551, "Def": 0.9533644254453415, "Ext": 0.3120389621104954}, "Internacional / RS": {"Atk": 0.42042185607480864, "Def": 0.670494242202043, "Ext": 0.25833195167240064}, "Cear\u00e1 / CE": {"Atk": 0.41230786423875704, "Def": 0.6448319106896738, "Ext": 0.7653640274242399}, "Bahia / BA": {"Atk": 0.4979896423631031, "Def": 0.5758522065952099, "Ext": 0.047675357061082974}, "Athletico Paranaense / PR": {"Atk": 0.5008648260165961, "Def": 0.659075513102053, "Ext": 0.2926121837468821}, "Chapecoense / SC": {"Atk": 0.24008056845508507, "Def": 0.4369884866832342, "Ext": 0.08933829483891223}, "Cuiab\u00e1 / MT": {"Atk": 0.5811732179111103, "Def": 0.6266237424003807, "Ext": 0.3763148200725596}, "Fluminense / RJ": {"Atk": 0.2443907106255993, "Def": 0.9402692649028357, "Ext": 0.3625758249448159}, "Palmeiras / SP": {"Atk": 0.6489455782768432, "Def": 0.7633567042319509, "Ext": 0.2547731346548044}, "Santos / SP": {"Atk": 0.5179994541867442, "Def": 0.5235868666371217, "Ext": 0.16140548647968406}, "Am\u00e9rica / MG": {"Atk": 0.30915297322442625, "Def": 0.6443769115709106, "Ext": 0.48715865732472496}, "Gr\u00eamio / RS": {"Atk": 0.26807568056682446, "Def": 0.6199399035997546, "Ext": 0.17705416829322018}, "Fortaleza / CE": {"Atk": 0.5936185775426318, "Def": 0.6927545397354951, "Ext": 0.09874099729665917}, "Sport / PE": {"Atk": 0.20770098384131377, "Def": 0.711606243537082, "Ext": 0.45722543248155706}, "Red Bull Bragantino / SP": {"Atk": 0.7092675547068465, "Def": 0.7916250990147428, "Ext": 0.16045679738673072}, "Juventude / RS": {"Atk": 0.3076231046322192, "Def": 0.8655901159640625, "Ext": 0.0}, "Atl\u00e9tico / GO": {"Atk": 0.6532152516062726, "Def": 0.809660148602093, "Ext": 0.4407639470552614}, "Home bonus": 0.0}