{"Palmeiras / SP": {"Home": {"Atk": 1.0, "Def": 1.0487479154455133}, "Away": {"Atk": 0.6440142822769551, "Def": 0.4425022181312201}, "Ext": 0.0}, "Flamengo / RJ": {"Home": {"Atk": 0.5386686486195853, "Def": 0.5369822106038313}, "Away": {"Atk": 0.5132134658539449, "Def": 0.3811279188074479}, "Ext": 0.1}, "Atl\u00e9tico / MG": {"Home": {"Atk": 0.883657539583702, "Def": 0.4554970857697807}, "Away": {"Atk": 0.6530996598594195, "Def": 0.3319896195029181}, "Ext": 0.0}, "Coritiba / PR": {"Home": {"Atk": 0.5449686391541273, "Def": 0.47403941365065955}, "Away": {"Atk": 0.39444864242119654, "Def": 0.45512530449873995}, "Ext": 0.1}, "Botafogo / RJ": {"Home": {"Atk": 0.4181160939352713, "Def": 0.4678132461781722}, "Away": {"Atk": 0.738346008729475, "Def": 0.34988491658792464}, "Ext": 0.1}, "Santa Cruz / PE": {"Home": {"Atk": 0.4712598783438459, "Def": 0.4947610144838117}, "Away": {"Atk": 0.8997876023518265, "Def": 0.36181953117584287}, "Ext": 0.0}, "Corinthians / SP": {"Home": {"Atk": 0.8244717072417098, "Def": 1.3820265280072417}, "Away": {"Atk": 0.6634466179817632, "Def": 0.6960095425259893}, "Ext": 0.0}, "Figueirense / SC": {"Home": {"Atk": 0.44525485123103137, "Def": 0.8511760904381844}, "Away": {"Atk": 0.32090878742266926, "Def": 0.2968044227517413}, "Ext": 0.1}, "Am\u00e9rica / MG": {"Home": {"Atk": 0.2614764548499538, "Def": 0.4059172255465067}, "Away": {"Atk": 0.32212257548876727, "Def": 0.22680724884450432}, "Ext": 0.1}, "Internacional / RS": {"Home": {"Atk": 0.3602446361787234, "Def": 0.8321611019812694}, "Away": {"Atk": 0.4996066132028244, "Def": 0.5316171818944933}, "Ext": 0.1}, "Vit\u00f3ria / BA": {"Home": {"Atk": 0.6153302863077003, "Def": 0.49009927204925274}, "Away": {"Atk": 0.5301873795976566, "Def": 0.27178385685429723}, "Ext": 0.1}, "Fluminense / RJ": {"Home": {"Atk": 0.5227344968176412, "Def": 0.8061399537490466}, "Away": {"Atk": 0.3872714898826343, "Def": 0.7091818036281398}, "Ext": 0.1}, "Cruzeiro / MG": {"Home": {"Atk": 0.32668745734009436, "Def": 0.2951932253746728}, "Away": {"Atk": 0.7032054692986301, "Def": 0.3215117364619456}, "Ext": 0.0}, "Santos / SP": {"Home": {"Atk": 0.9658547204417474, "Def": 1.2405392574557303}, "Away": {"Atk": 1.0084200580444158, "Def": 0.48868774481983307}, "Ext": 0.1}, "Athletico Paranaense / PR": {"Home": {"Atk": 0.4135104891329328, "Def": 1.5994988956232716}, "Away": {"Atk": 0.5055686647111122, "Def": 0.35765924164440466}, "Ext": 0.0}, "Chapecoense / SC": {"Home": {"Atk": 0.5273482928583973, "Def": 0.5208474721927264}, "Away": {"Atk": 0.7478851376290304, "Def": 0.30630452250417306}, "Ext": 0.1}, "S\u00e3o Paulo / SP": {"Home": {"Atk": 0.5274385801365671, "Def": 0.6603626786117618}, "Away": {"Atk": 0.4112094084366164, "Def": 0.528640299886743}, "Ext": 0.1}, "Gr\u00eamio / RS": {"Home": {"Atk": 0.6037909866779668, "Def": 0.8161806599209097}, "Away": {"Atk": 1.0900251762783602, "Def": 0.397437048195568}, "Ext": 0.09833922452723391}, "Ponte Preta / SP": {"Home": {"Atk": 0.6061214160731128, "Def": 0.35699231628785416}, "Away": {"Atk": 0.5559378055985567, "Def": 0.4254407736068425}, "Ext": 0.0}, "Sport / PE": {"Home": {"Atk": 1.034784920877429, "Def": 0.35307374360083194}, "Away": {"Atk": 0.40559794764056095, "Def": 0.3980681129637201}, "Ext": 0.1}}