{"ABC / RN": {"Atk": 1.0, "Def": 0.7263102924865812, "Home bonus": 0.21887192165438799}, "N\u00e1utico / PE": {"Atk": 0.5811894808218855, "Def": 0.5018205264747504, "Home bonus": 0.39709565955232956}, "Crici\u00fama / SC": {"Atk": 0.53893619600866, "Def": 1.1109216781341664, "Home bonus": 1.2539623163652895}, "Goi\u00e1s / GO": {"Atk": 1.2009190706236166, "Def": 0.6492609720954037, "Home bonus": 0.0}, "Guarani / SP": {"Atk": 1.5144178806725175, "Def": 1.317389457240548, "Home bonus": 0.0}, "Juventude / RS": {"Atk": 1.023640760481643, "Def": 1.6121138961525754, "Home bonus": 0.9694513734754234}, "Londrina / PR": {"Atk": 1.2394920615441676, "Def": 0.727507054313248, "Home bonus": 0.5535827003105728}, "Boa / MG": {"Atk": 0.7951042657720873, "Def": 0.811951969799593, "Home bonus": 0.3771914503664661}, "Paysandu / PA": {"Atk": 0.536742672158942, "Def": 1.7269296229536482, "Home bonus": 0.4979574592629302}, "CRB / AL": {"Atk": 0.6965870837040025, "Def": 0.8803444487561166, "Home bonus": 0.37450675640631315}, "Cear\u00e1 / CE": {"Atk": 0.7058433012750189, "Def": 1.2579518593761085, "Home bonus": 0.9043770222192056}, "Santa Cruz / PE": {"Atk": 1.139473824042091, "Def": 0.9201959007275663, "Home bonus": 0.0}, "Figueirense / SC": {"Atk": 0.855088048018798, "Def": 0.7177590644282397, "Home bonus": 0.7349497811037683}, "Vila Nova / GO": {"Atk": 0.7452395920965711, "Def": 2.2677798875058643, "Home bonus": 0.6889260408283736}, "Oeste / SP": {"Atk": 0.47669340614410677, "Def": 181.57949447933575, "Home bonus": 0.4920580142152054}, "Brasil / RS": {"Atk": 0.6068978652017477, "Def": 0.7347864375872603, "Home bonus": 1.0495481193218665}, "Paran\u00e1 / PR": {"Atk": 0.7477555697500144, "Def": 5.040432944429069, "Home bonus": 0.0}, "Am\u00e9rica / MG": {"Atk": 1.2236613448860674, "Def": 1.836382476330445, "Home bonus": 0.0}, "Luverdense / MT": {"Atk": 1.4206316062287292, "Def": 0.8195533003340791, "Home bonus": 0.0}, "Internacional / RS": {"Atk": 1.1056340984125885, "Def": 1.4163592690145774, "Home bonus": 0.0}}