{"Flamengo / RJ": {"Home": {"Atk": 1.0, "Def": 0.4624089497052175}, "Away": {"Atk": 0.4607578165580836, "Def": 0.936425386740187}, "Ext": 0.0}, "Fluminense / RJ": {"Home": {"Atk": 2.019891905279885, "Def": 0.779632631376041}, "Away": {"Atk": 0.5024079941664277, "Def": 0.8232441919455694}, "Ext": 0.0}, "S\u00e3o Paulo / SP": {"Home": {"Atk": 1.3496397682584549, "Def": 1.1025337689159453}, "Away": {"Atk": 0.7071368130425927, "Def": 1.143034163252274}, "Ext": 0.4333414896037643}, "Santos / SP": {"Home": {"Atk": 1.346872992439213, "Def": 0.8547014535420634}, "Away": {"Atk": 0.40133570028741183, "Def": 1.2226079876626728}, "Ext": 0.0734594873646254}, "Athletico Paranaense / PR": {"Home": {"Atk": 1.1180119896963203, "Def": 0.4641076891156363}, "Away": {"Atk": 0.6447256265056888, "Def": 0.686205156026687}, "Ext": 0.0}, "Atl\u00e9tico / MG": {"Home": {"Atk": 0.8408431514347202, "Def": 2.2299582360257584}, "Away": {"Atk": 0.5404260199064892, "Def": 1.4223767951456343}, "Ext": 0.4867651362025295}, "Bahia / BA": {"Home": {"Atk": 0.5890277682869016, "Def": 0.5240236979881226}, "Away": {"Atk": 0.5124198039573774, "Def": 1.1833613276460337}, "Ext": 0.0}, "Internacional / RS": {"Home": {"Atk": 1.7120013495104638, "Def": 0.5352804730610762}, "Away": {"Atk": 0.399981775121263, "Def": 1.7473309185799195}, "Ext": 0.0}, "Crici\u00fama / SC": {"Home": {"Atk": 0.8059394033858253, "Def": 0.4350671278867087}, "Away": {"Atk": 0.06152700567800881, "Def": 0.6911215202179}, "Ext": 0.0}, "Chapecoense / SC": {"Home": {"Atk": 0.9856439109791216, "Def": 0.9524703749915757}, "Away": {"Atk": 0.1753953191044771, "Def": 0.960357751222253}, "Ext": 0.09005164473534394}, "Botafogo / RJ": {"Home": {"Atk": 1.9177829002257218, "Def": 0.4280288646414788}, "Away": {"Atk": 0.15439289081926563, "Def": 0.7736133714059953}, "Ext": 0.0}, "Sport / PE": {"Home": {"Atk": 1.2440381691649298, "Def": 0.5508433002138673}, "Away": {"Atk": 0.23587360471041535, "Def": 0.8288310404811158}, "Ext": 0.0}, "Corinthians / SP": {"Home": {"Atk": 1.133811916154319, "Def": 1.3541148157618887}, "Away": {"Atk": 0.2838372521677013, "Def": 3.010593094758859}, "Ext": 0.272916360606207}, "Palmeiras / SP": {"Home": {"Atk": 0.932444499777595, "Def": 0.4524602457249464}, "Away": {"Atk": 0.4300808629175049, "Def": 0.5548281565369202}, "Ext": 0.0}, "Coritiba / PR": {"Home": {"Atk": 1.0719359419868204, "Def": 0.7638999128083044}, "Away": {"Atk": 0.12478197279211634, "Def": 1.6374570100756074}, "Ext": 0.1492876154792845}, "Cruzeiro / MG": {"Home": {"Atk": 2.0976713421406004, "Def": 1.7208541015442316}, "Away": {"Atk": 0.6451876065440371, "Def": 1.6169868965308538}, "Ext": 0.42560057160078335}, "Vit\u00f3ria / BA": {"Home": {"Atk": 0.8924535899256669, "Def": 0.5070090043087665}, "Away": {"Atk": 0.35209285418823233, "Def": 0.9669593957500954}, "Ext": 0.15659418794067012}, "Gr\u00eamio / RS": {"Home": {"Atk": 0.7410398078341833, "Def": 2.9680139922038755}, "Away": {"Atk": 0.18130021270368574, "Def": 2.4407104149703587}, "Ext": 0.13010794741032627}, "Figueirense / SC": {"Home": {"Atk": 0.8539904653983815, "Def": 0.33571849491468286}, "Away": {"Atk": 0.5298826285077036, "Def": 0.7747147876636513}, "Ext": 0.0}, "Goi\u00e1s / GO": {"Home": {"Atk": 1.3153876697691065, "Def": 0.7232132580165813}, "Away": {"Atk": 0.11334467999805405, "Def": 0.9795555534209863}, "Ext": 0.0}}