{"Paran\u00e1 / PR": {"Atk": 0.6025138811288828, "Def": 0.7564817198138442, "Ext": 0.1}, "Atl\u00e9tico / GO": {"Atk": 0.4636705850298847, "Def": 0.7604353560529435, "Ext": 0.0}, "Paysandu / PA": {"Atk": 0.7109359849690555, "Def": 0.802813871904769, "Ext": 0.0}, "Mogi Mirim / SP": {"Atk": 0.7658539894737659, "Def": 0.41832095619672616, "Ext": 0.1}, "Vit\u00f3ria / BA": {"Atk": 1.0105160217431473, "Def": 0.8162203691847307, "Ext": 0.1}, "Maca\u00e9 / RJ": {"Atk": 0.9422186852932031, "Def": 0.5074509438845654, "Ext": 0.01704126132143394}, "Am\u00e9rica / MG": {"Atk": 0.9030171849439651, "Def": 0.7954944399025593, "Ext": 0.0}, "N\u00e1utico / PE": {"Atk": 0.8396152227884333, "Def": 0.7126625014381139, "Ext": 0.0}, "ABC / RN": {"Atk": 0.6614132996880184, "Def": 0.46221830277649545, "Ext": 0.1}, "CRB / AL": {"Atk": 0.7125728969350468, "Def": 0.7209662637750023, "Ext": 0.0}, "Bahia / BA": {"Atk": 0.8996228113778131, "Def": 0.8281922964885718, "Ext": 0.0}, "Crici\u00fama / SC": {"Atk": 0.6157089019448259, "Def": 0.633347027450683, "Ext": 0.1}, "Sampaio Corr\u00eaa / MA": {"Atk": 0.912467611177702, "Def": 0.6622196463050464, "Ext": 0.0}, "Santa Cruz / PE": {"Atk": 0.9226830110319044, "Def": 0.583719333047952, "Ext": 0.08867590604009738}, "Botafogo / RJ": {"Atk": 0.9322609213376227, "Def": 1.1834404219195311, "Ext": 0.04125583791079741}, "Red Bull Bragantino / SP": {"Atk": 0.8596534261549493, "Def": 0.5081409029413231, "Ext": 0.0}, "Boa / MG": {"Atk": 0.5490991007116951, "Def": 0.72957071707294, "Ext": 0.0}, "Oeste / SP": {"Atk": 0.6798662104970999, "Def": 0.5735862006927129, "Ext": 0.1}, "Cear\u00e1 / CE": {"Atk": 0.5179588382863095, "Def": 0.4886012354330456, "Ext": 0.0}, "Luverdense / MT": {"Atk": 0.5343309886833232, "Def": 0.7564659911875026, "Ext": 0.0}}