{"Red Bull Bragantino / SP": {"Atk": 0.6708719600227615, "Def": 0.5389436684578345, "Ext": 0.0}, "Ponte Preta / SP": {"Atk": 0.9488576152044126, "Def": 0.8008455705153965, "Ext": 0.1}, "Vasco da Gama / RJ": {"Atk": 0.8395913067467581, "Def": 0.9476609626413178, "Ext": 0.0}, "Santa Cruz / PE": {"Atk": 0.7300905485305511, "Def": 0.8442221816437243, "Ext": 0.1}, "Sampaio Corr\u00eaa / MA": {"Atk": 0.8991664213216201, "Def": 0.6717170629872966, "Ext": 0.1}, "Cear\u00e1 / CE": {"Atk": 1.0214812005436702, "Def": 0.5262945862847682, "Ext": 0.1}, "Vila Nova / GO": {"Atk": 0.3498393716621439, "Def": 0.5032735762497128, "Ext": 0.0}, "Am\u00e9rica / RN": {"Atk": 0.5773802166598917, "Def": 0.5426914361938254, "Ext": 0.1}, "Boa / MG": {"Atk": 0.795334220397737, "Def": 0.6809352814106623, "Ext": 0.0}, "Oeste / SP": {"Atk": 0.6147897424672907, "Def": 0.5431323000516617, "Ext": 0.1}, "Portuguesa / SP": {"Atk": 0.48762877675743166, "Def": 0.5490510273963143, "Ext": 0.1}, "Paran\u00e1 / PR": {"Atk": 0.5876316944783437, "Def": 0.7231800476439321, "Ext": 0.1}, "N\u00e1utico / PE": {"Atk": 0.6273139327112192, "Def": 0.6654659258942417, "Ext": 0.1}, "Luverdense / MT": {"Atk": 0.6059719996986913, "Def": 0.6437172642598326, "Ext": 0.0}, "Icasa / CE": {"Atk": 0.3987818176804553, "Def": 0.7029793692884517, "Ext": 0.0}, "Ava\u00ed / SC": {"Atk": 0.8580477454027076, "Def": 0.965671967511988, "Ext": 0.0}, "Atl\u00e9tico / GO": {"Atk": 0.8026147654010959, "Def": 0.5325729914786553, "Ext": 0.0}, "ABC / RN": {"Atk": 0.4290412035588393, "Def": 0.9157484369043519, "Ext": 0.0}, "Am\u00e9rica / MG": {"Atk": 0.7250362798711655, "Def": 0.7508878079227584, "Ext": 0.0}, "Joinville / SC": {"Atk": 0.75312359669002, "Def": 0.8882329676363218, "Ext": 0.1}, "Home bonus": 0.3798314087542348}