{"Cear\u00e1 / CE": {"Home": {"Atk": 0.5178475887106344, "Def": 0.7684599938143923}, "Away": {"Atk": 0.6374199011196598, "Def": 0.3078441153287224}}, "Bahia / BA": {"Home": {"Atk": 0.7360762132015174, "Def": 1.1343672818389194}, "Away": {"Atk": 0.47608229981881584, "Def": 0.4857000706349654}}, "Sampaio Corr\u00eaa / MA": {"Home": {"Atk": 0.45715372462838666, "Def": 0.30393157852832065}, "Away": {"Atk": 0.20793812089905434, "Def": 0.3382777803497519}}, "Oeste / SP": {"Home": {"Atk": 0.4977575136757605, "Def": 0.39184126510280726}, "Away": {"Atk": 0.3924521507449853, "Def": 0.43158585808877015}}, "Vila Nova / GO": {"Home": {"Atk": 0.4988814350772786, "Def": 0.3122398526723844}, "Away": {"Atk": 0.8230128267116277, "Def": 0.42204843100425943}}, "Luverdense / MT": {"Home": {"Atk": 0.6435708455449521, "Def": 0.5837935236732139}, "Away": {"Atk": 0.41562445567246964, "Def": 0.5419268773549527}}, "Tupi / MG": {"Home": {"Atk": 0.612892829649956, "Def": 0.4535323453246983}, "Away": {"Atk": 0.2999659685449071, "Def": 0.3844425626826088}}, "Brasil / RS": {"Home": {"Atk": 0.6746850679721516, "Def": 0.809205809415541}, "Away": {"Atk": 0.33029257479100427, "Def": 0.46305726063823793}}, "Londrina / PR": {"Home": {"Atk": 0.3911902469379683, "Def": 0.726593722658942}, "Away": {"Atk": 0.49245195348640647, "Def": 0.6646557779485933}}, "Crici\u00fama / SC": {"Home": {"Atk": 0.8110984160917587, "Def": 0.33490669872874923}, "Away": {"Atk": 0.3119739016767292, "Def": 0.4450744652475438}}, "N\u00e1utico / PE": {"Home": {"Atk": 0.8069815543750478, "Def": 0.45616600737328494}, "Away": {"Atk": 0.4521639019746219, "Def": 0.4012695879612179}}, "CRB / AL": {"Home": {"Atk": 0.6143606704457827, "Def": 0.3057161803610549}, "Away": {"Atk": 0.6949310991391048, "Def": 0.49349033761394223}}, "Paysandu / PA": {"Home": {"Atk": 0.537290465254652, "Def": 0.42684791768590147}, "Away": {"Atk": 0.34808684760742437, "Def": 0.4743980250315377}}, "Red Bull Bragantino / SP": {"Home": {"Atk": 0.39972479061271143, "Def": 0.43906175140795667}, "Away": {"Atk": 0.30859130863338324, "Def": 0.3947803835739111}}, "Goi\u00e1s / GO": {"Home": {"Atk": 0.6564729768945413, "Def": 0.42394043533526277}, "Away": {"Atk": 0.3182233818753697, "Def": 0.4293399714504467}}, "Vasco da Gama / RJ": {"Home": {"Atk": 0.7187116747179926, "Def": 0.29486394996417725}, "Away": {"Atk": 0.6413647195636697, "Def": 0.6899493723098266}}, "Atl\u00e9tico / GO": {"Home": {"Atk": 0.7735230040950957, "Def": 0.5707683764712965}, "Away": {"Atk": 0.4247406662996223, "Def": 0.8169617135362925}}, "Joinville / SC": {"Home": {"Atk": 0.3533545643508817, "Def": 0.480428237577722}, "Away": {"Atk": 0.24835307347752736, "Def": 0.5240969002241027}}, "Paran\u00e1 / PR": {"Home": {"Atk": 0.3901645724228588, "Def": 0.6003581716526348}, "Away": {"Atk": 0.4504642333996035, "Def": 0.3281390702811038}}, "Ava\u00ed / SC": {"Home": {"Atk": 0.8348319100750183, "Def": 0.4805499086140049}, "Away": {"Atk": 0.28860020625704297, "Def": 0.46225328818701905}}}