{"Ponte Preta / SP": {"Home": {"Atk": 1.0, "Def": 0.4999906918889408}, "Away": {"Atk": 0.6353784305615366, "Def": 1.3375168118567329}, "Ext": 0.0}, "Oeste / SP": {"Home": {"Atk": 0.4395462462218888, "Def": 1.654843769082324}, "Away": {"Atk": 0.48618221804417533, "Def": 0.9214333692528429}, "Ext": 0.18270462283230354}, "Brasil / RS": {"Home": {"Atk": 0.7852181033544016, "Def": 0.4943289240789603}, "Away": {"Atk": 0.3667942249861084, "Def": 1.0750737786796671}, "Ext": 0.0}, "Figueirense / SC": {"Home": {"Atk": 1.1496333601716973, "Def": 0.3342842380124152}, "Away": {"Atk": 0.6684256242851532, "Def": 0.9611799662750572}, "Ext": 0.0}, "Fortaleza / CE": {"Home": {"Atk": 1.5255595481882576, "Def": 0.7193621536337325}, "Away": {"Atk": 0.5431681728337945, "Def": 1.069292998778359}, "Ext": 0.03774161985687072}, "Vila Nova / GO": {"Home": {"Atk": 0.7336641422821101, "Def": 3.6157680435119217}, "Away": {"Atk": 0.5277951290312904, "Def": 0.9133317027959361}, "Ext": 0.0}, "Atl\u00e9tico / GO": {"Home": {"Atk": 1.4204635960970637, "Def": 0.3386577962755223}, "Away": {"Atk": 0.617390078896312, "Def": 0.8009874001392289}, "Ext": 0.12173698713323149}, "CSA / AL": {"Home": {"Atk": 1.5387969736932317, "Def": 0.48719262158609233}, "Away": {"Atk": 0.5431909440682642, "Def": 0.9373421647292176}, "Ext": 0.0}, "Londrina / PR": {"Home": {"Atk": 1.3652440812582978, "Def": 0.5644643188336397}, "Away": {"Atk": 0.2286458543029041, "Def": 1.254532151720596}, "Ext": 0.19339619412038084}, "Sampaio Corr\u00eaa / MA": {"Home": {"Atk": 0.6891424646904637, "Def": 0.5361608616035494}, "Away": {"Atk": 0.16937792140231742, "Def": 1.0333921976448621}, "Ext": 0.2935265076628763}, "Guarani / SP": {"Home": {"Atk": 1.0513102811846124, "Def": 0.5858451271958061}, "Away": {"Atk": 0.46397702029469706, "Def": 1.3480274178718212}, "Ext": 0.2612919075490802}, "S\u00e3o Bento / SP": {"Home": {"Atk": 0.8145532196300997, "Def": 0.7619297294954767}, "Away": {"Atk": 0.4281929961098052, "Def": 0.941848057132604}, "Ext": 0.11177241321675938}, "Juventude / RS": {"Home": {"Atk": 0.41233581644340234, "Def": 0.4298778189046931}, "Away": {"Atk": 0.25472661464428736, "Def": 1.7176462078112307}, "Ext": 0.18456900542344368}, "Ava\u00ed / SC": {"Home": {"Atk": 0.9175269764455486, "Def": 0.8431537989355455}, "Away": {"Atk": 0.7819659290475478, "Def": 1.2379805418643173}, "Ext": 0.09575405130358448}, "Crici\u00fama / SC": {"Home": {"Atk": 0.845465656794438, "Def": 0.8740884663655405}, "Away": {"Atk": 0.2721345402852288, "Def": 0.9233397121682566}, "Ext": 0.2694023773160715}, "Goi\u00e1s / GO": {"Home": {"Atk": 1.1381453075761971, "Def": 0.42758613908596826}, "Away": {"Atk": 0.7208903617681091, "Def": 0.7936405533474309}, "Ext": 0.12487964322898373}, "Boa / MG": {"Home": {"Atk": 0.8386932914563833, "Def": 0.4171014557236251}, "Away": {"Atk": 0.10872106349132087, "Def": 0.8725390401882885}, "Ext": 0.10056401212823517}, "CRB / AL": {"Home": {"Atk": 0.8581040441035529, "Def": 0.6964950810046946}, "Away": {"Atk": 0.11225402563144946, "Def": 1.046277352684814}, "Ext": 0.07417592433198739}, "Coritiba / PR": {"Home": {"Atk": 0.8588465317043648, "Def": 0.8492200612660242}, "Away": {"Atk": 0.31950105094814196, "Def": 0.9901741189555577}, "Ext": 0.24493830914149375}, "Paysandu / PA": {"Home": {"Atk": 0.8146437670616098, "Def": 0.5404650994685994}, "Away": {"Atk": 0.07289155537452031, "Def": 1.1507900410930025}, "Ext": 0.31643761768441697}}