{"Paran\u00e1 / PR": {"Atk": 1.0, "Def": 0.6929824199085118, "Home bonus": 0.17611445954767294, "Ext": 0.1}, "Atl\u00e9tico / GO": {"Atk": 0.198826863311591, "Def": 1.7648793027085299, "Home bonus": 0.6370092179624717, "Ext": 0.0}, "Paysandu / PA": {"Atk": 1.1178348140916379, "Def": 1.6772064243885993, "Home bonus": 0.3853610363988787, "Ext": 0.0}, "Mogi Mirim / SP": {"Atk": 0.6526890758851749, "Def": 0.6074906884796467, "Home bonus": 0.0, "Ext": 0.1}, "Vit\u00f3ria / BA": {"Atk": 0.636638092189239, "Def": 0.9450446603432195, "Home bonus": 2.0346738869120973, "Ext": 0.0}, "Maca\u00e9 / RJ": {"Atk": 1.7532740785725078, "Def": 0.6066974360765972, "Home bonus": 1.0535459648736951, "Ext": 0.1}, "Am\u00e9rica / MG": {"Atk": 0.8527090589274388, "Def": 1.6358046051452844, "Home bonus": 1.0558518394267489, "Ext": 0.1}, "N\u00e1utico / PE": {"Atk": 1.3500842280092271, "Def": 1.041794204260022, "Home bonus": 0.29383814684634896, "Ext": 0.1}, "ABC / RN": {"Atk": 0.9388167738783835, "Def": 1.1942072013335427, "Home bonus": 0.0, "Ext": 0.1}, "CRB / AL": {"Atk": 1.1819543769944187, "Def": 1.2171954871634973, "Home bonus": 0.0, "Ext": 0.0}, "Bahia / BA": {"Atk": 0.8652374372599534, "Def": 4.706671433510193, "Home bonus": 0.32728914608849974, "Ext": 0.1}, "Crici\u00fama / SC": {"Atk": 0.6441512229035895, "Def": 0.6703593980237723, "Home bonus": 0.3364358256016699, "Ext": 0.1}, "Sampaio Corr\u00eaa / MA": {"Atk": 1.2453814319820937, "Def": 1.3474639535266162, "Home bonus": 0.0, "Ext": 0.0}, "Santa Cruz / PE": {"Atk": 1.3174022053615277, "Def": 1.2633038176654565, "Home bonus": 0.0, "Ext": 0.1}, "Botafogo / RJ": {"Atk": 0.9763839664260747, "Def": 2.1584623945735895, "Home bonus": 2.094602520664067, "Ext": 0.1}, "Red Bull Bragantino / SP": {"Atk": 1.3071627134145687, "Def": 0.8475095933463955, "Home bonus": 0.5841294999381563, "Ext": 0.0}, "Boa / MG": {"Atk": 0.9293208075048915, "Def": 1.6084009399461472, "Home bonus": 0.0, "Ext": 0.0}, "Oeste / SP": {"Atk": 0.9355855546748324, "Def": 0.7147603277893932, "Home bonus": 0.0, "Ext": 0.0}, "Cear\u00e1 / CE": {"Atk": 0.18380275581550512, "Def": 0.6281820198474487, "Home bonus": 1.6013861845070996, "Ext": 0.1}, "Luverdense / MT": {"Atk": 0.4655365311503526, "Def": 1.0790556122730244, "Home bonus": 0.8512011763005058, "Ext": 0.0}}