{"Paran\u00e1 / PR": {"Atk": 1.0, "Def": 1.1581476619792102}, "Atl\u00e9tico / GO": {"Atk": 0.7535887889998018, "Def": 1.2406660247214034}, "Paysandu / PA": {"Atk": 1.0567389482940406, "Def": 1.3188611864671151}, "Mogi Mirim / SP": {"Atk": 1.2729228247310866, "Def": 0.6791024295073832}, "Vit\u00f3ria / BA": {"Atk": 1.6471697855353824, "Def": 1.3385219853240191}, "Maca\u00e9 / RJ": {"Atk": 1.5955450866317047, "Def": 0.8538385889629209}, "Am\u00e9rica / MG": {"Atk": 1.4836556679898554, "Def": 1.3516037267977363}, "N\u00e1utico / PE": {"Atk": 1.3127064492922826, "Def": 1.1499031970211981}, "ABC / RN": {"Atk": 1.1477028580362851, "Def": 0.7512847901981903}, "CRB / AL": {"Atk": 1.056158400384877, "Def": 1.1862797315812816}, "Bahia / BA": {"Atk": 1.5071811097249874, "Def": 1.395764409438373}, "Crici\u00fama / SC": {"Atk": 0.9974837645051112, "Def": 1.1269536544583867}, "Sampaio Corr\u00eaa / MA": {"Atk": 1.5881518406717452, "Def": 1.1002367615666444}, "Santa Cruz / PE": {"Atk": 1.5295382162997813, "Def": 0.973459379829436}, "Botafogo / RJ": {"Atk": 1.4836589964534728, "Def": 1.965477495412235}, "Red Bull Bragantino / SP": {"Atk": 1.432058134073695, "Def": 0.8739259577691699}, "Boa / MG": {"Atk": 0.9060856681698874, "Def": 1.1269369131201097}, "Oeste / SP": {"Atk": 1.1154476225472323, "Def": 1.0191227396175644}, "Cear\u00e1 / CE": {"Atk": 0.7977655910370417, "Def": 0.7654973785482344}, "Luverdense / MT": {"Atk": 0.9092214845177954, "Def": 1.2450460731062227}}