{"Vasco da Gama / RJ": {"Atk": 1.0, "Def": 0.845755251973562, "Home bonus": 0.08901347141298707, "Ext": 0.0}, "Vila Nova / GO": {"Atk": 0.5609300100590906, "Def": 1.0890167995336462, "Home bonus": 0.0, "Ext": 0.0}, "Guarani / SP": {"Atk": 1.3426626186928974, "Def": 0.6257574331262358, "Home bonus": 0.0, "Ext": 0.1}, "N\u00e1utico / PE": {"Atk": 0.8181417227647263, "Def": 0.8492980114888112, "Home bonus": 0.6793341898898563, "Ext": 0.0}, "Brasil / RS": {"Atk": 0.3312546352477195, "Def": 0.8252743748792065, "Home bonus": 0.4087253751143744, "Ext": 0.1}, "CRB / AL": {"Atk": 1.3072451946877341, "Def": 0.7308539642104974, "Home bonus": 0.0856515662250305, "Ext": 0.1}, "Coritiba / PR": {"Atk": 0.821324614922586, "Def": 1.3691818652219898, "Home bonus": 0.7311350156720897, "Ext": 0.0400634281230849}, "Brusque / SC": {"Atk": 0.8723268643607235, "Def": 0.6208401208194866, "Home bonus": 0.18407386482060697, "Ext": 0.09701271406937254}, "Confian\u00e7a / SE": {"Atk": 0.7917030378944845, "Def": 0.5607368507809796, "Home bonus": 0.0, "Ext": 0.007542664571231069}, "Sampaio Corr\u00eaa / MA": {"Atk": 0.9545961563397029, "Def": 1.1274263653181742, "Home bonus": 0.25477113868366474, "Ext": 0.1}, "Botafogo / RJ": {"Atk": 0.7177284209219229, "Def": 0.7903862037387845, "Home bonus": 1.1862706772316727, "Ext": 0.1}, "Goi\u00e1s / GO": {"Atk": 0.7649672151959792, "Def": 2.252807329669588, "Home bonus": 0.3826632654839195, "Ext": 0.1}, "Ponte Preta / SP": {"Atk": 0.3653067702153418, "Def": 0.9678360798157093, "Home bonus": 1.0359305092962485, "Ext": 0.1}, "Cruzeiro / MG": {"Atk": 0.9058357661459796, "Def": 0.6056072902693842, "Home bonus": 0.4134392639140312, "Ext": 0.1}, "Londrina / PR": {"Atk": 0.6073019568518881, "Def": 0.9340911161257722, "Home bonus": 0.0, "Ext": 0.1}, "CSA / AL": {"Atk": 0.7610876520476608, "Def": 1.1794229466279536, "Home bonus": 0.215320962216271, "Ext": 0.00012043219279952162}, "Oper\u00e1rio / PR": {"Atk": 0.5610680392875212, "Def": 0.9386064711190141, "Home bonus": 0.4700685427799508, "Ext": 0.0}, "Ava\u00ed / SC": {"Atk": 0.9806761541577107, "Def": 1.1902170478187322, "Home bonus": 0.0, "Ext": 0.0}, "Vit\u00f3ria / BA": {"Atk": 0.45745899470873647, "Def": 1.182283333133095, "Home bonus": 0.37469882447730046, "Ext": 0.1}, "Remo / PA": {"Atk": 0.7453989699044363, "Def": 0.9764047777890682, "Home bonus": 0.0, "Ext": 0.0}}