{"Red Bull Bragantino / SP": {"Home": {"Atk": 1.0, "Def": 0.5167414890455407}, "Away": {"Atk": 0.44516716069667256, "Def": 0.47835415520665553}, "Ext": 0.0}, "Ponte Preta / SP": {"Home": {"Atk": 0.6344269125425256, "Def": 0.6815162025967069}, "Away": {"Atk": 0.8213722873042054, "Def": 0.6291941227174138}, "Ext": 0.06312856977886633}, "Vasco da Gama / RJ": {"Home": {"Atk": 0.6856548611730559, "Def": 0.9660831385993922}, "Away": {"Atk": 0.26541648778024274, "Def": 0.7627228228551224}, "Ext": 0.5512932483962445}, "Santa Cruz / PE": {"Home": {"Atk": 0.8112515188435848, "Def": 0.7841113010382448}, "Away": {"Atk": 0.4487112596936829, "Def": 0.8986206592126489}, "Ext": 0.5761755835338658}, "Sampaio Corr\u00eaa / MA": {"Home": {"Atk": 0.6148008671076787, "Def": 0.5922852340658653}, "Away": {"Atk": 0.4820727747030684, "Def": 0.6726678340082838}, "Ext": 0.07913163190545267}, "Cear\u00e1 / CE": {"Home": {"Atk": 0.8268344920959455, "Def": 0.7984781659203233}, "Away": {"Atk": 0.4422463933746216, "Def": 0.47955663672892546}, "Ext": 0.180186809384045}, "Vila Nova / GO": {"Home": {"Atk": 0.3158415217389856, "Def": 0.4362714961626901}, "Away": {"Atk": 0.3346397204310477, "Def": 0.3826600295080997}, "Ext": 0.014363840800575074}, "Am\u00e9rica / RN": {"Home": {"Atk": 0.6538295312511915, "Def": 0.5538592141864053}, "Away": {"Atk": 0.25754570103908075, "Def": 0.6271435992894702}, "Ext": 0.616939688820424}, "Boa / MG": {"Home": {"Atk": 0.5450754587675865, "Def": 0.7788232408954241}, "Away": {"Atk": 0.7555995623416388, "Def": 0.5936680041112697}, "Ext": 0.19332535897549957}, "Oeste / SP": {"Home": {"Atk": 0.8133233104124868, "Def": 0.6311470719444979}, "Away": {"Atk": 0.525854542818891, "Def": 0.4540639479650933}, "Ext": 0.449694167379847}, "Portuguesa / SP": {"Home": {"Atk": 0.30466767792300586, "Def": 0.6880805673814382}, "Away": {"Atk": 0.1767310652538462, "Def": 0.5640696339885614}, "Ext": 0.5945738485366522}, "Paran\u00e1 / PR": {"Home": {"Atk": 0.5150194210963647, "Def": 0.8553183368009484}, "Away": {"Atk": 0.299410873609564, "Def": 0.6978678120975214}, "Ext": 0.3848132799350556}, "N\u00e1utico / PE": {"Home": {"Atk": 0.5194847099976166, "Def": 0.66240531790929}, "Away": {"Atk": 0.36523539163440005, "Def": 0.4972763226885557}, "Ext": 0.04636546979088389}, "Luverdense / MT": {"Home": {"Atk": 0.5464553754812762, "Def": 0.6069677736658365}, "Away": {"Atk": 0.3209249685103754, "Def": 0.6880699580776187}, "Ext": 0.0}, "Icasa / CE": {"Home": {"Atk": 0.5554075818454837, "Def": 0.5605212706441538}, "Away": {"Atk": 0.1891418359013221, "Def": 0.5783381211821657}, "Ext": 0.0}, "Ava\u00ed / SC": {"Home": {"Atk": 0.60970313870392, "Def": 0.6380275975598079}, "Away": {"Atk": 0.7111384283740722, "Def": 0.5983776391462555}, "Ext": 0.10631294401185497}, "Atl\u00e9tico / GO": {"Home": {"Atk": 0.6941089169847686, "Def": 0.5441347648123579}, "Away": {"Atk": 0.6228979510441007, "Def": 0.7905127222231804}, "Ext": 0.02454878082773869}, "ABC / RN": {"Home": {"Atk": 0.47908146253137357, "Def": 0.6124693429656847}, "Away": {"Atk": 0.46806565290883684, "Def": 0.5568828019170043}, "Ext": 0.1466951276095421}, "Am\u00e9rica / MG": {"Home": {"Atk": 0.9013070090109626, "Def": 0.5687617108184939}, "Away": {"Atk": 0.6111948089694059, "Def": 0.5950550361573897}, "Ext": 0.0}, "Joinville / SC": {"Home": {"Atk": 0.6380593656308677, "Def": 0.798578600824011}, "Away": {"Atk": 0.5565925178390735, "Def": 0.5945517179958894}, "Ext": 0.3396969234186279}}