{"Vasco da Gama / RJ": {"Atk": 1.0, "Def": 0.9786685057111936, "Home bonus": 0.7150515287749838, "Ext": 0.0}, "Vila Nova / GO": {"Atk": 0.7777407314775844, "Def": 2.2284035690214594, "Home bonus": 0.0, "Ext": 0.15598673211293415}, "Guarani / SP": {"Atk": 1.5368693992004165, "Def": 1.0326636640072768, "Home bonus": 0.12383246749693137, "Ext": 0.0}, "N\u00e1utico / PE": {"Atk": 1.1403941315838664, "Def": 0.9305327372378306, "Home bonus": 0.5031265225336207, "Ext": 0.07069040309970515}, "Brasil / RS": {"Atk": 0.19019782382760303, "Def": 1.0795309471875683, "Home bonus": 0.3925854859159876, "Ext": 0.21466477010075313}, "CRB / AL": {"Atk": 0.9103007867513198, "Def": 2.901047447173881, "Home bonus": 0.0, "Ext": 0.47192618028472827}, "Coritiba / PR": {"Atk": 1.0804900544804024, "Def": 1.7737304897843962, "Home bonus": 0.5801659906434432, "Ext": 0.0}, "Brusque / SC": {"Atk": 1.2895976106316334, "Def": 0.7711896312203463, "Home bonus": 0.0, "Ext": 0.0}, "Confian\u00e7a / SE": {"Atk": 0.9356451996632433, "Def": 0.8141014062366104, "Home bonus": 0.2938986525935778, "Ext": 0.0}, "Sampaio Corr\u00eaa / MA": {"Atk": 0.6684795070024436, "Def": 1.6042633702927653, "Home bonus": 0.3893673751926254, "Ext": 0.16258743879055948}, "Botafogo / RJ": {"Atk": 0.7981397118728403, "Def": 1.4779749016406596, "Home bonus": 1.407684587372229, "Ext": 0.0}, "Goi\u00e1s / GO": {"Atk": 0.7224054913657575, "Def": 2.925939035228531, "Home bonus": 0.6411236042270643, "Ext": 0.1889787537633583}, "Ponte Preta / SP": {"Atk": 0.36768342231288215, "Def": 1.96577085996791, "Home bonus": 0.5328426185532115, "Ext": 0.3274727039024929}, "Cruzeiro / MG": {"Atk": 0.9143796963794029, "Def": 1.376576609038093, "Home bonus": 0.0, "Ext": 0.35878198747405443}, "Londrina / PR": {"Atk": 0.5337773832935216, "Def": 1.262726560405064, "Home bonus": 0.21294900489725155, "Ext": 0.14568652179509844}, "CSA / AL": {"Atk": 1.2582548192845266, "Def": 1.1948887522123357, "Home bonus": 0.30429802338389444, "Ext": 0.0}, "Oper\u00e1rio / PR": {"Atk": 0.7857664130881691, "Def": 1.0005431676420964, "Home bonus": 0.2648514121336632, "Ext": 0.02565175700970684}, "Ava\u00ed / SC": {"Atk": 1.2809223285067353, "Def": 1.4191256709645255, "Home bonus": 0.18717998486157453, "Ext": 0.0}, "Vit\u00f3ria / BA": {"Atk": 0.45649286169221137, "Def": 2.1201420865924256, "Home bonus": 0.2780292724708054, "Ext": 0.09811260462675142}, "Remo / PA": {"Atk": 0.97471929667503, "Def": 1.191126388704461, "Home bonus": 0.0, "Ext": 0.0}}