{"Cruzeiro / MG": {"Atk": 1.0, "Def": 2.7283603331614708, "Home bonus": 0.5753479472032239}, "Athletico Paranaense / PR": {"Atk": 0.5466841317803952, "Def": 1.8444379882815434, "Home bonus": 1.9233185214665849}, "Am\u00e9rica / MG": {"Atk": 1.055913332052102, "Def": 1.9472275482286139, "Home bonus": 0.6463851201925553}, "Vit\u00f3ria / BA": {"Atk": 1.2974573405035426, "Def": 1.1743644076922009, "Home bonus": 0.6598337113886836}, "Vasco da Gama / RJ": {"Atk": 1.2692835973029606, "Def": 1.2662070507828593, "Home bonus": 0.871185298360769}, "Botafogo / RJ": {"Atk": 1.6215336145607142, "Def": 1.4406467985629727, "Home bonus": 0.3742692313001758}, "S\u00e3o Paulo / SP": {"Atk": 2.557252433669065, "Def": 2.5904754819121143, "Home bonus": 0.013437837553568246}, "Santos / SP": {"Atk": 1.7953060810383592, "Def": 2.0457259703079194, "Home bonus": 0.36371889252131945}, "Corinthians / SP": {"Atk": 1.691228810999833, "Def": 2.3112540395011636, "Home bonus": 0.2118795190757735}, "Internacional / RS": {"Atk": 2.0801029076010495, "Def": 5.025018121316791, "Home bonus": 0.38663209220785594}, "Atl\u00e9tico / MG": {"Atk": 3.130940868775996, "Def": 1.50370552413928, "Home bonus": 0.08789021541555575}, "Paran\u00e1 / PR": {"Atk": 0.3245597041812866, "Def": 1.4472298094557547, "Home bonus": 0.5174808583320724}, "Chapecoense / SC": {"Atk": 1.0364957048549366, "Def": 1.2598070051397758, "Home bonus": 1.041408862103754}, "Bahia / BA": {"Atk": 1.1852916387531174, "Def": 1.777801515494183, "Home bonus": 0.6639848981256943}, "Fluminense / RJ": {"Atk": 1.7933967633248409, "Def": 1.6657405661600473, "Home bonus": 0.0}, "Flamengo / RJ": {"Atk": 2.142280135938631, "Def": 4.250122910813589, "Home bonus": 0.34353535854918127}, "Cear\u00e1 / CE": {"Atk": 1.2834948783804059, "Def": 1.8170985375119042, "Home bonus": 0.2715142521039037}, "Sport / PE": {"Atk": 1.6212279450040419, "Def": 1.1411346801241695, "Home bonus": 0.0}, "Palmeiras / SP": {"Atk": 1.960475349296049, "Def": 2.9830796676915767, "Home bonus": 0.901618571130354}, "Gr\u00eamio / RS": {"Atk": 1.3085824012995124, "Def": 4.3757887008589185, "Home bonus": 1.125401549901227}}