{"ABC / RN": {"Home": {"Atk": 1.0, "Def": 0.751437144904337}, "Away": {"Atk": 0.6312998957190641, "Def": 1.0055728894456577}, "Ext": 0.0}, "N\u00e1utico / PE": {"Home": {"Atk": 0.9373125537287265, "Def": 0.5680471750433548}, "Away": {"Atk": 0.47597267442701263, "Def": 1.111736150329322}, "Ext": 0.1}, "Crici\u00fama / SC": {"Home": {"Atk": 1.8156053609378602, "Def": 0.5326242639033721}, "Away": {"Atk": 0.47478569586869507, "Def": 1.595095494676152}, "Ext": 0.1}, "Goi\u00e1s / GO": {"Home": {"Atk": 1.7870040823888955, "Def": 0.602637418733512}, "Away": {"Atk": 0.5424343304649636, "Def": 1.2783805470806404}, "Ext": 0.0}, "Guarani / SP": {"Home": {"Atk": 2.1330783958049935, "Def": 0.9069780490356893}, "Away": {"Atk": 0.6306721877099635, "Def": 1.4864299941019827}, "Ext": 0.1}, "Juventude / RS": {"Home": {"Atk": 2.1536188231579283, "Def": 0.8997819016461126}, "Away": {"Atk": 0.624180603053885, "Def": 1.3146863310961963}, "Ext": 0.0}, "Londrina / PR": {"Home": {"Atk": 1.6505801791632817, "Def": 0.46402380205882465}, "Away": {"Atk": 1.365381956184657, "Def": 1.4678431661956564}, "Ext": 0.1}, "Boa / MG": {"Home": {"Atk": 1.4042972283235422, "Def": 0.7498838379554278}, "Away": {"Atk": 0.5821262036137783, "Def": 1.7441393255481443}, "Ext": 0.1}, "Paysandu / PA": {"Home": {"Atk": 1.0078740965343536, "Def": 1.0833092125303139}, "Away": {"Atk": 0.9524498890464035, "Def": 1.6437709047867408}, "Ext": 0.0}, "CRB / AL": {"Home": {"Atk": 1.899924401041468, "Def": 0.8731882278864304}, "Away": {"Atk": 0.6172529384008418, "Def": 1.1792244979137707}, "Ext": 0.0}, "Cear\u00e1 / CE": {"Home": {"Atk": 1.7642311565410134, "Def": 0.7701173990221801}, "Away": {"Atk": 1.046837021092155, "Def": 2.0301581889631066}, "Ext": 0.1}, "Santa Cruz / PE": {"Home": {"Atk": 1.905071965163531, "Def": 0.8025268130114757}, "Away": {"Atk": 0.7498257535463846, "Def": 1.1730027975642772}, "Ext": 0.1}, "Figueirense / SC": {"Home": {"Atk": 1.9563996337547074, "Def": 0.46785827151564996}, "Away": {"Atk": 0.9640034034271527, "Def": 1.3178073119642617}, "Ext": 0.1}, "Vila Nova / GO": {"Home": {"Atk": 2.108732522371403, "Def": 0.8409164463654978}, "Away": {"Atk": 0.7216354033511252, "Def": 1.991989407099783}, "Ext": 0.0}, "Oeste / SP": {"Home": {"Atk": 1.955154983749074, "Def": 1.949865177602882}, "Away": {"Atk": 0.4132077198791171, "Def": 1.2884697627436574}, "Ext": 0.1}, "Brasil / RS": {"Home": {"Atk": 2.443602334306498, "Def": 0.8264357253437852}, "Away": {"Atk": 0.5646601294445961, "Def": 0.9631467547960083}, "Ext": 0.0}, "Paran\u00e1 / PR": {"Home": {"Atk": 2.6605424062112553, "Def": 1.7335440473889017}, "Away": {"Atk": 0.6381112080683795, "Def": 1.1849416443216207}, "Ext": 0.1}, "Am\u00e9rica / MG": {"Home": {"Atk": 2.35111590293227, "Def": 1.0834896644386436}, "Away": {"Atk": 0.9340755056259858, "Def": 2.771863051045835}, "Ext": 0.1}, "Luverdense / MT": {"Home": {"Atk": 1.610220816212882, "Def": 0.7275057029689987}, "Away": {"Atk": 0.5638763918477996, "Def": 1.0947207833264208}, "Ext": 0.0}, "Internacional / RS": {"Home": {"Atk": 1.778156204981818, "Def": 0.8244591119963929}, "Away": {"Atk": 0.9236253400431141, "Def": 2.7891214511159683}, "Ext": 0.0}}