{"Fluminense / RJ": {"Home": {"Atk": 1.0, "Def": 0.4983839206503562}, "Away": {"Atk": 0.7632754696110808, "Def": 0.4933187048254549}}, "Flamengo / RJ": {"Home": {"Atk": 1.2852786966297038, "Def": 1.220273075490628}, "Away": {"Atk": 0.5474419989973695, "Def": 0.9955343220310433}}, "Palmeiras / SP": {"Home": {"Atk": 0.9908565289815779, "Def": 1.6011566856622919}, "Away": {"Atk": 0.5425867702546602, "Def": 0.7896883968229425}}, "Corinthians / SP": {"Home": {"Atk": 1.7319537263245681, "Def": 0.8774744336607476}, "Away": {"Atk": 0.7871848286508609, "Def": 2.2042836822805403}}, "Cruzeiro / MG": {"Home": {"Atk": 0.9176713100658012, "Def": 0.6827332467879226}, "Away": {"Atk": 0.20160994190063608, "Def": 1.6336589849988865}}, "Coritiba / PR": {"Home": {"Atk": 0.9345789580053705, "Def": 1.8699013826791646}, "Away": {"Atk": 0.274792720344411, "Def": 0.4971620968704127}}, "Gr\u00eamio / RS": {"Home": {"Atk": 0.8342640099165702, "Def": 1.9110522860583328}, "Away": {"Atk": 1.598438358027648, "Def": 0.4626718356967071}}, "Bahia / BA": {"Home": {"Atk": 1.912350437831419, "Def": 0.2502362046494616}, "Away": {"Atk": 0.08125326931545306, "Def": 0.7644745335826734}}, "Ponte Preta / SP": {"Home": {"Atk": 1.431895584804713, "Def": 0.6273464309106732}, "Away": {"Atk": 0.13426439234009932, "Def": 0.4166182880895695}}, "Ava\u00ed / SC": {"Home": {"Atk": 0.26308881761026587, "Def": 0.5500323023049406}, "Away": {"Atk": 0.14174615147524539, "Def": 0.5573465602392933}}, "Botafogo / RJ": {"Home": {"Atk": 0.7383115888489483, "Def": 0.16671305514493293}, "Away": {"Atk": 0.5669877409800931, "Def": 0.7715685057410904}}, "Vasco da Gama / RJ": {"Home": {"Atk": 1.1119168576791993, "Def": 0.2427116501996008}, "Away": {"Atk": 0.20146531412683893, "Def": 0.3010932719230213}}, "Santos / SP": {"Home": {"Atk": 0.29938491837908626, "Def": 1.019102130276698}, "Away": {"Atk": 0.9029311621317776, "Def": 0.8448466936597621}}, "S\u00e3o Paulo / SP": {"Home": {"Atk": 0.9909433233253806, "Def": 0.8547023036550402}, "Away": {"Atk": 0.25136577011572264, "Def": 1.0070170649387682}}, "Atl\u00e9tico / MG": {"Home": {"Atk": 0.5897401702930541, "Def": 0.2463553983362073}, "Away": {"Atk": 0.5445459247871163, "Def": 1.1763176935626474}}, "Athletico Paranaense / PR": {"Home": {"Atk": 0.8023690626513689, "Def": 0.6452440516249739}, "Away": {"Atk": 0.36681678159354775, "Def": 0.6591819036031075}}, "Sport / PE": {"Home": {"Atk": 1.1583020785189821, "Def": 0.45285827861415795}, "Away": {"Atk": 0.3181590405300576, "Def": 0.4106706061375757}}, "Vit\u00f3ria / BA": {"Home": {"Atk": 0.690295174564727, "Def": 0.51279474577267}, "Away": {"Atk": 0.5713706558475439, "Def": 0.46829972403861114}}, "Atl\u00e9tico / GO": {"Home": {"Atk": 0.8368554958308839, "Def": 0.3295908253165422}, "Away": {"Atk": 0.09310925864556042, "Def": 0.5333936156790976}}, "Chapecoense / SC": {"Home": {"Atk": 0.7483912649919376, "Def": 0.3595803154663632}, "Away": {"Atk": 1.1956625053661105, "Def": 0.5963362221732349}}}