{"Flamengo / RJ": {"Atk": 1.0, "Def": 0.5648672995205147}, "Corinthians / SP": {"Atk": 0.538653373796325, "Def": 0.6423966341114307}, "S\u00e3o Paulo / SP": {"Atk": 0.430555748256415, "Def": 0.553319593322363}, "Atl\u00e9tico Mineiro / MG": {"Atk": 0.7858191594339717, "Def": 0.9079548575884823}, "Internacional / RS": {"Atk": 0.613447339692175, "Def": 0.5507462645255692}, "Cear\u00e1 / CE": {"Atk": 0.47527844242519024, "Def": 0.5424727052347632}, "Bahia / BA": {"Atk": 0.5943673232528094, "Def": 0.36879346422606807}, "Athletico Paranaense / PR": {"Atk": 0.7089850732470645, "Def": 0.42747853753279735}, "Chapecoense / SC": {"Atk": 0.41171218716529506, "Def": 0.3776812793568422}, "Cuiab\u00e1 / MT": {"Atk": 0.5228791364933322, "Def": 0.5396621740398871}, "Fluminense / RJ": {"Atk": 0.5395161581816216, "Def": 0.5075303789382609}, "Palmeiras / SP": {"Atk": 0.8108768871027837, "Def": 0.4869669595131962}, "Santos / SP": {"Atk": 0.49033047810879765, "Def": 0.46882517754350184}, "Am\u00e9rica / MG": {"Atk": 0.47360517909777317, "Def": 0.5756941894406346}, "Gr\u00eamio / RS": {"Atk": 0.478678915151279, "Def": 0.4804296484009182}, "Fortaleza / CE": {"Atk": 0.7048921601050451, "Def": 0.495918682941274}, "Sport / PE": {"Atk": 0.22659617856310194, "Def": 0.6938575492379456}, "Red Bull Bragantino / SP": {"Atk": 0.7718939382524824, "Def": 0.4752799422561729}, "Juventude / RS": {"Atk": 0.4886601183144516, "Def": 0.5217275414307798}, "Atl\u00e9tico / GO": {"Atk": 0.4531740644960833, "Def": 0.6029104261830864}}