{"Vasco da Gama / RJ": {"Atk": 1.0, "Def": 0.512901738127039, "Home bonus": 0.0}, "Fluminense / RJ": {"Atk": 0.8469967431950727, "Def": 0.7407994285701237, "Home bonus": 0.1832879425594601}, "Corinthians / SP": {"Atk": 0.47890222377531766, "Def": 1.6593356512054684, "Home bonus": 0.37440262185158707}, "Vit\u00f3ria / BA": {"Atk": 0.9645948494493005, "Def": 0.6589466567208635, "Home bonus": 0.18856981197699282}, "Gr\u00eamio / RS": {"Atk": 0.7658451993014309, "Def": 1.0727406627414615, "Home bonus": 0.4387577335655927}, "Ponte Preta / SP": {"Atk": 0.7425400472617819, "Def": 0.6731109605510144, "Home bonus": 0.08381868879347643}, "Crici\u00fama / SC": {"Atk": 0.8315203649484932, "Def": 0.5163585676255409, "Home bonus": 0.3330091951308592}, "Cruzeiro / MG": {"Atk": 1.2585362477391207, "Def": 1.1566653804228273, "Home bonus": 0.8157655396502022}, "Coritiba / PR": {"Atk": 0.5630681323566814, "Def": 0.7596670203283824, "Home bonus": 0.8297248751188375}, "Santos / SP": {"Atk": 0.7569546921222741, "Def": 0.9380300742649816, "Home bonus": 0.3890875847007934}, "Botafogo / RJ": {"Atk": 1.1307485897885592, "Def": 0.8349056170149363, "Home bonus": 0.11530056511050125}, "Flamengo / RJ": {"Atk": 0.6725348944247708, "Def": 0.7001647018236554, "Home bonus": 0.48237816718551896}, "S\u00e3o Paulo / SP": {"Atk": 0.6501593800460235, "Def": 0.9137030211447356, "Home bonus": 0.0}, "Bahia / BA": {"Atk": 0.7355441850554358, "Def": 0.8714103873654111, "Home bonus": 0.1151381588058156}, "Internacional / RS": {"Atk": 1.098481489905197, "Def": 0.6357501851046334, "Home bonus": 0.06941802362316418}, "Goi\u00e1s / GO": {"Atk": 0.7583721379911306, "Def": 0.7616368795309855, "Home bonus": 0.23535881588624002}, "N\u00e1utico / PE": {"Atk": 0.2854752318959397, "Def": 0.5448256697370584, "Home bonus": 0.4176789195149934}, "Atl\u00e9tico / MG": {"Atk": 0.32761374424043355, "Def": 0.9336077762839353, "Home bonus": 1.711418456162531}, "Athletico Paranaense / PR": {"Atk": 1.3177142492501093, "Def": 0.6731206049294434, "Home bonus": 0.09080479202631322}, "Portuguesa / SP": {"Atk": 0.68642460192941, "Def": 0.676958844834722, "Home bonus": 1.225582117876585}}