{"Gr\u00eamio / RS": {"Atk": 1.0, "Def": 0.733902063047172, "Home bonus": 0.5482444589385613}, "Atl\u00e9tico / MG": {"Atk": 0.6213728181900989, "Def": 0.6298188173445941, "Home bonus": 0.5787402615787689}, "Cear\u00e1 / CE": {"Atk": 0.4993815030595317, "Def": 0.8002198202086213, "Home bonus": 0.480941037061318}, "Palmeiras / SP": {"Atk": 0.8000462761785602, "Def": 1.0226634601792859, "Home bonus": 0.9225670724152221}, "S\u00e3o Paulo / SP": {"Atk": 0.5728860438427192, "Def": 1.1329808430191477, "Home bonus": 0.40856750768199523}, "Flamengo / RJ": {"Atk": 1.1336425501859826, "Def": 0.8131583950388511, "Home bonus": 1.3146006939259378}, "Fluminense / RJ": {"Atk": 0.6764220421954874, "Def": 0.6908958333116727, "Home bonus": 0.0990698959215333}, "Chapecoense / SC": {"Atk": 0.5862898328943786, "Def": 0.5852323076966476, "Home bonus": 0.0}, "Bahia / BA": {"Atk": 0.710615179780528, "Def": 0.7179294073092443, "Home bonus": 0.3146713155661438}, "Athletico Paranaense / PR": {"Atk": 0.9388836670035663, "Def": 1.015048110979014, "Home bonus": 0.0}, "Internacional / RS": {"Atk": 0.6006244644835509, "Def": 0.8198774670317871, "Home bonus": 0.5081996862327848}, "Cruzeiro / MG": {"Atk": 0.5056302466211583, "Def": 0.6892234367304534, "Home bonus": 0.00028396754214089553}, "Fortaleza / CE": {"Atk": 0.933974934159093, "Def": 0.6158520578649226, "Home bonus": 0.024166429550690503}, "Corinthians / SP": {"Atk": 0.6355196350213566, "Def": 1.0117435502281158, "Home bonus": 0.3938440346069068}, "Santos / SP": {"Atk": 0.6317258904260565, "Def": 0.9073255325202366, "Home bonus": 1.3595993338185768}, "Vasco da Gama / RJ": {"Atk": 0.6638068924999718, "Def": 0.6433296814416539, "Home bonus": 0.19461524622761905}, "Botafogo / RJ": {"Atk": 0.4740550714721522, "Def": 0.7298522483055967, "Home bonus": 0.2954139020310109}, "Ava\u00ed / SC": {"Atk": 0.2884311778671751, "Def": 0.5083472551870066, "Home bonus": 0.15249953297553254}, "Goi\u00e1s / GO": {"Atk": 0.567947726672622, "Def": 0.4671504465566594, "Home bonus": 0.8663751640661035}, "CSA / AL": {"Atk": 0.27743202925834104, "Def": 0.5253304991346281, "Home bonus": 0.4968155745360651}}