{"Guarani / SP": {"Atk": 1.0, "Def": 1.172006704360364, "Ext": 0.1}, "Vila Nova / GO": {"Atk": 1.102763923193837, "Def": 5.3465433207338, "Ext": 0.0}, "Crici\u00fama / SC": {"Atk": 0.9312225097064377, "Def": 1.7283192599410357, "Ext": 0.0}, "Ituano / SP": {"Atk": 0.9055425069985384, "Def": 0.8083821990029274, "Ext": 0.0}, "Mirassol / SP": {"Atk": 0.7951079954196878, "Def": 1.0421367342039987, "Ext": 0.0}, "Vit\u00f3ria / BA": {"Atk": 1.1442576443336876, "Def": 1.0951877225534583, "Ext": 0.0}, "Sampaio Corr\u00eaa / MA": {"Atk": 0.5787681723143826, "Def": 0.7178449335740885, "Ext": 0.1}, "Juventude / RS": {"Atk": 0.9806685291325543, "Def": 0.93353883996816, "Ext": 0.0}, "Londrina / PR": {"Atk": 0.5908576696346705, "Def": 0.5507770290768691, "Ext": 0.0}, "CRB / AL": {"Atk": 0.9167849882180658, "Def": 0.8600036407473155, "Ext": 0.0}, "Ponte Preta / SP": {"Atk": 0.28150746371366, "Def": 1.3037773938373238, "Ext": 0.0}, "Atl\u00e9tico / GO": {"Atk": 0.8585760548343775, "Def": 0.6017978286674267, "Ext": 0.0}, "Ava\u00ed / SC": {"Atk": 0.4388701519267141, "Def": 0.6307281954701657, "Ext": 0.1}, "Botafogo / SP": {"Atk": 0.6569908416946924, "Def": 0.8650354672282741, "Ext": 0.0}, "Novorizontino / SP": {"Atk": 0.9229540794968926, "Def": 2.6860018229057268, "Ext": 0.0}, "Sport / PE": {"Atk": 1.25021499246343, "Def": 1.3987987798667492, "Ext": 0.0}, "Cear\u00e1 / CE": {"Atk": 0.8438309730860495, "Def": 0.6833527788659512, "Ext": 0.0}, "Chapecoense / SC": {"Atk": 0.9657662448558932, "Def": 0.6219164437415183, "Ext": 0.1}, "Tombense / MG": {"Atk": 0.7029989661506058, "Def": 0.6875950095190762, "Ext": 0.0}, "ABC / RN": {"Atk": 0.5399012701882311, "Def": 0.5642984093039035, "Ext": 0.1}, "Home bonus": 0.29938864826588935}