{"Vasco da Gama / RJ": {"Atk": 1.0, "Def": 0.4555879561309641, "Ext": 0.0}, "Fluminense / RJ": {"Atk": 0.5578952338150381, "Def": 0.526857677886984, "Ext": 0.03569348714000699}, "Corinthians / SP": {"Atk": 0.3513011043933617, "Def": 0.7847186275058671, "Ext": 0.013273587110946552}, "Vit\u00f3ria / BA": {"Atk": 0.5134551553224207, "Def": 0.5232568870214384, "Ext": 0.05049262146219414}, "Gr\u00eamio / RS": {"Atk": 0.4899257762509587, "Def": 0.6717520606223264, "Ext": 0.0}, "Ponte Preta / SP": {"Atk": 0.4544931142262846, "Def": 0.41480838942886106, "Ext": 0.06536047123539562}, "Crici\u00fama / SC": {"Atk": 0.5153190820124478, "Def": 0.5490469327886637, "Ext": 0.010824087338981265}, "Cruzeiro / MG": {"Atk": 0.9510258599447842, "Def": 0.7058928499537402, "Ext": 0.1}, "Coritiba / PR": {"Atk": 0.5020190381994303, "Def": 0.544942856752331, "Ext": 0.1}, "Santos / SP": {"Atk": 0.6510760498888745, "Def": 0.7590517338044903, "Ext": 0.07288092067509315}, "Botafogo / RJ": {"Atk": 0.6445346045757978, "Def": 0.598448458864935, "Ext": 0.013807556249283339}, "Flamengo / RJ": {"Atk": 0.46193082006389086, "Def": 0.5334978553870445, "Ext": 0.020009903549577587}, "S\u00e3o Paulo / SP": {"Atk": 0.4398848172324074, "Def": 0.5558095306425506, "Ext": 0.08049516613178821}, "Bahia / BA": {"Atk": 0.48631461847955093, "Def": 0.6137158563587559, "Ext": 0.06878578858419244}, "Internacional / RS": {"Atk": 0.7985538270505832, "Def": 0.4567459978749931, "Ext": 0.1}, "Goi\u00e1s / GO": {"Atk": 0.469300336516302, "Def": 0.5679278224766111, "Ext": 0.08797743989419925}, "N\u00e1utico / PE": {"Atk": 0.311502937973252, "Def": 0.9953787003374541, "Ext": 0.0}, "Atl\u00e9tico / MG": {"Atk": 0.43901118668074796, "Def": 0.6181834106828683, "Ext": 0.0733077763828059}, "Athletico Paranaense / PR": {"Atk": 0.7351433498385779, "Def": 0.5263184469436001, "Ext": 0.08347508683307485}, "Portuguesa / SP": {"Atk": 0.5882158224874263, "Def": 0.5264623819538397, "Ext": 0.1}, "Home bonus": 0.4694543356568156}