{"Palmeiras / SP": {"Atk": 0.6191231490003176, "Def": 0.7155087010308411, "Home bonus": 0.5743496792086645, "Ext": 0.3185261296024978}, "Flamengo / RJ": {"Atk": 0.26610963491358486, "Def": 0.9507701083709806, "Home bonus": 0.6253947553679903, "Ext": 0.29626935251037645}, "Atl\u00e9tico / MG": {"Atk": 0.33996694593206167, "Def": 0.7845306693013331, "Home bonus": 0.4355874451854944, "Ext": 0.7421428820806903}, "Coritiba / PR": {"Atk": 0.5176166022439721, "Def": 0.5032724165871812, "Home bonus": 0.7851188489033464, "Ext": 0.35463236004029186}, "Botafogo / RJ": {"Atk": 0.5383332547776509, "Def": 0.5461002330134003, "Home bonus": 0.2999944989428167, "Ext": 0.21323739002812553}, "Santa Cruz / PE": {"Atk": 0.28880342836244416, "Def": 0.6376940844447994, "Home bonus": 0.773114916881985, "Ext": 0.2982044990387215}, "Corinthians / SP": {"Atk": 0.33971247692314854, "Def": 1.0930430344254027, "Home bonus": 0.8238518917529886, "Ext": 0.4250062875926809}, "Figueirense / SC": {"Atk": 0.08296728395884767, "Def": 0.9712966712969144, "Home bonus": 0.3741119315750526, "Ext": 0.07365948636528649}, "Am\u00e9rica / MG": {"Atk": 0.0, "Def": 0.7985416871673612, "Home bonus": 0.5759272798515143, "Ext": 0.15913624642847995}, "Internacional / RS": {"Atk": 0.4152718424805302, "Def": 0.9040684101044357, "Home bonus": 0.4578574524072103, "Ext": 0.34569732509602286}, "Vit\u00f3ria / BA": {"Atk": 0.23588908734873237, "Def": 0.6400471982171986, "Home bonus": 0.6036097988969521, "Ext": 0.6744147419037426}, "Fluminense / RJ": {"Atk": 0.5499602607157137, "Def": 0.7232232378926851, "Home bonus": 0.21748203804396124, "Ext": 0.3313739313650059}, "Cruzeiro / MG": {"Atk": 0.4287152519040792, "Def": 0.6174005784169951, "Home bonus": 0.4292440478820291, "Ext": 0.2682869619188122}, "Santos / SP": {"Atk": 0.683715619393265, "Def": 1.024771861140802, "Home bonus": 0.3213937514255975, "Ext": 0.4976441492530864}, "Athletico Paranaense / PR": {"Atk": 0.29550783163280947, "Def": 0.7868039249805661, "Home bonus": 0.32812860880629585, "Ext": 0.5452186153686235}, "Chapecoense / SC": {"Atk": 0.6342796034492355, "Def": 0.4949776055612153, "Home bonus": 0.7029658363623551, "Ext": 0.004979710673488268}, "S\u00e3o Paulo / SP": {"Atk": 0.31493539432923834, "Def": 0.754091787686936, "Home bonus": 0.5156710743578291, "Ext": 0.20569487241233475}, "Gr\u00eamio / RS": {"Atk": 0.5385093407166721, "Def": 0.7327771076700507, "Home bonus": 0.49563223876884477, "Ext": 0.5243046001583738}, "Ponte Preta / SP": {"Atk": 0.29822776705831844, "Def": 0.3875419906428693, "Home bonus": 0.16454606640596267, "Ext": 0.626414882627363}, "Sport / PE": {"Atk": 0.487369999635412, "Def": 0.8057874901910085, "Home bonus": 0.6427342105286746, "Ext": 0.18912575951831248}}