{"Guarani / SP": {"Atk": 1.0, "Def": 1.620048395652241, "Home bonus": 0.3734893716980807}, "Botafogo / SP": {"Atk": 1.7198240961200237, "Def": 1.8767147634718986, "Home bonus": 0.0}, "S\u00e3o Bento / SP": {"Atk": 1.9738820424172252, "Def": 1.3106002574946365, "Home bonus": 0.0}, "Vila Nova / GO": {"Atk": 1.0773580692293567, "Def": 1.9753076318506724, "Home bonus": 0.0}, "Coritiba / PR": {"Atk": 1.5097915298676312, "Def": 1.8611286234344955, "Home bonus": 0.7762698344015725}, "Oper\u00e1rio / PR": {"Atk": 0.9899454095033245, "Def": 1.8000689325001231, "Home bonus": 0.6894132827349174}, "Crici\u00fama / SC": {"Atk": 0.8099291463127131, "Def": 1.7241767526605958, "Home bonus": 0.39540064606519487}, "Brasil / RS": {"Atk": 1.4724457966840168, "Def": 1.6566654717793428, "Home bonus": 0.0}, "Sport / PE": {"Atk": 2.338798743362686, "Def": 2.0102006860870003, "Home bonus": 0.014307781788178759}, "CRB / AL": {"Atk": 2.160034946757338, "Def": 1.5435024527385308, "Home bonus": 0.0}, "Ponte Preta / SP": {"Atk": 1.4807312059293178, "Def": 1.9726302153899882, "Home bonus": 0.3232134185248083}, "Red Bull Bragantino / SP": {"Atk": 1.8800403627958575, "Def": 2.8757448500415403, "Home bonus": 1.0193260219026592}, "Oeste / SP": {"Atk": 1.7921621400042105, "Def": 1.7790121936822514, "Home bonus": 0.0}, "Atl\u00e9tico / GO": {"Atk": 1.5725466863490198, "Def": 2.5498519528100636, "Home bonus": 0.5362944402567078}, "Paran\u00e1 / PR": {"Atk": 1.378707446651548, "Def": 2.2665394328005677, "Home bonus": 0.0}, "Londrina / PR": {"Atk": 1.680272431918192, "Def": 1.2704956549015982, "Home bonus": 0.5312655467740458}, "Figueirense / SC": {"Atk": 1.162299745680439, "Def": 2.0700244564102297, "Home bonus": 0.28864805460831877}, "Am\u00e9rica / MG": {"Atk": 1.6463778170743764, "Def": 1.6209635434984968, "Home bonus": 0.1765480339942751}, "Vit\u00f3ria / BA": {"Atk": 1.5447807267830014, "Def": 1.284152489663662, "Home bonus": 0.009073230134893523}, "Cuiab\u00e1 / MT": {"Atk": 1.5041162988143504, "Def": 2.0655131706418746, "Home bonus": 0.432946258287359}}