{"Vasco da Gama / RJ": {"Atk": 1.0, "Def": 0.5492583691435624, "Home bonus": 0.043002588600595804, "Ext": 0.1}, "Fluminense / RJ": {"Atk": 0.6877784150332001, "Def": 0.8052895918948466, "Home bonus": 0.3895657111175966, "Ext": 0.1}, "Corinthians / SP": {"Atk": 0.39331325707658965, "Def": 2.116835475497132, "Home bonus": 0.5019824097762529, "Ext": 0.0}, "Vit\u00f3ria / BA": {"Atk": 0.9574373895669539, "Def": 0.6647874476685786, "Home bonus": 0.29602434633620484, "Ext": 0.1}, "Gr\u00eamio / RS": {"Atk": 0.7481307919590898, "Def": 1.1828954832760326, "Home bonus": 0.41434335753745494, "Ext": 0.0}, "Ponte Preta / SP": {"Atk": 0.7121156070032407, "Def": 0.6541763512618397, "Home bonus": 0.22709378189078713, "Ext": 0.08991517285973269}, "Crici\u00fama / SC": {"Atk": 0.9538097793550503, "Def": 0.5017033546351026, "Home bonus": 0.20082386223636983, "Ext": 0.0}, "Cruzeiro / MG": {"Atk": 1.302229921759966, "Def": 1.168489473552963, "Home bonus": 0.6303509681326653, "Ext": 0.1}, "Coritiba / PR": {"Atk": 0.5497507464310243, "Def": 0.7374695599946857, "Home bonus": 0.6642498957356948, "Ext": 0.1}, "Santos / SP": {"Atk": 0.6456244174945917, "Def": 1.0076361627755717, "Home bonus": 0.6015162859535497, "Ext": 0.0}, "Botafogo / RJ": {"Atk": 1.0851710301581852, "Def": 0.8203032344806381, "Home bonus": 0.13714021650716474, "Ext": 0.1}, "Flamengo / RJ": {"Atk": 0.74097537089171, "Def": 0.7639014023899527, "Home bonus": 0.43604932270494473, "Ext": 0.0}, "S\u00e3o Paulo / SP": {"Atk": 0.7817723820358133, "Def": 0.9334398562473608, "Home bonus": 0.0, "Ext": 0.0}, "Bahia / BA": {"Atk": 0.7445893506122918, "Def": 0.8180720797342104, "Home bonus": 0.1752772236195952, "Ext": 0.0}, "Internacional / RS": {"Atk": 0.9988305020505522, "Def": 0.6680845181067734, "Home bonus": 0.2581712531397357, "Ext": 0.1}, "Goi\u00e1s / GO": {"Atk": 0.8237495703209725, "Def": 0.8272531771350168, "Home bonus": 0.2731205758188238, "Ext": 0.1}, "N\u00e1utico / PE": {"Atk": 0.3988031742932645, "Def": 0.4745642441937056, "Home bonus": 0.30704287837069916, "Ext": 0.0}, "Atl\u00e9tico / MG": {"Atk": 0.320005387688124, "Def": 0.9820594794744393, "Home bonus": 1.4885353056292887, "Ext": 0.0749734307026414}, "Athletico Paranaense / PR": {"Atk": 1.1722821407672754, "Def": 0.7471744804395449, "Home bonus": 0.22632459591209916, "Ext": 0.1}, "Portuguesa / SP": {"Atk": 0.7003354485645036, "Def": 0.6702027882494392, "Home bonus": 1.2473608680276589, "Ext": 0.1}}