{"Palmeiras / SP": {"Atk": 1.0, "Def": 0.6743488402638107, "Ext": 0.1}, "Chapecoense / SC": {"Atk": 0.277590878961411, "Def": 0.7301963811013046, "Ext": 0.1}, "Fluminense / RJ": {"Atk": 0.5526046579940017, "Def": 0.6109480417408139, "Ext": 0.1}, "S\u00e3o Paulo / SP": {"Atk": 0.6622796230020822, "Def": 0.6867292153010947, "Ext": 0.0}, "Cruzeiro / MG": {"Atk": 0.45062110028275665, "Def": 0.7679670477031212, "Ext": 0.0}, "Athletico Paranaense / PR": {"Atk": 0.5491145654727793, "Def": 0.7375786062257224, "Ext": 0.0}, "Sport / PE": {"Atk": 0.7041101741769942, "Def": 0.7668667160319067, "Ext": 0.1}, "Vasco da Gama / RJ": {"Atk": 0.25592018285050094, "Def": 0.3926842005682775, "Ext": 0.0}, "Gr\u00eamio / RS": {"Atk": 0.7496810708047748, "Def": 0.905586384535092, "Ext": 0.0}, "Ava\u00ed / SC": {"Atk": 0.4672282885146478, "Def": 0.4360218159175856, "Ext": 0.0}, "Coritiba / PR": {"Atk": 0.3413927767743747, "Def": 0.8452528152135436, "Ext": 0.0}, "Goi\u00e1s / GO": {"Atk": 0.44200507985858717, "Def": 0.9489851220007419, "Ext": 0.0}, "Corinthians / SP": {"Atk": 0.926762802043746, "Def": 0.9532368416784764, "Ext": 0.1}, "Flamengo / RJ": {"Atk": 0.7487443051260649, "Def": 0.5011329245044952, "Ext": 0.0}, "Santos / SP": {"Atk": 0.8677499469532012, "Def": 0.6346623213245743, "Ext": 0.1}, "Atl\u00e9tico / MG": {"Atk": 0.8749985564719794, "Def": 0.7001095382716456, "Ext": 0.0}, "Joinville / SC": {"Atk": 0.3027045430184787, "Def": 0.7137472656036684, "Ext": 0.09918264555322237}, "Ponte Preta / SP": {"Atk": 0.5657216014817921, "Def": 0.6590091628151072, "Ext": 0.1}, "Internacional / RS": {"Atk": 0.4485450729001492, "Def": 0.8050001836609845, "Ext": 0.0}, "Figueirense / SC": {"Atk": 0.42153933627248685, "Def": 0.5125301706538351, "Ext": 0.1}, "Home bonus": 0.512900574947986}