{"Vasco da Gama / RJ": {"Home": {"Atk": 1.0, "Def": 0.5862688683198233}, "Away": {"Atk": 0.7773017767008412, "Def": 0.5714279614114208}, "Ext": 0.1}, "Fluminense / RJ": {"Home": {"Atk": 1.4892969291041505, "Def": 0.45517796530813565}, "Away": {"Atk": 0.4405548446593992, "Def": 0.8841536454093597}, "Ext": 0.1}, "Corinthians / SP": {"Home": {"Atk": 0.654600517586166, "Def": 2.4768486396926424}, "Away": {"Atk": 0.7586946537111109, "Def": 2.5215207085430813}, "Ext": 0.0}, "Vit\u00f3ria / BA": {"Home": {"Atk": 1.4849149096514256, "Def": 0.59420365018525}, "Away": {"Atk": 0.5532256434753482, "Def": 0.9251233261895431}, "Ext": 0.1}, "Gr\u00eamio / RS": {"Home": {"Atk": 1.2688084339950052, "Def": 1.1479023566397497}, "Away": {"Atk": 0.7061339243345228, "Def": 1.0603806415736212}, "Ext": 0.0}, "Ponte Preta / SP": {"Home": {"Atk": 0.9794787359457394, "Def": 0.48317515942511174}, "Away": {"Atk": 1.0088166502214433, "Def": 0.48825175206212607}, "Ext": 0.1}, "Crici\u00fama / SC": {"Home": {"Atk": 1.720581787465034, "Def": 0.4190048852307191}, "Away": {"Atk": 0.5282539111277159, "Def": 0.5094208641116311}, "Ext": 0.1}, "Cruzeiro / MG": {"Home": {"Atk": 2.4662878824369785, "Def": 1.212080498093864}, "Away": {"Atk": 0.7502279029955616, "Def": 1.3085310182035015}, "Ext": 0.0}, "Coritiba / PR": {"Home": {"Atk": 1.1597903703934556, "Def": 0.6460201820847772}, "Away": {"Atk": 0.7063409070660899, "Def": 1.4433825713618167}, "Ext": 0.1}, "Santos / SP": {"Home": {"Atk": 1.4091252567572674, "Def": 0.7235012371950594}, "Away": {"Atk": 0.5102258644518264, "Def": 1.3634885349762262}, "Ext": 0.1}, "Botafogo / RJ": {"Home": {"Atk": 1.709860528277605, "Def": 0.9682106471746765}, "Away": {"Atk": 1.1598195642869835, "Def": 0.765269027588871}, "Ext": 0.1}, "Flamengo / RJ": {"Home": {"Atk": 0.8537738227531037, "Def": 0.5841077894438227}, "Away": {"Atk": 0.7035968418628804, "Def": 1.3584551615445979}, "Ext": 0.0}, "S\u00e3o Paulo / SP": {"Home": {"Atk": 1.0093645690622903, "Def": 0.3546278270730666}, "Away": {"Atk": 0.6562225337167259, "Def": 1.3351305257237616}, "Ext": 0.0}, "Bahia / BA": {"Home": {"Atk": 1.3971659397595437, "Def": 0.629216725174289}, "Away": {"Atk": 0.4092563628056641, "Def": 1.3987980555651958}, "Ext": 0.0}, "Internacional / RS": {"Home": {"Atk": 1.592148509588736, "Def": 0.4489534975339336}, "Away": {"Atk": 0.7954408042875839, "Def": 0.9104360730616184}, "Ext": 0.1}, "Goi\u00e1s / GO": {"Home": {"Atk": 1.2006488484563826, "Def": 0.7412531793217473}, "Away": {"Atk": 0.34509404201659927, "Def": 0.9867884312190698}, "Ext": 0.1}, "N\u00e1utico / PE": {"Home": {"Atk": 0.7290929056930384, "Def": 0.4237390054294022}, "Away": {"Atk": 0.34527046890913415, "Def": 0.918023108876354}, "Ext": 0.0}, "Atl\u00e9tico / MG": {"Home": {"Atk": 1.3922717868330043, "Def": 0.849087229031851}, "Away": {"Atk": 0.3014719114609572, "Def": 0.6874188161406373}, "Ext": 0.0}, "Athletico Paranaense / PR": {"Home": {"Atk": 1.9744857954186996, "Def": 0.6163677323431082}, "Away": {"Atk": 1.0681931737413488, "Def": 0.66519233574156}, "Ext": 0.1}, "Portuguesa / SP": {"Home": {"Atk": 1.2304571395390251, "Def": 0.5333077658537969}, "Away": {"Atk": 0.5536475335305334, "Def": 0.614073980715011}, "Ext": 0.1}}