{"Palmeiras / SP": {"Atk": 0.8753012387142641, "Def": 0.4828632236489528, "Ext": 0.0}, "Chapecoense / SC": {"Atk": 0.43640042386579714, "Def": 0.5405487102316553, "Ext": 0.014136847586480825}, "Fluminense / RJ": {"Atk": 0.5728239637797792, "Def": 0.47924142794148467, "Ext": 0.0}, "S\u00e3o Paulo / SP": {"Atk": 0.6089740433274193, "Def": 0.565066015124778, "Ext": 0.0}, "Cruzeiro / MG": {"Atk": 0.5229014802467963, "Def": 0.6130136281368255, "Ext": 0.0}, "Athletico Paranaense / PR": {"Atk": 0.5484623658474329, "Def": 0.4968869222292522, "Ext": 0.0}, "Sport / PE": {"Atk": 0.7020530808389293, "Def": 0.5589548500243554, "Ext": 0.1}, "Vasco da Gama / RJ": {"Atk": 0.3433445572447617, "Def": 0.3678794506039558, "Ext": 0.0}, "Gr\u00eamio / RS": {"Atk": 0.7218782898074388, "Def": 0.7000884247166661, "Ext": 0.0}, "Ava\u00ed / SC": {"Atk": 0.5148145623936101, "Def": 0.37005737127979177, "Ext": 0.0}, "Coritiba / PR": {"Atk": 0.3766952400971442, "Def": 0.5488604002209211, "Ext": 0.0}, "Goi\u00e1s / GO": {"Atk": 0.4809472572772647, "Def": 0.5497295509808093, "Ext": 0.0}, "Corinthians / SP": {"Atk": 0.893175545432723, "Def": 0.7386543532986245, "Ext": 0.1}, "Flamengo / RJ": {"Atk": 0.6580610136714976, "Def": 0.40828592549520193, "Ext": 0.0}, "Santos / SP": {"Atk": 0.8528764299669059, "Def": 0.5017320102402382, "Ext": 0.0}, "Atl\u00e9tico / MG": {"Atk": 0.8756103865698681, "Def": 0.5582517951093822, "Ext": 0.0}, "Joinville / SC": {"Atk": 0.39674106445095736, "Def": 0.5034411095906901, "Ext": 0.0}, "Ponte Preta / SP": {"Atk": 0.5980537824477018, "Def": 0.5546855091641373, "Ext": 0.1}, "Internacional / RS": {"Atk": 0.5180713887181488, "Def": 0.5464378110205823, "Ext": 0.0}, "Figueirense / SC": {"Atk": 0.5272513100612078, "Def": 0.41886859888447153, "Ext": 0.07095838697215477}}