{"ABC / RN": {"Home": {"Atk": 1.0, "Def": 0.8639809177355897}, "Away": {"Atk": 0.06326878378147019, "Def": 0.6737825880051185}, "Ext": 0.36261747124249505}, "N\u00e1utico / PE": {"Home": {"Atk": 0.23203109205949196, "Def": 0.6152683463758253}, "Away": {"Atk": 0.5423178033907333, "Def": 0.42640407774498124}, "Ext": 0.5710005114193818}, "Crici\u00fama / SC": {"Home": {"Atk": 0.6326334156465073, "Def": 0.5141242196356299}, "Away": {"Atk": 0.18513424885648916, "Def": 0.5948518202947143}, "Ext": 0.5792483071024777}, "Goi\u00e1s / GO": {"Home": {"Atk": 0.6851503648577968, "Def": 0.4030591842031602}, "Away": {"Atk": 0.20995208907180773, "Def": 0.7371850317464699}, "Ext": 0.016780976370910652}, "Guarani / SP": {"Home": {"Atk": 0.5904255210019519, "Def": 0.6782702139887591}, "Away": {"Atk": 0.4974013794311061, "Def": 0.48538823044498686}, "Ext": 0.0}, "Juventude / RS": {"Home": {"Atk": 0.6475397400458857, "Def": 0.8093164527831082}, "Away": {"Atk": 0.17012160932938342, "Def": 0.5373864599100814}, "Ext": 0.0}, "Londrina / PR": {"Home": {"Atk": 0.433686516290983, "Def": 0.8687759078466387}, "Away": {"Atk": 0.42424331045843844, "Def": 0.7339908777577894}, "Ext": 0.8181333362727858}, "Boa / MG": {"Home": {"Atk": 0.779304115156441, "Def": 0.5255317798251048}, "Away": {"Atk": 0.3870075737174359, "Def": 0.6151558597707594}, "Ext": 0.09619983325533589}, "Paysandu / PA": {"Home": {"Atk": 0.39888958430944566, "Def": 0.8996008375487776}, "Away": {"Atk": 0.6591745663413319, "Def": 0.5094461596518254}, "Ext": 0.0}, "CRB / AL": {"Home": {"Atk": 0.5150552454072653, "Def": 0.5555029306908689}, "Away": {"Atk": 0.34559694729750157, "Def": 0.5425326942139931}, "Ext": 0.6415064215192843}, "Cear\u00e1 / CE": {"Home": {"Atk": 0.4687050713199734, "Def": 0.6163849939699465}, "Away": {"Atk": 0.4902211659129048, "Def": 0.7950401525349717}, "Ext": 0.11543262198256515}, "Santa Cruz / PE": {"Home": {"Atk": 0.4779726882632991, "Def": 0.6878505345038949}, "Away": {"Atk": 0.45149784757534545, "Def": 1.0307104753338294}, "Ext": 0.0}, "Figueirense / SC": {"Home": {"Atk": 0.3398714293822674, "Def": 0.8899569630515815}, "Away": {"Atk": 0.3273194452369971, "Def": 0.7003331989798748}, "Ext": 0.49372333428993426}, "Vila Nova / GO": {"Home": {"Atk": 0.544051908702945, "Def": 0.6450113911180534}, "Away": {"Atk": 0.3475929631482543, "Def": 0.6686014665768101}, "Ext": 0.0}, "Oeste / SP": {"Home": {"Atk": 0.8357205845659169, "Def": 0.6279648054184541}, "Away": {"Atk": 0.1791475466791276, "Def": 0.7356799798050824}, "Ext": 0.5269722710304213}, "Brasil / RS": {"Home": {"Atk": 0.6640969403544483, "Def": 0.6058819364667607}, "Away": {"Atk": 0.18651325222452064, "Def": 0.325534343597623}, "Ext": 0.5797682989140047}, "Paran\u00e1 / PR": {"Home": {"Atk": 0.7106649139954986, "Def": 0.6971932006529251}, "Away": {"Atk": 0.39774597037088844, "Def": 0.8946641507761685}, "Ext": 0.6325509394356219}, "Am\u00e9rica / MG": {"Home": {"Atk": 0.5204090534323802, "Def": 0.6849627103259767}, "Away": {"Atk": 0.47908307838613834, "Def": 0.6802364610854728}, "Ext": 0.0}, "Luverdense / MT": {"Home": {"Atk": 0.5847520347467752, "Def": 0.5414803175926388}, "Away": {"Atk": 0.17287385833032112, "Def": 0.5882500761804015}, "Ext": 0.6222741715675104}, "Internacional / RS": {"Home": {"Atk": 0.5728032438363555, "Def": 0.5647169611022076}, "Away": {"Atk": 0.7637016532358053, "Def": 0.7007535826594988}, "Ext": 0.5431118260074979}}