{"Palmeiras / SP": {"Atk": 1.0, "Def": 0.7078134345991837}, "Flamengo / RJ": {"Atk": 0.393195649064505, "Def": 0.6489475510255188}, "Atl\u00e9tico / MG": {"Atk": 0.7255209450410423, "Def": 0.38383451525653095}, "Coritiba / PR": {"Atk": 0.4201731713928809, "Def": 0.5183002914640246}, "Botafogo / RJ": {"Atk": 0.5287782408924098, "Def": 0.41016389623679356}, "Santa Cruz / PE": {"Atk": 0.511138762142896, "Def": 0.46537626533910825}, "Corinthians / SP": {"Atk": 0.6933814227713903, "Def": 1.3222617010401205}, "Figueirense / SC": {"Atk": 0.2827301875325665, "Def": 0.604444950288726}, "Am\u00e9rica / MG": {"Atk": 0.24824575605783517, "Def": 0.38316581100140246}, "Internacional / RS": {"Atk": 0.4345693848140542, "Def": 0.8676067518242773}, "Vit\u00f3ria / BA": {"Atk": 0.4594883507275298, "Def": 0.470782466470076}, "Fluminense / RJ": {"Atk": 0.34966731206830287, "Def": 0.7023095731355662}, "Cruzeiro / MG": {"Atk": 0.5685158060723169, "Def": 0.3696525639815466}, "Santos / SP": {"Atk": 0.8443884637805618, "Def": 1.0899254709967214}, "Athletico Paranaense / PR": {"Atk": 0.4653463566726733, "Def": 0.9357516463570065}, "Chapecoense / SC": {"Atk": 0.7060284232964674, "Def": 0.34850645408464553}, "S\u00e3o Paulo / SP": {"Atk": 0.41784955084793335, "Def": 0.7462684680777295}, "Gr\u00eamio / RS": {"Atk": 0.7986855761374132, "Def": 0.6773520667845778}, "Ponte Preta / SP": {"Atk": 0.4630181746484055, "Def": 0.4538193660814097}, "Sport / PE": {"Atk": 0.621356789100431, "Def": 0.39018424189952156}, "Home bonus": 0.5371915043258508}