{"Cruzeiro / MG": {"Atk": 1.0, "Def": 1.926105708783606, "Ext": 0.0}, "Athletico Paranaense / PR": {"Atk": 1.6237201896633913, "Def": 1.3197967841584186, "Ext": 0.0}, "Am\u00e9rica / MG": {"Atk": 1.2200626861089356, "Def": 1.2244208113839783, "Ext": 0.1}, "Vit\u00f3ria / BA": {"Atk": 1.2424923028974721, "Def": 0.8718332326963418, "Ext": 0.1}, "Vasco da Gama / RJ": {"Atk": 1.4553679437435159, "Def": 0.9922656046248484, "Ext": 0.0}, "Botafogo / RJ": {"Atk": 1.2181035203214405, "Def": 1.072018971849355, "Ext": 0.026287896186351696}, "S\u00e3o Paulo / SP": {"Atk": 1.8667337107175461, "Def": 1.8220873317060753, "Ext": 0.1}, "Santos / SP": {"Atk": 1.5654621289061847, "Def": 1.4604419395420045, "Ext": 0.1}, "Corinthians / SP": {"Atk": 1.4002055505696713, "Def": 1.592938127087835, "Ext": 0.06117062011331963}, "Internacional / RS": {"Atk": 1.7226185955347946, "Def": 2.3905531322797637, "Ext": 0.1}, "Atl\u00e9tico / MG": {"Atk": 2.1785846667678506, "Def": 1.2308245231707904, "Ext": 0.1}, "Paran\u00e1 / PR": {"Atk": 0.5964433894286646, "Def": 1.123270289929103, "Ext": 0.0}, "Chapecoense / SC": {"Atk": 1.4375247772724498, "Def": 1.0128316862271394, "Ext": 0.0}, "Bahia / BA": {"Atk": 1.3815233397306697, "Def": 1.2435635298348349, "Ext": 0.0}, "Fluminense / RJ": {"Atk": 1.2666885041654214, "Def": 1.1794043474850822, "Ext": 0.1}, "Flamengo / RJ": {"Atk": 1.8605800418641032, "Def": 1.6489232627631782, "Ext": 0.0}, "Cear\u00e1 / CE": {"Atk": 0.9140810910890956, "Def": 1.4929037537121244, "Ext": 0.06002502607246164}, "Sport / PE": {"Atk": 1.1268850568843358, "Def": 0.8953373080292087, "Ext": 0.0}, "Palmeiras / SP": {"Atk": 1.9391027332532451, "Def": 2.099820867297302, "Ext": 0.0}, "Gr\u00eamio / RS": {"Atk": 1.6502687876384798, "Def": 2.937033691327807, "Ext": 0.0}}