{"Guarani / SP": {"Atk": 1.0, "Def": 2.5022332065423165, "Home bonus": 0.6386760576975895}, "Botafogo / SP": {"Atk": 2.0487665106728548, "Def": 2.427013834993838, "Home bonus": 0.22807345647679111}, "S\u00e3o Bento / SP": {"Atk": 2.631775662649858, "Def": 1.6252194625422038, "Home bonus": 0.0}, "Vila Nova / GO": {"Atk": 1.5682138476558456, "Def": 2.2867930000688212, "Home bonus": 0.0}, "Coritiba / PR": {"Atk": 2.2958576026197504, "Def": 2.1835856005523695, "Home bonus": 0.5902233858674113}, "Oper\u00e1rio / PR": {"Atk": 1.5388378533461913, "Def": 2.0862225806234194, "Home bonus": 0.4432258578821005}, "Crici\u00fama / SC": {"Atk": 1.09298407514677, "Def": 2.305404887454522, "Home bonus": 0.5228491284204136}, "Brasil / RS": {"Atk": 1.959607405223559, "Def": 2.1441428381981003, "Home bonus": 0.0}, "Sport / PE": {"Atk": 2.97010825481189, "Def": 2.4939710182320627, "Home bonus": 0.19404719364449666}, "CRB / AL": {"Atk": 2.6867725786546806, "Def": 2.0092760777810996, "Home bonus": 0.0}, "Ponte Preta / SP": {"Atk": 2.0131851828914167, "Def": 2.297956096417868, "Home bonus": 0.5105794741819654}, "Red Bull Bragantino / SP": {"Atk": 2.8685438356249104, "Def": 4.220484234301467, "Home bonus": 0.7606838335845288}, "Oeste / SP": {"Atk": 2.4282072703807867, "Def": 2.316472885708186, "Home bonus": 0.003573847072659759}, "Atl\u00e9tico / GO": {"Atk": 1.7161371049597571, "Def": 3.3953534984393587, "Home bonus": 0.6717966863019332}, "Paran\u00e1 / PR": {"Atk": 1.9159879254967151, "Def": 3.24272248191747, "Home bonus": 0.0}, "Londrina / PR": {"Atk": 2.1245063791969456, "Def": 1.7229339492406206, "Home bonus": 0.42413114148611814}, "Figueirense / SC": {"Atk": 1.391853853224269, "Def": 2.30205645376096, "Home bonus": 0.2728834641451421}, "Am\u00e9rica / MG": {"Atk": 1.9419132117756064, "Def": 2.4123176347559028, "Home bonus": 0.448889049434844}, "Vit\u00f3ria / BA": {"Atk": 1.9675328259127458, "Def": 1.8399137976399087, "Home bonus": 0.18190912977019777}, "Cuiab\u00e1 / MT": {"Atk": 1.907587589558566, "Def": 2.2375005163823043, "Home bonus": 0.45898767103840715}}