{"Guarani / SP": {"Atk": 1.0, "Def": 2.2065576577399244, "Home bonus": 0.697000289429828, "Ext": 0.07575946131067349}, "Vila Nova / GO": {"Atk": 1.5293310660681632, "Def": 3.1450677715333373, "Home bonus": 0.0, "Ext": 0.0}, "Crici\u00fama / SC": {"Atk": 0.9724809847934281, "Def": 1.735058752257622, "Home bonus": 0.6276496198178202, "Ext": 0.0}, "Ituano / SP": {"Atk": 1.0866875606803257, "Def": 1.2766937149436075, "Home bonus": 0.44496849948246764, "Ext": 0.0}, "Mirassol / SP": {"Atk": 1.0992931678734705, "Def": 1.4240412948976389, "Home bonus": 0.2276638700674327, "Ext": 0.0}, "Vit\u00f3ria / BA": {"Atk": 1.3449212655899467, "Def": 2.051751079198805, "Home bonus": 0.6768190708806268, "Ext": 0.0}, "Sampaio Corr\u00eaa / MA": {"Atk": 0.4797903800419295, "Def": 1.1816334504691255, "Home bonus": 0.45656538002002794, "Ext": 0.0}, "Juventude / RS": {"Atk": 1.4009371187448363, "Def": 1.8526352654788183, "Home bonus": 0.0, "Ext": 0.0}, "Londrina / PR": {"Atk": 0.512022020393115, "Def": 0.7629848534705636, "Home bonus": 0.8527072560495322, "Ext": 0.0}, "CRB / AL": {"Atk": 1.1473134968825973, "Def": 1.1407163670162976, "Home bonus": 0.3414673996243432, "Ext": 0.0}, "Ponte Preta / SP": {"Atk": 0.30423694677194524, "Def": 2.709088893153874, "Home bonus": 0.45176964051129187, "Ext": 0.13559555618246724}, "Atl\u00e9tico / GO": {"Atk": 0.8541611138173991, "Def": 1.4362569156016953, "Home bonus": 0.33156169245939965, "Ext": 0.5002759318760903}, "Ava\u00ed / SC": {"Atk": 0.868960996883973, "Def": 1.0921668661040138, "Home bonus": 0.08286308826913989, "Ext": 0.18044317039895053}, "Botafogo / SP": {"Atk": 0.8288014247031337, "Def": 1.1393394732658406, "Home bonus": 0.0, "Ext": 0.0}, "Novorizontino / SP": {"Atk": 1.433863632904697, "Def": 1.929649845013289, "Home bonus": 0.29408247288920286, "Ext": 0.0}, "Sport / PE": {"Atk": 0.705886082115741, "Def": 2.917832000434328, "Home bonus": 1.1390832428849307, "Ext": 0.19077287533913886}, "Cear\u00e1 / CE": {"Atk": 1.431165747229276, "Def": 1.1359413181173497, "Home bonus": 0.0, "Ext": 0.0}, "Chapecoense / SC": {"Atk": 1.0277324007544342, "Def": 1.342467209162921, "Home bonus": 0.0, "Ext": 0.20046305290875538}, "Tombense / MG": {"Atk": 0.5538087489637173, "Def": 0.9060742592885297, "Home bonus": 0.7122178563351563, "Ext": 0.1439988973202856}, "ABC / RN": {"Atk": 0.4292166010411089, "Def": 1.22342065147896, "Home bonus": 0.0, "Ext": 0.23297073896994297}}