{"Guarani / SP": {"Home": {"Atk": 1.0, "Def": 0.7127691481490238}, "Away": {"Atk": 0.28724448169582095, "Def": 0.6678828389823602}, "Ext": 0.0}, "Vila Nova / GO": {"Home": {"Atk": 0.6651306644293924, "Def": 0.9122305460748361}, "Away": {"Atk": 0.8331053649923279, "Def": 0.7073086188748124}, "Ext": 0.0}, "Crici\u00fama / SC": {"Home": {"Atk": 0.675897176132593, "Def": 0.6869972391147092}, "Away": {"Atk": 0.44178906357532594, "Def": 0.7593884772599273}, "Ext": 0.0}, "Ituano / SP": {"Home": {"Atk": 0.65263501968438, "Def": 0.6450406901714111}, "Away": {"Atk": 0.27545367671661586, "Def": 0.46014832484556933}, "Ext": 0.09331435831274948}, "Mirassol / SP": {"Home": {"Atk": 0.5430905378833867, "Def": 0.8685360766720722}, "Away": {"Atk": 0.42049267401767515, "Def": 0.796294632568122}, "Ext": 0.3287929241904264}, "Vit\u00f3ria / BA": {"Home": {"Atk": 0.8475752513933145, "Def": 0.9040227986465951}, "Away": {"Atk": 0.8233657866944193, "Def": 0.7163405430497376}, "Ext": 0.17544114727907045}, "Sampaio Corr\u00eaa / MA": {"Home": {"Atk": 0.568715540849269, "Def": 0.4556362589456453}, "Away": {"Atk": 0.13733101518809007, "Def": 0.8287399652800345}, "Ext": 0.0}, "Juventude / RS": {"Home": {"Atk": 0.7102361026171063, "Def": 0.4510201891371186}, "Away": {"Atk": 0.5378467796630811, "Def": 0.5880371085597489}, "Ext": 0.0}, "Londrina / PR": {"Home": {"Atk": 0.5132775669091769, "Def": 0.6459955237812907}, "Away": {"Atk": 0.22017323380866854, "Def": 0.26041434714154527}, "Ext": 0.07120194781424202}, "CRB / AL": {"Home": {"Atk": 0.4357322412860841, "Def": 0.6571127656499798}, "Away": {"Atk": 0.40851684348449513, "Def": 0.7903461451371692}, "Ext": 0.13952175214063992}, "Ponte Preta / SP": {"Home": {"Atk": 0.2946696395450685, "Def": 0.7500563547018949}, "Away": {"Atk": 0.04932395162616077, "Def": 0.5415227074198372}, "Ext": 0.3595391006815775}, "Atl\u00e9tico / GO": {"Home": {"Atk": 0.4672331390177231, "Def": 0.6007309186060016}, "Away": {"Atk": 0.3947626875526064, "Def": 0.4399695286766732}, "Ext": 0.2460888254670864}, "Ava\u00ed / SC": {"Home": {"Atk": 0.187930252072651, "Def": 0.670022128678956}, "Away": {"Atk": 0.12298606523173203, "Def": 0.534936119308226}, "Ext": 0.17079979363468298}, "Botafogo / SP": {"Home": {"Atk": 0.3641945731322835, "Def": 0.33608909822904287}, "Away": {"Atk": 0.5248292150150182, "Def": 0.4897428504173713}, "Ext": 0.0}, "Novorizontino / SP": {"Home": {"Atk": 0.4354574677822667, "Def": 0.7000226609499339}, "Away": {"Atk": 0.8652395341317861, "Def": 0.9884522854727663}, "Ext": 0.0}, "Sport / PE": {"Home": {"Atk": 0.9546815229553149, "Def": 0.7759245273963233}, "Away": {"Atk": 0.16408025786385924, "Def": 0.7494538536498897}, "Ext": 0.4288127154508029}, "Cear\u00e1 / CE": {"Home": {"Atk": 0.34448363761507794, "Def": 0.40664859840485734}, "Away": {"Atk": 0.6380351262903967, "Def": 1.0057309277276163}, "Ext": 0.384933995413261}, "Chapecoense / SC": {"Home": {"Atk": 0.4410246357768173, "Def": 0.6816708982211424}, "Away": {"Atk": 0.8510094014627024, "Def": 0.33167533615226336}, "Ext": 0.0}, "Tombense / MG": {"Home": {"Atk": 0.4123906497563999, "Def": 0.3971807705703882}, "Away": {"Atk": 0.1370877394007231, "Def": 0.5247971841769595}, "Ext": 0.18391320130992472}, "ABC / RN": {"Home": {"Atk": 0.2450953040492403, "Def": 0.6808403457776344}, "Away": {"Atk": 0.0, "Def": 0.3483843476930706}, "Ext": 0.1165117273631062}}