{"ABC / RN": {"Atk": 1.0, "Def": 0.8859058655096755, "Ext": 0.03742259773749875}, "N\u00e1utico / PE": {"Atk": 0.8041679024529681, "Def": 0.6823796938890696, "Ext": 0.1}, "Crici\u00fama / SC": {"Atk": 1.1019043519003966, "Def": 1.3535162585283296, "Ext": 0.1}, "Goi\u00e1s / GO": {"Atk": 1.4111994186653305, "Def": 0.8859152952622581, "Ext": 0.0}, "Guarani / SP": {"Atk": 1.4642519496427158, "Def": 1.3161987514921405, "Ext": 0.1}, "Juventude / RS": {"Atk": 1.751486272951876, "Def": 2.376484611684012, "Ext": 0.1}, "Londrina / PR": {"Atk": 1.7865004438963736, "Def": 0.9023981429505497, "Ext": 0.0}, "Boa / MG": {"Atk": 0.9055113468919143, "Def": 1.2461225995127236, "Ext": 0.1}, "Paysandu / PA": {"Atk": 0.8088403413622368, "Def": 1.848518997225251, "Ext": 0.0}, "CRB / AL": {"Atk": 0.794971752061737, "Def": 1.2793241258858077, "Ext": 0.0}, "Cear\u00e1 / CE": {"Atk": 1.2593166017156354, "Def": 1.6992396655720212, "Ext": 0.0}, "Santa Cruz / PE": {"Atk": 1.3364722512284806, "Def": 1.1946729041695505, "Ext": 0.0}, "Figueirense / SC": {"Atk": 1.2287411442202658, "Def": 0.8599063564214837, "Ext": 0.0}, "Vila Nova / GO": {"Atk": 1.328570424936125, "Def": 2.1698972301636408, "Ext": 0.1}, "Oeste / SP": {"Atk": 0.753734511617625, "Def": 2.0763915457125326, "Ext": 0.1}, "Brasil / RS": {"Atk": 1.0234977639277587, "Def": 0.9550427498547821, "Ext": 0.0}, "Paran\u00e1 / PR": {"Atk": 0.8151005225430342, "Def": 2.748401014807921, "Ext": 0.1}, "Am\u00e9rica / MG": {"Atk": 1.3507628339802393, "Def": 2.023685876910269, "Ext": 0.0}, "Luverdense / MT": {"Atk": 1.4458941056539385, "Def": 0.9704756728850432, "Ext": 0.0}, "Internacional / RS": {"Atk": 1.2383486584676298, "Def": 1.762502810195274, "Ext": 0.1}, "Home bonus": 0.2924862991141617}