{"Palmeiras / SP": {"Atk": 1.0, "Def": 1.3023121325963312, "Home bonus": 1.6288215198992715, "Ext": 0.1}, "Flamengo / RJ": {"Atk": 1.064890463115487, "Def": 1.250452000421286, "Home bonus": 0.1463375489379373, "Ext": 0.1}, "Atl\u00e9tico / MG": {"Atk": 1.3342457126442098, "Def": 0.8474470060472037, "Home bonus": 0.7195365478417557, "Ext": 0.0}, "Coritiba / PR": {"Atk": 0.7361650714846225, "Def": 0.8492356682971647, "Home bonus": 0.4743231460496584, "Ext": 0.1}, "Botafogo / RJ": {"Atk": 0.9033233190004886, "Def": 0.7303147227051474, "Home bonus": 0.7357439874838808, "Ext": 0.1}, "Santa Cruz / PE": {"Atk": 1.0622257860802637, "Def": 1.00200579949021, "Home bonus": 0.0, "Ext": 0.0}, "Corinthians / SP": {"Atk": 1.1247897610537436, "Def": 2.19765416915092, "Home bonus": 0.7529392768312481, "Ext": 0.0}, "Figueirense / SC": {"Atk": 0.6803985030178096, "Def": 1.2523000146251324, "Home bonus": 0.5114937372261322, "Ext": 0.1}, "Am\u00e9rica / MG": {"Atk": 0.6077421382721749, "Def": 0.6825724759126713, "Home bonus": 0.0, "Ext": 0.1}, "Internacional / RS": {"Atk": 0.9945120394896309, "Def": 1.0565714848859638, "Home bonus": 0.0, "Ext": 0.1}, "Vit\u00f3ria / BA": {"Atk": 0.8149990650623546, "Def": 0.7580944083484609, "Home bonus": 0.9173097517307396, "Ext": 0.1}, "Fluminense / RJ": {"Atk": 0.6701612401755525, "Def": 1.4329207189373991, "Home bonus": 0.8926291270924317, "Ext": 0.1}, "Cruzeiro / MG": {"Atk": 1.2189068773754559, "Def": 0.5938644236681165, "Home bonus": 0.12926365704970277, "Ext": 0.0}, "Santos / SP": {"Atk": 1.7264550393135325, "Def": 2.140145079991779, "Home bonus": 0.0, "Ext": 0.1}, "Athletico Paranaense / PR": {"Atk": 0.6531260685217337, "Def": 2.3726277626873116, "Home bonus": 0.8353418965396059, "Ext": 0.0}, "Chapecoense / SC": {"Atk": 1.449785138500272, "Def": 0.7247793147635476, "Home bonus": 0.0, "Ext": 0.1}, "S\u00e3o Paulo / SP": {"Atk": 0.7378263422938816, "Def": 1.0724114293211575, "Home bonus": 0.6524473740011187, "Ext": 0.1}, "Gr\u00eamio / RS": {"Atk": 1.1912613726483003, "Def": 1.6484127787047118, "Home bonus": 0.38319052875655274, "Ext": 0.1}, "Ponte Preta / SP": {"Atk": 0.7536221047141831, "Def": 0.7579877751695904, "Home bonus": 0.9959085761801266, "Ext": 0.0}, "Sport / PE": {"Atk": 0.853529036241561, "Def": 0.743243060977992, "Home bonus": 1.3988496278442664, "Ext": 0.1}}