{"Palmeiras / SP": {"Atk": 1.053435617022315, "Def": 0.6757716053675458, "Ext": 0.0}, "Flamengo / RJ": {"Atk": 0.60656557633458, "Def": 0.5219657173003606, "Ext": 0.0}, "Atl\u00e9tico / MG": {"Atk": 0.6304247234003628, "Def": 0.5826849634050975, "Ext": 0.2360907378913954}, "Coritiba / PR": {"Atk": 0.22819143509172168, "Def": 0.9840506817601506, "Ext": 0.5252926350879648}, "Botafogo / RJ": {"Atk": 0.37556507811717477, "Def": 0.498133626871205, "Ext": 0.4880845979746015}, "Santa Cruz / PE": {"Atk": 0.6181190681059467, "Def": 0.44083880774603074, "Ext": 0.0}, "Corinthians / SP": {"Atk": 0.7651864350086802, "Def": 1.1572692235291795, "Ext": 0.0}, "Figueirense / SC": {"Atk": 0.19515993298881185, "Def": 0.8928085278605237, "Ext": 0.4320749079877027}, "Am\u00e9rica / MG": {"Atk": 0.24371600864139717, "Def": 0.3248819624118802, "Ext": 0.0}, "Internacional / RS": {"Atk": 0.38264726450595776, "Def": 0.9003109241802283, "Ext": 0.18997630371478666}, "Vit\u00f3ria / BA": {"Atk": 0.2639486433706641, "Def": 0.7794312341557735, "Ext": 0.6677304214625003}, "Fluminense / RJ": {"Atk": 0.3872069423736148, "Def": 0.7762776160863448, "Ext": 0.19286885749372884}, "Cruzeiro / MG": {"Atk": 0.5229453469045388, "Def": 0.36239077127196545, "Ext": 0.0}, "Santos / SP": {"Atk": 0.968150335168525, "Def": 0.8120774404107259, "Ext": 0.049555655012648435}, "Athletico Paranaense / PR": {"Atk": 0.5569994253491335, "Def": 0.6622816967898587, "Ext": 0.0}, "Chapecoense / SC": {"Atk": 0.48843986077710927, "Def": 0.4710785352751986, "Ext": 0.3819993414322582}, "S\u00e3o Paulo / SP": {"Atk": 0.5336949265009194, "Def": 0.6523135384773444, "Ext": 0.0}, "Gr\u00eamio / RS": {"Atk": 0.8313222326446451, "Def": 0.6267658391478165, "Ext": 0.09604893664962777}, "Ponte Preta / SP": {"Atk": 0.6626015720631175, "Def": 0.39861279478492256, "Ext": 0.0}, "Sport / PE": {"Atk": 0.604250731434762, "Def": 0.5138735533714305, "Ext": 0.2784552284940688}}