{"Palmeiras / SP": {"Atk": 0.8850761096360652, "Def": 0.7225739869161496, "Ext": 0.0}, "Chapecoense / SC": {"Atk": 0.3146916963841646, "Def": 0.8113533594579148, "Ext": 0.1}, "Fluminense / RJ": {"Atk": 0.5600618432614682, "Def": 0.8260307459032012, "Ext": 0.1}, "S\u00e3o Paulo / SP": {"Atk": 0.6565188425310986, "Def": 0.5497006573527633, "Ext": 0.0}, "Cruzeiro / MG": {"Atk": 0.36437769025342504, "Def": 0.9594154911604599, "Ext": 0.0}, "Athletico Paranaense / PR": {"Atk": 0.568799268178908, "Def": 0.6353225231531335, "Ext": 0.1}, "Sport / PE": {"Atk": 0.8485124926214703, "Def": 0.6299766430735937, "Ext": 0.1}, "Vasco da Gama / RJ": {"Atk": 0.1705300174060308, "Def": 0.3725891487164642, "Ext": 0.0}, "Gr\u00eamio / RS": {"Atk": 0.7192463259595575, "Def": 0.8030392534941898, "Ext": 0.0}, "Ava\u00ed / SC": {"Atk": 0.4133951667954574, "Def": 0.4277784274704109, "Ext": 0.0}, "Coritiba / PR": {"Atk": 0.2737796643506778, "Def": 0.6075635113249269, "Ext": 0.1}, "Goi\u00e1s / GO": {"Atk": 0.3848756269767519, "Def": 0.9765681494485005, "Ext": 0.1}, "Corinthians / SP": {"Atk": 0.7252481368917174, "Def": 0.9163007651121777, "Ext": 0.1}, "Flamengo / RJ": {"Atk": 0.5578995739781659, "Def": 0.41275479521117064, "Ext": 0.1}, "Santos / SP": {"Atk": 0.6451249921813415, "Def": 0.5621189866097079, "Ext": 0.1}, "Atl\u00e9tico / MG": {"Atk": 0.9418431216817172, "Def": 0.648477784243652, "Ext": 0.06512749019141179}, "Joinville / SC": {"Atk": 0.25095754671957066, "Def": 0.6161253431187906, "Ext": 0.0}, "Ponte Preta / SP": {"Atk": 0.5720270589972619, "Def": 0.62126885823307, "Ext": 0.1}, "Internacional / RS": {"Atk": 0.3080789401866184, "Def": 0.6390409077402797, "Ext": 0.0}, "Figueirense / SC": {"Atk": 0.436802741155674, "Def": 0.5045505002283279, "Ext": 0.1}, "Home bonus": 0.4888968282798816}