{"Flamengo / RJ": {"Home": {"Atk": 1.0, "Def": 0.8719180115243729}, "Away": {"Atk": 0.8787677928142241, "Def": 0.4716233496471819}, "Ext": 0.0}, "Botafogo / RJ": {"Home": {"Atk": 1.2803424857993948, "Def": 1.883723709126567}, "Away": {"Atk": 0.732762658574561, "Def": 1.026096123026923}, "Ext": 0.1}, "Palmeiras / SP": {"Home": {"Atk": 1.1687161957871346, "Def": 0.7207690052061813}, "Away": {"Atk": 0.8437693413291445, "Def": 0.8730690138252228}, "Ext": 0.1}, "Corinthians / SP": {"Home": {"Atk": 0.98901148108558, "Def": 0.745014821832958}, "Away": {"Atk": 0.375422456727813, "Def": 0.6736328839973613}, "Ext": 0.0}, "Red Bull Bragantino / SP": {"Home": {"Atk": 0.7932713983202399, "Def": 0.735852523235136}, "Away": {"Atk": 0.9002823521025781, "Def": 0.8313229623764699}, "Ext": 0.0}, "Atl\u00e9tico Mineiro / MG": {"Home": {"Atk": 0.7082264617543936, "Def": 0.5581874092801636}, "Away": {"Atk": 0.6656455462036143, "Def": 1.1840482848979477}, "Ext": 0.0}, "Gr\u00eamio / RS": {"Home": {"Atk": 1.149051902762853, "Def": 0.5629061622244654}, "Away": {"Atk": 0.5599320198171124, "Def": 0.4814108503621816}, "Ext": 0.0}, "Athletico Paranaense / PR": {"Home": {"Atk": 1.1627024173831366, "Def": 0.6336059830256433}, "Away": {"Atk": 0.5235041655360891, "Def": 0.572495351949967}, "Ext": 0.0}, "Fortaleza / CE": {"Home": {"Atk": 0.8541985891468472, "Def": 0.6516783117374416}, "Away": {"Atk": 0.44085156419915184, "Def": 0.6961977651498386}, "Ext": 0.0}, "Am\u00e9rica / MG": {"Home": {"Atk": 0.6547936415258244, "Def": 0.2587124539534659}, "Away": {"Atk": 0.6761257500735524, "Def": 0.3732501593178186}, "Ext": 0.0}, "Fluminense / RJ": {"Home": {"Atk": 0.8970821896666779, "Def": 1.1917242721053878}, "Away": {"Atk": 0.6111951797911216, "Def": 0.5284027741580295}, "Ext": 0.1}, "Vasco da Gama / RJ": {"Home": {"Atk": 0.3247497483176028, "Def": 0.42037328849795}, "Away": {"Atk": 0.7044506235554459, "Def": 0.4570800477470922}, "Ext": 0.0}, "S\u00e3o Paulo / SP": {"Home": {"Atk": 0.9810728590089207, "Def": 0.5611287371283675}, "Away": {"Atk": 0.4601950433616087, "Def": 0.7936510123077806}, "Ext": 0.1}, "Santos / SP": {"Home": {"Atk": 0.9855854418460737, "Def": 0.423673821722005}, "Away": {"Atk": 0.19128447103276558, "Def": 0.39579617506000636}, "Ext": 0.1}, "Goi\u00e1s / GO": {"Home": {"Atk": 0.7236984525798731, "Def": 0.4125467214548059}, "Away": {"Atk": 0.4168055227838103, "Def": 0.5670151044414715}, "Ext": 0.1}, "Cruzeiro / MG": {"Home": {"Atk": 0.21634742584211397, "Def": 0.7109969879642483}, "Away": {"Atk": 0.899280567919289, "Def": 0.8366060259275716}, "Ext": 0.1}, "Internacional / RS": {"Home": {"Atk": 0.7076075268863302, "Def": 0.680189391015617}, "Away": {"Atk": 0.3981506042015206, "Def": 0.593308247612862}, "Ext": 0.1}, "Coritiba / PR": {"Home": {"Atk": 0.5151889574444883, "Def": 0.5014151645319186}, "Away": {"Atk": 0.6443144754930633, "Def": 0.3603871038581666}, "Ext": 0.0}, "Bahia / BA": {"Home": {"Atk": 0.861067307388847, "Def": 0.5100542297062551}, "Away": {"Atk": 0.23802677147534135, "Def": 0.6364819955786779}, "Ext": 0.1}, "Cuiab\u00e1 / MT": {"Home": {"Atk": 0.7841523793254973, "Def": 0.480962669349422}, "Away": {"Atk": 0.4984562628820745, "Def": 0.7790352852107678}, "Ext": 0.0}}