{"Cruzeiro / MG": {"Atk": 1.0, "Def": 0.709736095453831, "Home bonus": 0.0}, "Ava\u00ed / SC": {"Atk": 1.0932515175454338, "Def": 0.7614815835002758, "Home bonus": 0.0}, "CSA / AL": {"Atk": 0.6332237557670639, "Def": 0.679700903930642, "Home bonus": 0.7422282773973515}, "Ponte Preta / SP": {"Atk": 1.5250462638940105, "Def": 0.7045137327302271, "Home bonus": 0.0}, "Oeste / SP": {"Atk": 0.7317271138741187, "Def": 0.6028800298853546, "Home bonus": 0.0}, "Oper\u00e1rio / PR": {"Atk": 0.4497665435512873, "Def": 1.1462764865427895, "Home bonus": 1.5662630547868674}, "Juventude / RS": {"Atk": 1.4309548671580679, "Def": 0.7663735626320316, "Home bonus": 0.0}, "Vit\u00f3ria / BA": {"Atk": 0.6900705832032679, "Def": 1.130370484034158, "Home bonus": 1.280427649006177}, "Confian\u00e7a / SE": {"Atk": 0.4190479329632764, "Def": 0.8414425089601008, "Home bonus": 0.9569479175582436}, "Cuiab\u00e1 / MT": {"Atk": 1.1461170891137682, "Def": 3.0811984027874564, "Home bonus": 0.6060922536813251}, "Am\u00e9rica / MG": {"Atk": 0.8234864677726371, "Def": 1.5003726627705114, "Home bonus": 0.0}, "Figueirense / SC": {"Atk": 0.44121225056404556, "Def": 1.1324232529460618, "Home bonus": 0.0}, "CRB / AL": {"Atk": 1.0305464117307102, "Def": 0.8300788058853716, "Home bonus": 0.2716203176474395}, "Guarani / SP": {"Atk": 0.9031106018930699, "Def": 0.5314396611953998, "Home bonus": 0.015035550175851555}, "Botafogo / SP": {"Atk": 0.3928090882858759, "Def": 0.9604799734611675, "Home bonus": 0.32351226506384273}, "Paran\u00e1 / PR": {"Atk": 1.1590453229752224, "Def": 1.8996143150257643, "Home bonus": 0.0}, "Brasil / RS": {"Atk": 0.37748489981139133, "Def": 2.160638146060102, "Home bonus": 0.5230513682129501}, "N\u00e1utico / PE": {"Atk": 0.8810763480145729, "Def": 0.6753777740209728, "Home bonus": 0.7319435755420556}, "Sampaio Corr\u00eaa / MA": {"Atk": 1.334269962110139, "Def": 0.9430568111690758, "Home bonus": 0.0}, "Chapecoense / SC": {"Atk": 0.653865234664772, "Def": 1367.2285670456754, "Home bonus": 0.0}}