{"Cruzeiro / MG": {"Home": {"Atk": 1.0, "Def": 0.567847040280788}, "Away": {"Atk": 0.5991230823705618, "Def": 0.596282808500463}, "Ext": 0.2754368828271135}, "Ava\u00ed / SC": {"Home": {"Atk": 0.4857241368280584, "Def": 0.5503812058630069}, "Away": {"Atk": 0.5560544849794182, "Def": 0.6744495377252168}, "Ext": 0.36166839197502565}, "CSA / AL": {"Home": {"Atk": 0.6763748942338375, "Def": 0.5850817630567516}, "Away": {"Atk": 0.5989185179255888, "Def": 0.46439644777194683}, "Ext": 0.0}, "Ponte Preta / SP": {"Home": {"Atk": 0.44550947590251444, "Def": 0.9863041389739974}, "Away": {"Atk": 0.4836419717000469, "Def": 0.7490368783532448}, "Ext": 0.5575736819686352}, "Oeste / SP": {"Home": {"Atk": 0.24872308679130253, "Def": 0.39369043867555137}, "Away": {"Atk": 0.39404111015753424, "Def": 0.1474219321126323}, "Ext": 0.0}, "Oper\u00e1rio / PR": {"Home": {"Atk": 0.48206247425663756, "Def": 0.8225898693325829}, "Away": {"Atk": 0.21857575877197916, "Def": 0.5729939981355572}, "Ext": 0.15394433933466495}, "Juventude / RS": {"Home": {"Atk": 0.5977176328559864, "Def": 0.7042835158362601}, "Away": {"Atk": 0.4563650915580432, "Def": 0.7125874417976001}, "Ext": 0.39587695825430785}, "Vit\u00f3ria / BA": {"Home": {"Atk": 0.484140389495815, "Def": 0.9583099071193896}, "Away": {"Atk": 0.05180968168055103, "Def": 0.8301450538524412}, "Ext": 0.20804892691085694}, "Confian\u00e7a / SE": {"Home": {"Atk": 0.5026352837282455, "Def": 0.6550896137147043}, "Away": {"Atk": 0.32607840513403447, "Def": 0.526324185949839}, "Ext": 0.10389273876551505}, "Cuiab\u00e1 / MT": {"Home": {"Atk": 0.5165216014537389, "Def": 0.9348860173524468}, "Away": {"Atk": 0.298476464180889, "Def": 0.6700144435784755}, "Ext": 0.3469813177573583}, "Am\u00e9rica / MG": {"Home": {"Atk": 0.582995067196372, "Def": 0.6246832306138262}, "Away": {"Atk": 0.39271467142395683, "Def": 0.9190789555544416}, "Ext": 0.0}, "Figueirense / SC": {"Home": {"Atk": 0.5408943166750146, "Def": 0.6502294441984143}, "Away": {"Atk": 0.3461641797620883, "Def": 0.6916789257256396}, "Ext": 0.0}, "CRB / AL": {"Home": {"Atk": 0.7458676527068079, "Def": 0.8062869578339867}, "Away": {"Atk": 0.35466665982678913, "Def": 0.4102035880378906}, "Ext": 0.07962235068703406}, "Guarani / SP": {"Home": {"Atk": 0.4153725716448506, "Def": 0.9765267504746092}, "Away": {"Atk": 0.4301216715669064, "Def": 0.5400122772703035}, "Ext": 0.5083332514066696}, "Botafogo / SP": {"Home": {"Atk": 0.2150936048262853, "Def": 0.800277330224188}, "Away": {"Atk": 0.13213366230005433, "Def": 0.5496248220904213}, "Ext": 0.38099454908930336}, "Paran\u00e1 / PR": {"Home": {"Atk": 0.5417358338472669, "Def": 0.731851423100597}, "Away": {"Atk": 0.34388075212606417, "Def": 0.3239710191676082}, "Ext": 0.0}, "Brasil / RS": {"Home": {"Atk": 0.42606060846829397, "Def": 0.7463825320056363}, "Away": {"Atk": 0.2754574277704688, "Def": 0.6083781371057809}, "Ext": 0.188392151771144}, "N\u00e1utico / PE": {"Home": {"Atk": 0.28481340480976736, "Def": 0.9399388848741781}, "Away": {"Atk": 0.3697822274989587, "Def": 0.3995706138233022}, "Ext": 0.048983851170057005}, "Sampaio Corr\u00eaa / MA": {"Home": {"Atk": 0.693774710983874, "Def": 0.6973799797720419}, "Away": {"Atk": 0.6450896306597418, "Def": 0.8298426525096378}, "Ext": 0.5432067918747551}, "Chapecoense / SC": {"Home": {"Atk": 0.36550912656038054, "Def": 0.7736766827731287}, "Away": {"Atk": 0.6342134977043821, "Def": 0.9337943305551311}, "Ext": 0.23304375651776071}}