{"Flamengo / RJ": {"Atk": 1.0, "Def": 0.6096011846851775, "Ext": 0.0}, "Corinthians / SP": {"Atk": 0.5514394214503094, "Def": 0.6484368001402108, "Ext": 0.1}, "S\u00e3o Paulo / SP": {"Atk": 0.4209251536223564, "Def": 0.5997275391576836, "Ext": 0.1}, "Atl\u00e9tico Mineiro / MG": {"Atk": 0.8243187355057617, "Def": 0.8102529215845147, "Ext": 0.0}, "Internacional / RS": {"Atk": 0.6450463401080271, "Def": 0.5543602129982012, "Ext": 0.1}, "Cear\u00e1 / CE": {"Atk": 0.46258457308491596, "Def": 0.5580910513601637, "Ext": 0.1}, "Bahia / BA": {"Atk": 0.6255710650300409, "Def": 0.37471637568141575, "Ext": 0.06576861577873543}, "Athletico Paranaense / PR": {"Atk": 0.6869014718534103, "Def": 0.4411891145109377, "Ext": 0.0}, "Chapecoense / SC": {"Atk": 0.4712534485516983, "Def": 0.35775344809231824, "Ext": 0.1}, "Cuiab\u00e1 / MT": {"Atk": 0.48954598545333944, "Def": 0.5433795121244298, "Ext": 0.1}, "Fluminense / RJ": {"Atk": 0.4990382302800824, "Def": 0.53304384812782, "Ext": 0.1}, "Palmeiras / SP": {"Atk": 0.8175722686721405, "Def": 0.4436476373628125, "Ext": 0.0}, "Santos / SP": {"Atk": 0.5004013701457075, "Def": 0.49430871137157045, "Ext": 0.0}, "Am\u00e9rica / MG": {"Atk": 0.5000768858974809, "Def": 0.5853565300247979, "Ext": 0.0}, "Gr\u00eamio / RS": {"Atk": 0.48376076636117415, "Def": 0.4791692308687825, "Ext": 0.1}, "Fortaleza / CE": {"Atk": 0.7024955160276373, "Def": 0.506711932271641, "Ext": 0.0}, "Sport / PE": {"Atk": 0.29653504622400473, "Def": 0.7417668168005082, "Ext": 0.1}, "Red Bull Bragantino / SP": {"Atk": 0.8021998128721144, "Def": 0.49397841888504235, "Ext": 0.1}, "Juventude / RS": {"Atk": 0.5018030074977227, "Def": 0.4851016854868927, "Ext": 0.0}, "Atl\u00e9tico / GO": {"Atk": 0.4245908824855786, "Def": 0.6143376187544833, "Ext": 0.0018456364449430528}}