{"Cruzeiro / MG": {"Home": {"Atk": 1.0, "Def": 0.7640254798745209}, "Away": {"Atk": 0.49985466903827824, "Def": 0.5391162714581683}, "Ext": 0.0}, "Ava\u00ed / SC": {"Home": {"Atk": 0.8012814588676911, "Def": 0.32808341199097035}, "Away": {"Atk": 0.6138119625488477, "Def": 0.8069098661040323}, "Ext": 0.1}, "CSA / AL": {"Home": {"Atk": 0.9558443750224642, "Def": 0.511815643519066}, "Away": {"Atk": 0.30083616445986755, "Def": 0.43348966196002486}, "Ext": 0.0}, "Ponte Preta / SP": {"Home": {"Atk": 0.8156349922105784, "Def": 0.38351361304938636}, "Away": {"Atk": 0.7049806461421695, "Def": 0.5790335489413254}, "Ext": 0.1}, "Oeste / SP": {"Home": {"Atk": 0.3525032538731825, "Def": 0.39550999250936886}, "Away": {"Atk": 0.5904607688513641, "Def": 0.19026477889579288}, "Ext": 0.1}, "Oper\u00e1rio / PR": {"Home": {"Atk": 0.8778368450607835, "Def": 0.4048804492988419}, "Away": {"Atk": 0.2910727546315036, "Def": 0.760446048481286}, "Ext": 0.1}, "Juventude / RS": {"Home": {"Atk": 0.6099449413052151, "Def": 0.6524697672490867}, "Away": {"Atk": 0.7877167711240993, "Def": 0.5045882593909994}, "Ext": 0.1}, "Vit\u00f3ria / BA": {"Home": {"Atk": 0.6548701529711694, "Def": 0.5545547737407343}, "Away": {"Atk": 0.5549499667580168, "Def": 0.5741900080128725}, "Ext": 0.1}, "Confian\u00e7a / SE": {"Home": {"Atk": 0.689832336442431, "Def": 0.8312333555330425}, "Away": {"Atk": 0.2926656779243361, "Def": 0.692375740439633}, "Ext": 0.1}, "Cuiab\u00e1 / MT": {"Home": {"Atk": 0.758459119494022, "Def": 0.9446124454025465}, "Away": {"Atk": 0.6710872220836067, "Def": 0.5537022446261548}, "Ext": 0.1}, "Am\u00e9rica / MG": {"Home": {"Atk": 0.4365619502853671, "Def": 0.8634428629052235}, "Away": {"Atk": 0.47103866646285536, "Def": 0.902292832797187}, "Ext": 0.1}, "Figueirense / SC": {"Home": {"Atk": 0.37857223130868695, "Def": 1.1704614424844568}, "Away": {"Atk": 0.16315280830331386, "Def": 0.5137182255712271}, "Ext": 0.1}, "CRB / AL": {"Home": {"Atk": 0.6858277964012315, "Def": 0.5559917277418038}, "Away": {"Atk": 0.531981620735618, "Def": 0.5227392503015713}, "Ext": 0.1}, "Guarani / SP": {"Home": {"Atk": 0.6845911363133094, "Def": 0.3667711230817156}, "Away": {"Atk": 0.4595035537522534, "Def": 0.5192231279312701}, "Ext": 0.1}, "Botafogo / SP": {"Home": {"Atk": 0.39856745590379977, "Def": 0.5280695091620703}, "Away": {"Atk": 0.347809038951244, "Def": 0.5451430403592256}, "Ext": 0.013553393330252248}, "Paran\u00e1 / PR": {"Home": {"Atk": 0.8153098987952251, "Def": 0.8814578461478177}, "Away": {"Atk": 0.661459565016392, "Def": 0.3667011679413756}, "Ext": 0.0}, "Brasil / RS": {"Home": {"Atk": 0.4443522041774275, "Def": 0.6435541964588203}, "Away": {"Atk": 0.3817298871821052, "Def": 0.7221642273126643}, "Ext": 0.1}, "N\u00e1utico / PE": {"Home": {"Atk": 0.8370713778706208, "Def": 0.44867746932158803}, "Away": {"Atk": 0.36355464018528805, "Def": 0.4870086866457459}, "Ext": 0.1}, "Sampaio Corr\u00eaa / MA": {"Home": {"Atk": 0.65566573914239, "Def": 0.7786966536724109}, "Away": {"Atk": 0.6226015094495234, "Def": 0.7769310507371725}, "Ext": 0.07219206398071443}, "Chapecoense / SC": {"Home": {"Atk": 0.5063590772779905, "Def": 0.8857976606286562}, "Away": {"Atk": 0.4437184295781448, "Def": 0.7795536117416368}, "Ext": 0.0}}