{"Red Bull Bragantino / SP": {"Atk": 1.0, "Def": 0.855300199001082, "Ext": 0.0}, "Ponte Preta / SP": {"Atk": 1.2693289057968555, "Def": 1.232457038535361, "Ext": 0.1}, "Vasco da Gama / RJ": {"Atk": 1.2949879006177638, "Def": 1.5267381157161186, "Ext": 0.0}, "Santa Cruz / PE": {"Atk": 1.199934345843219, "Def": 1.3583221631251547, "Ext": 0.1}, "Sampaio Corr\u00eaa / MA": {"Atk": 1.3660840681064874, "Def": 1.166472061839607, "Ext": 0.1}, "Cear\u00e1 / CE": {"Atk": 1.7435997520127247, "Def": 0.806617994821352, "Ext": 0.0}, "Vila Nova / GO": {"Atk": 0.5833203316718404, "Def": 0.7851722852618035, "Ext": 0.0}, "Am\u00e9rica / RN": {"Atk": 1.162944762590726, "Def": 0.8743180341912619, "Ext": 0.1}, "Boa / MG": {"Atk": 1.3506399155344395, "Def": 1.0707581377761621, "Ext": 0.0}, "Oeste / SP": {"Atk": 0.9245418931462717, "Def": 0.9887784267136651, "Ext": 0.1}, "Portuguesa / SP": {"Atk": 0.8321277075501333, "Def": 0.8182695895497406, "Ext": 0.1}, "Paran\u00e1 / PR": {"Atk": 1.0741143794792087, "Def": 1.0940729775582414, "Ext": 0.1}, "N\u00e1utico / PE": {"Atk": 0.9936093891007731, "Def": 1.1057951130973134, "Ext": 0.0}, "Luverdense / MT": {"Atk": 1.071210295155976, "Def": 1.0318753519376316, "Ext": 0.0299730916009791}, "Icasa / CE": {"Atk": 0.6516308916246146, "Def": 1.1106844071817676, "Ext": 0.0}, "Ava\u00ed / SC": {"Atk": 1.3117309899956957, "Def": 1.6341241550214258, "Ext": 0.0}, "Atl\u00e9tico / GO": {"Atk": 1.3816646859277757, "Def": 0.8470987937829305, "Ext": 0.0}, "ABC / RN": {"Atk": 0.7131788495276111, "Def": 1.563230768618918, "Ext": 0.0}, "Am\u00e9rica / MG": {"Atk": 1.2894694494776704, "Def": 1.1379338344172019, "Ext": 0.0}, "Joinville / SC": {"Atk": 1.2131885076973734, "Def": 1.3740514223898508, "Ext": 0.1}, "Home bonus": 0.33989595592608707}