{"Vasco da Gama / RJ": {"Atk": 1.0, "Def": 0.5635722591902186, "Home bonus": 0.13148628663443807, "Ext": 0.1}, "Fluminense / RJ": {"Atk": 0.7177623595434288, "Def": 0.7850461753001468, "Home bonus": 0.3492643549007622, "Ext": 0.1}, "Corinthians / SP": {"Atk": 0.40876294269273666, "Def": 2.2168959192835977, "Home bonus": 0.4856189533519058, "Ext": 0.0}, "Vit\u00f3ria / BA": {"Atk": 0.9770300750152565, "Def": 0.633900398591699, "Home bonus": 0.2757664115707537, "Ext": 0.1}, "Gr\u00eamio / RS": {"Atk": 0.7581615969654932, "Def": 1.1939380614468065, "Home bonus": 0.3595579798992319, "Ext": 0.0}, "Ponte Preta / SP": {"Atk": 0.7075323629100854, "Def": 0.6432117973072407, "Home bonus": 0.24630375119407893, "Ext": 0.08925410297142054}, "Crici\u00fama / SC": {"Atk": 0.943928475584601, "Def": 0.5306133856896094, "Home bonus": 0.25398554623314124, "Ext": 0.0}, "Cruzeiro / MG": {"Atk": 1.3139935144834847, "Def": 1.1132500816133946, "Home bonus": 0.6883101350377737, "Ext": 0.1}, "Coritiba / PR": {"Atk": 0.6007032754920366, "Def": 0.7273130362091984, "Home bonus": 0.5889590849313782, "Ext": 0.1}, "Santos / SP": {"Atk": 0.6585612897122348, "Def": 0.9603538530929866, "Home bonus": 0.6927699273110697, "Ext": 0.0}, "Botafogo / RJ": {"Atk": 1.1761103804360755, "Def": 0.8261421212851376, "Home bonus": 0.014179057591030197, "Ext": 0.0}, "Flamengo / RJ": {"Atk": 0.7488334858983756, "Def": 0.7712271783834761, "Home bonus": 0.36563849372221796, "Ext": 0.0}, "S\u00e3o Paulo / SP": {"Atk": 0.7374509082690283, "Def": 0.931806406586302, "Home bonus": 0.0, "Ext": 0.0}, "Bahia / BA": {"Atk": 0.7413112450868806, "Def": 0.8473521584681111, "Home bonus": 0.1626037261200791, "Ext": 0.0}, "Internacional / RS": {"Atk": 1.0530410173315712, "Def": 0.6367583710418059, "Home bonus": 0.20489114973233008, "Ext": 0.1}, "Goi\u00e1s / GO": {"Atk": 0.7787823119026848, "Def": 0.781508535570081, "Home bonus": 0.33816918509573857, "Ext": 0.1}, "N\u00e1utico / PE": {"Atk": 0.4230221756209365, "Def": 0.49589429646210664, "Home bonus": 0.2607961439167264, "Ext": 0.0}, "Atl\u00e9tico / MG": {"Atk": 0.3386791965042491, "Def": 0.9750876169037783, "Home bonus": 1.4737481625237492, "Ext": 0.08214521854705567}, "Athletico Paranaense / PR": {"Atk": 1.17072833889639, "Def": 0.731610096966299, "Home bonus": 0.2286580122673849, "Ext": 0.1}, "Portuguesa / SP": {"Atk": 0.6104763283302783, "Def": 0.6725829088614503, "Home bonus": 1.3602077682473037, "Ext": 0.1}}