{"Palmeiras / SP": {"Atk": 1.0, "Def": 0.9977905880284561}, "Chapecoense / SC": {"Atk": 0.4908860274924959, "Def": 0.7824136650275111}, "Fluminense / RJ": {"Atk": 0.7742598726546354, "Def": 0.8449770921804348}, "S\u00e3o Paulo / SP": {"Atk": 0.7935212128857049, "Def": 0.6899832651140891}, "Cruzeiro / MG": {"Atk": 0.5174370277163536, "Def": 0.732229825507856}, "Athletico Paranaense / PR": {"Atk": 0.7600464550311604, "Def": 0.5181348882972593}, "Sport / PE": {"Atk": 0.96776439683736, "Def": 0.5692317834042382}, "Vasco da Gama / RJ": {"Atk": 0.24073626801760964, "Def": 0.433330573491875}, "Gr\u00eamio / RS": {"Atk": 0.8700574623054006, "Def": 0.5971893543259704}, "Ava\u00ed / SC": {"Atk": 0.5623284019294292, "Def": 0.4617179747770492}, "Coritiba / PR": {"Atk": 0.34257595800190116, "Def": 0.5919839522209405}, "Goi\u00e1s / GO": {"Atk": 0.5246896771947441, "Def": 0.7519008687848655}, "Corinthians / SP": {"Atk": 0.6165173192898824, "Def": 0.9787795866645744}, "Flamengo / RJ": {"Atk": 0.5919372336230662, "Def": 0.4521978766004714}, "Santos / SP": {"Atk": 0.7576292715639102, "Def": 0.40698786189130626}, "Atl\u00e9tico / MG": {"Atk": 1.2115156409883154, "Def": 0.6044398432293941}, "Joinville / SC": {"Atk": 0.3236897883630064, "Def": 0.6192204275312282}, "Ponte Preta / SP": {"Atk": 0.8026377526502644, "Def": 0.5491631839002206}, "Internacional / RS": {"Atk": 0.4152191120622298, "Def": 0.5626549640268276}, "Figueirense / SC": {"Atk": 0.5952896806102912, "Def": 0.492693132783705}}