{"Red Bull Bragantino / SP": {"Atk": 1.0, "Def": 0.7897829351010148, "Ext": 0.0}, "Ponte Preta / SP": {"Atk": 1.099246987630122, "Def": 1.3540264260846937, "Ext": 0.2440818991879561}, "Vasco da Gama / RJ": {"Atk": 1.423758493515007, "Def": 1.349119850035909, "Ext": 0.0}, "Santa Cruz / PE": {"Atk": 0.9335239262928477, "Def": 1.9715841848117364, "Ext": 0.3372525261758659}, "Sampaio Corr\u00eaa / MA": {"Atk": 1.35343378460709, "Def": 1.2724105905946703, "Ext": 0.13580334648880296}, "Cear\u00e1 / CE": {"Atk": 1.8739708572118168, "Def": 0.8004653177856803, "Ext": 0.0}, "Vila Nova / GO": {"Atk": 0.5320640362481751, "Def": 0.796842708845262, "Ext": 0.0}, "Am\u00e9rica / RN": {"Atk": 1.2402557630976196, "Def": 0.8678934079173184, "Ext": 0.08413190110076031}, "Boa / MG": {"Atk": 1.3960198316587107, "Def": 0.948635615475917, "Ext": 0.0}, "Oeste / SP": {"Atk": 0.7225781627928153, "Def": 1.0960884840649767, "Ext": 0.32763360495694177}, "Portuguesa / SP": {"Atk": 0.552591945002962, "Def": 1.1315201244650772, "Ext": 0.39338261308958133}, "Paran\u00e1 / PR": {"Atk": 0.8631857259130421, "Def": 1.2779850173563043, "Ext": 0.1692505660887281}, "N\u00e1utico / PE": {"Atk": 1.0430787404333561, "Def": 0.9887884806411715, "Ext": 0.0}, "Luverdense / MT": {"Atk": 1.2748191526141675, "Def": 0.9557818774257644, "Ext": 0.0}, "Icasa / CE": {"Atk": 0.7485124396265352, "Def": 0.987633345336218, "Ext": 0.0}, "Ava\u00ed / SC": {"Atk": 1.3358595187417344, "Def": 1.604909181107139, "Ext": 0.0}, "Atl\u00e9tico / GO": {"Atk": 1.4245804481288125, "Def": 0.7955232447953552, "Ext": 0.0}, "ABC / RN": {"Atk": 0.8748655447354913, "Def": 1.316105615937683, "Ext": 0.0}, "Am\u00e9rica / MG": {"Atk": 1.515141162885993, "Def": 1.0082760380570768, "Ext": 0.0}, "Joinville / SC": {"Atk": 1.2738865924669083, "Def": 1.2284483216733364, "Ext": 0.055356166043090814}}