{"Cear\u00e1 / CE": {"Home": {"Atk": 1.0, "Def": 1.0588850431314853}, "Away": {"Atk": 0.903870394837067, "Def": 0.6204803012919481}, "Ext": 0.1}, "Bahia / BA": {"Home": {"Atk": 1.5877612432213024, "Def": 1.2676487899762399}, "Away": {"Atk": 0.6684888701752661, "Def": 0.9188964055407843}, "Ext": 0.1}, "Sampaio Corr\u00eaa / MA": {"Home": {"Atk": 0.8327920301170322, "Def": 0.4740812904617373}, "Away": {"Atk": 0.29029637019289856, "Def": 0.7199870682044771}, "Ext": 0.1}, "Oeste / SP": {"Home": {"Atk": 0.8578823050195064, "Def": 0.5467852570276177}, "Away": {"Atk": 0.4894850910118125, "Def": 0.7912781938511911}, "Ext": 0.021284568053383243}, "Vila Nova / GO": {"Home": {"Atk": 0.9147615137039138, "Def": 0.49498039494067564}, "Away": {"Atk": 1.1898814336924501, "Def": 0.9063865157050308}, "Ext": 0.1}, "Luverdense / MT": {"Home": {"Atk": 1.30119494062969, "Def": 0.7042629482124937}, "Away": {"Atk": 0.48688232005541865, "Def": 1.2386603399915679}, "Ext": 0.1}, "Tupi / MG": {"Home": {"Atk": 1.088467009047859, "Def": 0.5695401120639207}, "Away": {"Atk": 0.41640222834665136, "Def": 0.8106256110209757}, "Ext": 0.0}, "Brasil / RS": {"Home": {"Atk": 1.2380653235870467, "Def": 0.848030579760391}, "Away": {"Atk": 0.4851196112004623, "Def": 0.9263424600420629}, "Ext": 0.0}, "Londrina / PR": {"Home": {"Atk": 0.8766312423173813, "Def": 1.1646133389057065}, "Away": {"Atk": 0.7028656556803836, "Def": 1.3293129647330002}, "Ext": 0.0}, "Crici\u00fama / SC": {"Home": {"Atk": 1.495013900815137, "Def": 0.4892712756453208}, "Away": {"Atk": 0.5611491909345258, "Def": 0.9499813620907526}, "Ext": 0.002268163725738104}, "N\u00e1utico / PE": {"Home": {"Atk": 1.8288112873843636, "Def": 0.6572107603120138}, "Away": {"Atk": 0.6765839813122099, "Def": 0.8571055389638624}, "Ext": 0.1}, "CRB / AL": {"Home": {"Atk": 1.247294789950356, "Def": 0.40939535284922096}, "Away": {"Atk": 0.9661919677009955, "Def": 0.9635952770641801}, "Ext": 0.0}, "Paysandu / PA": {"Home": {"Atk": 1.306070229520653, "Def": 0.6450149671334618}, "Away": {"Atk": 0.466435813439714, "Def": 0.8727760827754399}, "Ext": 0.03674236676179096}, "Red Bull Bragantino / SP": {"Home": {"Atk": 0.7478341854923493, "Def": 0.5979800791778763}, "Away": {"Atk": 0.3859247308168648, "Def": 0.7300208999783516}, "Ext": 0.0}, "Goi\u00e1s / GO": {"Home": {"Atk": 1.4180901770447125, "Def": 0.6484718399022172}, "Away": {"Atk": 0.5345463545833646, "Def": 0.7574492558469283}, "Ext": 0.1}, "Vasco da Gama / RJ": {"Home": {"Atk": 1.4904671344824472, "Def": 0.4821303235115161}, "Away": {"Atk": 0.8895047938450128, "Def": 1.0546267641959082}, "Ext": 0.0}, "Atl\u00e9tico / GO": {"Home": {"Atk": 1.4856305883856995, "Def": 0.8402764031360033}, "Away": {"Atk": 0.5506461934280927, "Def": 1.5297190375775072}, "Ext": 0.1}, "Joinville / SC": {"Home": {"Atk": 0.6650627745163005, "Def": 0.6712802281039054}, "Away": {"Atk": 0.36719887142292285, "Def": 0.9932036433190627}, "Ext": 0.0}, "Paran\u00e1 / PR": {"Home": {"Atk": 0.7853764170426663, "Def": 0.7682730911453353}, "Away": {"Atk": 0.6192838930079633, "Def": 0.5940446235109018}, "Ext": 0.1}, "Ava\u00ed / SC": {"Home": {"Atk": 1.6313393556262745, "Def": 0.795062572774997}, "Away": {"Atk": 0.4149396425896197, "Def": 0.9853332229405354}, "Ext": 0.0}}