{"Cruzeiro / MG": {"Atk": 1.0, "Def": 1.532580773003259}, "Athletico Paranaense / PR": {"Atk": 1.6388015413374415, "Def": 1.3772272035820936}, "Am\u00e9rica / MG": {"Atk": 1.037926063645862, "Def": 1.1847888247277456}, "Vit\u00f3ria / BA": {"Atk": 1.2335470017445294, "Def": 0.7973959897015203}, "Vasco da Gama / RJ": {"Atk": 1.365126039314904, "Def": 0.9321922309291871}, "Botafogo / RJ": {"Atk": 1.175740032488115, "Def": 1.0018470593685538}, "S\u00e3o Paulo / SP": {"Atk": 1.6264481114851765, "Def": 1.4805849833033684}, "Santos / SP": {"Atk": 1.4209626740556343, "Def": 1.4112102355490046}, "Corinthians / SP": {"Atk": 1.1965826984916024, "Def": 1.397237176879776}, "Internacional / RS": {"Atk": 1.6615677444393362, "Def": 1.8435801972492012}, "Atl\u00e9tico / MG": {"Atk": 1.8544079855869253, "Def": 1.1291177953236409}, "Paran\u00e1 / PR": {"Atk": 0.4923787050515538, "Def": 0.8904947029847308}, "Chapecoense / SC": {"Atk": 1.1911221825587779, "Def": 0.9100262756604773}, "Bahia / BA": {"Atk": 1.274843291980579, "Def": 1.2173420185643506}, "Fluminense / RJ": {"Atk": 1.2482861393938043, "Def": 1.1550213702307037}, "Flamengo / RJ": {"Atk": 1.8514502562847397, "Def": 1.7546279291607043}, "Cear\u00e1 / CE": {"Atk": 1.0311706727196353, "Def": 1.3231088070190846}, "Sport / PE": {"Atk": 1.1184687253082086, "Def": 0.8068761874247654}, "Palmeiras / SP": {"Atk": 1.8994413712910114, "Def": 2.0754165060802983}, "Gr\u00eamio / RS": {"Atk": 1.5477974314167566, "Def": 2.0632521703362103}}