{"Ponte Preta / SP": {"Atk": 1.0, "Def": 2.415969395367268, "Ext": 0.1}, "CSA / AL": {"Atk": 0.4822011163923401, "Def": 2.401964705048547, "Ext": 0.1}, "Sport / PE": {"Atk": 0.9543979628255294, "Def": 5.995915855730989, "Ext": 0.1}, "Brusque / SC": {"Atk": 1.0432090280339439, "Def": 1.9135906783333774, "Ext": 0.0}, "Novorizontino / SP": {"Atk": 1.3970628987745195, "Def": 1.3859652764489154, "Ext": 0.0}, "Londrina / PR": {"Atk": 1.779863381815239, "Def": 1.3984675732888683, "Ext": 0.0}, "Vasco da Gama / RJ": {"Atk": 1.464122677130102, "Def": 7.922155201646393, "Ext": 0.1}, "Bahia / BA": {"Atk": 1.5289343493043868, "Def": 3.8613755707781126, "Ext": 0.0}, "Tombense / MG": {"Atk": 1.4842614016040296, "Def": 1.8949869107687016, "Ext": 0.1}, "Chapecoense / SC": {"Atk": 1.595595012520864, "Def": 1.3876994404824967, "Ext": 0.0}, "Guarani / SP": {"Atk": 1.1115005182913285, "Def": 1.535290461891898, "Ext": 0.1}, "CRB / AL": {"Atk": 1.3698937410969434, "Def": 1.3880746375907858, "Ext": 0.09753926227359952}, "N\u00e1utico / PE": {"Atk": 1.3881216538071814, "Def": 1.31540810782182, "Ext": 0.1}, "Crici\u00fama / SC": {"Atk": 1.7409906089329343, "Def": 1.827811216674076, "Ext": 0.1}, "Ituano / SP": {"Atk": 1.5273643905815493, "Def": 1.4181982640975028, "Ext": 0.1}, "Oper\u00e1rio / PR": {"Atk": 1.6925528015966482, "Def": 1.2720485890909492, "Ext": 0.0}, "Gr\u00eamio / RS": {"Atk": 1.1747433521988566, "Def": 9.196375689492912, "Ext": 0.1}, "Sampaio Corr\u00eaa / MA": {"Atk": 1.5421839685321748, "Def": 1.6455948779665932, "Ext": 0.1}, "Cruzeiro / MG": {"Atk": 1.8416185322745773, "Def": 7.032851349004266, "Ext": 0.1}, "Vila Nova / GO": {"Atk": 0.817929660511963, "Def": 1.776081679259906, "Ext": 0.1}, "Home bonus": 0.4162249534629167}