{"Gr\u00eamio / RS": {"Home": {"Atk": 1.0, "Def": 0.5669484852521279}, "Away": {"Atk": 0.8475878025977307, "Def": 0.657643270356211}}, "Atl\u00e9tico / MG": {"Home": {"Atk": 0.7293059493525623, "Def": 0.4589647032200807}, "Away": {"Atk": 0.5590442543202653, "Def": 0.5076066170810785}}, "Cear\u00e1 / CE": {"Home": {"Atk": 0.6401097252416633, "Def": 0.8145595316549133}, "Away": {"Atk": 0.40797947517713784, "Def": 0.4803156486916652}}, "Palmeiras / SP": {"Home": {"Atk": 0.9963171993041063, "Def": 0.8675433999314826}, "Away": {"Atk": 0.6431398048612885, "Def": 0.6461490015979738}}, "S\u00e3o Paulo / SP": {"Home": {"Atk": 0.5739782167325196, "Def": 0.9594032803108541}, "Away": {"Atk": 0.48178950631729883, "Def": 0.7420872860302272}}, "Flamengo / RJ": {"Home": {"Atk": 1.4008258203131545, "Def": 0.6031324119762415}, "Away": {"Atk": 1.0355133556210423, "Def": 0.7433945705434826}}, "Fluminense / RJ": {"Home": {"Atk": 0.5182318591677642, "Def": 0.673530815293872}, "Away": {"Atk": 0.608261891867173, "Def": 0.4147466447072991}}, "Chapecoense / SC": {"Home": {"Atk": 0.3712113869147213, "Def": 0.49040242402182566}, "Away": {"Atk": 0.4985848565981637, "Def": 0.4389971396710742}}, "Bahia / BA": {"Home": {"Atk": 0.6373819749981828, "Def": 0.602773982068244}, "Away": {"Atk": 0.6577796727995234, "Def": 0.5355275962674895}}, "Athletico Paranaense / PR": {"Home": {"Atk": 0.6825429457497738, "Def": 0.9201633945931565}, "Away": {"Atk": 0.8696901475231782, "Def": 0.6033132175846646}}, "Internacional / RS": {"Home": {"Atk": 0.7229326921378741, "Def": 0.748083402880435}, "Away": {"Atk": 0.5040757821607248, "Def": 0.5608073769849002}}, "Cruzeiro / MG": {"Home": {"Atk": 0.361411394645371, "Def": 0.6939928122728954}, "Away": {"Atk": 0.4839053428752641, "Def": 0.4545693981524418}}, "Fortaleza / CE": {"Home": {"Atk": 0.6803277260037704, "Def": 0.6283658971665019}, "Away": {"Atk": 0.8258434320284568, "Def": 0.38863285271881814}}, "Corinthians / SP": {"Home": {"Atk": 0.6741054403389413, "Def": 0.9447782219641557}, "Away": {"Atk": 0.5360162728577688, "Def": 0.586692384078031}}, "Santos / SP": {"Home": {"Atk": 1.082852456983304, "Def": 0.6639839269532617}, "Away": {"Atk": 0.5415956311384803, "Def": 0.6982135272160388}}, "Vasco da Gama / RJ": {"Home": {"Atk": 0.5325907524643761, "Def": 0.49551921075619737}, "Away": {"Atk": 0.6324919500684014, "Def": 0.566570133442252}}, "Botafogo / RJ": {"Home": {"Atk": 0.5064833429588376, "Def": 0.6691729389512601}, "Away": {"Atk": 0.4216034168423827, "Def": 0.47688459641430714}}, "Ava\u00ed / SC": {"Home": {"Atk": 0.2826255716241306, "Def": 0.4341121019463563}, "Away": {"Atk": 0.24845015254418226, "Def": 0.37347857427035885}}, "Goi\u00e1s / GO": {"Home": {"Atk": 0.7964326838273833, "Def": 0.48596577975320115}, "Away": {"Atk": 0.4839917884450759, "Def": 0.328944909602689}}, "CSA / AL": {"Home": {"Atk": 0.4450518551422286, "Def": 0.4911639601003261}, "Away": {"Atk": 0.24945543996173336, "Def": 0.4134996574215629}}}