{"Ponte Preta / SP": {"Home": {"Atk": 1.0, "Def": 0.501271784193193}, "Away": {"Atk": 0.8130249952902403, "Def": 1.7614002660316537}}, "Oeste / SP": {"Home": {"Atk": 1.0858528059479013, "Def": 0.6547675641376511}, "Away": {"Atk": 0.4443885325632364, "Def": 0.7227432252261415}}, "Brasil / RS": {"Home": {"Atk": 1.1652705399136487, "Def": 0.6755548223279796}, "Away": {"Atk": 0.4395645715049869, "Def": 0.9240445768447403}}, "Figueirense / SC": {"Home": {"Atk": 1.0633982946384013, "Def": 0.46515043696882985}, "Away": {"Atk": 0.8681391914089795, "Def": 1.0275508920038876}}, "Fortaleza / CE": {"Home": {"Atk": 1.4954751153841934, "Def": 0.8032168094473854}, "Away": {"Atk": 0.7329201648793129, "Def": 1.3818368967045838}}, "Vila Nova / GO": {"Home": {"Atk": 0.726572777774186, "Def": 1.8307564710849977}, "Away": {"Atk": 0.5543854029630291, "Def": 1.0922870716752004}}, "Atl\u00e9tico / GO": {"Home": {"Atk": 1.7079786939020867, "Def": 0.3350300836929554}, "Away": {"Atk": 0.7923037340715833, "Def": 0.8932513848474597}}, "CSA / AL": {"Home": {"Atk": 1.2915601542917416, "Def": 0.5357534088316941}, "Away": {"Atk": 0.658227548617753, "Def": 1.1717650633023915}}, "Londrina / PR": {"Home": {"Atk": 1.2532308511497299, "Def": 0.4073252277017663}, "Away": {"Atk": 0.32559015550277254, "Def": 1.125430563769659}}, "Sampaio Corr\u00eaa / MA": {"Home": {"Atk": 1.1295576969133416, "Def": 0.49082128390712937}, "Away": {"Atk": 0.3509509392824802, "Def": 0.8035679256902423}}, "Guarani / SP": {"Home": {"Atk": 1.5237129531670899, "Def": 0.44518392363223896}, "Away": {"Atk": 0.6911160396434614, "Def": 0.8348072848467021}}, "S\u00e3o Bento / SP": {"Home": {"Atk": 1.3246823628719497, "Def": 0.5513122011509682}, "Away": {"Atk": 0.5002768514106976, "Def": 0.9886250304704782}}, "Juventude / RS": {"Home": {"Atk": 0.7220807849177119, "Def": 0.5236610400796422}, "Away": {"Atk": 0.4445806164725468, "Def": 1.4622393217307759}}, "Ava\u00ed / SC": {"Home": {"Atk": 1.0745025588212118, "Def": 0.6476890462589135}, "Away": {"Atk": 0.8791764699743413, "Def": 1.3032398564567538}}, "Crici\u00fama / SC": {"Home": {"Atk": 1.2424885662857994, "Def": 0.6328242273218628}, "Away": {"Atk": 0.4487122297226392, "Def": 0.948884055842983}}, "Goi\u00e1s / GO": {"Home": {"Atk": 1.149848331313949, "Def": 0.43690089514316677}, "Away": {"Atk": 0.7462314272716167, "Def": 0.9535280523352863}}, "Boa / MG": {"Home": {"Atk": 1.0784413348163753, "Def": 0.3879645053382367}, "Away": {"Atk": 0.24846013210463472, "Def": 0.8968290979374185}}, "CRB / AL": {"Home": {"Atk": 0.8721303566402357, "Def": 0.5687974012586667}, "Away": {"Atk": 0.3231775680523569, "Def": 0.8977411590633223}}, "Coritiba / PR": {"Home": {"Atk": 1.1307775216748543, "Def": 1.3948854704394655}, "Away": {"Atk": 0.5076911537980101, "Def": 0.7378202279517098}}, "Paysandu / PA": {"Home": {"Atk": 1.0720378564683586, "Def": 0.648067819669145}, "Away": {"Atk": 0.49067666901333856, "Def": 0.6538334890009837}}}