{"Vasco da Gama / RJ": {"Atk": 1.0, "Def": 0.5942555179885816, "Ext": 0.1}, "Fluminense / RJ": {"Atk": 0.8215289672464932, "Def": 0.723983011216408, "Ext": 0.1}, "Corinthians / SP": {"Atk": 0.6838556718944733, "Def": 3.1895812276633126, "Ext": 0.0}, "Vit\u00f3ria / BA": {"Atk": 0.9250500755094077, "Def": 0.8760241972705505, "Ext": 0.1}, "Gr\u00eamio / RS": {"Atk": 0.8139364152442009, "Def": 1.3048520381764008, "Ext": 0.0}, "Ponte Preta / SP": {"Atk": 0.9652079798661072, "Def": 0.5832796670250131, "Ext": 0.1}, "Crici\u00fama / SC": {"Atk": 0.7908730849499583, "Def": 0.5005817291796704, "Ext": 0.0}, "Cruzeiro / MG": {"Atk": 1.3511782645259376, "Def": 1.4764186080195358, "Ext": 0.0}, "Coritiba / PR": {"Atk": 0.9500155726717647, "Def": 1.086906057687588, "Ext": 0.1}, "Santos / SP": {"Atk": 0.8300581779654969, "Def": 1.088654008772655, "Ext": 0.1}, "Botafogo / RJ": {"Atk": 1.2881289708637238, "Def": 1.1505758031688258, "Ext": 0.1}, "Flamengo / RJ": {"Atk": 0.7940414308980364, "Def": 0.9552986930282469, "Ext": 0.0}, "S\u00e3o Paulo / SP": {"Atk": 0.7777281490055123, "Def": 0.7703657259301891, "Ext": 0.0}, "Bahia / BA": {"Atk": 0.6753073937830236, "Def": 1.0324525019843842, "Ext": 0.0}, "Internacional / RS": {"Atk": 1.201633739720096, "Def": 0.681898257807034, "Ext": 0.1}, "Goi\u00e1s / GO": {"Atk": 0.5871283597175663, "Def": 0.8458288849069211, "Ext": 0.1}, "N\u00e1utico / PE": {"Atk": 0.4547912104993525, "Def": 0.6815505731938729, "Ext": 0.0}, "Atl\u00e9tico / MG": {"Atk": 0.7806329908972802, "Def": 0.8072236082211643, "Ext": 0.0}, "Athletico Paranaense / PR": {"Atk": 1.423179409619525, "Def": 0.6781931862526915, "Ext": 0.1}, "Portuguesa / SP": {"Atk": 0.7495118421922472, "Def": 0.7099587410096034, "Ext": 0.1}, "Home bonus": 0.39809170340180255}