{"Flamengo / RJ": {"Atk": 1.0, "Def": 0.6807266166658505}, "Botafogo / RJ": {"Atk": 0.6702242555461162, "Def": 0.7111185421165143}, "Palmeiras / SP": {"Atk": 0.8539970594410313, "Def": 0.7965379160474475}, "Santos / SP": {"Atk": 0.9006172450878122, "Def": 0.7163127520488496}, "Corinthians / SP": {"Atk": 0.7209380299408245, "Def": 0.6302552691166796}, "Gr\u00eamio / RS": {"Atk": 0.6644402834330349, "Def": 0.8882348869542095}, "Sport / PE": {"Atk": 0.6304592034026667, "Def": 0.6611057087154486}, "Coritiba / PR": {"Atk": 0.4538585420960952, "Def": 0.6220683616774794}, "Fortaleza / CE": {"Atk": 0.6591782429394356, "Def": 1.0239416549929428}, "Goi\u00e1s / GO": {"Atk": 1.004115531516542, "Def": 0.36162197534950985}, "Fluminense / RJ": {"Atk": 1.0022012722677947, "Def": 0.616855574944559}, "Vasco da Gama / RJ": {"Atk": 0.8461035795616754, "Def": 0.573870751930997}, "S\u00e3o Paulo / SP": {"Atk": 0.9357378786124457, "Def": 0.8583521377125675}, "Red Bull Bragantino / SP": {"Atk": 0.7394836313064065, "Def": 0.5403283549758624}, "Atl\u00e9tico / MG": {"Atk": 1.3311321533497744, "Def": 0.5697859691600983}, "Internacional / RS": {"Atk": 0.8474648066541407, "Def": 1.2680653798780248}, "Bahia / BA": {"Atk": 0.9032631985095465, "Def": 0.46277012614566676}, "Athletico Paranaense / PR": {"Atk": 0.5237717376423212, "Def": 0.9229367735438501}, "Cear\u00e1 / CE": {"Atk": 0.698420663171716, "Def": 0.5749928294876296}, "Atl\u00e9tico / GO": {"Atk": 0.5959278236923603, "Def": 0.6270335563843211}}