{"Ponte Preta / SP": {"Home": {"Atk": 1.0, "Def": 0.8729537385884231}, "Away": {"Atk": 0.5008104670049337, "Def": 0.6170499253108896}, "Ext": 0.0}, "CSA / AL": {"Home": {"Atk": 0.33226649541070113, "Def": 0.8093328209569719}, "Away": {"Atk": 0.26432184665501063, "Def": 0.8543530849555433}, "Ext": 0.0}, "Sport / PE": {"Home": {"Atk": 0.7580307556465694, "Def": 0.678455786720288}, "Away": {"Atk": 0.25451214489566665, "Def": 0.6104935359322635}, "Ext": 0.4762690716032498}, "Brusque / SC": {"Home": {"Atk": 0.37070952438361426, "Def": 0.5794809887662749}, "Away": {"Atk": 0.46260696609211616, "Def": 0.6866582793653399}, "Ext": 0.0}, "Novorizontino / SP": {"Home": {"Atk": 0.3792453202863485, "Def": 0.5617064859657954}, "Away": {"Atk": 0.1815235242088727, "Def": 0.8690498493935314}, "Ext": 0.6228719870592209}, "Londrina / PR": {"Home": {"Atk": 0.594068581976731, "Def": 0.6293133742268786}, "Away": {"Atk": 0.372724926232859, "Def": 0.7862108670801395}, "Ext": 0.31283703524810746}, "Vasco da Gama / RJ": {"Home": {"Atk": 0.6577785246906019, "Def": 0.9030858029046784}, "Away": {"Atk": 0.26626809489186903, "Def": 1.0362243120067895}, "Ext": 0.04907598588779712}, "Bahia / BA": {"Home": {"Atk": 0.8178979275528456, "Def": 0.7790050713533678}, "Away": {"Atk": 0.46611266486792086, "Def": 0.6216193336041452}, "Ext": 0.31779945189859143}, "Tombense / MG": {"Home": {"Atk": 0.5294096575820568, "Def": 0.9574637038560949}, "Away": {"Atk": 0.6009085801205928, "Def": 0.5819717011582515}, "Ext": 0.058643477608935575}, "Chapecoense / SC": {"Home": {"Atk": 0.6918219314301225, "Def": 0.5424345666339998}, "Away": {"Atk": 0.4416589885845259, "Def": 0.7975273565490256}, "Ext": 0.47753833243444643}, "Guarani / SP": {"Home": {"Atk": 0.45317031807677394, "Def": 0.5756666034723914}, "Away": {"Atk": 0.3937651247060577, "Def": 0.8736921608429307}, "Ext": 0.0}, "CRB / AL": {"Home": {"Atk": 0.6492224837400957, "Def": 0.691517029885661}, "Away": {"Atk": 0.2608738434087974, "Def": 0.6610021003412722}, "Ext": 0.0}, "N\u00e1utico / PE": {"Home": {"Atk": 0.42191946262135593, "Def": 0.6796635234765064}, "Away": {"Atk": 0.3291288283050685, "Def": 0.5306783588559902}, "Ext": 0.5158748871417922}, "Crici\u00fama / SC": {"Home": {"Atk": 0.5938288842872229, "Def": 0.6993887307742963}, "Away": {"Atk": 0.5600667126936142, "Def": 0.8938427777868793}, "Ext": 0.04489690415778192}, "Ituano / SP": {"Home": {"Atk": 0.6656060612068807, "Def": 0.7200632117524781}, "Away": {"Atk": 0.584807610258095, "Def": 0.6458184554245677}, "Ext": 0.13604477780387428}, "Oper\u00e1rio / PR": {"Home": {"Atk": 0.6505178432712946, "Def": 0.6500920621502229}, "Away": {"Atk": 0.2783926585868108, "Def": 0.3913792377311687}, "Ext": 0.10398688210898971}, "Gr\u00eamio / RS": {"Home": {"Atk": 0.7952083560979629, "Def": 0.6590022205703129}, "Away": {"Atk": 0.14766017191246836, "Def": 1.0014004622138484}, "Ext": 0.427002861281206}, "Sampaio Corr\u00eaa / MA": {"Home": {"Atk": 0.7914842976952394, "Def": 0.6668122214901887}, "Away": {"Atk": 0.01886657037987175, "Def": 0.4534678315910854}, "Ext": 0.028055215146745062}, "Cruzeiro / MG": {"Home": {"Atk": 0.7292740232213076, "Def": 1.0131118498500644}, "Away": {"Atk": 0.46069762557552935, "Def": 0.707684615909708}, "Ext": 0.0}, "Vila Nova / GO": {"Home": {"Atk": 0.6347224607385552, "Def": 0.7978112837078922}, "Away": {"Atk": 0.5442897851749612, "Def": 0.5330852652002742}, "Ext": 0.0}}