{"Palmeiras / SP": {"Atk": 1.0, "Def": 0.6526823220037744}, "Flamengo / RJ": {"Atk": 0.651559883160283, "Def": 0.7188474992968018}, "Atl\u00e9tico / MG": {"Atk": 0.9267637954565703, "Def": 0.5227958254636617}, "Coritiba / PR": {"Atk": 0.6612670143302612, "Def": 0.5217303443570261}, "Botafogo / RJ": {"Atk": 0.7705246241859655, "Def": 0.4905634768209674}, "Santa Cruz / PE": {"Atk": 0.584537125812093, "Def": 0.5136724861909345}, "Corinthians / SP": {"Atk": 0.7795845336414712, "Def": 0.7837718899638023}, "Figueirense / SC": {"Atk": 0.48885008707804944, "Def": 0.5591248644219078}, "Am\u00e9rica / MG": {"Atk": 0.3454399724632329, "Def": 0.4608549541048286}, "Internacional / RS": {"Atk": 0.5756990007319722, "Def": 0.5962952268652932}, "Vit\u00f3ria / BA": {"Atk": 0.7282442431712206, "Def": 0.46073469499936165}, "Fluminense / RJ": {"Atk": 0.6451551428233069, "Def": 0.719611422282333}, "Cruzeiro / MG": {"Atk": 0.7503342381056454, "Def": 0.41449650947446665}, "Santos / SP": {"Atk": 0.9334651614815989, "Def": 0.7769787175363105}, "Athletico Paranaense / PR": {"Atk": 0.5238513821784067, "Def": 0.7755472670587673}, "Chapecoense / SC": {"Atk": 0.8004106590542395, "Def": 0.4184890127344076}, "S\u00e3o Paulo / SP": {"Atk": 0.5750110920145178, "Def": 0.6763185900503262}, "Gr\u00eamio / RS": {"Atk": 0.8349877467432794, "Def": 0.6392986738585783}, "Ponte Preta / SP": {"Atk": 0.7272731826745789, "Def": 0.4505931974023017}, "Sport / PE": {"Atk": 0.8047241143527205, "Def": 0.4601608790470038}}