{"Fluminense / RJ": {"Atk": 1.0, "Def": 0.72238750540258, "Ext": 0.24811212060042925}, "Flamengo / RJ": {"Atk": 0.9809504281032538, "Def": 1.4013830359417863, "Ext": 0.0}, "Palmeiras / SP": {"Atk": 1.0079560511265107, "Def": 1.2485984320349257, "Ext": 0.14292615429623057}, "Corinthians / SP": {"Atk": 0.8297676732207032, "Def": 193.41385901853204, "Ext": 0.2540455410969285}, "Cruzeiro / MG": {"Atk": 0.7957820994514934, "Def": 1.0090710684925404, "Ext": 0.0}, "Coritiba / PR": {"Atk": 0.7936775434468386, "Def": 0.7404957378377444, "Ext": 0.03834225935739346}, "Gr\u00eamio / RS": {"Atk": 1.5894679577562174, "Def": 0.9907975020053078, "Ext": 0.0}, "Bahia / BA": {"Atk": 0.82196663960568, "Def": 0.9113281191023326, "Ext": 0.0}, "Ponte Preta / SP": {"Atk": 0.934242370305655, "Def": 0.7193430796309193, "Ext": 0.0}, "Ava\u00ed / SC": {"Atk": 0.40793062768451427, "Def": 0.990332756718115, "Ext": 0.0}, "Botafogo / RJ": {"Atk": 0.705689394434482, "Def": 1.1592392326894791, "Ext": 0.0}, "Vasco da Gama / RJ": {"Atk": 0.9171951623863679, "Def": 0.6313440740942484, "Ext": 0.019569934818872273}, "Santos / SP": {"Atk": 0.6081632644252926, "Def": 2.8764960276972475, "Ext": 0.0}, "S\u00e3o Paulo / SP": {"Atk": 0.19031541527404264, "Def": 1.6727315884403953, "Ext": 0.37220952382698447}, "Atl\u00e9tico / MG": {"Atk": 0.6783593731616797, "Def": 0.7301982217477392, "Ext": 0.0}, "Athletico Paranaense / PR": {"Atk": 0.4044586025226879, "Def": 0.8513224889996148, "Ext": 0.19035190589989293}, "Sport / PE": {"Atk": 1.089259303236432, "Def": 0.7050214784807188, "Ext": 0.0}, "Vit\u00f3ria / BA": {"Atk": 0.7067112596597639, "Def": 0.5120608871199107, "Ext": 0.0}, "Atl\u00e9tico / GO": {"Atk": 0.4028569502914829, "Def": 0.4860180902460208, "Ext": 0.02233863058850318}, "Chapecoense / SC": {"Atk": 1.0128232058933453, "Def": 0.5584097844632332, "Ext": 0.05178607445192883}, "Home bonus": 0.3652055750389153}