{"Guarani / SP": {"Atk": 1.0, "Def": 1.9634680988014659, "Ext": 0.06874796193917124}, "Botafogo / SP": {"Atk": 1.8124244978563262, "Def": 1.7493644210694952, "Ext": 0.07250246818380837}, "S\u00e3o Bento / SP": {"Atk": 1.5589681037161511, "Def": 1.6149656847534852, "Ext": 0.3282795456917192}, "Vila Nova / GO": {"Atk": 1.2547030452257077, "Def": 2.1450485047259504, "Ext": 0.0}, "Coritiba / PR": {"Atk": 2.43472033350101, "Def": 2.6895960569164434, "Ext": 0.1087026698187835}, "Oper\u00e1rio / PR": {"Atk": 1.6681108594819527, "Def": 1.8114508452903133, "Ext": 0.0}, "Crici\u00fama / SC": {"Atk": 1.4442432396308336, "Def": 1.7479211239384034, "Ext": 0.0}, "Brasil / RS": {"Atk": 1.24579287964794, "Def": 2.1624854115628356, "Ext": 0.07609876609443002}, "Sport / PE": {"Atk": 1.3844099087698463, "Def": 8.287836152762223, "Ext": 0.5283953563550697}, "CRB / AL": {"Atk": 2.2206294714975545, "Def": 1.7018314082484687, "Ext": 0.0}, "Ponte Preta / SP": {"Atk": 1.4751902666160774, "Def": 3.555520557358117, "Ext": 0.25122526149482416}, "Red Bull Bragantino / SP": {"Atk": 2.875345751401977, "Def": 5.3099167087526595, "Ext": 0.0}, "Oeste / SP": {"Atk": 1.1190208625358804, "Def": 2.57925485680737, "Ext": 0.2365090898690948}, "Atl\u00e9tico / GO": {"Atk": 2.310339302097766, "Def": 2.393106082915545, "Ext": 0.0012774310247546713}, "Paran\u00e1 / PR": {"Atk": 1.065386818893711, "Def": 2.80667554964165, "Ext": 0.18429329575369455}, "Londrina / PR": {"Atk": 2.1294725315579504, "Def": 1.555358218193958, "Ext": 0.026618498020623875}, "Figueirense / SC": {"Atk": 1.5839454074673338, "Def": 2.076649548286688, "Ext": 0.0}, "Am\u00e9rica / MG": {"Atk": 1.4269127198854903, "Def": 2.065268731041126, "Ext": 0.19999533851220996}, "Vit\u00f3ria / BA": {"Atk": 1.7121903969603147, "Def": 1.3601533139919981, "Ext": 0.012846344112476718}, "Cuiab\u00e1 / MT": {"Atk": 1.1688731174228946, "Def": 3.761719102491971, "Ext": 0.3478692271324747}}