{"Flamengo / RJ": {"Atk": 1.0, "Def": 1.7996300696294238, "Ext": 0.1}, "Fluminense / RJ": {"Atk": 3.3601060950960098, "Def": 2.632115018787974, "Ext": 0.1}, "S\u00e3o Paulo / SP": {"Atk": 4.1643943688058735, "Def": 2.5234096096494834, "Ext": 0.0}, "Santos / SP": {"Atk": 2.4724412765100348, "Def": 4.08452804560492, "Ext": 0.1}, "Athletico Paranaense / PR": {"Atk": 4.067189094076587, "Def": 2.2926369760753724, "Ext": 0.1}, "Atl\u00e9tico / MG": {"Atk": 3.428148252880708, "Def": 3.312396498630731, "Ext": 0.1}, "Bahia / BA": {"Atk": 1.549936252143102, "Def": 2.613480777024132, "Ext": 0.0}, "Internacional / RS": {"Atk": 3.5709594722035227, "Def": 2.9802106271770787, "Ext": 0.1}, "Crici\u00fama / SC": {"Atk": 0.8539703274741567, "Def": 2.190861577114493, "Ext": 0.0055382987453588845}, "Chapecoense / SC": {"Atk": 1.787112223179256, "Def": 2.8764334969913685, "Ext": 0.1}, "Botafogo / RJ": {"Atk": 3.2138810974484584, "Def": 2.4423523496467383, "Ext": 0.0}, "Sport / PE": {"Atk": 2.232300493973921, "Def": 2.878574014551926, "Ext": 0.1}, "Corinthians / SP": {"Atk": 2.3788802771028204, "Def": 7.072591546559181, "Ext": 0.1}, "Palmeiras / SP": {"Atk": 1.6189996927719315, "Def": 2.112939777402655, "Ext": 0.1}, "Coritiba / PR": {"Atk": 1.4514185667026944, "Def": 2.709480286764307, "Ext": 0.0}, "Cruzeiro / MG": {"Atk": 5.193944937118472, "Def": 2.770621003097147, "Ext": 0.1}, "Vit\u00f3ria / BA": {"Atk": 2.073674542864002, "Def": 2.609077719742173, "Ext": 0.1}, "Gr\u00eamio / RS": {"Atk": 1.4311159376613085, "Def": 8.323801521035117, "Ext": 0.1}, "Figueirense / SC": {"Atk": 1.2226504210318043, "Def": 1.5317431559293635, "Ext": 0.0}, "Goi\u00e1s / GO": {"Atk": 1.001620562105654, "Def": 4.662144679933952, "Ext": 0.0}, "Home bonus": 0.3420766910792105}