{"Guarani / SP": {"Atk": 1.0, "Def": 1.473275012999457}, "Botafogo / SP": {"Atk": 1.285640897185959, "Def": 1.4205105963144167}, "S\u00e3o Bento / SP": {"Atk": 1.524622942978919, "Def": 0.9431295957394618}, "Vila Nova / GO": {"Atk": 0.896457358894259, "Def": 1.3191883934237223}, "Coritiba / PR": {"Atk": 1.6579693091720131, "Def": 1.4492773324885364}, "Oper\u00e1rio / PR": {"Atk": 1.1172371884505494, "Def": 1.3165532514636928}, "Crici\u00fama / SC": {"Atk": 0.9976281466078727, "Def": 1.3977307870409554}, "Brasil / RS": {"Atk": 1.0722421656925805, "Def": 1.2163043184584326}, "Sport / PE": {"Atk": 1.7067243049504939, "Def": 1.7356771023160187}, "CRB / AL": {"Atk": 1.6276643807000162, "Def": 1.175641667356614}, "Ponte Preta / SP": {"Atk": 1.3286886164990803, "Def": 1.3360249267604198}, "Red Bull Bragantino / SP": {"Atk": 2.267426935367986, "Def": 1.809588486638886}, "Oeste / SP": {"Atk": 1.461889816731443, "Def": 1.08807021836007}, "Atl\u00e9tico / GO": {"Atk": 1.5278230654661136, "Def": 1.8161300782075152}, "Paran\u00e1 / PR": {"Atk": 1.0941209795801856, "Def": 1.7378934371517372}, "Londrina / PR": {"Atk": 1.293729146588733, "Def": 1.0154394559225512}, "Figueirense / SC": {"Atk": 1.1454499132975986, "Def": 1.4220062295038478}, "Am\u00e9rica / MG": {"Atk": 1.4839890890175353, "Def": 1.543020283225109}, "Vit\u00f3ria / BA": {"Atk": 1.4601490621964943, "Def": 1.09273930289371}, "Cuiab\u00e1 / MT": {"Atk": 1.4851873872222598, "Def": 1.2781954965242996}}