{"Cruzeiro / MG": {"Atk": 1.0, "Def": 1.6506521287520899, "Ext": 0.0}, "Athletico Paranaense / PR": {"Atk": 1.0432953354566552, "Def": 1.0513239655919258, "Ext": 0.0}, "Am\u00e9rica / MG": {"Atk": 1.376185927160158, "Def": 0.7902877853307074, "Ext": 0.0}, "Vit\u00f3ria / BA": {"Atk": 0.8895561036002825, "Def": 0.9639055403202599, "Ext": 0.4506942558623565}, "Vasco da Gama / RJ": {"Atk": 1.465627909240738, "Def": 0.9213355622615576, "Ext": 0.0}, "Botafogo / RJ": {"Atk": 0.9349565325079979, "Def": 1.4621458122597712, "Ext": 0.29075484695585463}, "S\u00e3o Paulo / SP": {"Atk": 1.415656547434467, "Def": 2.194652873810953, "Ext": 0.3141800277184469}, "Santos / SP": {"Atk": 1.1498552535747462, "Def": 1.1585528722716238, "Ext": 0.17594369151591643}, "Corinthians / SP": {"Atk": 1.2748754714403085, "Def": 1.6977724344959884, "Ext": 0.0}, "Internacional / RS": {"Atk": 1.390595952970625, "Def": 1.8210260789968273, "Ext": 0.053624160077962335}, "Atl\u00e9tico / MG": {"Atk": 2.168870221611954, "Def": 0.8542217726214789, "Ext": 0.0}, "Paran\u00e1 / PR": {"Atk": 0.577462847051242, "Def": 1.0507070536507002, "Ext": 0.0}, "Chapecoense / SC": {"Atk": 0.9245065812654488, "Def": 1.024034594738322, "Ext": 0.19203029061488378}, "Bahia / BA": {"Atk": 1.2320150056047487, "Def": 1.0632269997014916, "Ext": 0.0}, "Fluminense / RJ": {"Atk": 1.426525643384113, "Def": 1.0393718712554738, "Ext": 0.0}, "Flamengo / RJ": {"Atk": 1.6304161290062014, "Def": 2.8224460192393845, "Ext": 0.0}, "Cear\u00e1 / CE": {"Atk": 0.6014000155156018, "Def": 0.9673288037651515, "Ext": 0.0}, "Sport / PE": {"Atk": 1.1997668853761707, "Def": 0.9855145813954121, "Ext": 0.0}, "Palmeiras / SP": {"Atk": 1.6685628326885897, "Def": 1.5266840069481333, "Ext": 0.1430413296772384}, "Gr\u00eamio / RS": {"Atk": 0.9563350628479267, "Def": 4.044766903719791, "Ext": 0.0}}