{"Vasco da Gama / RJ": {"Atk": 1.0, "Def": 0.9210013929361055, "Home bonus": 0.3123279944600295, "Ext": 0.0}, "Vila Nova / GO": {"Atk": 0.655872519982653, "Def": 1.2564868726589136, "Home bonus": 0.0, "Ext": 0.0}, "Guarani / SP": {"Atk": 1.491076664606404, "Def": 0.7452912282182819, "Home bonus": 0.0, "Ext": 0.1}, "N\u00e1utico / PE": {"Atk": 0.9036586770435823, "Def": 0.9120400643518272, "Home bonus": 0.5477008744886267, "Ext": 0.0}, "Brasil / RS": {"Atk": 0.4096394621783157, "Def": 0.8974577935989129, "Home bonus": 0.38012864219579395, "Ext": 0.1}, "CRB / AL": {"Atk": 1.3006891489233448, "Def": 0.8635266726918472, "Home bonus": 0.07900010000984545, "Ext": 0.1}, "Coritiba / PR": {"Atk": 1.0583138075730936, "Def": 1.2658275373011887, "Home bonus": 0.41120507264701206, "Ext": 0.1}, "Brusque / SC": {"Atk": 0.9411232375990114, "Def": 0.7667248162645685, "Home bonus": 0.0, "Ext": 0.1}, "Confian\u00e7a / SE": {"Atk": 0.8704776892284679, "Def": 0.5957516186016233, "Home bonus": 0.05485686519987292, "Ext": 0.1}, "Sampaio Corr\u00eaa / MA": {"Atk": 1.0939931984896822, "Def": 1.255449064206684, "Home bonus": 0.24887775842767623, "Ext": 0.1}, "Botafogo / RJ": {"Atk": 0.8467995021900188, "Def": 0.931039829836299, "Home bonus": 1.1038889998677062, "Ext": 0.1}, "Goi\u00e1s / GO": {"Atk": 0.8746157828253486, "Def": 2.045581363525296, "Home bonus": 0.31357084689479187, "Ext": 0.1}, "Ponte Preta / SP": {"Atk": 0.36681957647753877, "Def": 0.9354609558473591, "Home bonus": 1.210233219748227, "Ext": 0.1}, "Cruzeiro / MG": {"Atk": 0.9243478331912185, "Def": 0.733987927727156, "Home bonus": 0.47895283399034844, "Ext": 0.1}, "Londrina / PR": {"Atk": 0.6962005525555964, "Def": 0.9922314653997949, "Home bonus": 0.0, "Ext": 0.1}, "CSA / AL": {"Atk": 0.8037300460887595, "Def": 1.1497890493479712, "Home bonus": 0.2403030193041867, "Ext": 0.0}, "Oper\u00e1rio / PR": {"Atk": 0.52773195432379, "Def": 0.8951012135443512, "Home bonus": 0.5031822488112873, "Ext": 0.0}, "Ava\u00ed / SC": {"Atk": 0.9654850559914097, "Def": 1.2913391010109105, "Home bonus": 0.000562814929880756, "Ext": 0.0}, "Vit\u00f3ria / BA": {"Atk": 0.5627598124248188, "Def": 1.3193558651628607, "Home bonus": 0.3166572483665588, "Ext": 0.1}, "Remo / PA": {"Atk": 0.7835687161101365, "Def": 1.012621413484935, "Home bonus": 0.0, "Ext": 0.0}}