{"Palmeiras / SP": {"Home": {"Atk": 1.0, "Def": 0.41131735461854163}, "Away": {"Atk": 0.5420941649827696, "Def": 0.6759572831397869}, "Ext": 0.0}, "Flamengo / RJ": {"Home": {"Atk": 0.7223833275213509, "Def": 0.3881773346651117}, "Away": {"Atk": 0.4545214741741903, "Def": 0.6662412971143806}, "Ext": 0.0}, "Atl\u00e9tico / MG": {"Home": {"Atk": 0.7545905472405943, "Def": 0.5557245217404001}, "Away": {"Atk": 0.3442488650308698, "Def": 0.4968957553239795}, "Ext": 0.3536127576024033}, "Coritiba / PR": {"Home": {"Atk": 0.5957359739505652, "Def": 0.5316663018976215}, "Away": {"Atk": 0.11359684224067713, "Def": 0.7332542803938795}, "Ext": 0.37671513869679346}, "Botafogo / RJ": {"Home": {"Atk": 0.6740486309953945, "Def": 0.44508327637340606}, "Away": {"Atk": 0.271724208198294, "Def": 0.5116250162043977}, "Ext": 0.12138722076304692}, "Santa Cruz / PE": {"Home": {"Atk": 0.5217442489791966, "Def": 0.2733903269008851}, "Away": {"Atk": 0.50580433068486, "Def": 0.32586519979859574}, "Ext": 0.0}, "Corinthians / SP": {"Home": {"Atk": 0.7262656007981774, "Def": 0.6476680185667537}, "Away": {"Atk": 0.3486148931823058, "Def": 0.5746484059367003}, "Ext": 0.0}, "Figueirense / SC": {"Home": {"Atk": 0.26574658723805167, "Def": 2.3150599392608036}, "Away": {"Atk": 0.0798890507075898, "Def": 0.5027987086053122}, "Ext": 0.5494319298236207}, "Am\u00e9rica / MG": {"Home": {"Atk": 0.25501765057551123, "Def": 0.34579533247306615}, "Away": {"Atk": 0.21212610699708673, "Def": 0.37347929798609153}, "Ext": 0.0}, "Internacional / RS": {"Home": {"Atk": 0.3295245195992206, "Def": 0.6544368269885068}, "Away": {"Atk": 0.15236874770659012, "Def": 0.5976662096161534}, "Ext": 0.387575568083054}, "Vit\u00f3ria / BA": {"Home": {"Atk": 0.4751238980273739, "Def": 0.4738239567982873}, "Away": {"Atk": 0.1940935587692013, "Def": 0.5574622808058748}, "Ext": 0.5086395723111086}, "Fluminense / RJ": {"Home": {"Atk": 0.5774644024585577, "Def": 0.4489663169997974}, "Away": {"Atk": 0.2724004967787858, "Def": 0.911479432777877}, "Ext": 0.05059559939970288}, "Cruzeiro / MG": {"Home": {"Atk": 0.4500843518478164, "Def": 0.24823461649747922}, "Away": {"Atk": 0.5176568682065749, "Def": 0.438111597693734}, "Ext": 0.0}, "Santos / SP": {"Home": {"Atk": 0.8540659253065972, "Def": 0.9170699577717484}, "Away": {"Atk": 0.3289100099825151, "Def": 0.7405422230512071}, "Ext": 0.2250670750044343}, "Athletico Paranaense / PR": {"Home": {"Atk": 0.5375296568275784, "Def": 3.1497717652780586}, "Away": {"Atk": 0.23407914302332772, "Def": 0.4672445730803762}, "Ext": 0.0}, "Chapecoense / SC": {"Home": {"Atk": 0.661778473017768, "Def": 0.28857641006330076}, "Away": {"Atk": 0.5826752684362596, "Def": 0.3350774296262508}, "Ext": 0.0}, "S\u00e3o Paulo / SP": {"Home": {"Atk": 0.5762637544317755, "Def": 0.4210655678476908}, "Away": {"Atk": 0.3326550926333294, "Def": 0.5251863778428497}, "Ext": 0.0}, "Gr\u00eamio / RS": {"Home": {"Atk": 0.5033161665026079, "Def": 1.7379408937462628}, "Away": {"Atk": 0.5020712285232068, "Def": 0.34490211443271585}, "Ext": 0.0}, "Ponte Preta / SP": {"Home": {"Atk": 0.8025540914881515, "Def": 0.3389318645313635}, "Away": {"Atk": 0.4428065774412695, "Def": 0.3255586588664912}, "Ext": 0.0}, "Sport / PE": {"Home": {"Atk": 0.9426769262058391, "Def": 0.26529248777920805}, "Away": {"Atk": 0.18908195321535723, "Def": 0.446932958172218}, "Ext": 0.0}}