{"Cruzeiro / MG": {"Atk": 1.0, "Def": 1.4139137462738973, "Ext": 0.0}, "Athletico Paranaense / PR": {"Atk": 1.248326235361899, "Def": 1.232053356836812, "Ext": 0.03297642173740264}, "Am\u00e9rica / MG": {"Atk": 1.006500180202479, "Def": 1.130365981251917, "Ext": 0.13289257861631204}, "Vit\u00f3ria / BA": {"Atk": 1.2108850328793312, "Def": 0.6415496645227732, "Ext": 0.0}, "Vasco da Gama / RJ": {"Atk": 1.3211310619648762, "Def": 0.9007368495675324, "Ext": 0.07265102175193017}, "Botafogo / RJ": {"Atk": 1.0621604153073736, "Def": 0.9623945832214275, "Ext": 0.0}, "S\u00e3o Paulo / SP": {"Atk": 1.3785718949704904, "Def": 2.7869415053456175, "Ext": 0.3518612838756948}, "Santos / SP": {"Atk": 1.2180937531467786, "Def": 1.101742597289304, "Ext": 0.08184865958991112}, "Corinthians / SP": {"Atk": 1.1992172479889498, "Def": 1.5042692937350355, "Ext": 0.0}, "Internacional / RS": {"Atk": 1.5343357660267278, "Def": 2.1756202638468882, "Ext": 0.0}, "Atl\u00e9tico / MG": {"Atk": 1.3593896167850519, "Def": 1.4771019469812252, "Ext": 0.41591444456661797}, "Paran\u00e1 / PR": {"Atk": 0.5264978410839685, "Def": 0.979453961215263, "Ext": 0.0}, "Chapecoense / SC": {"Atk": 1.047611720376869, "Def": 0.9355878384745185, "Ext": 0.09518908803533815}, "Bahia / BA": {"Atk": 1.176559154334773, "Def": 1.0253675475349766, "Ext": 0.0}, "Fluminense / RJ": {"Atk": 1.1058676895854478, "Def": 1.0146764079098118, "Ext": 0.0}, "Flamengo / RJ": {"Atk": 1.6588987728588014, "Def": 1.5057986744428424, "Ext": 0.0}, "Cear\u00e1 / CE": {"Atk": 0.557012340890324, "Def": 1.1721625101355289, "Ext": 0.0}, "Sport / PE": {"Atk": 0.8824456348124041, "Def": 0.8036569433873829, "Ext": 0.05453094542762868}, "Palmeiras / SP": {"Atk": 1.4528714633802637, "Def": 2.443098219922371, "Ext": 0.1406821062772762}, "Gr\u00eamio / RS": {"Atk": 1.3171524496058857, "Def": 2.5192271374012942, "Ext": 0.0}}