{"Paran\u00e1 / PR": {"Home": {"Atk": 1.0, "Def": 1.4370289393620594}, "Away": {"Atk": 0.4952280781525292, "Def": 1.309727790054096}, "Ext": 0.20830603462572655}, "Atl\u00e9tico / GO": {"Home": {"Atk": 1.0864583398137413, "Def": 1.2942254928073613}, "Away": {"Atk": 0.48112700682938814, "Def": 1.1943273238041003}, "Ext": 0.034084652218910334}, "Paysandu / PA": {"Home": {"Atk": 1.5602046757471064, "Def": 1.6739833986798527}, "Away": {"Atk": 0.47972971001752085, "Def": 1.3656656930744662}, "Ext": 0.08040670000738326}, "Mogi Mirim / SP": {"Home": {"Atk": 0.7424465566643126, "Def": 0.49310515597564286}, "Away": {"Atk": 0.266876088546513, "Def": 1.1620340969313228}, "Ext": 0.3356148415667055}, "Vit\u00f3ria / BA": {"Home": {"Atk": 2.3065374707232653, "Def": 0.7607165774342134}, "Away": {"Atk": 0.5342825865568517, "Def": 2.6677635752543014}, "Ext": 0.1834470545607931}, "Maca\u00e9 / RJ": {"Home": {"Atk": 1.2477542038954557, "Def": 0.6905924886221728}, "Away": {"Atk": 0.4875469107876548, "Def": 1.6659709649904098}, "Ext": 0.35531304418427}, "Am\u00e9rica / MG": {"Home": {"Atk": 1.8144284784669304, "Def": 1.0032759224687124}, "Away": {"Atk": 0.5911746482735248, "Def": 1.5428713449627522}, "Ext": 0.1510743493389463}, "N\u00e1utico / PE": {"Home": {"Atk": 2.066764209010436, "Def": 0.7276732913049967}, "Away": {"Atk": 0.4932024895496883, "Def": 1.062140364029095}, "Ext": 0.0}, "ABC / RN": {"Home": {"Atk": 0.4947722653039312, "Def": 0.5291604360095379}, "Away": {"Atk": 0.5454324903654292, "Def": 1.4006192048480197}, "Ext": 0.41547699221017675}, "CRB / AL": {"Home": {"Atk": 1.8034419421562322, "Def": 0.8228039956607002}, "Away": {"Atk": 0.42445129387585917, "Def": 1.3084476887398844}, "Ext": 0.04132848786445397}, "Bahia / BA": {"Home": {"Atk": 2.1137640841742122, "Def": 0.7239225006171388}, "Away": {"Atk": 0.7684976240324184, "Def": 1.3914354815895684}, "Ext": 0.0}, "Crici\u00fama / SC": {"Home": {"Atk": 1.0087115228463763, "Def": 0.7965016276564633}, "Away": {"Atk": 0.18596729637480922, "Def": 1.9678119759636699}, "Ext": 0.21870508153335724}, "Sampaio Corr\u00eaa / MA": {"Home": {"Atk": 2.004200571617584, "Def": 1.3041902342547058}, "Away": {"Atk": 0.5988096755734948, "Def": 1.22262054016104}, "Ext": 0.10010385109478823}, "Santa Cruz / PE": {"Home": {"Atk": 1.7751079254971602, "Def": 1.2223080875031382}, "Away": {"Atk": 0.49490606294998674, "Def": 1.3352406189504953}, "Ext": 0.3466593969190996}, "Botafogo / RJ": {"Home": {"Atk": 2.603001039892559, "Def": 0.9363635694136162}, "Away": {"Atk": 1.0156844824534925, "Def": 1.9946143008603392}, "Ext": 0.0}, "Red Bull Bragantino / SP": {"Home": {"Atk": 2.296330339535864, "Def": 0.8045376084023178}, "Away": {"Atk": 0.6893485829098115, "Def": 0.7926184839999504}, "Ext": 0.056197604144276776}, "Boa / MG": {"Home": {"Atk": 1.0099412005837842, "Def": 0.46710701339089056}, "Away": {"Atk": 0.45746413123028473, "Def": 1.1422365876649363}, "Ext": 0.0770089571265488}, "Oeste / SP": {"Home": {"Atk": 0.9689687216419012, "Def": 1.4805392170476641}, "Away": {"Atk": 0.42589012691592215, "Def": 1.2334205430241114}, "Ext": 0.1706555362063417}, "Cear\u00e1 / CE": {"Home": {"Atk": 1.0273278511195387, "Def": 0.5975931495058517}, "Away": {"Atk": 0.3606295403963607, "Def": 1.201652681848715}, "Ext": 0.25536046368580867}, "Luverdense / MT": {"Home": {"Atk": 2.022085040879609, "Def": 0.6004866688363519}, "Away": {"Atk": 0.5359027219577744, "Def": 1.705212786346228}, "Ext": 0.0}}