{"Red Bull Bragantino / SP": {"Atk": 1.0, "Def": 0.7897513796735375}, "Ponte Preta / SP": {"Atk": 1.321054403777825, "Def": 1.0341494568038665}, "Vasco da Gama / RJ": {"Atk": 1.3711701925210138, "Def": 1.3290023391250843}, "Santa Cruz / PE": {"Atk": 1.2404119873570545, "Def": 1.2258507155387335}, "Sampaio Corr\u00eaa / MA": {"Atk": 1.4791493742124509, "Def": 1.0555526089689058}, "Cear\u00e1 / CE": {"Atk": 1.8127648193656267, "Def": 0.7939557675267483}, "Vila Nova / GO": {"Atk": 0.6558412045259894, "Def": 0.7521157465889114}, "Am\u00e9rica / RN": {"Atk": 1.2709935608335219, "Def": 0.8338486365360381}, "Boa / MG": {"Atk": 1.3391115410550691, "Def": 0.9589987293224964}, "Oeste / SP": {"Atk": 1.0515682865367104, "Def": 0.8378788834082079}, "Portuguesa / SP": {"Atk": 0.9393864870365748, "Def": 0.8359693396786486}, "Paran\u00e1 / PR": {"Atk": 1.0714923880847915, "Def": 1.0261676309205046}, "N\u00e1utico / PE": {"Atk": 1.0367485381378971, "Def": 0.9824420942454719}, "Luverdense / MT": {"Atk": 1.247878800432568, "Def": 0.9508118747544472}, "Icasa / CE": {"Atk": 0.7434584923848614, "Def": 0.99995486588658}, "Ava\u00ed / SC": {"Atk": 1.2928985077413904, "Def": 1.557385495086848}, "Atl\u00e9tico / GO": {"Atk": 1.4551071226590375, "Def": 0.7620231982422712}, "ABC / RN": {"Atk": 0.8761609111160034, "Def": 1.2822839914140063}, "Am\u00e9rica / MG": {"Atk": 1.4321477540772711, "Def": 1.0277287066064948}, "Joinville / SC": {"Atk": 1.304625087225371, "Def": 1.1289833488239116}}