{"Ponte Preta / SP": {"Atk": 1.0, "Def": 1.3002723027216225, "Ext": 0.0}, "Oeste / SP": {"Atk": 1.041175184677319, "Def": 0.9995154838833294, "Ext": 0.0}, "Brasil / RS": {"Atk": 0.7515010055619182, "Def": 1.0989827502669236, "Ext": 0.0}, "Figueirense / SC": {"Atk": 1.2594969154771736, "Def": 0.9114241582051541, "Ext": 0.0}, "Fortaleza / CE": {"Atk": 1.3715420651818624, "Def": 1.1770046786850505, "Ext": 0.0}, "Vila Nova / GO": {"Atk": 0.8668105688471729, "Def": 1.821665836404372, "Ext": 0.0}, "Atl\u00e9tico / GO": {"Atk": 1.3101360308058907, "Def": 0.8145417063230501, "Ext": 0.1}, "CSA / AL": {"Atk": 1.2846716146659862, "Def": 1.0595273326520034, "Ext": 0.0}, "Londrina / PR": {"Atk": 1.022524610704119, "Def": 0.9989485792686598, "Ext": 0.0}, "Sampaio Corr\u00eaa / MA": {"Atk": 0.7290980937008261, "Def": 0.8753238925268075, "Ext": 0.1}, "Guarani / SP": {"Atk": 1.2024420857832951, "Def": 1.0918369920581072, "Ext": 0.1}, "S\u00e3o Bento / SP": {"Atk": 0.9043998106518929, "Def": 1.1626631679340111, "Ext": 0.1}, "Juventude / RS": {"Atk": 0.6944313582292327, "Def": 1.1786156713482359, "Ext": 0.1}, "Ava\u00ed / SC": {"Atk": 1.296598928671124, "Def": 1.2328111620491262, "Ext": 0.1}, "Crici\u00fama / SC": {"Atk": 0.9818352419080034, "Def": 1.002438919506489, "Ext": 0.1}, "Goi\u00e1s / GO": {"Atk": 1.3989948834227297, "Def": 0.8977554249858449, "Ext": 0.0}, "Boa / MG": {"Atk": 0.6606185583435709, "Def": 0.9209216727681109, "Ext": 0.0}, "CRB / AL": {"Atk": 0.6311265534429747, "Def": 1.082352812679654, "Ext": 0.08081380238225207}, "Coritiba / PR": {"Atk": 0.9597681446895489, "Def": 1.0723849987149054, "Ext": 0.1}, "Paysandu / PA": {"Atk": 0.8631696583735773, "Def": 0.8440377379158279, "Ext": 0.1}, "Home bonus": 0.2345606152820306}