{"Cruzeiro / MG": {"Atk": 1.0, "Def": 0.7366560753685215, "Home bonus": 0.18665842902816004, "Ext": 0.0}, "Athletico Paranaense / PR": {"Atk": 0.0, "Def": 0.7422575326952865, "Home bonus": 0.7393339823995425, "Ext": 0.6648662882847184}, "Am\u00e9rica / MG": {"Atk": 0.11135535744330438, "Def": 0.6122439296238559, "Home bonus": 0.6471725778633967, "Ext": 0.664563331165439}, "Vit\u00f3ria / BA": {"Atk": 0.4898916511299285, "Def": 0.9597286632516578, "Home bonus": 0.5120042520041866, "Ext": 0.49869513377143676}, "Vasco da Gama / RJ": {"Atk": 0.29926746429060236, "Def": 0.8780708114461445, "Home bonus": 0.5477498823997994, "Ext": 0.1341624819500316}, "Botafogo / RJ": {"Atk": 0.4246626505412218, "Def": 0.749471281876545, "Home bonus": 0.7828051693884606, "Ext": 0.5416224667666257}, "S\u00e3o Paulo / SP": {"Atk": 0.5903486529869346, "Def": 0.7644944517323372, "Home bonus": 0.504592729440335, "Ext": 0.030426415146491956}, "Santos / SP": {"Atk": 0.17406274116385884, "Def": 0.678310016961575, "Home bonus": 0.9416533040663388, "Ext": 0.3741298107966269}, "Corinthians / SP": {"Atk": 0.4755355373262103, "Def": 0.8238322942381807, "Home bonus": 0.8389350955954276, "Ext": 0.26775620047698356}, "Internacional / RS": {"Atk": 0.5053932775402747, "Def": 0.9414605222928059, "Home bonus": 0.5694207999341315, "Ext": 0.6590663444047982}, "Atl\u00e9tico / MG": {"Atk": 0.7614412014664181, "Def": 0.8191548295744754, "Home bonus": 0.2706720673017484, "Ext": 0.40114705503361386}, "Paran\u00e1 / PR": {"Atk": 0.2579625748008442, "Def": 0.5004066656598555, "Home bonus": 0.820877404135749, "Ext": 0.0}, "Chapecoense / SC": {"Atk": 0.2268684952130897, "Def": 0.9293526990823515, "Home bonus": 0.8511569300342918, "Ext": 0.27191862806982986}, "Bahia / BA": {"Atk": 0.16075894026111817, "Def": 0.4763882572612374, "Home bonus": 0.6031265921263909, "Ext": 0.0}, "Fluminense / RJ": {"Atk": 0.37984247890598716, "Def": 0.8486453598700088, "Home bonus": 0.33368134068868793, "Ext": 0.712794266390584}, "Flamengo / RJ": {"Atk": 0.725849664304744, "Def": 0.9266946981743734, "Home bonus": 0.7174113255218652, "Ext": 0.35691695126067663}, "Cear\u00e1 / CE": {"Atk": 0.34572776038590697, "Def": 1.1907389362670309, "Home bonus": 0.0, "Ext": 0.6681639138928831}, "Sport / PE": {"Atk": 0.33612572308045024, "Def": 1.0602398588908761, "Home bonus": 0.277771257549997, "Ext": 0.4917278389944891}, "Palmeiras / SP": {"Atk": 0.649630620886097, "Def": 0.9331340982277493, "Home bonus": 0.10432668483139118, "Ext": 0.26751774028082714}, "Gr\u00eamio / RS": {"Atk": 0.515964133971585, "Def": 1.0268801670138, "Home bonus": 0.2748889604212775, "Ext": 0.5235847716071289}}