{"Paran\u00e1 / PR": {"Atk": 0.683590180089566, "Def": 0.7269472684957731, "Home bonus": 0.0, "Ext": 0.1}, "Atl\u00e9tico / GO": {"Atk": 0.20529828425086674, "Def": 0.8413251337316728, "Home bonus": 0.5294527372991116, "Ext": 0.0}, "Paysandu / PA": {"Atk": 0.5273408831709611, "Def": 0.7969679844276104, "Home bonus": 0.6630455502964188, "Ext": 0.0}, "Mogi Mirim / SP": {"Atk": 0.8049839510069057, "Def": 0.41044773161418613, "Home bonus": 0.0, "Ext": 0.1}, "Vit\u00f3ria / BA": {"Atk": 0.4913443290892324, "Def": 0.8039080133643106, "Home bonus": 1.9398122807356497, "Ext": 0.1}, "Maca\u00e9 / RJ": {"Atk": 0.8988325114407528, "Def": 0.4411363027888599, "Home bonus": 0.8482684967602481, "Ext": 0.1}, "Am\u00e9rica / MG": {"Atk": 0.5663089096804983, "Def": 1.0269012986582566, "Home bonus": 1.0618859244645154, "Ext": 0.1}, "N\u00e1utico / PE": {"Atk": 0.600399160384463, "Def": 0.6392548272568506, "Home bonus": 0.9103065411725153, "Ext": 0.1}, "ABC / RN": {"Atk": 0.7970214276102005, "Def": 0.47565034325122774, "Home bonus": 0.0, "Ext": 0.1}, "CRB / AL": {"Atk": 0.6344553954814559, "Def": 0.8989638785012287, "Home bonus": 0.4860647636818231, "Ext": 0.0}, "Bahia / BA": {"Atk": 0.6028977131785258, "Def": 1.9239270453993593, "Home bonus": 0.5534488887727345, "Ext": 0.1}, "Crici\u00fama / SC": {"Atk": 0.4050642433846361, "Def": 0.682950139892929, "Home bonus": 0.4635513835967745, "Ext": 0.0}, "Sampaio Corr\u00eaa / MA": {"Atk": 0.7665263674262651, "Def": 0.7742654058798558, "Home bonus": 1.0442894421652027, "Ext": 0.0}, "Santa Cruz / PE": {"Atk": 0.6633733586283591, "Def": 0.834404085873567, "Home bonus": 0.8523708554597546, "Ext": 0.1}, "Botafogo / RJ": {"Atk": 0.5573673659386015, "Def": 1.5076153254505296, "Home bonus": 1.9026212530696789, "Ext": 0.1}, "Red Bull Bragantino / SP": {"Atk": 0.7212378687952532, "Def": 0.5381728416447441, "Home bonus": 0.44417565384663255, "Ext": 0.0}, "Boa / MG": {"Atk": 0.4502795189768135, "Def": 0.9900415814398527, "Home bonus": 0.0, "Ext": 0.0}, "Oeste / SP": {"Atk": 0.619188243774705, "Def": 0.5947509934785231, "Home bonus": 0.3667916794303656, "Ext": 0.1}, "Cear\u00e1 / CE": {"Atk": 0.13152412742559086, "Def": 0.4354283940153608, "Home bonus": 1.192801740384307, "Ext": 0.1}, "Luverdense / MT": {"Atk": 0.3565189614142399, "Def": 0.7050649632216642, "Home bonus": 0.7838769400540806, "Ext": 0.1}}