{"Palmeiras / SP": {"Atk": 1.0, "Def": 0.971989406299575, "Home bonus": 0.8354292346758563}, "Flamengo / RJ": {"Atk": 0.8136211155233455, "Def": 1.0875144134410206, "Home bonus": 0.5356483150993393}, "Atl\u00e9tico / MG": {"Atk": 0.9404847993877026, "Def": 0.7556340342555784, "Home bonus": 0.7898766284039023}, "Coritiba / PR": {"Atk": 0.49684329710345004, "Def": 0.7518251068890811, "Home bonus": 1.0163538126799374}, "Botafogo / RJ": {"Atk": 0.6537929779898192, "Def": 0.8298783614013309, "Home bonus": 0.7434048197948371}, "Santa Cruz / PE": {"Atk": 0.9033155205789584, "Def": 0.4970580892554613, "Home bonus": 0.010410147384308186}, "Corinthians / SP": {"Atk": 0.7928252806931746, "Def": 1.008329546445175, "Home bonus": 0.46771345614962656}, "Figueirense / SC": {"Atk": 0.4765638964441561, "Def": 0.7351480012737909, "Home bonus": 0.5454967856869865}, "Am\u00e9rica / MG": {"Atk": 0.470519752400614, "Def": 0.5781101406953102, "Home bonus": 0.0}, "Internacional / RS": {"Atk": 0.5943253744169437, "Def": 0.7785042585209275, "Home bonus": 0.34384382330515784}, "Vit\u00f3ria / BA": {"Atk": 0.8004543107644917, "Def": 0.5926261593110304, "Home bonus": 0.41441063462235994}, "Fluminense / RJ": {"Atk": 0.6340122279091663, "Def": 0.876476727406013, "Home bonus": 0.7754838564030849}, "Cruzeiro / MG": {"Atk": 0.9215941342575674, "Def": 0.5808834583939014, "Home bonus": 0.05961286697433879}, "Santos / SP": {"Atk": 0.9210016174613496, "Def": 1.1591890582859778, "Home bonus": 0.7594152302496093}, "Athletico Paranaense / PR": {"Atk": 0.39979093781913677, "Def": 1.5120605160118252, "Home bonus": 0.9246941392457305}, "Chapecoense / SC": {"Atk": 1.0866904923934833, "Def": 0.5157134667211845, "Home bonus": 0.0}, "S\u00e3o Paulo / SP": {"Atk": 0.5971897565992006, "Def": 0.9698946792050732, "Home bonus": 0.30197363526908794}, "Gr\u00eamio / RS": {"Atk": 0.7147952305089578, "Def": 1.1499732870023625, "Home bonus": 0.4289395778198926}, "Ponte Preta / SP": {"Atk": 0.6091203247809889, "Def": 0.6238726547665417, "Home bonus": 1.011608729792385}, "Sport / PE": {"Atk": 0.5299317606522056, "Def": 0.5602414063777857, "Home bonus": 1.2313303083616876}}