{"Fluminense / RJ": {"Atk": 1.0, "Def": 1.6170973594551235, "Ext": 0.42970848831255426}, "Flamengo / RJ": {"Atk": 1.1695030290440163, "Def": 2.112219076440167, "Ext": 0.17885814456751484}, "Palmeiras / SP": {"Atk": 1.5909523409923523, "Def": 1.5472633468288641, "Ext": 0.0}, "Corinthians / SP": {"Atk": 1.4188243436252914, "Def": 4.135513236143919, "Ext": 0.12239820201164134}, "Cruzeiro / MG": {"Atk": 1.2229396644502235, "Def": 2.580849963813289, "Ext": 0.11927711712335849}, "Coritiba / PR": {"Atk": 1.0445554478986605, "Def": 1.198534823668719, "Ext": 0.042869622786096684}, "Gr\u00eamio / RS": {"Atk": 1.6533247120569519, "Def": 2.2424274069537753, "Ext": 0.11290140225575651}, "Bahia / BA": {"Atk": 1.4131676396922832, "Def": 1.1270376257872663, "Ext": 0.0}, "Ponte Preta / SP": {"Atk": 1.1245993885386028, "Def": 1.1228478477647228, "Ext": 0.0}, "Ava\u00ed / SC": {"Atk": 0.6329193344709695, "Def": 1.2693376248088566, "Ext": 0.0}, "Botafogo / RJ": {"Atk": 1.471126256984966, "Def": 1.4129418926194295, "Ext": 0.0}, "Vasco da Gama / RJ": {"Atk": 1.2060591023677463, "Def": 1.0578794781173475, "Ext": 0.0}, "Santos / SP": {"Atk": 0.9482231554317069, "Def": 4.752190692366502, "Ext": 0.0}, "S\u00e3o Paulo / SP": {"Atk": 0.5826088152660591, "Def": 2.2396689534073557, "Ext": 0.6173902540724108}, "Atl\u00e9tico / MG": {"Atk": 1.2449759664736169, "Def": 1.2220350028113542, "Ext": 0.0}, "Athletico Paranaense / PR": {"Atk": 1.333385926244348, "Def": 1.1981172781935292, "Ext": 0.0}, "Sport / PE": {"Atk": 1.4575125131997693, "Def": 0.9888240373004228, "Ext": 0.0}, "Vit\u00f3ria / BA": {"Atk": 1.5355661537492988, "Def": 0.9038237157963699, "Ext": 0.0}, "Atl\u00e9tico / GO": {"Atk": 1.1635096678674581, "Def": 0.9167473097745552, "Ext": 0.0}, "Chapecoense / SC": {"Atk": 1.3306470204955618, "Def": 1.0227882127297026, "Ext": 0.0}, "Home bonus": 0.2730348395876711}