{"Cear\u00e1 / CE": {"Atk": 1.0, "Def": 1.4033430123675097, "Ext": 0.26516214271560024}, "Bahia / BA": {"Atk": 1.3514245519834152, "Def": 1.6342487622940776, "Ext": 0.1427973846485323}, "Sampaio Corr\u00eaa / MA": {"Atk": 0.6107778594449659, "Def": 0.8652814349800912, "Ext": 0.09039345325805029}, "Oeste / SP": {"Atk": 0.9786777137135465, "Def": 0.8706667246245271, "Ext": 0.0}, "Vila Nova / GO": {"Atk": 1.225557990582852, "Def": 1.1475171333816798, "Ext": 0.2936121596911282}, "Luverdense / MT": {"Atk": 0.8829495381849087, "Def": 1.8338970533838732, "Ext": 0.24970689971064927}, "Tupi / MG": {"Atk": 0.9458158696282535, "Def": 1.0949681386830006, "Ext": 0.12131380849569012}, "Brasil / RS": {"Atk": 1.2155407207064812, "Def": 1.27224567822233, "Ext": 0.0}, "Londrina / PR": {"Atk": 0.9186915487930125, "Def": 2.1515061575062746, "Ext": 0.12931893368930567}, "Crici\u00fama / SC": {"Atk": 1.3143884117908382, "Def": 1.018957904800924, "Ext": 0.0}, "N\u00e1utico / PE": {"Atk": 1.678695218426476, "Def": 0.9742196587526643, "Ext": 0.0}, "CRB / AL": {"Atk": 1.62345002605667, "Def": 0.8492704686610154, "Ext": 0.0}, "Paysandu / PA": {"Atk": 1.0241580800240309, "Def": 1.0154153479949029, "Ext": 0.0}, "Red Bull Bragantino / SP": {"Atk": 0.8138644524126005, "Def": 0.8770986459957977, "Ext": 0.0}, "Goi\u00e1s / GO": {"Atk": 1.1915060496449659, "Def": 1.1633733835451472, "Ext": 0.12417210627123682}, "Vasco da Gama / RJ": {"Atk": 1.7169748860150922, "Def": 1.0796017509890026, "Ext": 0.0}, "Atl\u00e9tico / GO": {"Atk": 1.0117457084763344, "Def": 2.447091839590482, "Ext": 0.22848349230342269}, "Joinville / SC": {"Atk": 0.529653221865971, "Def": 1.2889849675921081, "Ext": 0.004336781243706576}, "Paran\u00e1 / PR": {"Atk": 0.9813419723707907, "Def": 0.844867149775799, "Ext": 0.0}, "Ava\u00ed / SC": {"Atk": 1.2419210416999058, "Def": 1.1715848856123394, "Ext": 0.0}}