{"Flamengo / RJ": {"Atk": 1.0, "Def": 0.738800697643872, "Ext": 0.0}, "Botafogo / RJ": {"Atk": 0.9804517132192744, "Def": 1.6698784938465492, "Ext": 0.1}, "Palmeiras / SP": {"Atk": 1.0083130221785905, "Def": 1.041558631330819, "Ext": 0.1}, "Corinthians / SP": {"Atk": 0.5827873650407588, "Def": 0.793003601178149, "Ext": 0.1}, "Red Bull Bragantino / SP": {"Atk": 0.7721125480492419, "Def": 0.8876829867072475, "Ext": 0.0}, "Atl\u00e9tico Mineiro / MG": {"Atk": 0.6366285434582923, "Def": 0.8969096377696721, "Ext": 0.0}, "Gr\u00eamio / RS": {"Atk": 0.8976215809176895, "Def": 0.6492414075860209, "Ext": 0.1}, "Athletico Paranaense / PR": {"Atk": 0.8254358082089307, "Def": 0.6582761630978335, "Ext": 0.1}, "Fortaleza / CE": {"Atk": 0.6070599347428907, "Def": 0.8520509049895308, "Ext": 0.0}, "Am\u00e9rica / MG": {"Atk": 0.6901648032069009, "Def": 0.3435820896169031, "Ext": 0.0}, "Fluminense / RJ": {"Atk": 0.7496927015877598, "Def": 0.9167071233753964, "Ext": 0.1}, "Vasco da Gama / RJ": {"Atk": 0.4704997715604266, "Def": 0.5562666078554278, "Ext": 0.1}, "S\u00e3o Paulo / SP": {"Atk": 0.6241374502990644, "Def": 0.8754548582552097, "Ext": 0.1}, "Santos / SP": {"Atk": 0.4062186382827565, "Def": 0.506078806142365, "Ext": 0.1}, "Goi\u00e1s / GO": {"Atk": 0.4777711034814629, "Def": 0.6133225972645994, "Ext": 0.1}, "Cruzeiro / MG": {"Atk": 0.5701984156353128, "Def": 0.9482821733284791, "Ext": 0.0}, "Internacional / RS": {"Atk": 0.3913113040165551, "Def": 0.7787621582740082, "Ext": 0.1}, "Coritiba / PR": {"Atk": 0.6129025151627211, "Def": 0.3932543773981182, "Ext": 0.1}, "Bahia / BA": {"Atk": 0.5140281808248938, "Def": 0.6115284757078366, "Ext": 0.0}, "Cuiab\u00e1 / MT": {"Atk": 0.541755109321976, "Def": 0.6649875293224424, "Ext": 0.0}, "Home bonus": 0.4318098234774584}