{"Vasco da Gama / RJ": {"Atk": 1.0, "Def": 0.542955406671447, "Home bonus": 0.02008150210559916, "Ext": 0.1}, "Fluminense / RJ": {"Atk": 0.6764161147125113, "Def": 0.7444289820452143, "Home bonus": 0.3709457024091781, "Ext": 0.1}, "Corinthians / SP": {"Atk": 0.371243407697512, "Def": 2.042626103092874, "Home bonus": 0.5354458530274141, "Ext": 0.0}, "Vit\u00f3ria / BA": {"Atk": 0.9921103602624493, "Def": 0.6637745764262215, "Home bonus": 0.22443014246442564, "Ext": 0.1}, "Gr\u00eamio / RS": {"Atk": 0.7369218342170666, "Def": 1.0970729851772192, "Home bonus": 0.3847933133119391, "Ext": 0.0}, "Ponte Preta / SP": {"Atk": 0.708020174084473, "Def": 0.6704687920778596, "Home bonus": 0.24189986809126046, "Ext": 0.06987503839167439}, "Crici\u00fama / SC": {"Atk": 1.023276577575394, "Def": 0.4847683207111077, "Home bonus": 0.07099843406706426, "Ext": 0.0}, "Cruzeiro / MG": {"Atk": 1.2363115430108478, "Def": 1.0019920030590377, "Home bonus": 0.788451207013009, "Ext": 0.1}, "Coritiba / PR": {"Atk": 0.5042773096472369, "Def": 0.7684166396927417, "Home bonus": 1.0001271578630206, "Ext": 0.1}, "Santos / SP": {"Atk": 0.8100734557031688, "Def": 0.9724164086178247, "Home bonus": 0.4012657151341127, "Ext": 0.0}, "Botafogo / RJ": {"Atk": 1.0566623995241802, "Def": 0.7957014633239448, "Home bonus": 0.11760940901969744, "Ext": 0.1}, "Flamengo / RJ": {"Atk": 0.637918921043776, "Def": 0.7927266408162813, "Home bonus": 0.5517844776915045, "Ext": 0.0}, "S\u00e3o Paulo / SP": {"Atk": 0.8056143265649205, "Def": 0.9375837809511816, "Home bonus": 0.0, "Ext": 0.0}, "Bahia / BA": {"Atk": 0.7520788986941535, "Def": 0.8210727222492278, "Home bonus": 0.05582115418339188, "Ext": 0.0}, "Internacional / RS": {"Atk": 0.9756555384568056, "Def": 0.6100183998015377, "Home bonus": 0.3671454041935962, "Ext": 0.1}, "Goi\u00e1s / GO": {"Atk": 0.8115105626898712, "Def": 0.894432644341195, "Home bonus": 0.36620147661400465, "Ext": 0.0}, "N\u00e1utico / PE": {"Atk": 0.39772464056478524, "Def": 0.4343326832233017, "Home bonus": 0.2742927794804916, "Ext": 0.0}, "Atl\u00e9tico / MG": {"Atk": 0.2879915718601135, "Def": 1.0339392098718467, "Home bonus": 1.456816314578023, "Ext": 0.07988842122456379}, "Athletico Paranaense / PR": {"Atk": 1.0809998887022014, "Def": 0.7096977797292167, "Home bonus": 0.3020731405634413, "Ext": 0.1}, "Portuguesa / SP": {"Atk": 0.6675604631209602, "Def": 0.694036079160798, "Home bonus": 1.0638648323559692, "Ext": 0.1}}