{"ABC / RN": {"Home": {"Atk": 1.0, "Def": 0.6427787296520799}, "Away": {"Atk": 0.5103245247629052, "Def": 0.9067425927203235}, "Ext": 0.1}, "N\u00e1utico / PE": {"Home": {"Atk": 0.8416841842976422, "Def": 0.5445974906130561}, "Away": {"Atk": 0.4589120476002539, "Def": 0.7273798788045728}, "Ext": 0.1}, "Crici\u00fama / SC": {"Home": {"Atk": 1.996038486860609, "Def": 0.5632098584364957}, "Away": {"Atk": 0.2961253401420587, "Def": 2.182025838518227}, "Ext": 0.1}, "Goi\u00e1s / GO": {"Home": {"Atk": 1.5400133466179071, "Def": 0.5543917937546319}, "Away": {"Atk": 0.6230186120847938, "Def": 1.0457500395438615}, "Ext": 0.1}, "Guarani / SP": {"Home": {"Atk": 1.7386467074105934, "Def": 1.3116577343344484}, "Away": {"Atk": 0.7375284644804033, "Def": 1.2380983123760223}, "Ext": 0.1}, "Juventude / RS": {"Home": {"Atk": 2.173333216314553, "Def": 0.9056184275406306}, "Away": {"Atk": 0.5082940484206263, "Def": 1.6824040355188195}, "Ext": 0.0}, "Londrina / PR": {"Home": {"Atk": 2.0231579721199786, "Def": 0.33918496053819985}, "Away": {"Atk": 1.061422128538865, "Def": 1.6105599582739094}, "Ext": 0.0}, "Boa / MG": {"Home": {"Atk": 1.255560267906656, "Def": 0.5832522959015237}, "Away": {"Atk": 0.5615937580580981, "Def": 1.2171273614231468}, "Ext": 0.0}, "Paysandu / PA": {"Home": {"Atk": 0.9172934267595451, "Def": 1.2173083443614514}, "Away": {"Atk": 0.8884421730324042, "Def": 1.4093538613154442}, "Ext": 0.0}, "CRB / AL": {"Home": {"Atk": 1.5403410317028043, "Def": 0.8165103297776234}, "Away": {"Atk": 0.584711652349479, "Def": 1.8168350465784746}, "Ext": 0.0}, "Cear\u00e1 / CE": {"Home": {"Atk": 1.5442416547929254, "Def": 0.739302279756605}, "Away": {"Atk": 0.9858317510964838, "Def": 1.7077449147228303}, "Ext": 0.0}, "Santa Cruz / PE": {"Home": {"Atk": 1.723505687170326, "Def": 0.8480524074570941}, "Away": {"Atk": 0.7317333905529194, "Def": 1.2589597143420355}, "Ext": 0.1}, "Figueirense / SC": {"Home": {"Atk": 1.734462660108184, "Def": 0.42117104981615167}, "Away": {"Atk": 0.7911271224905089, "Def": 1.2424668760703361}, "Ext": 0.1}, "Vila Nova / GO": {"Home": {"Atk": 2.273935636991444, "Def": 0.8200436247046582}, "Away": {"Atk": 0.7322125448523022, "Def": 1.470454421926303}, "Ext": 0.0}, "Oeste / SP": {"Home": {"Atk": 1.9703273850276417, "Def": 2.1742913659849923}, "Away": {"Atk": 0.307801188212738, "Def": 1.133116799789416}, "Ext": 0.1}, "Brasil / RS": {"Home": {"Atk": 2.238723077013269, "Def": 0.6260348209070405}, "Away": {"Atk": 0.5458522401673745, "Def": 0.740270663430757}, "Ext": 0.0}, "Paran\u00e1 / PR": {"Home": {"Atk": 1.6276621374815547, "Def": 1.8275982101568193}, "Away": {"Atk": 0.5564131419726576, "Def": 1.236151185287222}, "Ext": 0.1}, "Am\u00e9rica / MG": {"Home": {"Atk": 1.3876117125889238, "Def": 1.4425843335792703}, "Away": {"Atk": 0.8958347609005388, "Def": 3.000075751942266}, "Ext": 0.0}, "Luverdense / MT": {"Home": {"Atk": 1.7137069555297042, "Def": 0.6031618778446611}, "Away": {"Atk": 0.619125282327996, "Def": 1.0143298966164993}, "Ext": 0.1}, "Internacional / RS": {"Home": {"Atk": 1.2326301413220384, "Def": 0.5884279081011418}, "Away": {"Atk": 0.7534444361615851, "Def": 2.5997329482502955}, "Ext": 0.1}}