{"Palmeiras / SP": {"Atk": 1.0777285866583128, "Def": 0.5675774644181222}, "Chapecoense / SC": {"Atk": 0.5341305400298281, "Def": 0.6543503484812909}, "Fluminense / RJ": {"Atk": 0.663161846223987, "Def": 0.5575129711484017}, "S\u00e3o Paulo / SP": {"Atk": 0.7479040101875591, "Def": 0.7007555992611223}, "Cruzeiro / MG": {"Atk": 0.6047972427478574, "Def": 0.7607415009356736}, "Athletico Paranaense / PR": {"Atk": 0.6340539108093689, "Def": 0.6121899035872376}, "Sport / PE": {"Atk": 0.8235059757832599, "Def": 0.6348840110603848}, "Vasco da Gama / RJ": {"Atk": 0.4014735258142966, "Def": 0.4386600556714072}, "Gr\u00eamio / RS": {"Atk": 0.882789504914935, "Def": 0.7916407849499116}, "Ava\u00ed / SC": {"Atk": 0.6360187839331267, "Def": 0.4547269410526316}, "Coritiba / PR": {"Atk": 0.4407518508255789, "Def": 0.7060513139861887}, "Goi\u00e1s / GO": {"Atk": 0.5899444422995834, "Def": 0.6880927078872995}, "Corinthians / SP": {"Atk": 1.0462257783220532, "Def": 0.854008998361527}, "Flamengo / RJ": {"Atk": 0.8211351413813259, "Def": 0.5092555450463738}, "Santos / SP": {"Atk": 1.049223990541426, "Def": 0.5930470430415293}, "Atl\u00e9tico / MG": {"Atk": 1.041197886520008, "Def": 0.6692081312507351}, "Joinville / SC": {"Atk": 0.4260188091710914, "Def": 0.6087852685484857}, "Ponte Preta / SP": {"Atk": 0.7272598183117307, "Def": 0.6299903260856003}, "Internacional / RS": {"Atk": 0.6183702949886802, "Def": 0.6624719414348321}, "Figueirense / SC": {"Atk": 0.5975143278386232, "Def": 0.4791047993188609}}