{"Vasco da Gama / RJ": {"Atk": 1.0, "Def": 0.41159753064290155, "Ext": 0.1}, "Fluminense / RJ": {"Atk": 0.6825939437670151, "Def": 0.534922243238619, "Ext": 0.1}, "Corinthians / SP": {"Atk": 0.6150656892053042, "Def": 1.756263743894373, "Ext": 0.0}, "Vit\u00f3ria / BA": {"Atk": 0.7347424435972071, "Def": 0.5300147894471126, "Ext": 0.1}, "Gr\u00eamio / RS": {"Atk": 0.7689294681738239, "Def": 0.8062824511457609, "Ext": 0.0}, "Ponte Preta / SP": {"Atk": 0.6284209277454852, "Def": 0.44210916994544835, "Ext": 0.1}, "Crici\u00fama / SC": {"Atk": 0.8124463437491019, "Def": 0.46209436631580925, "Ext": 0.0}, "Cruzeiro / MG": {"Atk": 1.3444875256364266, "Def": 0.7345968265010152, "Ext": 0.0}, "Coritiba / PR": {"Atk": 0.6573720455790623, "Def": 0.722162379949995, "Ext": 0.1}, "Santos / SP": {"Atk": 0.7140730301318187, "Def": 0.8931230117982581, "Ext": 0.1}, "Botafogo / RJ": {"Atk": 1.0025031441996375, "Def": 0.6765358232733533, "Ext": 0.1}, "Flamengo / RJ": {"Atk": 0.6281078105490063, "Def": 0.6132624723681189, "Ext": 0.0}, "S\u00e3o Paulo / SP": {"Atk": 0.5492244716507506, "Def": 0.7077697678239103, "Ext": 0.1}, "Bahia / BA": {"Atk": 0.6066004836919803, "Def": 0.6162253742547217, "Ext": 0.033276655540859124}, "Internacional / RS": {"Atk": 0.9536139822530191, "Def": 0.5398481740903055, "Ext": 0.1}, "Goi\u00e1s / GO": {"Atk": 0.6194898017963587, "Def": 0.6687584972886272, "Ext": 0.1}, "N\u00e1utico / PE": {"Atk": 0.3235678445911077, "Def": 0.433983469705488, "Ext": 0.0}, "Atl\u00e9tico / MG": {"Atk": 0.7024607454146404, "Def": 0.6572802300093878, "Ext": 0.0}, "Athletico Paranaense / PR": {"Atk": 1.1452908138192144, "Def": 0.5424257427375601, "Ext": 0.1}, "Portuguesa / SP": {"Atk": 0.784509992062401, "Def": 0.4772681865726101, "Ext": 0.1}}