{"Guarani / SP": {"Atk": 1.0, "Def": 0.9793635957487405, "Ext": 2.2444367218111695e-07}, "Vila Nova / GO": {"Atk": 1.077903032211422, "Def": 2.655932945495673, "Ext": 0.026938820834849928}, "Crici\u00fama / SC": {"Atk": 0.7895999860916301, "Def": 1.3314860533629782, "Ext": 0.0}, "Ituano / SP": {"Atk": 0.8655888945150682, "Def": 0.6325216377576561, "Ext": 0.0}, "Mirassol / SP": {"Atk": 0.8351036615442882, "Def": 0.8681390071683698, "Ext": 0.0}, "Vit\u00f3ria / BA": {"Atk": 1.0843976368473218, "Def": 0.9044280422595834, "Ext": 0.0}, "Sampaio Corr\u00eaa / MA": {"Atk": 0.5959793279658983, "Def": 0.6692224516301943, "Ext": 0.1}, "Juventude / RS": {"Atk": 0.8875455546394031, "Def": 0.7079152051114783, "Ext": 0.0}, "Londrina / PR": {"Atk": 0.6104924703499046, "Def": 0.4874144916303756, "Ext": 0.0}, "CRB / AL": {"Atk": 0.805624592291461, "Def": 0.7902050406020457, "Ext": 0.0}, "Ponte Preta / SP": {"Atk": 0.3831949398795508, "Def": 0.8211353218422381, "Ext": 0.0}, "Atl\u00e9tico / GO": {"Atk": 0.809987436823809, "Def": 0.47434057936578283, "Ext": 0.034951910211829404}, "Ava\u00ed / SC": {"Atk": 0.5523928185416794, "Def": 0.5386792544818713, "Ext": 0.1}, "Botafogo / SP": {"Atk": 0.5425267907907897, "Def": 0.5996141452091112, "Ext": 0.0}, "Novorizontino / SP": {"Atk": 0.9268023464383427, "Def": 2.185997376824269, "Ext": 0.1}, "Sport / PE": {"Atk": 1.251126383968239, "Def": 0.9477571205556752, "Ext": 0.0}, "Cear\u00e1 / CE": {"Atk": 0.8592209247255728, "Def": 0.5704499722124283, "Ext": 0.0}, "Chapecoense / SC": {"Atk": 0.843575934794626, "Def": 0.5761668180746266, "Ext": 0.0}, "Tombense / MG": {"Atk": 0.5810125923399587, "Def": 0.5887778501909182, "Ext": 0.0}, "ABC / RN": {"Atk": 0.44313178552886073, "Def": 0.46465006254762053, "Ext": 0.1}}