{"Palmeiras / SP": {"Atk": 1.0, "Def": 0.6945802671364231, "Ext": 0.0}, "Flamengo / RJ": {"Atk": 0.6771384915672084, "Def": 0.9072760362586396, "Ext": 0.11944796142228245}, "Atl\u00e9tico / MG": {"Atk": 0.8440779766542158, "Def": 0.5946732063854621, "Ext": 0.0957662128518005}, "Coritiba / PR": {"Atk": 0.6548005647397804, "Def": 0.5813277278795238, "Ext": 0.0}, "Botafogo / RJ": {"Atk": 0.635566395237984, "Def": 0.6514979447302006, "Ext": 0.07545532499508475}, "Santa Cruz / PE": {"Atk": 0.6773667024603455, "Def": 0.3715007226989141, "Ext": 0.0}, "Corinthians / SP": {"Atk": 0.7322314055549963, "Def": 0.6598767400355643, "Ext": 0.0}, "Figueirense / SC": {"Atk": 0.3043550413980819, "Def": 0.7399540421444658, "Ext": 0.3102931241904156}, "Am\u00e9rica / MG": {"Atk": 0.3096704125357567, "Def": 0.43507493799362257, "Ext": 0.0}, "Internacional / RS": {"Atk": 0.3399025346615235, "Def": 0.8067899396640164, "Ext": 0.3122203128271204}, "Vit\u00f3ria / BA": {"Atk": 0.7242038168000907, "Def": 0.4548053679866445, "Ext": 0.0}, "Fluminense / RJ": {"Atk": 0.5054602716949196, "Def": 0.9261199412439852, "Ext": 0.24875558252206537}, "Cruzeiro / MG": {"Atk": 0.6463984771173326, "Def": 0.5137542383730855, "Ext": 0.0}, "Santos / SP": {"Atk": 0.8878086193548527, "Def": 0.7657509252215305, "Ext": 0.0}, "Athletico Paranaense / PR": {"Atk": 0.5437885566891577, "Def": 0.7773915658672673, "Ext": 0.0}, "Chapecoense / SC": {"Atk": 0.6135196617987442, "Def": 0.48082566236913926, "Ext": 0.3381536000447518}, "S\u00e3o Paulo / SP": {"Atk": 0.4730773717377417, "Def": 0.7526265736291372, "Ext": 0.0036538081872882293}, "Gr\u00eamio / RS": {"Atk": 0.6336966954866953, "Def": 0.6538489562937542, "Ext": 0.010356257629869744}, "Ponte Preta / SP": {"Atk": 0.7401710408345689, "Def": 0.44006097188953, "Ext": 0.0}, "Sport / PE": {"Atk": 0.7432533321841479, "Def": 0.4187851873040885, "Ext": 0.011133738955590965}}