{"Flamengo / RJ": {"Atk": 1.0, "Def": 1.0040137402382716, "Ext": 0.029479821009151017}, "Fluminense / RJ": {"Atk": 1.6433783997508495, "Def": 1.120916623473079, "Ext": 0.0}, "S\u00e3o Paulo / SP": {"Atk": 1.9668345264283493, "Def": 0.9532625304801812, "Ext": 0.04042190224377782}, "Santos / SP": {"Atk": 1.326259965815144, "Def": 1.1899759954495517, "Ext": 0.1}, "Athletico Paranaense / PR": {"Atk": 1.264482028638113, "Def": 0.8697984954766893, "Ext": 0.0}, "Atl\u00e9tico / MG": {"Atk": 1.5275621270030777, "Def": 1.125108414081053, "Ext": 0.1}, "Bahia / BA": {"Atk": 0.8754027401303908, "Def": 1.269132203293715, "Ext": 0.1}, "Internacional / RS": {"Atk": 1.3490663265670368, "Def": 1.517622464321548, "Ext": 0.0}, "Crici\u00fama / SC": {"Atk": 0.5431676868967663, "Def": 0.9158321214028916, "Ext": 0.0}, "Chapecoense / SC": {"Atk": 0.9245498440757374, "Def": 1.0880291757629534, "Ext": 0.0}, "Botafogo / RJ": {"Atk": 1.1302431655872331, "Def": 1.0066604472674698, "Ext": 0.0}, "Sport / PE": {"Atk": 0.9870783258214433, "Def": 1.0103616193162912, "Ext": 0.0}, "Corinthians / SP": {"Atk": 1.197963285018247, "Def": 1.7351827668020652, "Ext": 0.1}, "Palmeiras / SP": {"Atk": 0.9039069029893569, "Def": 0.777783113700835, "Ext": 0.0}, "Coritiba / PR": {"Atk": 0.9932895485782546, "Def": 1.3067934337487424, "Ext": 0.0}, "Cruzeiro / MG": {"Atk": 2.211016800494253, "Def": 1.1131287836572907, "Ext": 0.1}, "Vit\u00f3ria / BA": {"Atk": 1.0840319886790286, "Def": 0.881982339673123, "Ext": 0.032209106920256386}, "Gr\u00eamio / RS": {"Atk": 0.8150291070435471, "Def": 2.108725945033737, "Ext": 0.1}, "Figueirense / SC": {"Atk": 0.9694391096274274, "Def": 0.8429083983438291, "Ext": 0.0}, "Goi\u00e1s / GO": {"Atk": 1.0031675568468383, "Def": 1.1865995106444533, "Ext": 0.04966638428744831}}