{"Guarani / SP": {"Atk": 1.0, "Def": 1.9557732625808084, "Ext": 0.050286701284544655}, "Botafogo / SP": {"Atk": 1.5953390283085702, "Def": 1.6861483803627404, "Ext": 0.0}, "S\u00e3o Bento / SP": {"Atk": 1.4145280732275578, "Def": 1.4036125270608932, "Ext": 0.207748340313303}, "Vila Nova / GO": {"Atk": 1.1314136368361019, "Def": 1.56678583374514, "Ext": 0.0}, "Coritiba / PR": {"Atk": 1.977244173903703, "Def": 1.6810716656932594, "Ext": 0.10277000443654358}, "Oper\u00e1rio / PR": {"Atk": 1.4460677002007285, "Def": 1.3557220972212676, "Ext": 0.0}, "Crici\u00fama / SC": {"Atk": 1.2055852439110746, "Def": 1.5794165633634225, "Ext": 0.0}, "Brasil / RS": {"Atk": 1.0678003044453463, "Def": 1.7539794155756259, "Ext": 0.20284317361807952}, "Sport / PE": {"Atk": 1.3388900432442667, "Def": 4.467113197091164, "Ext": 0.5432105431478361}, "CRB / AL": {"Atk": 1.9681687614761434, "Def": 1.4716895126169192, "Ext": 0.0}, "Ponte Preta / SP": {"Atk": 1.4152866163774418, "Def": 2.1801412579376898, "Ext": 0.20540501158588714}, "Red Bull Bragantino / SP": {"Atk": 2.659921380139174, "Def": 3.158831650068613, "Ext": 0.0}, "Oeste / SP": {"Atk": 1.332683061056717, "Def": 1.8134276319309286, "Ext": 0.24455097955141614}, "Atl\u00e9tico / GO": {"Atk": 1.8352251630344734, "Def": 2.1828337424404296, "Ext": 0.0}, "Paran\u00e1 / PR": {"Atk": 1.1283484927228695, "Def": 2.4273096061388646, "Ext": 0.09584796308584455}, "Londrina / PR": {"Atk": 1.589431435294525, "Def": 1.3175720337440078, "Ext": 0.1166469457294397}, "Figueirense / SC": {"Atk": 1.1441283562768843, "Def": 1.6366894360216422, "Ext": 0.0}, "Am\u00e9rica / MG": {"Atk": 1.5817195657728196, "Def": 2.077335487167498, "Ext": 0.08693139142145181}, "Vit\u00f3ria / BA": {"Atk": 1.4328366052286887, "Def": 1.316043799173177, "Ext": 0.012128885817090047}, "Cuiab\u00e1 / MT": {"Atk": 1.2490896790595765, "Def": 2.0176172115582416, "Ext": 0.21784395902187031}}