{"Cruzeiro / MG": {"Atk": 1.0, "Def": 0.713552721800703, "Ext": 0.03302628305555644}, "Ava\u00ed / SC": {"Atk": 0.42002424814586353, "Def": 0.7375229618106935, "Ext": 0.430377928682544}, "CSA / AL": {"Atk": 0.6793996563496354, "Def": 0.6115532197040026, "Ext": 0.0}, "Ponte Preta / SP": {"Atk": 0.48657644798684613, "Def": 0.5717272344283433, "Ext": 0.17320170344661198}, "Oeste / SP": {"Atk": 0.21354455865030975, "Def": 0.40312800049134284, "Ext": 0.27894917170203853}, "Oper\u00e1rio / PR": {"Atk": 0.38777421560881065, "Def": 0.6878925924215487, "Ext": 0.12028189831659211}, "Juventude / RS": {"Atk": 0.5485078547010046, "Def": 0.8689673692984833, "Ext": 0.6634150687381845}, "Vit\u00f3ria / BA": {"Atk": 0.40892418799404406, "Def": 0.8446209600376768, "Ext": 0.39207956008710276}, "Confian\u00e7a / SE": {"Atk": 0.6056631768527232, "Def": 0.556654958994096, "Ext": 0.17604548019250346}, "Cuiab\u00e1 / MT": {"Atk": 0.5775853752514051, "Def": 0.7922640605970255, "Ext": 0.0}, "Am\u00e9rica / MG": {"Atk": 0.5350191314235154, "Def": 0.7931186635968768, "Ext": 0.0}, "Figueirense / SC": {"Atk": 0.35670629471119747, "Def": 0.760469329058167, "Ext": 0.3319036537712146}, "CRB / AL": {"Atk": 0.39602226854371436, "Def": 0.600656965036456, "Ext": 0.23885140018735335}, "Guarani / SP": {"Atk": 0.46483770973960037, "Def": 0.6905642936365024, "Ext": 0.36953326918980967}, "Botafogo / SP": {"Atk": 0.371973389737782, "Def": 0.6263988777879711, "Ext": 0.5228661141496388}, "Paran\u00e1 / PR": {"Atk": 0.385923108092234, "Def": 0.5257073204553718, "Ext": 0.3113599633112132}, "Brasil / RS": {"Atk": 0.4457434993858863, "Def": 0.6976187395656644, "Ext": 0.1757435832063361}, "N\u00e1utico / PE": {"Atk": 0.5427798315808402, "Def": 0.5237401291070765, "Ext": 0.0}, "Sampaio Corr\u00eaa / MA": {"Atk": 0.6123920376895702, "Def": 1.0253697012815328, "Ext": 0.04615658270149434}, "Chapecoense / SC": {"Atk": 0.5381257097148133, "Def": 0.9627914309465877, "Ext": 0.2660023462943848}}