{"ABC / RN": {"Atk": 1.0, "Def": 1.1341914017878845}, "N\u00e1utico / PE": {"Atk": 1.0801353066950437, "Def": 1.192211967694088}, "Crici\u00fama / SC": {"Atk": 1.4696667140206519, "Def": 1.2759602341953382}, "Goi\u00e1s / GO": {"Atk": 1.2954281540117816, "Def": 1.2474211080987034}, "Guarani / SP": {"Atk": 1.3849365316627025, "Def": 1.220624233721977}, "Juventude / RS": {"Atk": 1.2772760362844942, "Def": 1.639916732688638}, "Londrina / PR": {"Atk": 2.1068474389948006, "Def": 1.139817947272254}, "Boa / MG": {"Atk": 1.4230742162509986, "Def": 1.3394828538863877}, "Paysandu / PA": {"Atk": 1.442904513875994, "Def": 1.41544306446282}, "CRB / AL": {"Atk": 1.341910427916142, "Def": 1.1155368395762169}, "Cear\u00e1 / CE": {"Atk": 1.6898219572975006, "Def": 1.7385098457481054}, "Santa Cruz / PE": {"Atk": 1.3971278577079573, "Def": 1.1297985978326297}, "Figueirense / SC": {"Atk": 1.672380792663265, "Def": 1.0954655896906076}, "Vila Nova / GO": {"Atk": 1.3794949612979115, "Def": 1.9212009606455827}, "Oeste / SP": {"Atk": 1.606859789502582, "Def": 1.9369170546980818}, "Brasil / RS": {"Atk": 1.522628419104926, "Def": 1.1696624287994746}, "Paran\u00e1 / PR": {"Atk": 1.7939307092417223, "Def": 1.9774717136345266}, "Am\u00e9rica / MG": {"Atk": 1.7218983621597976, "Def": 2.1141352809258334}, "Luverdense / MT": {"Atk": 1.3603128680324383, "Def": 1.3639100827410517}, "Internacional / RS": {"Atk": 1.9042863008446103, "Def": 2.0481806377561154}}