{"Guarani / SP": {"Atk": 1.0, "Def": 1.337782275608673}, "Vila Nova / GO": {"Atk": 1.0168464647707887, "Def": 2.2036050453415963}, "Crici\u00fama / SC": {"Atk": 0.9585878782949533, "Def": 1.4682104483868412}, "Ituano / SP": {"Atk": 0.7526372167534129, "Def": 0.9709432364178653}, "Mirassol / SP": {"Atk": 0.9190206097778467, "Def": 1.1182503321133728}, "Vit\u00f3ria / BA": {"Atk": 1.2772975559695783, "Def": 1.2553124377695777}, "Sampaio Corr\u00eaa / MA": {"Atk": 0.5593749644001654, "Def": 0.8782771304007035}, "Juventude / RS": {"Atk": 1.0078453850409181, "Def": 1.174458785189469}, "Londrina / PR": {"Atk": 0.6674800076942881, "Def": 0.6738898146041832}, "CRB / AL": {"Atk": 0.8775390028703652, "Def": 0.8904678092919397}, "Ponte Preta / SP": {"Atk": 0.39471320361012346, "Def": 1.3426077796109992}, "Atl\u00e9tico / GO": {"Atk": 1.2055516036105962, "Def": 0.6318123023234757}, "Ava\u00ed / SC": {"Atk": 0.7228233631322079, "Def": 0.7584782837768445}, "Botafogo / SP": {"Atk": 0.5968034169554413, "Def": 0.9056757800968548}, "Novorizontino / SP": {"Atk": 1.150915830783645, "Def": 1.7243054177414214}, "Sport / PE": {"Atk": 1.2373711321525358, "Def": 1.521674552179233}, "Cear\u00e1 / CE": {"Atk": 0.886376636737291, "Def": 0.9953479414313616}, "Chapecoense / SC": {"Atk": 0.9118547604444993, "Def": 0.7873632391547349}, "Tombense / MG": {"Atk": 0.787572436343203, "Def": 0.7400744480122966}, "ABC / RN": {"Atk": 0.5241900878354412, "Def": 0.741925739928812}, "Home bonus": 0.28666858235040804}