{"Oeste / SP": {"Home": {"Atk": 1.0, "Def": 0.646970233155568}, "Away": {"Atk": 0.6713288122582802, "Def": 1.0082876053255323}, "Ext": 0.0}, "Boa / MG": {"Home": {"Atk": 0.9952142090703989, "Def": 0.5936826941638188}, "Away": {"Atk": 0.5291433456470932, "Def": 1.430519903748411}, "Ext": 0.1}, "Figueirense / SC": {"Home": {"Atk": 2.336750264026123, "Def": 0.5190644161443769}, "Away": {"Atk": 0.7885916755786863, "Def": 1.0218385231355485}, "Ext": 0.0}, "Joinville / SC": {"Home": {"Atk": 1.6890200426318036, "Def": 0.5417024420192282}, "Away": {"Atk": 0.7793747128047299, "Def": 1.704206938296912}, "Ext": 0.1}, "Icasa / CE": {"Home": {"Atk": 2.0496588712194943, "Def": 0.4428510120462909}, "Away": {"Atk": 0.5549766280188397, "Def": 1.1606142583781907}, "Ext": 0.0}, "ABC / RN": {"Home": {"Atk": 2.1044822079808974, "Def": 0.6311366535727831}, "Away": {"Atk": 0.3550866413544457, "Def": 0.851599810464012}, "Ext": 0.1}, "Palmeiras / SP": {"Home": {"Atk": 2.2457908749199715, "Def": 1.1537717568839934}, "Away": {"Atk": 0.9833758718451695, "Def": 1.7177132917962967}, "Ext": 0.1}, "S\u00e3o Caetano / SP": {"Home": {"Atk": 1.4231042372035874, "Def": 0.6039289366383971}, "Away": {"Atk": 0.7214351275589669, "Def": 0.8408131689885906}, "Ext": 0.1}, "Guaratinguet\u00e1 / SP": {"Home": {"Atk": 1.6481198865767317, "Def": 0.7056957189139795}, "Away": {"Atk": 0.5591078767975088, "Def": 0.9661894500655231}, "Ext": 0.08785883257509322}, "Paysandu / PA": {"Home": {"Atk": 1.4838332642717604, "Def": 0.6085730229691745}, "Away": {"Atk": 0.4269323133429538, "Def": 0.9089430116431149}, "Ext": 0.1}, "ASA / AL": {"Home": {"Atk": 1.7842021690999703, "Def": 0.41692522450762326}, "Away": {"Atk": 0.4310802576363099, "Def": 0.6517644060284974}, "Ext": 0.0}, "Am\u00e9rica / MG": {"Home": {"Atk": 1.8812632442040416, "Def": 0.5044106163377443}, "Away": {"Atk": 0.745158152213061, "Def": 1.8599502097063763}, "Ext": 0.0}, "Ava\u00ed / SC": {"Home": {"Atk": 1.779076322516554, "Def": 0.5497775099357873}, "Away": {"Atk": 0.7682959583797151, "Def": 1.409765831868902}, "Ext": 0.1}, "Chapecoense / SC": {"Home": {"Atk": 2.3907885956359722, "Def": 0.748920786582004}, "Away": {"Atk": 0.750989633841738, "Def": 1.677502002120429}, "Ext": 0.1}, "Cear\u00e1 / CE": {"Home": {"Atk": 2.3079301400233185, "Def": 0.6358371428287852}, "Away": {"Atk": 0.6069622880117226, "Def": 1.1209593168751244}, "Ext": 0.1}, "Am\u00e9rica / RN": {"Home": {"Atk": 1.5983779297759244, "Def": 0.5532598765846634}, "Away": {"Atk": 0.5657239461145318, "Def": 0.9196096079800595}, "Ext": 0.1}, "Paran\u00e1 / PR": {"Home": {"Atk": 1.6535403962390198, "Def": 1.2741276842743872}, "Away": {"Atk": 0.8218770067943997, "Def": 1.3539635389720206}, "Ext": 0.0}, "Atl\u00e9tico / GO": {"Home": {"Atk": 1.6529665583554503, "Def": 0.4907532039425895}, "Away": {"Atk": 0.40834500808302665, "Def": 1.48023265084516}, "Ext": 0.0774167605734311}, "Red Bull Bragantino / SP": {"Home": {"Atk": 1.0396492296354805, "Def": 0.9761751739801022}, "Away": {"Atk": 0.6306121857713963, "Def": 1.1870523569884848}, "Ext": 0.0}, "Sport / PE": {"Home": {"Atk": 1.88134881846263, "Def": 0.6234062087130844}, "Away": {"Atk": 1.0422862149524756, "Def": 0.9388233564747417}, "Ext": 0.0}}