{"Vasco da Gama / RJ": {"Home": {"Atk": 1.0, "Def": 0.8322976235562897}, "Away": {"Atk": 0.31889305335668916, "Def": 0.6296960957354967}, "Ext": 0.47194810061020825}, "Fluminense / RJ": {"Home": {"Atk": 0.6952490060658013, "Def": 0.4401078822000505}, "Away": {"Atk": 0.0, "Def": 0.6450906188835448}, "Ext": 0.11247682234492652}, "Corinthians / SP": {"Home": {"Atk": 0.6476340673866023, "Def": 0.622479459851288}, "Away": {"Atk": 0.4672554915114911, "Def": 0.8049141958096301}, "Ext": 0.0}, "Vit\u00f3ria / BA": {"Home": {"Atk": 0.6827009743098823, "Def": 0.9050294557739067}, "Away": {"Atk": 0.23806030514180632, "Def": 0.6917233937587923}, "Ext": 0.7363531402544031}, "Gr\u00eamio / RS": {"Home": {"Atk": 0.660934532380664, "Def": 0.636952430151479}, "Away": {"Atk": 0.6866014310977813, "Def": 0.8691621557569962}, "Ext": 0.12321171403748207}, "Ponte Preta / SP": {"Home": {"Atk": 0.34915849382527164, "Def": 0.4611499996901855}, "Away": {"Atk": 0.7403345003117003, "Def": 0.5986464111770403}, "Ext": 0.7096804959507053}, "Crici\u00fama / SC": {"Home": {"Atk": 0.48140679123235913, "Def": 0.7271925105827252}, "Away": {"Atk": 0.0, "Def": 0.5080217692059228}, "Ext": 0.37711016662067265}, "Cruzeiro / MG": {"Home": {"Atk": 0.7416457869896272, "Def": 1.0100145150930804}, "Away": {"Atk": 0.3438526041115635, "Def": 0.8494317816838468}, "Ext": 0.7399641344812063}, "Coritiba / PR": {"Home": {"Atk": 0.4721086761754303, "Def": 0.5983486734437191}, "Away": {"Atk": 0.21775120684779922, "Def": 0.6821840875047153}, "Ext": 0.2696583826620753}, "Santos / SP": {"Home": {"Atk": 0.5914790825406698, "Def": 0.526343042457462}, "Away": {"Atk": 0.6531099466884933, "Def": 0.8690464319085947}, "Ext": 0.13398782680522964}, "Botafogo / RJ": {"Home": {"Atk": 0.5729277039717879, "Def": 0.5250054742992036}, "Away": {"Atk": 0.568230079837424, "Def": 0.5210946046748436}, "Ext": 0.0}, "Flamengo / RJ": {"Home": {"Atk": 0.36227602721227964, "Def": 0.43829592094872843}, "Away": {"Atk": 0.5669866794554349, "Def": 0.7002156558939168}, "Ext": 0.39038309962605783}, "S\u00e3o Paulo / SP": {"Home": {"Atk": 0.7640037877159485, "Def": 0.40635387957626373}, "Away": {"Atk": 0.5924125603481888, "Def": 0.7804063404620725}, "Ext": 0.0}, "Bahia / BA": {"Home": {"Atk": 0.6067135520721978, "Def": 0.5797534587736257}, "Away": {"Atk": 0.6436315000940898, "Def": 0.7514029505121627}, "Ext": 0.0}, "Internacional / RS": {"Home": {"Atk": 0.5196917897230762, "Def": 0.9424278083944637}, "Away": {"Atk": 0.6818005772982064, "Def": 0.5648731720463716}, "Ext": 0.35784380988079734}, "Goi\u00e1s / GO": {"Home": {"Atk": 0.7030776891633689, "Def": 0.4288528093494827}, "Away": {"Atk": 0.522560232906561, "Def": 0.3750830306712666}, "Ext": 0.17106712404384106}, "N\u00e1utico / PE": {"Home": {"Atk": 0.7319138406294712, "Def": 0.38438453352316776}, "Away": {"Atk": 0.3309374348229416, "Def": 0.3458166826778853}, "Ext": 0.0}, "Atl\u00e9tico / MG": {"Home": {"Atk": 0.9517072127319882, "Def": 0.822611425094857}, "Away": {"Atk": 0.3066306076599523, "Def": 0.6358937447593437}, "Ext": 0.7185475968285715}, "Athletico Paranaense / PR": {"Home": {"Atk": 0.672008134812242, "Def": 0.5791300777163962}, "Away": {"Atk": 0.5527314876098516, "Def": 0.5383886159620282}, "Ext": 0.3803296103366964}, "Portuguesa / SP": {"Home": {"Atk": 0.35649073345748533, "Def": 0.49577286154599143}, "Away": {"Atk": 0.07804493796726654, "Def": 0.5415809217752052}, "Ext": 0.5463619501337149}}