{"Flamengo / RJ": {"Atk": 1.0, "Def": 0.638064771366603, "Ext": 0.0}, "Corinthians / SP": {"Atk": 0.3682961695154457, "Def": 0.8799633326835038, "Ext": 0.1867277213772968}, "S\u00e3o Paulo / SP": {"Atk": 0.2388811520643692, "Def": 0.8297540675826608, "Ext": 0.17582622053155683}, "Atl\u00e9tico Mineiro / MG": {"Atk": 0.7280268589073827, "Def": 1.2825089336270854, "Ext": 0.14433073367352905}, "Internacional / RS": {"Atk": 0.5193734729674089, "Def": 0.7092730740782133, "Ext": 0.20602044407428263}, "Cear\u00e1 / CE": {"Atk": 0.19872861154765223, "Def": 0.8962650853951251, "Ext": 0.35465249076435257}, "Bahia / BA": {"Atk": 0.5186642702612095, "Def": 0.37217031513943877, "Ext": 0.011550562718547396}, "Athletico Paranaense / PR": {"Atk": 0.5818490434324007, "Def": 0.42201526259511557, "Ext": 0.0}, "Chapecoense / SC": {"Atk": 0.08940225774548438, "Def": 0.5084758594299184, "Ext": 0.5849551754306448}, "Cuiab\u00e1 / MT": {"Atk": 0.20616366333634747, "Def": 1.1665719090281301, "Ext": 0.3550096967152275}, "Fluminense / RJ": {"Atk": 0.2886074722189825, "Def": 0.7045327717660653, "Ext": 0.1616874261058827}, "Palmeiras / SP": {"Atk": 0.7680601065505419, "Def": 0.4287357323299036, "Ext": 0.0}, "Santos / SP": {"Atk": 0.3981477423632864, "Def": 0.4615736534230205, "Ext": 0.0}, "Am\u00e9rica / MG": {"Atk": 0.4625128514837021, "Def": 0.5182640819529942, "Ext": 0.0}, "Gr\u00eamio / RS": {"Atk": 0.2831917585360915, "Def": 0.5926382845016178, "Ext": 0.2725036354914448}, "Fortaleza / CE": {"Atk": 0.6814647450937388, "Def": 0.4872618978953283, "Ext": 0.0}, "Sport / PE": {"Atk": 0.2007983349770405, "Def": 0.7528488063998744, "Ext": 0.0}, "Red Bull Bragantino / SP": {"Atk": 0.4714475486816775, "Def": 1.1653213175513515, "Ext": 0.6344913220075911}, "Juventude / RS": {"Atk": 0.3667596825063475, "Def": 0.49152702951934885, "Ext": 0.15265907689446906}, "Atl\u00e9tico / GO": {"Atk": 0.39907624059510344, "Def": 0.5843922290051262, "Ext": 0.0}, "Home bonus": 0.14616344656226232}