{"Flamengo / RJ": {"Home": {"Atk": 1.0, "Def": 0.6035173290839089}, "Away": {"Atk": 1.3782753224722213, "Def": 0.8336857281294769}, "Ext": 0.0}, "Corinthians / SP": {"Home": {"Atk": 0.6829276931763935, "Def": 0.5122957669472086}, "Away": {"Atk": 0.4579393829126897, "Def": 1.5830320903101462}, "Ext": 0.1}, "S\u00e3o Paulo / SP": {"Home": {"Atk": 0.520625373390251, "Def": 0.9106473116968341}, "Away": {"Atk": 0.5680123146828148, "Def": 0.511003450037064}, "Ext": 0.1}, "Atl\u00e9tico Mineiro / MG": {"Home": {"Atk": 1.2767311788718776, "Def": 1.1598811357386742}, "Away": {"Atk": 0.7406249567737607, "Def": 0.9198928296087096}, "Ext": 0.0}, "Internacional / RS": {"Home": {"Atk": 0.6964892997066552, "Def": 0.568350033630364}, "Away": {"Atk": 0.8042294080854825, "Def": 0.5975467373273097}, "Ext": 0.1}, "Cear\u00e1 / CE": {"Home": {"Atk": 0.801520509008163, "Def": 0.7499273464011235}, "Away": {"Atk": 0.29006870358001186, "Def": 0.46566297116389893}, "Ext": 0.1}, "Bahia / BA": {"Home": {"Atk": 0.9098982504426983, "Def": 0.43146674615404396}, "Away": {"Atk": 0.5956076129480136, "Def": 0.46466387485003424}, "Ext": 0.1}, "Athletico Paranaense / PR": {"Home": {"Atk": 0.9359263965484234, "Def": 0.5798798927467854}, "Away": {"Atk": 0.6908052166653823, "Def": 0.6063313372285053}, "Ext": 0.0}, "Chapecoense / SC": {"Home": {"Atk": 0.31334544619547416, "Def": 0.37084081579506184}, "Away": {"Atk": 0.7419684099529293, "Def": 0.5169400900151275}, "Ext": 0.1}, "Cuiab\u00e1 / MT": {"Home": {"Atk": 0.7101109934942853, "Def": 0.45701164578219633}, "Away": {"Atk": 0.5334078766959158, "Def": 0.952547801776279}, "Ext": 0.1}, "Fluminense / RJ": {"Home": {"Atk": 0.6467371622468686, "Def": 0.5938992211416968}, "Away": {"Atk": 0.6026850311155404, "Def": 0.5498209482448929}, "Ext": 0.1}, "Palmeiras / SP": {"Home": {"Atk": 1.1100616606008251, "Def": 0.44452883529133724}, "Away": {"Atk": 0.9036314390856091, "Def": 0.8395688139790293}, "Ext": 0.0}, "Santos / SP": {"Home": {"Atk": 0.6369115421840169, "Def": 0.7573153302397763}, "Away": {"Atk": 0.49025561983217764, "Def": 0.48169487934278465}, "Ext": 0.1}, "Am\u00e9rica / MG": {"Home": {"Atk": 0.5640145391948637, "Def": 0.890087604498496}, "Away": {"Atk": 0.5229937504523963, "Def": 0.4936589328894511}, "Ext": 0.0}, "Gr\u00eamio / RS": {"Home": {"Atk": 0.5854405939489452, "Def": 0.8064568832032356}, "Away": {"Atk": 0.4404480955084798, "Def": 0.6015730114630828}, "Ext": 0.1}, "Fortaleza / CE": {"Home": {"Atk": 1.1462108359611742, "Def": 0.8905165571751398}, "Away": {"Atk": 0.6969914123714565, "Def": 0.5562779075958083}, "Ext": 0.010258481888583467}, "Sport / PE": {"Home": {"Atk": 0.12139140804993494, "Def": 1.1127875247960421}, "Away": {"Atk": 0.35996787253533036, "Def": 0.7770944008999504}, "Ext": 0.1}, "Red Bull Bragantino / SP": {"Home": {"Atk": 0.8618905404186676, "Def": 0.4129405548914743}, "Away": {"Atk": 0.9681265825258751, "Def": 0.8122821732283875}, "Ext": 0.1}, "Juventude / RS": {"Home": {"Atk": 0.625222600066824, "Def": 0.5952931752009892}, "Away": {"Atk": 0.45115899725561365, "Def": 0.6224181503336182}, "Ext": 0.0}, "Atl\u00e9tico / GO": {"Home": {"Atk": 0.4655281873199951, "Def": 0.8485812831289393}, "Away": {"Atk": 0.5936006588072977, "Def": 0.6267031021026859}, "Ext": 0.1}}