{"Palmeiras / SP": {"Atk": 1.0, "Def": 0.5830624333174449}, "Chapecoense / SC": {"Atk": 0.40732295383164047, "Def": 0.5865252094104214}, "Fluminense / RJ": {"Atk": 0.6155772028344042, "Def": 0.5226204892914048}, "S\u00e3o Paulo / SP": {"Atk": 0.6917976649657117, "Def": 0.6160413349652931}, "Cruzeiro / MG": {"Atk": 0.5706073950131534, "Def": 0.6562893136406135}, "Athletico Paranaense / PR": {"Atk": 0.6014835913286644, "Def": 0.5510919161288003}, "Sport / PE": {"Atk": 0.7617056714890224, "Def": 0.5936367083577825}, "Vasco da Gama / RJ": {"Atk": 0.36614939681539505, "Def": 0.39386827797624635}, "Gr\u00eamio / RS": {"Atk": 0.8405458562859865, "Def": 0.6977758968466146}, "Ava\u00ed / SC": {"Atk": 0.5927143372629111, "Def": 0.41318194598751085}, "Coritiba / PR": {"Atk": 0.41506641070122785, "Def": 0.6784528391560962}, "Goi\u00e1s / GO": {"Atk": 0.5268508763358097, "Def": 0.6799183026443891}, "Corinthians / SP": {"Atk": 0.9540895707601013, "Def": 0.8153000736097746}, "Flamengo / RJ": {"Atk": 0.7393807546697514, "Def": 0.45289462912128203}, "Santos / SP": {"Atk": 0.9372484977099064, "Def": 0.5356817051564391}, "Atl\u00e9tico / MG": {"Atk": 0.9265751147640127, "Def": 0.5987013834435828}, "Joinville / SC": {"Atk": 0.4103142660273035, "Def": 0.5626227674967417}, "Ponte Preta / SP": {"Atk": 0.6417984775060405, "Def": 0.5796639826131936}, "Internacional / RS": {"Atk": 0.5496516210352482, "Def": 0.598974005921058}, "Figueirense / SC": {"Atk": 0.505186409373395, "Def": 0.4472717908372613}}