{"Flamengo / RJ": {"Home": {"Atk": 1.0, "Def": 0.45004699749499355}, "Away": {"Atk": 0.0, "Def": 0.4460687443054441}, "Ext": 0.011930573607456862}, "Fluminense / RJ": {"Home": {"Atk": 1.047273930785322, "Def": 0.5808826628456728}, "Away": {"Atk": 0.4344043255787501, "Def": 0.6942905099745846}, "Ext": 0.07048651939122814}, "S\u00e3o Paulo / SP": {"Home": {"Atk": 0.7458094369082104, "Def": 0.6728394737122045}, "Away": {"Atk": 0.8702102837396725, "Def": 0.5114854433828236}, "Ext": 0.0663994899307359}, "Santos / SP": {"Home": {"Atk": 0.37784189047083205, "Def": 0.8469429036193971}, "Away": {"Atk": 0.6385838230535252, "Def": 0.7075762224224144}, "Ext": 0.1}, "Athletico Paranaense / PR": {"Home": {"Atk": 0.6973031155818369, "Def": 0.49091660539023085}, "Away": {"Atk": 0.8678312074478001, "Def": 0.3986818612878576}, "Ext": 0.0894382931325409}, "Atl\u00e9tico / MG": {"Home": {"Atk": 0.4106487871606183, "Def": 0.888384581093347}, "Away": {"Atk": 0.8307796381490063, "Def": 0.3109698641238361}, "Ext": 0.0}, "Bahia / BA": {"Home": {"Atk": 0.18283116583555914, "Def": 0.4257356772861997}, "Away": {"Atk": 0.7577362374575681, "Def": 0.5477318666750813}, "Ext": 0.1}, "Internacional / RS": {"Home": {"Atk": 0.7262934092579293, "Def": 0.5262925485880007}, "Away": {"Atk": 0.610690939529258, "Def": 0.639495762578498}, "Ext": 0.1}, "Crici\u00fama / SC": {"Home": {"Atk": 0.5289676635255225, "Def": 0.7357154498259633}, "Away": {"Atk": 0.0, "Def": 0.3035955848050296}, "Ext": 0.1}, "Chapecoense / SC": {"Home": {"Atk": 0.4364157117445983, "Def": 1.0531625363305575}, "Away": {"Atk": 0.3814749377370267, "Def": 0.4069107135446305}, "Ext": 0.1}, "Botafogo / RJ": {"Home": {"Atk": 0.994178838262848, "Def": 0.6675720993312586}, "Away": {"Atk": 0.28340697685664396, "Def": 0.2879213051428137}, "Ext": 0.0}, "Sport / PE": {"Home": {"Atk": 0.452764384691524, "Def": 0.6932495045084388}, "Away": {"Atk": 0.3927158157864778, "Def": 0.5493728748712363}, "Ext": 0.0737497493996181}, "Corinthians / SP": {"Home": {"Atk": 0.6102223856802276, "Def": 0.755728618364935}, "Away": {"Atk": 0.7876012075515024, "Def": 0.712831443908884}, "Ext": 0.03214046321275094}, "Palmeiras / SP": {"Home": {"Atk": 0.3729806832460133, "Def": 0.6000857920362233}, "Away": {"Atk": 0.5101907537109549, "Def": 0.33465736486211417}, "Ext": 0.0}, "Coritiba / PR": {"Home": {"Atk": 0.6010380181546462, "Def": 0.7122938781609307}, "Away": {"Atk": 0.4783726230428446, "Def": 0.41918622096166513}, "Ext": 0.053459551052292095}, "Cruzeiro / MG": {"Home": {"Atk": 1.0265876152143254, "Def": 0.5681229290338067}, "Away": {"Atk": 0.9168796222922467, "Def": 0.36135671981935835}, "Ext": 0.1}, "Vit\u00f3ria / BA": {"Home": {"Atk": 0.31862741609022693, "Def": 0.3411891490415755}, "Away": {"Atk": 0.39503881091834575, "Def": 0.5370759820456397}, "Ext": 0.0374177140605462}, "Gr\u00eamio / RS": {"Home": {"Atk": 0.38656555922563096, "Def": 0.814881635147443}, "Away": {"Atk": 0.35634996211054815, "Def": 0.682292881680489}, "Ext": 0.1}, "Figueirense / SC": {"Home": {"Atk": 0.14196815329576748, "Def": 0.2568138243939244}, "Away": {"Atk": 0.4408652192548118, "Def": 0.6874362268097839}, "Ext": 0.0}, "Goi\u00e1s / GO": {"Home": {"Atk": 0.4736189050562947, "Def": 0.6597320506903503}, "Away": {"Atk": 0.24276946325921894, "Def": 0.5359359996969802}, "Ext": 0.04803136717076984}}