{"Red Bull Bragantino / SP": {"Home": {"Atk": 1.0, "Def": 0.5148575158133754}, "Away": {"Atk": 0.4590771974772697, "Def": 0.48755510720766443}}, "Ponte Preta / SP": {"Home": {"Atk": 0.8037904199166911, "Def": 1.1141880527815033}, "Away": {"Atk": 0.8795662536729727, "Def": 0.6851798442624909}}, "Vasco da Gama / RJ": {"Home": {"Atk": 1.280931609163932, "Def": 1.109946964348102}, "Away": {"Atk": 0.5703648283787134, "Def": 1.2694188520022522}}, "Santa Cruz / PE": {"Home": {"Atk": 1.157690866504888, "Def": 0.7175620629064201}, "Away": {"Atk": 0.542597610627436, "Def": 0.7661818634133443}}, "Sampaio Corr\u00eaa / MA": {"Home": {"Atk": 1.1449009552697667, "Def": 0.542865165223331}, "Away": {"Atk": 0.814050768014208, "Def": 0.8628038620106538}}, "Cear\u00e1 / CE": {"Home": {"Atk": 1.4209446115615973, "Def": 0.39901987983662535}, "Away": {"Atk": 0.9069037332957539, "Def": 0.8616678008984319}}, "Vila Nova / GO": {"Home": {"Atk": 0.5877271142186562, "Def": 0.3701350980390991}, "Away": {"Atk": 0.31429413207578055, "Def": 0.5337809362240199}}, "Am\u00e9rica / RN": {"Home": {"Atk": 1.092529557325869, "Def": 0.4471385964108471}, "Away": {"Atk": 0.7232758076715152, "Def": 0.628903630352155}}, "Boa / MG": {"Home": {"Atk": 1.071421574310439, "Def": 0.39583237233601015}, "Away": {"Atk": 0.723968754140262, "Def": 0.7167718671044593}}, "Oeste / SP": {"Home": {"Atk": 0.8497475840110298, "Def": 0.47816793727901713}, "Away": {"Atk": 0.4697755820958749, "Def": 0.5762668733169194}}, "Portuguesa / SP": {"Home": {"Atk": 0.8413571418093798, "Def": 0.39374414017789305}, "Away": {"Atk": 0.4574534740858918, "Def": 0.6772352979855691}}, "Paran\u00e1 / PR": {"Home": {"Atk": 0.9168077572298203, "Def": 0.571902978325038}, "Away": {"Atk": 0.5965607338722858, "Def": 0.8748340577909964}}, "N\u00e1utico / PE": {"Home": {"Atk": 0.9497620752560915, "Def": 0.5178254723996689}, "Away": {"Atk": 0.7250809386516951, "Def": 0.7560476489356455}}, "Luverdense / MT": {"Home": {"Atk": 1.3766358918711605, "Def": 0.4752183503941356}, "Away": {"Atk": 0.4544615534447394, "Def": 0.8947777746730843}}, "Icasa / CE": {"Home": {"Atk": 0.7932103002099103, "Def": 0.571914892830423}, "Away": {"Atk": 0.25152372268240514, "Def": 0.794012360164831}}, "Ava\u00ed / SC": {"Home": {"Atk": 0.9179109772877719, "Def": 0.6098356754265126}, "Away": {"Atk": 0.5412663695763015, "Def": 1.186833346018421}}, "Atl\u00e9tico / GO": {"Home": {"Atk": 1.4070627902362733, "Def": 0.7566843972685886}, "Away": {"Atk": 0.5452691440593797, "Def": 0.6401237049398593}}, "ABC / RN": {"Home": {"Atk": 0.8510467146970476, "Def": 0.9389484585561083}, "Away": {"Atk": 0.5442285223440774, "Def": 0.9609652771387609}}, "Am\u00e9rica / MG": {"Home": {"Atk": 1.4771508925605714, "Def": 1.1737146391163014}, "Away": {"Atk": 0.4923432381797681, "Def": 0.7355492218581898}}, "Joinville / SC": {"Home": {"Atk": 0.977513560498595, "Def": 1.1655064065314684}, "Away": {"Atk": 0.6822185336109585, "Def": 0.694953166864303}}}