{"Palmeiras / SP": {"Atk": 0.8733228566981232, "Def": 0.7506432608910901}, "Flamengo / RJ": {"Atk": 0.48463756246168604, "Def": 0.5498626884096974}, "Atl\u00e9tico / MG": {"Atk": 0.6992480380241651, "Def": 0.4392948710329379}, "Coritiba / PR": {"Atk": 0.41947925895121657, "Def": 0.5343879868755665}, "Botafogo / RJ": {"Atk": 0.5518529660126728, "Def": 0.36988664146623756}, "Santa Cruz / PE": {"Atk": 0.5187547558498694, "Def": 0.4791722834688299}, "Corinthians / SP": {"Atk": 0.6691517228507085, "Def": 1.016610293702975}, "Figueirense / SC": {"Atk": 0.30904378433534513, "Def": 0.62158390693056}, "Am\u00e9rica / MG": {"Atk": 0.25255363541952697, "Def": 0.3369685654273264}, "Internacional / RS": {"Atk": 0.4460558883485572, "Def": 0.8028889478440623}, "Vit\u00f3ria / BA": {"Atk": 0.4974668635565364, "Def": 0.44428560430997344}, "Fluminense / RJ": {"Atk": 0.35153915533462826, "Def": 0.7430058691080432}, "Cruzeiro / MG": {"Atk": 0.5097446382689411, "Def": 0.35625390762702835}, "Santos / SP": {"Atk": 0.909952302070886, "Def": 0.8551572599764757}, "Athletico Paranaense / PR": {"Atk": 0.4489516070942672, "Def": 0.8667851838206752}, "Chapecoense / SC": {"Atk": 0.6598602601629677, "Def": 0.3630785455778966}, "S\u00e3o Paulo / SP": {"Atk": 0.4038157453363823, "Def": 0.7810795746124226}, "Gr\u00eamio / RS": {"Atk": 0.7828228342776993, "Def": 0.6045272924629592}, "Ponte Preta / SP": {"Atk": 0.5062101936238886, "Def": 0.41219729059980037}, "Sport / PE": {"Atk": 0.6884777897282774, "Def": 0.3947556158365865}, "Home bonus": 0.4764764788864251}