{"Gr\u00eamio / RS": {"Home": {"Atk": 1.0, "Def": 0.39531339363138535}, "Away": {"Atk": 0.7504717300949787, "Def": 0.769123884805641}, "Ext": 0.1}, "Atl\u00e9tico / MG": {"Home": {"Atk": 0.8278668859019516, "Def": 0.32880669219665115}, "Away": {"Atk": 0.504571316770718, "Def": 0.5389426382459791}, "Ext": 0.0}, "Cear\u00e1 / CE": {"Home": {"Atk": 0.6395589903034338, "Def": 0.6329162552790626}, "Away": {"Atk": 0.36100987450679745, "Def": 0.5075375533792481}, "Ext": 0.009577649305334963}, "Palmeiras / SP": {"Home": {"Atk": 1.0103701257771924, "Def": 1.0019862565441737}, "Away": {"Atk": 0.559043468864689, "Def": 0.7292398857095665}, "Ext": 0.1}, "S\u00e3o Paulo / SP": {"Home": {"Atk": 0.7057035530990863, "Def": 0.7891065363590947}, "Away": {"Atk": 0.3825884695821778, "Def": 1.0252372844187052}, "Ext": 0.09541638159292323}, "Flamengo / RJ": {"Home": {"Atk": 1.4362525499402201, "Def": 0.6143156404341757}, "Away": {"Atk": 0.9120845745057554, "Def": 0.7049420871537032}, "Ext": 0.0}, "Fluminense / RJ": {"Home": {"Atk": 0.6023895610450797, "Def": 0.5290907075142581}, "Away": {"Atk": 0.5690729974996438, "Def": 0.3831901754216113}, "Ext": 0.007142196546407758}, "Chapecoense / SC": {"Home": {"Atk": 0.4216760718635395, "Def": 0.46167672562955847}, "Away": {"Atk": 0.4294884562894952, "Def": 0.397622310775818}, "Ext": 0.1}, "Bahia / BA": {"Home": {"Atk": 0.6714347358793924, "Def": 0.7333602435926813}, "Away": {"Atk": 0.5068315457118352, "Def": 0.7220032438105113}, "Ext": 0.1}, "Athletico Paranaense / PR": {"Home": {"Atk": 0.7158139104918101, "Def": 0.636098093744336}, "Away": {"Atk": 0.8509043158843581, "Def": 0.5478081575782053}, "Ext": 0.0}, "Internacional / RS": {"Home": {"Atk": 0.8610721016363263, "Def": 0.8965627213971512}, "Away": {"Atk": 0.4407255763961009, "Def": 0.574754224537664}, "Ext": 0.1}, "Cruzeiro / MG": {"Home": {"Atk": 0.45317683749779575, "Def": 0.5589516683506778}, "Away": {"Atk": 0.37267006193285523, "Def": 0.4521778834188483}, "Ext": 0.1}, "Fortaleza / CE": {"Home": {"Atk": 0.5642006125219003, "Def": 0.5354782798513922}, "Away": {"Atk": 0.5974356126741688, "Def": 0.42307404107152285}, "Ext": 0.0}, "Corinthians / SP": {"Home": {"Atk": 0.7148343883869649, "Def": 0.9458079510736136}, "Away": {"Atk": 0.48549342038687965, "Def": 0.8142508099722146}, "Ext": 0.1}, "Santos / SP": {"Home": {"Atk": 1.0762012274158954, "Def": 0.5163429679610265}, "Away": {"Atk": 0.45507972824856924, "Def": 0.8004876106049247}, "Ext": 0.0}, "Vasco da Gama / RJ": {"Home": {"Atk": 0.5876011498793801, "Def": 0.46453465826185086}, "Away": {"Atk": 0.39668964851065996, "Def": 0.520628611784142}, "Ext": 0.0}, "Botafogo / RJ": {"Home": {"Atk": 0.5696131548038875, "Def": 0.6003419350174926}, "Away": {"Atk": 0.4415646871505796, "Def": 0.5450417413215757}, "Ext": 0.1}, "Ava\u00ed / SC": {"Home": {"Atk": 0.265380603615631, "Def": 0.41383989864955684}, "Away": {"Atk": 0.27188023796796956, "Def": 0.3903673836098896}, "Ext": 0.1}, "Goi\u00e1s / GO": {"Home": {"Atk": 0.7553049938793452, "Def": 0.5530901906813513}, "Away": {"Atk": 0.3447164726511525, "Def": 0.35015546560418215}, "Ext": 0.1}, "CSA / AL": {"Home": {"Atk": 0.4895318690893011, "Def": 0.49000476213139077}, "Away": {"Atk": 0.20014261421088303, "Def": 0.4170347715259295}, "Ext": 0.1}}