{"Cear\u00e1 / CE": {"Atk": 0.32757478305395393, "Def": 0.6051672745805168, "Ext": 0.7863232349448628}, "Bahia / BA": {"Atk": 0.6118682932758662, "Def": 0.6465803649812137, "Ext": 0.0}, "Sampaio Corr\u00eaa / MA": {"Atk": 0.23491468765604062, "Def": 0.48835209082471503, "Ext": 0.1849966773490521}, "Oeste / SP": {"Atk": 0.4646459142375412, "Def": 0.5090332554113607, "Ext": 0.4365344920845737}, "Vila Nova / GO": {"Atk": 0.4883011026961962, "Def": 0.7678881188715497, "Ext": 0.1729172060063514}, "Luverdense / MT": {"Atk": 0.38392961613450355, "Def": 0.7361948180483643, "Ext": 0.1309389126063894}, "Tupi / MG": {"Atk": 0.20977315533669963, "Def": 0.9639793696364453, "Ext": 0.6011791353878319}, "Brasil / RS": {"Atk": 0.6529780789701694, "Def": 0.6103450500923114, "Ext": 0.0}, "Londrina / PR": {"Atk": 0.3357315261238503, "Def": 0.9351391686814979, "Ext": 0.7045931012972502}, "Crici\u00fama / SC": {"Atk": 0.5449395464065487, "Def": 0.5359690907777546, "Ext": 0.3175127872120027}, "N\u00e1utico / PE": {"Atk": 0.45418264117672835, "Def": 0.898239579642472, "Ext": 0.15810109070004952}, "CRB / AL": {"Atk": 0.3707254952243299, "Def": 0.7592864912122455, "Ext": 0.8308465625435488}, "Paysandu / PA": {"Atk": 0.30884793948375394, "Def": 0.679106070872812, "Ext": 0.44542029464455024}, "Red Bull Bragantino / SP": {"Atk": 0.32937620747246876, "Def": 0.543242929589987, "Ext": 0.6781384068699254}, "Goi\u00e1s / GO": {"Atk": 0.4517578311587468, "Def": 1.0629569275228803, "Ext": 0.07859698638957896}, "Vasco da Gama / RJ": {"Atk": 0.6925739347927484, "Def": 0.6580007718936346, "Ext": 0.22082019622216043}, "Atl\u00e9tico / GO": {"Atk": 0.5264597773151175, "Def": 0.941181760258009, "Ext": 0.42219633741450435}, "Joinville / SC": {"Atk": 0.1220269442842484, "Def": 0.6679635560354974, "Ext": 0.7695377682208279}, "Paran\u00e1 / PR": {"Atk": 0.19450171869068636, "Def": 0.5508104693583513, "Ext": 0.6956592476624749}, "Ava\u00ed / SC": {"Atk": 0.6109799188448554, "Def": 0.615790910446762, "Ext": 0.11143657969422142}, "Home bonus": 0.24853663405447965}