{"Vasco da Gama / RJ": {"Atk": 1.0, "Def": 0.8856306081498863, "Ext": 0.0}, "Vila Nova / GO": {"Atk": 0.6398525307987748, "Def": 1.4100292495016549, "Ext": 0.032202902042848695}, "Guarani / SP": {"Atk": 1.2772136820537303, "Def": 0.8637028598854108, "Ext": 0.1}, "N\u00e1utico / PE": {"Atk": 0.9672613359023544, "Def": 0.8370701981815052, "Ext": 0.0}, "Brasil / RS": {"Atk": 0.44796757405740056, "Def": 0.9223837017857963, "Ext": 0.1}, "CRB / AL": {"Atk": 1.1707520997363228, "Def": 0.8845506235196273, "Ext": 0.1}, "Coritiba / PR": {"Atk": 1.132373967648927, "Def": 1.5531856582185752, "Ext": 0.0}, "Brusque / SC": {"Atk": 0.7947347982681371, "Def": 0.7367621147879386, "Ext": 0.1}, "Confian\u00e7a / SE": {"Atk": 0.7851089012997651, "Def": 0.6634341386681589, "Ext": 0.060806761519040214}, "Sampaio Corr\u00eaa / MA": {"Atk": 0.9616022244135568, "Def": 1.02811596546877, "Ext": 0.1}, "Botafogo / RJ": {"Atk": 1.320770344919125, "Def": 1.0485392505845632, "Ext": 0.0}, "Goi\u00e1s / GO": {"Atk": 0.9039775274503024, "Def": 1.5124484532140814, "Ext": 0.1}, "Ponte Preta / SP": {"Atk": 0.7242792100925599, "Def": 1.0031948864598588, "Ext": 0.1}, "Cruzeiro / MG": {"Atk": 0.9903403802264001, "Def": 0.7369565005625501, "Ext": 0.1}, "Londrina / PR": {"Atk": 0.6304087133173891, "Def": 0.8320209345585134, "Ext": 0.1}, "CSA / AL": {"Atk": 0.8564107593420717, "Def": 1.236583622838728, "Ext": 0.0}, "Oper\u00e1rio / PR": {"Atk": 0.5778591781454057, "Def": 0.9171176533061854, "Ext": 0.0}, "Ava\u00ed / SC": {"Atk": 0.9791759356883636, "Def": 1.3091231373500276, "Ext": 0.0}, "Vit\u00f3ria / BA": {"Atk": 0.5194986157184137, "Def": 1.2663653627462352, "Ext": 0.1}, "Remo / PA": {"Atk": 0.7763559165182773, "Def": 1.00896833681379, "Ext": 0.1}, "Home bonus": 0.25405179139955275}