{"Palmeiras / SP": {"Atk": 0.9735442544367143, "Def": 0.6750073777119351, "Ext": 0.0}, "Flamengo / RJ": {"Atk": 0.7059149494227911, "Def": 0.7499397237941775, "Ext": 0.0934375535791328}, "Atl\u00e9tico / MG": {"Atk": 0.8424962756126158, "Def": 0.5199461029738676, "Ext": 0.1}, "Coritiba / PR": {"Atk": 0.6361154706958921, "Def": 0.5554949820775449, "Ext": 0.1}, "Botafogo / RJ": {"Atk": 0.671807907365164, "Def": 0.5789257024133015, "Ext": 0.1}, "Santa Cruz / PE": {"Atk": 0.6198419564739948, "Def": 0.3930529647184822, "Ext": 0.041849189643967125}, "Corinthians / SP": {"Atk": 0.6550978494709093, "Def": 0.689298983959017, "Ext": 0.0}, "Figueirense / SC": {"Atk": 0.5031469666154642, "Def": 0.5195399190833608, "Ext": 0.1}, "Am\u00e9rica / MG": {"Atk": 0.3453673911639702, "Def": 0.43882574331539553, "Ext": 0.0}, "Internacional / RS": {"Atk": 0.519644553148535, "Def": 0.5730629098979402, "Ext": 0.1}, "Vit\u00f3ria / BA": {"Atk": 0.7117603457306672, "Def": 0.467567210598779, "Ext": 0.0}, "Fluminense / RJ": {"Atk": 0.6386997335562723, "Def": 0.667383855362645, "Ext": 0.1}, "Cruzeiro / MG": {"Atk": 0.6751333419701642, "Def": 0.4563056069611272, "Ext": 0.0}, "Santos / SP": {"Atk": 0.8739172375156874, "Def": 0.6962093124384575, "Ext": 0.0}, "Athletico Paranaense / PR": {"Atk": 0.5431301128194898, "Def": 0.7497555884379832, "Ext": 0.0}, "Chapecoense / SC": {"Atk": 0.7520073653426677, "Def": 0.3757841367202368, "Ext": 0.1}, "S\u00e3o Paulo / SP": {"Atk": 0.5192632062331605, "Def": 0.6752795704449469, "Ext": 0.1}, "Gr\u00eamio / RS": {"Atk": 0.6226350345300449, "Def": 0.604085004236048, "Ext": 0.0}, "Ponte Preta / SP": {"Atk": 0.6999861919664487, "Def": 0.42317340596751657, "Ext": 0.0}, "Sport / PE": {"Atk": 0.7505470552996614, "Def": 0.427778593519133, "Ext": 0.1}}