{"Red Bull Bragantino / SP": {"Atk": 1.0, "Def": 0.7322395669341251}, "Ponte Preta / SP": {"Atk": 1.2094805217295703, "Def": 1.002361335846543}, "Vasco da Gama / RJ": {"Atk": 1.240394178208038, "Def": 1.2292952255652507}, "Santa Cruz / PE": {"Atk": 1.1835154372655443, "Def": 1.0274564827068027}, "Sampaio Corr\u00eaa / MA": {"Atk": 1.2990198874120804, "Def": 1.022841518338921}, "Cear\u00e1 / CE": {"Atk": 1.653409803024944, "Def": 0.7162987448194869}, "Vila Nova / GO": {"Atk": 0.6337902894298111, "Def": 0.6881810349051012}, "Am\u00e9rica / RN": {"Atk": 1.1389127389492004, "Def": 0.7959616311722661}, "Boa / MG": {"Atk": 1.2697684589565852, "Def": 0.931562729484764}, "Oeste / SP": {"Atk": 0.9342814270979931, "Def": 0.8148182479866783}, "Portuguesa / SP": {"Atk": 0.862509023543738, "Def": 0.7319731718942494}, "Paran\u00e1 / PR": {"Atk": 1.0814273921623616, "Def": 0.9147913103732331}, "N\u00e1utico / PE": {"Atk": 0.9856219432662827, "Def": 0.9386145545445811}, "Luverdense / MT": {"Atk": 1.1084789890201066, "Def": 0.8917619949927563}, "Icasa / CE": {"Atk": 0.705854177710839, "Def": 0.9296544944520816}, "Ava\u00ed / SC": {"Atk": 1.2122439889536627, "Def": 1.3920477891960048}, "Atl\u00e9tico / GO": {"Atk": 1.34956038785931, "Def": 0.7197852733189404}, "ABC / RN": {"Atk": 0.7687341678321616, "Def": 1.2463242661336158}, "Am\u00e9rica / MG": {"Atk": 1.269576498290242, "Def": 0.9257911517106965}, "Joinville / SC": {"Atk": 1.1958094150394065, "Def": 1.031539753274119}}