{"Cear\u00e1 / CE": {"Home": {"Atk": 0.6225463164617216, "Def": 0.9315094932365087}, "Away": {"Atk": 0.7836293793436513, "Def": 0.4006530994778391}, "Ext": 0.2522254933128789}, "Bahia / BA": {"Home": {"Atk": 0.8962345330982735, "Def": 0.6526496623780155}, "Away": {"Atk": 0.39983979764471933, "Def": 0.5269545544947284}, "Ext": 0.04324431598656055}, "Sampaio Corr\u00eaa / MA": {"Home": {"Atk": 0.40198196841200196, "Def": 0.4055422138356227}, "Away": {"Atk": 0.0, "Def": 0.35046216355901166}, "Ext": 0.0}, "Oeste / SP": {"Home": {"Atk": 0.37388410287389073, "Def": 0.743567785272236}, "Away": {"Atk": 0.27663025218363735, "Def": 0.6948130067632896}, "Ext": 0.11673195443252457}, "Vila Nova / GO": {"Home": {"Atk": 0.44955844579947213, "Def": 0.8489061580444119}, "Away": {"Atk": 0.5153360741616654, "Def": 0.5956856108032891}, "Ext": 0.37079780848832694}, "Luverdense / MT": {"Home": {"Atk": 0.4440651742672099, "Def": 0.48354783501373444}, "Away": {"Atk": 0.28453632492267744, "Def": 0.8559919803080729}, "Ext": 0.2228308099506617}, "Tupi / MG": {"Home": {"Atk": 0.46934593259793667, "Def": 0.4068313017718254}, "Away": {"Atk": 0.3210437597305973, "Def": 0.42612829195172147}, "Ext": 0.3287844192831928}, "Brasil / RS": {"Home": {"Atk": 0.6908359420160057, "Def": 0.806762254758588}, "Away": {"Atk": 0.13923419225720948, "Def": 0.45306919480828445}, "Ext": 0.33171397621184756}, "Londrina / PR": {"Home": {"Atk": 0.4381022646241245, "Def": 0.741153429608444}, "Away": {"Atk": 0.31196037890898987, "Def": 0.6524220486232202}, "Ext": 0.10724059532744946}, "Crici\u00fama / SC": {"Home": {"Atk": 0.8769521262659701, "Def": 0.6016050553598457}, "Away": {"Atk": 0.45269850473760126, "Def": 0.49120492431877083}, "Ext": 0.16189573034525467}, "N\u00e1utico / PE": {"Home": {"Atk": 1.0836173966100384, "Def": 0.5514805177135825}, "Away": {"Atk": 0.4807133153420807, "Def": 0.6401227249547965}, "Ext": 0.41299770846431916}, "CRB / AL": {"Home": {"Atk": 0.38875660655316224, "Def": 0.72199473333618}, "Away": {"Atk": 0.5079855202520095, "Def": 0.7515997922295659}, "Ext": 0.6107278854356617}, "Paysandu / PA": {"Home": {"Atk": 0.5619055562643048, "Def": 0.8746066500791315}, "Away": {"Atk": 0.1850524876290545, "Def": 0.5429269040671023}, "Ext": 0.35011474073826165}, "Red Bull Bragantino / SP": {"Home": {"Atk": 0.24615867012385684, "Def": 0.8739685238847315}, "Away": {"Atk": 0.009304029959669391, "Def": 0.6925312274341968}, "Ext": 0.3931491999913431}, "Goi\u00e1s / GO": {"Home": {"Atk": 0.4249776654040216, "Def": 0.34111244473104785}, "Away": {"Atk": 0.3123151487251729, "Def": 0.6470650954741486}, "Ext": 0.0}, "Vasco da Gama / RJ": {"Home": {"Atk": 0.4538033139245292, "Def": 0.8642245017351238}, "Away": {"Atk": 0.8122876137371932, "Def": 0.993602761040403}, "Ext": 0.5935738370769232}, "Atl\u00e9tico / GO": {"Home": {"Atk": 0.6994818849032348, "Def": 1.0114376195034969}, "Away": {"Atk": 0.3113959531963224, "Def": 0.848468404688194}, "Ext": 0.028901814581023606}, "Joinville / SC": {"Home": {"Atk": 0.009891849670851924, "Def": 0.6214300421059749}, "Away": {"Atk": 0.26201896293817284, "Def": 0.716906228772787}, "Ext": 0.2901835013019426}, "Paran\u00e1 / PR": {"Home": {"Atk": 0.5511908307615355, "Def": 0.7815592966347522}, "Away": {"Atk": 0.46256466013890235, "Def": 0.5207444185890607}, "Ext": 0.0}, "Ava\u00ed / SC": {"Home": {"Atk": 0.8304412416301388, "Def": 0.6526872900285852}, "Away": {"Atk": 0.0, "Def": 0.6884761094745195}, "Ext": 0.2651156788406321}}