{"Fluminense / RJ": {"Atk": 1.0, "Def": 0.5995022259924672}, "Flamengo / RJ": {"Atk": 0.8839410051952923, "Def": 0.8695535178678407}, "Palmeiras / SP": {"Atk": 0.8818546855394097, "Def": 0.8086437794505728}, "Corinthians / SP": {"Atk": 0.9616150261491528, "Def": 1.7300442612235323}, "Cruzeiro / MG": {"Atk": 0.7362289734510131, "Def": 1.0375612288543676}, "Coritiba / PR": {"Atk": 0.6550055289034993, "Def": 0.6956987585070191}, "Gr\u00eamio / RS": {"Atk": 1.1330380958432325, "Def": 0.998101684562674}, "Bahia / BA": {"Atk": 0.8364696337072847, "Def": 0.6263904029581461}, "Ponte Preta / SP": {"Atk": 0.63315510009623, "Def": 0.7615358884289186}, "Ava\u00ed / SC": {"Atk": 0.34071276568174547, "Def": 0.7353715505809909}, "Botafogo / RJ": {"Atk": 0.6856713061918953, "Def": 0.8197133358182813}, "Vasco da Gama / RJ": {"Atk": 0.6707103674819482, "Def": 0.5232073571936257}, "Santos / SP": {"Atk": 0.6327680887869304, "Def": 1.5010648508015767}, "S\u00e3o Paulo / SP": {"Atk": 0.8079115079589396, "Def": 0.6077580707908399}, "Atl\u00e9tico / MG": {"Atk": 0.6571670090763809, "Def": 0.7140104740089421}, "Athletico Paranaense / PR": {"Atk": 0.7657954481922105, "Def": 0.7986285828209161}, "Sport / PE": {"Atk": 0.9527315257389192, "Def": 0.6367630066903993}, "Vit\u00f3ria / BA": {"Atk": 0.7141633036192016, "Def": 0.5495605858918489}, "Atl\u00e9tico / GO": {"Atk": 0.4857344931462856, "Def": 0.4975471264850085}, "Chapecoense / SC": {"Atk": 0.8567135863273323, "Def": 0.5206821250703392}, "Home bonus": 0.26144405476203847}