{"Ponte Preta / SP": {"Atk": 1.0, "Def": 21.288243823156414, "Ext": 0.18382665924270786}, "CSA / AL": {"Atk": 0.0, "Def": 100.48283118489412, "Ext": 0.3410973832730018}, "Sport / PE": {"Atk": 3.75685979574417, "Def": 17.957891941606917, "Ext": 0.0}, "Brusque / SC": {"Atk": 6.915344633838121, "Def": 7.397948674707711, "Ext": 0.0}, "Novorizontino / SP": {"Atk": 8.268630498111767, "Def": 7.3748120558874986, "Ext": 0.0}, "Londrina / PR": {"Atk": 9.463149605384393, "Def": 11.707469031591685, "Ext": 0.0}, "Vasco da Gama / RJ": {"Atk": 5.32826126236207, "Def": 136.29705415445636, "Ext": 0.0}, "Bahia / BA": {"Atk": 21.66131915250949, "Def": 61.119655268903344, "Ext": 0.03838987258460331}, "Tombense / MG": {"Atk": 0.0, "Def": 105.59134604347122, "Ext": 0.5009372434629525}, "Chapecoense / SC": {"Atk": 7.17481413592587, "Def": 8.928425101346933, "Ext": 0.0}, "Guarani / SP": {"Atk": 0.0, "Def": 123.95028095069188, "Ext": 0.33571879960437534}, "CRB / AL": {"Atk": 7.268489527099289, "Def": 5.2469607675668914, "Ext": 0.0}, "N\u00e1utico / PE": {"Atk": 8.779462883564081, "Def": 19.231785154347307, "Ext": 0.0}, "Crici\u00fama / SC": {"Atk": 5.1248577124678025, "Def": 18.05546274282851, "Ext": 0.18287383944127134}, "Ituano / SP": {"Atk": 0.0, "Def": 113.66359971902874, "Ext": 0.6062342999979801}, "Oper\u00e1rio / PR": {"Atk": 13.315544489574297, "Def": 6.876811703333045, "Ext": 0.0}, "Gr\u00eamio / RS": {"Atk": 4.20165681730023, "Def": 102.07469837053458, "Ext": 0.0}, "Sampaio Corr\u00eaa / MA": {"Atk": 3.604239163332113, "Def": 16.54403920874003, "Ext": 0.1303123291185295}, "Cruzeiro / MG": {"Atk": 13.593867526677503, "Def": 96.65953761992449, "Ext": 0.0}, "Vila Nova / GO": {"Atk": 0.0, "Def": 90.16916459231938, "Ext": 0.43884395932215714}, "Home bonus": 0.5192929524095453}