{"Oeste / SP": {"Atk": 1.0, "Def": 1.0130757927470404}, "Boa / MG": {"Atk": 0.9304714994321245, "Def": 1.2400739953333904}, "Figueirense / SC": {"Atk": 2.144762136088435, "Def": 0.8805385245694677}, "Joinville / SC": {"Atk": 1.828301820641804, "Def": 1.0483726082975366}, "Icasa / CE": {"Atk": 1.2384703932158214, "Def": 0.6851192979983668}, "ABC / RN": {"Atk": 0.758939589065518, "Def": 0.8321163937591958}, "Palmeiras / SP": {"Atk": 1.9152696871284807, "Def": 1.830640099357438}, "S\u00e3o Caetano / SP": {"Atk": 1.1654496631929856, "Def": 1.071713777235346}, "Guaratinguet\u00e1 / SP": {"Atk": 1.2801524912270346, "Def": 0.7744420254031854}, "Paysandu / PA": {"Atk": 1.0505134300767087, "Def": 0.8166475944667562}, "ASA / AL": {"Atk": 1.052627440648252, "Def": 0.722028345278846}, "Am\u00e9rica / MG": {"Atk": 1.9944024033972543, "Def": 0.9713562255777278}, "Ava\u00ed / SC": {"Atk": 1.2762751320011951, "Def": 0.9739602221471255}, "Chapecoense / SC": {"Atk": 2.2358012002771717, "Def": 1.4152902509183911}, "Cear\u00e1 / CE": {"Atk": 1.2730939231757026, "Def": 0.995271046520659}, "Am\u00e9rica / RN": {"Atk": 1.059651077632102, "Def": 0.7959879852730505}, "Paran\u00e1 / PR": {"Atk": 1.2918488135651114, "Def": 2.0356938253619594}, "Atl\u00e9tico / GO": {"Atk": 0.6856136619766799, "Def": 0.9446642457984756}, "Red Bull Bragantino / SP": {"Atk": 0.9966053103619916, "Def": 1.357611450909423}, "Sport / PE": {"Atk": 1.8226764935117608, "Def": 0.8944030264698458}}