{"Flamengo / RJ": {"Atk": 1.0, "Def": 0.5536417528604476, "Home bonus": 0.0}, "Botafogo / RJ": {"Atk": 0.6088587706078319, "Def": 0.6152502785183099, "Home bonus": 0.31679302379394636}, "Palmeiras / SP": {"Atk": 0.7478364198441625, "Def": 0.9857774679542336, "Home bonus": 0.48761382529711}, "Santos / SP": {"Atk": 0.5063421375645959, "Def": 0.8154228762166811, "Home bonus": 1.294097475149382}, "Corinthians / SP": {"Atk": 0.9269026292513073, "Def": 0.5843441474420003, "Home bonus": 0.0}, "Gr\u00eamio / RS": {"Atk": 0.6423093276615677, "Def": 1.32317744457968, "Home bonus": 0.0}, "Sport / PE": {"Atk": 0.8255909795412522, "Def": 0.614408320079451, "Home bonus": 0.0}, "Coritiba / PR": {"Atk": 0.42976260317343357, "Def": 0.701439788746648, "Home bonus": 0.0}, "Fortaleza / CE": {"Atk": 0.6444244984797404, "Def": 0.9299795601176795, "Home bonus": 0.0}, "Goi\u00e1s / GO": {"Atk": 0.8886375211324216, "Def": 0.38220570449078517, "Home bonus": 0.37838200801299443}, "Fluminense / RJ": {"Atk": 0.5438667322404105, "Def": 0.6511251213582154, "Home bonus": 0.9381359921297074}, "Vasco da Gama / RJ": {"Atk": 1.3493748919076725, "Def": 1.1073505519620517, "Home bonus": 0.0}, "S\u00e3o Paulo / SP": {"Atk": 0.8740375895545467, "Def": 1.048580688957021, "Home bonus": 0.1865836779099092}, "Red Bull Bragantino / SP": {"Atk": 0.6711980593873628, "Def": 0.45742069079034703, "Home bonus": 0.3111606227960776}, "Atl\u00e9tico / MG": {"Atk": 0.6097450537988234, "Def": 0.9423353999838625, "Home bonus": 1.1297638756601}, "Internacional / RS": {"Atk": 0.5836920024535146, "Def": 1.8963015337829838, "Home bonus": 1.2724033024383212}, "Bahia / BA": {"Atk": 0.9649123187288567, "Def": 0.4648083438704465, "Home bonus": 0.0}, "Athletico Paranaense / PR": {"Atk": 0.681672983504897, "Def": 1.0251794472816178, "Home bonus": 0.0}, "Cear\u00e1 / CE": {"Atk": 0.8321576933734831, "Def": 0.7937413298238721, "Home bonus": 0.0}, "Atl\u00e9tico / GO": {"Atk": 0.4472274890247259, "Def": 1.1332486566141657, "Home bonus": 0.5846818995232085}}