{"Flamengo / RJ": {"Atk": 1.0, "Def": 1.1080316233769025}, "Fluminense / RJ": {"Atk": 1.948187839344625, "Def": 1.2714913216058912}, "S\u00e3o Paulo / SP": {"Atk": 2.1136894296235154, "Def": 1.2265462370437905}, "Santos / SP": {"Atk": 1.356649392693104, "Def": 1.3805766796394343}, "Athletico Paranaense / PR": {"Atk": 1.5720815864531923, "Def": 0.9603192190315243}, "Atl\u00e9tico / MG": {"Atk": 1.421081065533397, "Def": 1.316512095379099}, "Bahia / BA": {"Atk": 0.8403311535585896, "Def": 1.4788879059174906}, "Internacional / RS": {"Atk": 1.5099587738909495, "Def": 1.4557375601726268}, "Crici\u00fama / SC": {"Atk": 0.5724295706295683, "Def": 1.0228290191471086}, "Chapecoense / SC": {"Atk": 0.9134910526345212, "Def": 1.111424333703031}, "Botafogo / RJ": {"Atk": 1.2149311501148645, "Def": 1.158738595985734}, "Sport / PE": {"Atk": 1.1593268884778873, "Def": 0.9819006703073037}, "Corinthians / SP": {"Atk": 1.347012953195232, "Def": 2.0365818979145995}, "Palmeiras / SP": {"Atk": 0.9209575402551515, "Def": 0.9643008265513259}, "Coritiba / PR": {"Atk": 1.0274346045489513, "Def": 1.332179255326089}, "Cruzeiro / MG": {"Atk": 2.4818928661436708, "Def": 1.2320469443291981}, "Vit\u00f3ria / BA": {"Atk": 1.097309175482801, "Def": 0.9443737281337266}, "Gr\u00eamio / RS": {"Atk": 1.003577212253047, "Def": 1.956383519750792}, "Figueirense / SC": {"Atk": 1.056365102195307, "Def": 0.935586579372337}, "Goi\u00e1s / GO": {"Atk": 0.8445665527101552, "Def": 1.306422410691592}}