{"Cruzeiro / MG": {"Home": {"Atk": 1.0, "Def": 0.6106196697922913}, "Away": {"Atk": 0.583105664516993, "Def": 1.3785155789688202}, "Ext": 0.1}, "Ava\u00ed / SC": {"Home": {"Atk": 0.9139668834931434, "Def": 0.4370314945085449}, "Away": {"Atk": 0.7106015182414511, "Def": 0.8662029789921077}, "Ext": 0.0}, "CSA / AL": {"Home": {"Atk": 1.4390881211558675, "Def": 0.7073805991041997}, "Away": {"Atk": 0.5495839587228885, "Def": 0.9603058543909712}, "Ext": 0.0}, "Ponte Preta / SP": {"Home": {"Atk": 1.2473067239154971, "Def": 0.4270645360776446}, "Away": {"Atk": 0.6897490027105939, "Def": 0.8577716172321906}, "Ext": 0.0}, "Oeste / SP": {"Home": {"Atk": 0.6239191265252749, "Def": 0.4226272444763235}, "Away": {"Atk": 0.5674693646377166, "Def": 0.619838635922618}, "Ext": 0.0}, "Oper\u00e1rio / PR": {"Home": {"Atk": 1.216884958837439, "Def": 0.7439389127984063}, "Away": {"Atk": 0.34063749403198873, "Def": 0.9792985376824016}, "Ext": 0.0}, "Juventude / RS": {"Home": {"Atk": 1.3343682998214512, "Def": 0.7946209880598496}, "Away": {"Atk": 0.7739187843530023, "Def": 0.7780785932414623}, "Ext": 0.1}, "Vit\u00f3ria / BA": {"Home": {"Atk": 0.9600266609352351, "Def": 0.701905170101551}, "Away": {"Atk": 0.7799395190564512, "Def": 0.6207777558922514}, "Ext": 0.1}, "Confian\u00e7a / SE": {"Home": {"Atk": 1.025836519691686, "Def": 0.4719751486391239}, "Away": {"Atk": 0.579341177330549, "Def": 0.889084213717054}, "Ext": 0.1}, "Cuiab\u00e1 / MT": {"Home": {"Atk": 1.4172059902294851, "Def": 1.010375059843018}, "Away": {"Atk": 0.5233731097274962, "Def": 0.7627279676095086}, "Ext": 0.0}, "Am\u00e9rica / MG": {"Home": {"Atk": 1.2283215834069223, "Def": 0.7108659319563092}, "Away": {"Atk": 0.5300765860354208, "Def": 2.609535049155085}, "Ext": 0.1}, "Figueirense / SC": {"Home": {"Atk": 0.8989858799792203, "Def": 0.961335745530905}, "Away": {"Atk": 0.452414897412251, "Def": 0.7444370113102035}, "Ext": 0.02251932422995969}, "CRB / AL": {"Home": {"Atk": 1.079087757430327, "Def": 0.8927512443456824}, "Away": {"Atk": 0.6401967305087682, "Def": 0.60997769546008}, "Ext": 0.1}, "Guarani / SP": {"Home": {"Atk": 1.2762978505098876, "Def": 0.5583933951424032}, "Away": {"Atk": 0.5369689162693099, "Def": 0.7332598548467832}, "Ext": 0.1}, "Botafogo / SP": {"Home": {"Atk": 0.8742963121073704, "Def": 0.6527163080138844}, "Away": {"Atk": 0.2538469400067285, "Def": 1.093865132401117}, "Ext": 0.0}, "Paran\u00e1 / PR": {"Home": {"Atk": 0.9456224168726185, "Def": 0.6576760726481518}, "Away": {"Atk": 0.5754883464365131, "Def": 0.6081914618644614}, "Ext": 0.0}, "Brasil / RS": {"Home": {"Atk": 0.8635603455497118, "Def": 1.0021450856315435}, "Away": {"Atk": 0.42647594135708566, "Def": 0.902585498779501}, "Ext": 0.1}, "N\u00e1utico / PE": {"Home": {"Atk": 1.0011727102886667, "Def": 0.7827330399661562}, "Away": {"Atk": 0.37155250025890174, "Def": 0.7162704706353751}, "Ext": 0.1}, "Sampaio Corr\u00eaa / MA": {"Home": {"Atk": 1.0536045043233326, "Def": 0.586477695836675}, "Away": {"Atk": 0.9092702582408541, "Def": 0.8876980399948979}, "Ext": 0.0}, "Chapecoense / SC": {"Home": {"Atk": 0.7525326765893948, "Def": 1.9053450816661635}, "Away": {"Atk": 0.7881947289945375, "Def": 1.4708569769425732}, "Ext": 0.05279599256020441}}