{"Ponte Preta / SP": {"Atk": 1.0, "Def": 1.6593840128038682}, "CSA / AL": {"Atk": 0.9488125495662963, "Def": 1.9809054810840816}, "Sport / PE": {"Atk": 1.0408612409901348, "Def": 2.885691972207665}, "Brusque / SC": {"Atk": 1.2820203980120453, "Def": 1.1806266052158572}, "Novorizontino / SP": {"Atk": 1.2335964168448224, "Def": 1.2618129491038945}, "Londrina / PR": {"Atk": 1.7429585315728964, "Def": 1.2220684756623532}, "Vasco da Gama / RJ": {"Atk": 1.5207279162012763, "Def": 2.6417589878175067}, "Bahia / BA": {"Atk": 2.07060536710052, "Def": 2.620629193994413}, "Tombense / MG": {"Atk": 1.406487407408404, "Def": 1.5106550146104234}, "Chapecoense / SC": {"Atk": 0.9179359305492524, "Def": 1.8229654373905086}, "Guarani / SP": {"Atk": 0.8662464638352582, "Def": 1.2474279471997847}, "CRB / AL": {"Atk": 1.121048656278572, "Def": 1.003553553258485}, "N\u00e1utico / PE": {"Atk": 1.3463441726852172, "Def": 1.2407115093333017}, "Crici\u00fama / SC": {"Atk": 1.6377196260181284, "Def": 1.5576377288691658}, "Ituano / SP": {"Atk": 1.7056219481742931, "Def": 1.0909676957165595}, "Oper\u00e1rio / PR": {"Atk": 1.969943930184768, "Def": 1.3851258324024482}, "Gr\u00eamio / RS": {"Atk": 1.2061871404306574, "Def": 3.7185514087897653}, "Sampaio Corr\u00eaa / MA": {"Atk": 1.516753767189846, "Def": 1.194634605178323}, "Cruzeiro / MG": {"Atk": 1.8593035721123499, "Def": 4.05161707301657}, "Vila Nova / GO": {"Atk": 1.0420640088940711, "Def": 1.2287355967456355}}