{"Cruzeiro / MG": {"Home": {"Atk": 1.0, "Def": 0.8026902471895764}, "Away": {"Atk": 0.3469264786026832, "Def": 0.7366456193863243}, "Ext": 0.1882118543353482}, "Ava\u00ed / SC": {"Home": {"Atk": 0.4640994727333586, "Def": 0.504332267767153}, "Away": {"Atk": 0.3980847291426476, "Def": 0.660099226223071}, "Ext": 0.5167379757514129}, "CSA / AL": {"Home": {"Atk": 0.739770031023891, "Def": 0.6211612678418375}, "Away": {"Atk": 0.39302743528399964, "Def": 0.6254490666801801}, "Ext": 0.0}, "Ponte Preta / SP": {"Home": {"Atk": 0.7181894995324718, "Def": 0.6296378818845546}, "Away": {"Atk": 0.48192451043034434, "Def": 0.6584375982340659}, "Ext": 0.46057428712200726}, "Oeste / SP": {"Home": {"Atk": 0.3218598711005876, "Def": 0.5631609794016468}, "Away": {"Atk": 0.19812451551741722, "Def": 0.3797684916199735}, "Ext": 0.3175947308908189}, "Oper\u00e1rio / PR": {"Home": {"Atk": 0.5748935487070936, "Def": 0.8118788524385016}, "Away": {"Atk": 0.26190008450811175, "Def": 0.6118131956624357}, "Ext": 0.451840638818866}, "Juventude / RS": {"Home": {"Atk": 0.5969095454511463, "Def": 0.7697548133920035}, "Away": {"Atk": 0.40694355819435135, "Def": 0.7171912525327302}, "Ext": 0.1959385364989934}, "Vit\u00f3ria / BA": {"Home": {"Atk": 0.46966331878668044, "Def": 1.0011709420962325}, "Away": {"Atk": 0.30930674595170926, "Def": 0.6607841377144417}, "Ext": 0.43930736037039453}, "Confian\u00e7a / SE": {"Home": {"Atk": 0.48653803634808646, "Def": 0.8275103976846293}, "Away": {"Atk": 0.6116683143697602, "Def": 0.49706914404148933}, "Ext": 0.0}, "Cuiab\u00e1 / MT": {"Home": {"Atk": 0.8049068896655818, "Def": 0.6815462016527665}, "Away": {"Atk": 0.4469513057185728, "Def": 0.45488769517676436}, "Ext": 0.0}, "Am\u00e9rica / MG": {"Home": {"Atk": 0.6680501438265491, "Def": 0.6644440656393305}, "Away": {"Atk": 0.35336877264926403, "Def": 0.83857767519202}, "Ext": 0.0}, "Figueirense / SC": {"Home": {"Atk": 0.43095562027981, "Def": 0.6109519110015039}, "Away": {"Atk": 0.19580170898629556, "Def": 0.6184545640795576}, "Ext": 0.43358884338270454}, "CRB / AL": {"Home": {"Atk": 0.602981787392479, "Def": 0.9666818994937446}, "Away": {"Atk": 0.3176259328843872, "Def": 0.48470536728630403}, "Ext": 0.34010417347081034}, "Guarani / SP": {"Home": {"Atk": 0.486679634416285, "Def": 0.6872225542457072}, "Away": {"Atk": 0.26315596533607555, "Def": 0.5051035826915239}, "Ext": 0.09231449625060209}, "Botafogo / SP": {"Home": {"Atk": 0.3576860564772766, "Def": 0.6924668737465711}, "Away": {"Atk": 0.3319405322207253, "Def": 0.6142887828697158}, "Ext": 0.002358501407558819}, "Paran\u00e1 / PR": {"Home": {"Atk": 0.43449143514220145, "Def": 0.617643993602859}, "Away": {"Atk": 0.29943924559074375, "Def": 0.6211830475659453}, "Ext": 0.1292036634582731}, "Brasil / RS": {"Home": {"Atk": 0.37139321241295536, "Def": 0.7862305011353666}, "Away": {"Atk": 0.39202822312270147, "Def": 0.5911001630198515}, "Ext": 0.40075317830192064}, "N\u00e1utico / PE": {"Home": {"Atk": 0.45310486775043485, "Def": 0.747517623582383}, "Away": {"Atk": 0.3053167284615836, "Def": 0.5948387973480171}, "Ext": 0.43721921220442306}, "Sampaio Corr\u00eaa / MA": {"Home": {"Atk": 0.6295119933439722, "Def": 0.62488246727743}, "Away": {"Atk": 0.5352582494877014, "Def": 0.71074852347416}, "Ext": 0.06919779765183103}, "Chapecoense / SC": {"Home": {"Atk": 0.547219225513772, "Def": 0.812944736776298}, "Away": {"Atk": 0.5820487204794957, "Def": 0.6683392157040022}, "Ext": 0.0}}