{"Vasco da Gama / RJ": {"Atk": 1.0, "Def": 0.43531557712725194, "Home bonus": 0.1208176171711598, "Ext": 0.1}, "Fluminense / RJ": {"Atk": 0.5287466287894652, "Def": 0.6598366263670646, "Home bonus": 0.7765060711055451, "Ext": 0.1}, "Corinthians / SP": {"Atk": 0.63924336551144, "Def": 3.7063536924270006, "Home bonus": 0.04302587192065433, "Ext": 0.0}, "Vit\u00f3ria / BA": {"Atk": 0.7100963273278534, "Def": 0.6662044231282612, "Home bonus": 0.7231079726729157, "Ext": 0.1}, "Gr\u00eamio / RS": {"Atk": 0.8553296495351363, "Def": 1.0134584859008402, "Home bonus": 0.34502352787423296, "Ext": 0.0}, "Ponte Preta / SP": {"Atk": 0.8433642051095204, "Def": 0.4764720939856186, "Home bonus": 0.0, "Ext": 0.1}, "Crici\u00fama / SC": {"Atk": 0.6124772381816943, "Def": 0.45063508058477036, "Home bonus": 0.7805586681364468, "Ext": 0.0}, "Cruzeiro / MG": {"Atk": 0.9258478589190487, "Def": 0.9707667428617297, "Home bonus": 1.4562474241780357, "Ext": 0.1}, "Coritiba / PR": {"Atk": 0.8498186374230525, "Def": 0.8019487821335944, "Home bonus": 0.10561134689787827, "Ext": 0.1}, "Santos / SP": {"Atk": 0.5701275983753217, "Def": 0.9439985798622127, "Home bonus": 0.5604621822859351, "Ext": 0.1}, "Botafogo / RJ": {"Atk": 1.2773594140761722, "Def": 0.7527123340938068, "Home bonus": 0.10557224592783303, "Ext": 0.1}, "Flamengo / RJ": {"Atk": 0.7003317056165221, "Def": 0.875797657237847, "Home bonus": 0.0829042245324506, "Ext": 0.0}, "S\u00e3o Paulo / SP": {"Atk": 0.6780398092962477, "Def": 0.7138562708052909, "Home bonus": 0.0, "Ext": 0.0}, "Bahia / BA": {"Atk": 0.46927939491617565, "Def": 0.9427910198793464, "Home bonus": 0.4320903222395808, "Ext": 0.0}, "Internacional / RS": {"Atk": 1.1213090004308046, "Def": 0.5856526739982477, "Home bonus": 0.0, "Ext": 0.1}, "Goi\u00e1s / GO": {"Atk": 0.40011045175057924, "Def": 0.8946267196769438, "Home bonus": 0.7026013498388617, "Ext": 0.1}, "N\u00e1utico / PE": {"Atk": 0.3437199490219724, "Def": 0.5618295786163685, "Home bonus": 0.22000349920721687, "Ext": 0.0}, "Atl\u00e9tico / MG": {"Atk": 0.30015241556010924, "Def": 0.822223891280355, "Home bonus": 1.5205606563849832, "Ext": 0.018187796380897188}, "Athletico Paranaense / PR": {"Atk": 1.1078399265235903, "Def": 0.557605607353223, "Home bonus": 0.4537844608114945, "Ext": 0.1}, "Portuguesa / SP": {"Atk": 0.6240581380976962, "Def": 0.5746187952685752, "Home bonus": 0.47049311222752704, "Ext": 0.1}}