{"Red Bull Bragantino / SP": {"Atk": 0.6009442282135176, "Def": 0.45173241663767183}, "Ponte Preta / SP": {"Atk": 0.8736125314595765, "Def": 0.7075314092095372}, "Vasco da Gama / RJ": {"Atk": 0.6678640992743523, "Def": 0.8222675958766789}, "Santa Cruz / PE": {"Atk": 0.7328684793163165, "Def": 0.8600010841796081}, "Sampaio Corr\u00eaa / MA": {"Atk": 0.7359693020278527, "Def": 0.5927583243141739}, "Cear\u00e1 / CE": {"Atk": 0.8603586172598083, "Def": 0.4692514280657258}, "Vila Nova / GO": {"Atk": 0.3738604497631739, "Def": 0.4016679474938772}, "Am\u00e9rica / RN": {"Atk": 0.5366309047694108, "Def": 0.5098269034304571}, "Boa / MG": {"Atk": 0.6562628307800548, "Def": 0.5822806986736113}, "Oeste / SP": {"Atk": 0.4678375625897004, "Def": 0.4876175876320668}, "Portuguesa / SP": {"Atk": 0.3793519420045373, "Def": 0.47835289664257225}, "Paran\u00e1 / PR": {"Atk": 0.550960286981202, "Def": 0.6740455305415275}, "N\u00e1utico / PE": {"Atk": 0.5626871472064877, "Def": 0.5591089076394736}, "Luverdense / MT": {"Atk": 0.4763282849026597, "Def": 0.5649648574912175}, "Icasa / CE": {"Atk": 0.3412422322334966, "Def": 0.7288347598259532}, "Ava\u00ed / SC": {"Atk": 0.6810735803389132, "Def": 0.6782977014799708}, "Atl\u00e9tico / GO": {"Atk": 0.7452649708358289, "Def": 0.5380043890947487}, "ABC / RN": {"Atk": 0.36748502245160963, "Def": 0.7238461156068549}, "Am\u00e9rica / MG": {"Atk": 0.7388211608681007, "Def": 0.6536434086226554}, "Joinville / SC": {"Atk": 0.7160838778462256, "Def": 0.9392060212592201}, "Home bonus": 0.4047551501606549}