{"Flamengo / RJ": {"Atk": 1.0, "Def": 0.8475037786676978, "Home bonus": 0.3634631265692562, "Ext": 0.3474828401774049}, "Corinthians / SP": {"Atk": 0.4420516224001493, "Def": 0.5799910338244716, "Home bonus": 0.476539137579623, "Ext": 0.5353276238785197}, "S\u00e3o Paulo / SP": {"Atk": 0.2733075075916024, "Def": 0.6313126390148015, "Home bonus": 0.6446247406434182, "Ext": 0.3803039489071883}, "Atl\u00e9tico Mineiro / MG": {"Atk": 0.8659978774559504, "Def": 0.586005955934112, "Home bonus": 0.22949908808410294, "Ext": 0.04579965720633246}, "Internacional / RS": {"Atk": 0.7887726975631997, "Def": 0.46761780026806965, "Home bonus": 0.4463767454210384, "Ext": 0.1980799059979207}, "Cear\u00e1 / CE": {"Atk": 0.1565643270260443, "Def": 0.7994576588392162, "Home bonus": 0.2817663850914288, "Ext": 0.854322560671291}, "Bahia / BA": {"Atk": 0.5863236739982625, "Def": 0.5884516726332828, "Home bonus": 0.33534825458368495, "Ext": 0.5876097343013671}, "Athletico Paranaense / PR": {"Atk": 0.48499479017091934, "Def": 0.5577370338072181, "Home bonus": 0.21686230853590316, "Ext": 0.7935102950054294}, "Chapecoense / SC": {"Atk": 0.21809531183984765, "Def": 0.5028335207740652, "Home bonus": 0.12124861663017515, "Ext": 0.54671011747125}, "Cuiab\u00e1 / MT": {"Atk": 0.17587217668407973, "Def": 0.5874717061572633, "Home bonus": 0.05767948362089846, "Ext": 0.14832413601140523}, "Fluminense / RJ": {"Atk": 0.2547643664881986, "Def": 0.5437251457768084, "Home bonus": 0.31241348050092904, "Ext": 0.0}, "Palmeiras / SP": {"Atk": 0.871392641514559, "Def": 0.9914944477793356, "Home bonus": 0.5837600247931594, "Ext": 0.7929977136678986}, "Santos / SP": {"Atk": 0.2901982325111037, "Def": 0.7667277003173765, "Home bonus": 0.31032382797458463, "Ext": 0.7879711898010959}, "Am\u00e9rica / MG": {"Atk": 0.33260640140828734, "Def": 0.6987424492937813, "Home bonus": 0.10850132206868793, "Ext": 0.7112576013570435}, "Gr\u00eamio / RS": {"Atk": 0.042806822845397885, "Def": 0.5423173184960801, "Home bonus": 0.5797412944782069, "Ext": 0.04989367201256223}, "Fortaleza / CE": {"Atk": 0.7452921451076678, "Def": 0.9231728079960573, "Home bonus": 0.4473194199069392, "Ext": 0.47896332307341005}, "Sport / PE": {"Atk": 0.14531887685397812, "Def": 0.5452784180962872, "Home bonus": 0.5848963064409286, "Ext": 0.8650901608893727}, "Red Bull Bragantino / SP": {"Atk": 0.6598560079327784, "Def": 0.5569039797885773, "Home bonus": 0.32378498220698576, "Ext": 0.8175815287755535}, "Juventude / RS": {"Atk": 0.13051948932108914, "Def": 0.7615303667901958, "Home bonus": 0.23033018098228625, "Ext": 0.3422467904827245}, "Atl\u00e9tico / GO": {"Atk": 0.3044070294880215, "Def": 0.5660750234320602, "Home bonus": 0.18701473558119094, "Ext": 0.06281280818563129}}