{"Guarani / SP": {"Atk": 1.0, "Def": 1.8064643841722003, "Home bonus": 0.0, "Ext": 0.1}, "Botafogo / SP": {"Atk": 1.6839735889482605, "Def": 1.8679380449251473, "Home bonus": 0.0, "Ext": 0.1}, "S\u00e3o Bento / SP": {"Atk": 1.8619843376684106, "Def": 1.064058961020742, "Home bonus": 0.3338465815195322, "Ext": 0.0}, "Vila Nova / GO": {"Atk": 0.9713583905237702, "Def": 2.253355615301661, "Home bonus": 0.0, "Ext": 0.0}, "Coritiba / PR": {"Atk": 1.4548556864207773, "Def": 2.1255468490389715, "Home bonus": 0.8253312634182695, "Ext": 0.1}, "Oper\u00e1rio / PR": {"Atk": 0.6923378760961316, "Def": 2.1877628428960114, "Home bonus": 0.8025396224308761, "Ext": 0.0}, "Crici\u00fama / SC": {"Atk": 0.6704618001596203, "Def": 1.7669625918307734, "Home bonus": 0.540529852839141, "Ext": 0.0}, "Brasil / RS": {"Atk": 1.5257305333679874, "Def": 1.6835319719366786, "Home bonus": 0.0, "Ext": 0.1}, "Sport / PE": {"Atk": 2.1618768812173648, "Def": 2.605735531431129, "Home bonus": 0.11418385450531034, "Ext": 0.1}, "CRB / AL": {"Atk": 2.1991967517740876, "Def": 1.717462227908521, "Home bonus": 0.12682072110571882, "Ext": 0.0}, "Ponte Preta / SP": {"Atk": 1.9437001705224077, "Def": 1.7862100526309894, "Home bonus": 0.8281303146617685, "Ext": 0.1}, "Red Bull Bragantino / SP": {"Atk": 1.4280968344341125, "Def": 4.516290391248975, "Home bonus": 1.21704878666676, "Ext": 0.037131311548495895}, "Oeste / SP": {"Atk": 1.098070456576171, "Def": 7.036843186932751, "Home bonus": 0.32773598942506793, "Ext": 0.1}, "Atl\u00e9tico / GO": {"Atk": 1.3702827161507225, "Def": 2.2724640588230964, "Home bonus": 0.6678924564348958, "Ext": 0.1}, "Paran\u00e1 / PR": {"Atk": 2.3861877474350544, "Def": 3.0286114876409647, "Home bonus": 0.0, "Ext": 0.1}, "Londrina / PR": {"Atk": 1.999635454032078, "Def": 2.019081733000473, "Home bonus": 0.19176108667657488, "Ext": 0.1}, "Figueirense / SC": {"Atk": 1.9842687875491363, "Def": 3.0868630927402427, "Home bonus": 0.0, "Ext": 0.1}, "Am\u00e9rica / MG": {"Atk": 1.3494197365718485, "Def": 1.1938335247575123, "Home bonus": 0.0, "Ext": 0.0}, "Vit\u00f3ria / BA": {"Atk": 2.2176886188938156, "Def": 0.7754294776706645, "Home bonus": 0.0, "Ext": 0.0}, "Cuiab\u00e1 / MT": {"Atk": 1.4878137337298059, "Def": 1.750819329940107, "Home bonus": 0.2652906590868675, "Ext": 0.1}}