{"Gr\u00eamio / RS": {"Atk": 1.0, "Def": 0.5515094008908688, "Home bonus": 0.16445333092513947, "Ext": 0.1}, "Atl\u00e9tico / MG": {"Atk": 0.553559637552285, "Def": 0.45748377814826624, "Home bonus": 0.5765264770091297, "Ext": 0.0}, "Cear\u00e1 / CE": {"Atk": 0.4783977223317573, "Def": 0.6732629830820501, "Home bonus": 0.4151604024625679, "Ext": 0.0}, "Palmeiras / SP": {"Atk": 0.614458113124369, "Def": 1.0529643060726428, "Home bonus": 1.1726344268464035, "Ext": 0.1}, "S\u00e3o Paulo / SP": {"Atk": 0.3876171704182768, "Def": 1.1924987993937604, "Home bonus": 0.6450217970009281, "Ext": 0.0532928515207214}, "Flamengo / RJ": {"Atk": 0.9993326213958827, "Def": 0.8718085193566938, "Home bonus": 0.7501362227249398, "Ext": 0.1}, "Fluminense / RJ": {"Atk": 0.5054983607565756, "Def": 0.529621260162613, "Home bonus": 0.3703334286232224, "Ext": 0.03257978981742234}, "Chapecoense / SC": {"Atk": 0.5131499583453734, "Def": 0.48099484501276485, "Home bonus": 0.003503556830277467, "Ext": 0.0}, "Bahia / BA": {"Atk": 0.5081250026956365, "Def": 0.709496604038299, "Home bonus": 0.5118140010047151, "Ext": 0.1}, "Athletico Paranaense / PR": {"Atk": 0.9262281147037758, "Def": 0.6447882068669468, "Home bonus": 0.0, "Ext": 0.0}, "Internacional / RS": {"Atk": 0.5803456867499084, "Def": 0.8182987086904592, "Home bonus": 0.4760569631572389, "Ext": 0.1}, "Cruzeiro / MG": {"Atk": 0.48742594841694276, "Def": 0.5748782922180532, "Home bonus": 0.14569213414977217, "Ext": 0.1}, "Fortaleza / CE": {"Atk": 0.7396987194397745, "Def": 0.5217548365541681, "Home bonus": 0.0, "Ext": 0.1}, "Corinthians / SP": {"Atk": 0.5112763114985455, "Def": 1.0849891597250065, "Home bonus": 0.34512633735680115, "Ext": 0.1}, "Santos / SP": {"Atk": 0.499409425868862, "Def": 0.8195493709269308, "Home bonus": 1.1157062571464114, "Ext": 0.1}, "Vasco da Gama / RJ": {"Atk": 0.4440072485237511, "Def": 0.5280015920532445, "Home bonus": 0.4195411696529894, "Ext": 0.0}, "Botafogo / RJ": {"Atk": 0.4483871168899898, "Def": 0.570464811851273, "Home bonus": 0.258743379644334, "Ext": 0.1}, "Ava\u00ed / SC": {"Atk": 0.27794006056238135, "Def": 0.4292262902347716, "Home bonus": 0.12218855826997008, "Ext": 0.1}, "Goi\u00e1s / GO": {"Atk": 0.4117754457181796, "Def": 0.4234000421415037, "Home bonus": 0.9273582011989886, "Ext": 0.1}, "CSA / AL": {"Atk": 0.24052058123718828, "Def": 0.5252731431153945, "Home bonus": 0.6045703631935818, "Ext": 0.1}}