{"Vasco da Gama / RJ": {"Atk": 1.0, "Def": 0.6495383591938824}, "Fluminense / RJ": {"Atk": 0.7158683127033659, "Def": 0.8654502144491137}, "Corinthians / SP": {"Atk": 0.4455385728945051, "Def": 2.795160088765003}, "Vit\u00f3ria / BA": {"Atk": 1.0912005446426842, "Def": 0.7763361283832299}, "Gr\u00eamio / RS": {"Atk": 0.7813119486380035, "Def": 1.2140624689778414}, "Ponte Preta / SP": {"Atk": 0.7379494458787018, "Def": 0.7024914098983744}, "Crici\u00fama / SC": {"Atk": 1.0043573786679711, "Def": 0.6017293659080677}, "Cruzeiro / MG": {"Atk": 1.5576237142901606, "Def": 1.1565327703961075}, "Coritiba / PR": {"Atk": 0.6814375802883146, "Def": 0.9017870750430893}, "Santos / SP": {"Atk": 0.8971602031428307, "Def": 1.1249934954967624}, "Botafogo / RJ": {"Atk": 1.050193059497691, "Def": 1.031838419991414}, "Flamengo / RJ": {"Atk": 0.7408344064940237, "Def": 0.9308502299630849}, "S\u00e3o Paulo / SP": {"Atk": 0.7716426780421027, "Def": 0.9975309070977468}, "Bahia / BA": {"Atk": 0.6447642044143784, "Def": 0.9615532764544673}, "Internacional / RS": {"Atk": 1.029236613078243, "Def": 0.7207343937875133}, "Goi\u00e1s / GO": {"Atk": 0.941922013709367, "Def": 1.0154195949048712}, "N\u00e1utico / PE": {"Atk": 0.3514500354546399, "Def": 0.47307633938323773}, "Atl\u00e9tico / MG": {"Atk": 0.7604729816824591, "Def": 1.2017010187901995}, "Athletico Paranaense / PR": {"Atk": 1.2288441188790824, "Def": 0.8313572141688317}, "Portuguesa / SP": {"Atk": 0.8917033566739232, "Def": 0.858659385834783}, "Home bonus": 0.48299917620185323}