{"Palmeiras / SP": {"Atk": 1.0, "Def": 0.6408375305529469, "Ext": 0.0}, "Chapecoense / SC": {"Atk": 0.49776198398759075, "Def": 0.7974897379469919, "Ext": 0.1}, "Fluminense / RJ": {"Atk": 0.6158254151787901, "Def": 0.6665237313607357, "Ext": 0.1}, "S\u00e3o Paulo / SP": {"Atk": 0.7410938830757425, "Def": 0.7964915556832199, "Ext": 0.0}, "Cruzeiro / MG": {"Atk": 0.6129736713163082, "Def": 1.0398952761269893, "Ext": 0.0}, "Athletico Paranaense / PR": {"Atk": 0.5719162433511515, "Def": 0.7142732532111762, "Ext": 0.1}, "Sport / PE": {"Atk": 0.8332477200498832, "Def": 0.9545065608755545, "Ext": 0.1}, "Vasco da Gama / RJ": {"Atk": 0.41567370705617374, "Def": 0.5373891739205894, "Ext": 0.0}, "Gr\u00eamio / RS": {"Atk": 0.7637148553922952, "Def": 1.0095627223614827, "Ext": 0.06835539119991048}, "Ava\u00ed / SC": {"Atk": 0.4946447606378616, "Def": 0.49809684336322757, "Ext": 0.0}, "Coritiba / PR": {"Atk": 0.39566041138354896, "Def": 0.7666504088951095, "Ext": 0.0}, "Goi\u00e1s / GO": {"Atk": 0.5102638302760297, "Def": 0.7635582463638013, "Ext": 0.0006945316046370957}, "Corinthians / SP": {"Atk": 1.1778091943067521, "Def": 1.2910550680755715, "Ext": 0.1}, "Flamengo / RJ": {"Atk": 0.7599064153934887, "Def": 0.555568458298731, "Ext": 0.0}, "Santos / SP": {"Atk": 0.9068104570087645, "Def": 0.7985150660206203, "Ext": 0.1}, "Atl\u00e9tico / MG": {"Atk": 1.0557141050665277, "Def": 0.696347361324401, "Ext": 0.0}, "Joinville / SC": {"Atk": 0.30474377525543705, "Def": 0.8244138205418903, "Ext": 0.1}, "Ponte Preta / SP": {"Atk": 0.7104393662734435, "Def": 0.8771997917222965, "Ext": 0.1}, "Internacional / RS": {"Atk": 0.5215275297378399, "Def": 0.9410500814763643, "Ext": 0.0}, "Figueirense / SC": {"Atk": 0.5423755919325576, "Def": 0.6352905422749229, "Ext": 0.1}, "Home bonus": 0.5533444626777542}