{"Oeste / SP": {"Home": {"Atk": 1.0, "Def": 0.744857086641466}, "Away": {"Atk": 0.6770478633458868, "Def": 0.7520468318944417}}, "Boa / MG": {"Home": {"Atk": 0.7441600758063677, "Def": 0.8293192450629109}, "Away": {"Atk": 0.69533414438153, "Def": 0.9502194815584625}}, "Figueirense / SC": {"Home": {"Atk": 1.9435378764252145, "Def": 0.6091684524140974}, "Away": {"Atk": 0.823539319300332, "Def": 0.800787447185018}}, "Joinville / SC": {"Home": {"Atk": 1.5469638985663396, "Def": 0.5947500492237848}, "Away": {"Atk": 0.9114910518399735, "Def": 1.5961495739670184}}, "Icasa / CE": {"Home": {"Atk": 1.6018201639975929, "Def": 0.43189215989244556}, "Away": {"Atk": 0.739853026495305, "Def": 0.8215267057570957}}, "ABC / RN": {"Home": {"Atk": 1.5270778750406044, "Def": 0.795654128104866}, "Away": {"Atk": 0.32419284607964316, "Def": 0.5768319507178902}}, "Palmeiras / SP": {"Home": {"Atk": 1.787339654243249, "Def": 1.0930384310181547}, "Away": {"Atk": 1.13360784217181, "Def": 1.3624484147333222}}, "S\u00e3o Caetano / SP": {"Home": {"Atk": 1.0767318037891784, "Def": 0.7096048244281741}, "Away": {"Atk": 0.813108530550565, "Def": 0.7024928009978311}}, "Guaratinguet\u00e1 / SP": {"Home": {"Atk": 1.4084224987362988, "Def": 0.7988608012306283}, "Away": {"Atk": 0.4321651799457694, "Def": 0.7539834034228581}}, "Paysandu / PA": {"Home": {"Atk": 1.4474740823330587, "Def": 0.6345089007844845}, "Away": {"Atk": 0.35969482092619764, "Def": 0.7409912060071505}}, "ASA / AL": {"Home": {"Atk": 1.3184806539935026, "Def": 0.4849871104519014}, "Away": {"Atk": 0.5212949492169724, "Def": 0.6086970938104584}}, "Am\u00e9rica / MG": {"Home": {"Atk": 1.581019951659648, "Def": 0.513467549805671}, "Away": {"Atk": 0.6846289655667598, "Def": 1.3469916565783981}}, "Ava\u00ed / SC": {"Home": {"Atk": 1.4832449907346459, "Def": 0.5115517781385823}, "Away": {"Atk": 0.8405684358441523, "Def": 1.0530824447024554}}, "Chapecoense / SC": {"Home": {"Atk": 2.069963713974609, "Def": 0.6421689470971546}, "Away": {"Atk": 0.8743782952897446, "Def": 1.3317474408931218}}, "Cear\u00e1 / CE": {"Home": {"Atk": 1.7774845808206137, "Def": 0.6932826465328054}, "Away": {"Atk": 0.5734094142443602, "Def": 0.8738754631592556}}, "Am\u00e9rica / RN": {"Home": {"Atk": 1.088991944387096, "Def": 0.648411698185767}, "Away": {"Atk": 0.5709369925008798, "Def": 0.8380570911177084}}, "Paran\u00e1 / PR": {"Home": {"Atk": 1.4719668419193088, "Def": 1.5925907776383208}, "Away": {"Atk": 0.9155773479211798, "Def": 1.2579733268836386}}, "Atl\u00e9tico / GO": {"Home": {"Atk": 1.1794985490523548, "Def": 0.5238435924067257}, "Away": {"Atk": 0.40027226299509383, "Def": 1.1867882145380626}}, "Red Bull Bragantino / SP": {"Home": {"Atk": 0.8536066876214575, "Def": 1.155688714187545}, "Away": {"Atk": 0.5803292360575539, "Def": 0.9950269256778067}}, "Sport / PE": {"Home": {"Atk": 1.1998888004779875, "Def": 0.7358382411974097}, "Away": {"Atk": 1.2570008987821586, "Def": 0.6432223483208961}}}