{"Guarani / SP": {"Atk": 1.0, "Def": 2.159683982020582, "Home bonus": 0.30507352761745177, "Ext": 0.1}, "Botafogo / SP": {"Atk": 2.8478651468844256, "Def": 1.9461241056087584, "Home bonus": 0.0, "Ext": 0.1}, "S\u00e3o Bento / SP": {"Atk": 2.8920833212717736, "Def": 1.6233205137555424, "Home bonus": 0.0, "Ext": 0.1}, "Vila Nova / GO": {"Atk": 1.5979487164580264, "Def": 4.215182877864392, "Home bonus": 0.0, "Ext": 0.0}, "Coritiba / PR": {"Atk": 1.8528664549551044, "Def": 2.927546003017415, "Home bonus": 1.1086464329152268, "Ext": 0.1}, "Oper\u00e1rio / PR": {"Atk": 1.7440696493782613, "Def": 2.4306453794613025, "Home bonus": 0.47591946380129607, "Ext": 0.1}, "Crici\u00fama / SC": {"Atk": 0.9291414342687804, "Def": 2.4967555857319677, "Home bonus": 0.5333040713279534, "Ext": 0.1}, "Brasil / RS": {"Atk": 1.6672963599426263, "Def": 2.1847337268118223, "Home bonus": 0.0, "Ext": 0.0}, "Sport / PE": {"Atk": 2.867289272178554, "Def": 2.7644659604450794, "Home bonus": 0.0, "Ext": 0.1}, "CRB / AL": {"Atk": 2.21988282281809, "Def": 2.1520894570839273, "Home bonus": 0.2194068147214689, "Ext": 0.0}, "Ponte Preta / SP": {"Atk": 2.484289148214318, "Def": 3.410967266578615, "Home bonus": 0.15552647983466736, "Ext": 0.1}, "Red Bull Bragantino / SP": {"Atk": 1.4318409386779836, "Def": 4.993597826250334, "Home bonus": 1.425288852034284, "Ext": 0.0}, "Oeste / SP": {"Atk": 1.9173928584256297, "Def": 2.973305434686154, "Home bonus": 0.153706122083434, "Ext": 0.1}, "Atl\u00e9tico / GO": {"Atk": 1.9649378202151189, "Def": 2.9417718141338436, "Home bonus": 0.8380417642353027, "Ext": 0.1}, "Paran\u00e1 / PR": {"Atk": 2.01351716359746, "Def": 2.4748190083885264, "Home bonus": 0.0542608534007467, "Ext": 0.1}, "Londrina / PR": {"Atk": 2.850246292655022, "Def": 1.8443400476174887, "Home bonus": 0.35090984359542626, "Ext": 0.1}, "Figueirense / SC": {"Atk": 1.9168208342788429, "Def": 3.964084579058009, "Home bonus": 0.0, "Ext": 0.0006873896010891015}, "Am\u00e9rica / MG": {"Atk": 2.3959551521425757, "Def": 1.8505896060130018, "Home bonus": 0.0, "Ext": 0.1}, "Vit\u00f3ria / BA": {"Atk": 1.9725422116031306, "Def": 1.377658579361339, "Home bonus": 0.6383829056648693, "Ext": 0.0}, "Cuiab\u00e1 / MT": {"Atk": 2.5267075923799522, "Def": 2.122152082824092, "Home bonus": 0.09012472389863255, "Ext": 0.1}}