{"Oeste / SP": {"Home": {"Atk": 1.0, "Def": 0.7400262180973941}, "Away": {"Atk": 0.6086761268342582, "Def": 0.5896861817445156}, "Ext": 0.0761641630494947}, "Boa / MG": {"Home": {"Atk": 0.6025784249307631, "Def": 0.47105434652265776}, "Away": {"Atk": 0.19767792403403073, "Def": 0.6213809367035321}, "Ext": 0.15121328733433506}, "Figueirense / SC": {"Home": {"Atk": 0.8492738116245574, "Def": 0.5085871251005232}, "Away": {"Atk": 0.41317446646948425, "Def": 0.7101101844230014}, "Ext": 0.4305126390217321}, "Joinville / SC": {"Home": {"Atk": 0.5058122813854088, "Def": 0.6168410287973903}, "Away": {"Atk": 0.3842702990896839, "Def": 0.9123542016606454}, "Ext": 0.4292732568887496}, "Icasa / CE": {"Home": {"Atk": 0.5976331175890507, "Def": 0.48554402231737637}, "Away": {"Atk": 0.35506698693850547, "Def": 0.5688819344221634}, "Ext": 0.1638941632245436}, "ABC / RN": {"Home": {"Atk": 0.6666636585258016, "Def": 0.6577623236322299}, "Away": {"Atk": 0.15888831794341807, "Def": 0.42132365641790887}, "Ext": 0.4796556832187119}, "Palmeiras / SP": {"Home": {"Atk": 0.9275352789929185, "Def": 0.9760748306760529}, "Away": {"Atk": 0.6339581036939482, "Def": 0.6719916465018281}, "Ext": 0.0}, "S\u00e3o Caetano / SP": {"Home": {"Atk": 0.4211165535864947, "Def": 0.6584765003730909}, "Away": {"Atk": 0.13702266375164535, "Def": 0.7095610136789697}, "Ext": 0.63389822282893}, "Guaratinguet\u00e1 / SP": {"Home": {"Atk": 0.544560071162799, "Def": 0.578558670387003}, "Away": {"Atk": 0.31648976363459924, "Def": 0.4609324734865781}, "Ext": 0.3531804405242271}, "Paysandu / PA": {"Home": {"Atk": 0.6821233776290453, "Def": 0.574968532587078}, "Away": {"Atk": 0.2827882898027515, "Def": 0.39837563457082686}, "Ext": 0.24438133218188285}, "ASA / AL": {"Home": {"Atk": 0.6257638455832221, "Def": 0.3911620455330169}, "Away": {"Atk": 0.16756834089115796, "Def": 0.32795873204652837}, "Ext": 0.09698684771144347}, "Am\u00e9rica / MG": {"Home": {"Atk": 0.5724256484311321, "Def": 0.5467518430016701}, "Away": {"Atk": 0.3986335357939876, "Def": 0.7567910064241894}, "Ext": 0.4901133140484314}, "Ava\u00ed / SC": {"Home": {"Atk": 0.8194944466404573, "Def": 0.36366014722392254}, "Away": {"Atk": 0.4330243451207942, "Def": 0.6183075607561468}, "Ext": 0.0}, "Chapecoense / SC": {"Home": {"Atk": 0.7043805135317569, "Def": 0.8713558602951453}, "Away": {"Atk": 0.45265264435176594, "Def": 0.7597051120988709}, "Ext": 0.08123132015136697}, "Cear\u00e1 / CE": {"Home": {"Atk": 0.7268093156985367, "Def": 0.6010595131192029}, "Away": {"Atk": 0.4613013326517127, "Def": 0.5571985142272482}, "Ext": 0.522971855897406}, "Am\u00e9rica / RN": {"Home": {"Atk": 0.45829801654475777, "Def": 0.633550665171687}, "Away": {"Atk": 0.48825554672876054, "Def": 0.5875838073347472}, "Ext": 0.27007156044331276}, "Paran\u00e1 / PR": {"Home": {"Atk": 0.6244721253117509, "Def": 0.8256300782963549}, "Away": {"Atk": 0.49215754760147584, "Def": 0.7173066254720831}, "Ext": 0.0161383754539133}, "Atl\u00e9tico / GO": {"Home": {"Atk": 0.6627990940317907, "Def": 0.4220172541182206}, "Away": {"Atk": 0.479731895741072, "Def": 0.6453623495114539}, "Ext": 0.4139532650654593}, "Red Bull Bragantino / SP": {"Home": {"Atk": 0.5159472145940106, "Def": 0.8921557132441819}, "Away": {"Atk": 0.368432310114728, "Def": 0.6955771293054314}, "Ext": 0.05129997938183242}, "Sport / PE": {"Home": {"Atk": 0.8261078761495397, "Def": 0.6208693515619348}, "Away": {"Atk": 0.45845426263307165, "Def": 0.7448407455238095}, "Ext": 0.30406185760098786}}