{"Ponte Preta / SP": {"Atk": 1.0, "Def": 1.1563277267300607, "Ext": 0.3945355570029046}, "CSA / AL": {"Atk": 0.13002330058880396, "Def": 0.6802667479885702, "Ext": 0.353400797462351}, "Sport / PE": {"Atk": 0.29034498760672545, "Def": 0.717193146587073, "Ext": 0.18937344334302697}, "Brusque / SC": {"Atk": 0.24374341515746842, "Def": 0.6979529998445382, "Ext": 0.0}, "Novorizontino / SP": {"Atk": 0.32359413648965735, "Def": 0.684397725334301, "Ext": 0.018026492934937823}, "Londrina / PR": {"Atk": 0.27826918875868056, "Def": 1.0159730074107982, "Ext": 0.6321193868644636}, "Vasco da Gama / RJ": {"Atk": 0.3807385503754311, "Def": 0.757688654370522, "Ext": 0.0}, "Bahia / BA": {"Atk": 0.5140631887969055, "Def": 0.7169930453230873, "Ext": 0.0}, "Tombense / MG": {"Atk": 0.21015033458114254, "Def": 0.9820449322091142, "Ext": 0.347033985886432}, "Chapecoense / SC": {"Atk": 0.5221554741169796, "Def": 0.5761831289994493, "Ext": 0.06638199224878513}, "Guarani / SP": {"Atk": 0.21112020959583783, "Def": 0.5612510836845477, "Ext": 0.0}, "CRB / AL": {"Atk": 0.5350135172246926, "Def": 0.4896089580760121, "Ext": 0.4137872655873577}, "N\u00e1utico / PE": {"Atk": 0.1436996739080651, "Def": 0.5797923601835433, "Ext": 0.3529023287000846}, "Crici\u00fama / SC": {"Atk": 0.3678463317571868, "Def": 0.6192055663593428, "Ext": 0.6046423330862667}, "Ituano / SP": {"Atk": 0.3593675003598057, "Def": 0.7537819502533956, "Ext": 0.20540884015154176}, "Oper\u00e1rio / PR": {"Atk": 0.6004813713231281, "Def": 0.43840781527399714, "Ext": 0.0}, "Gr\u00eamio / RS": {"Atk": 0.42082517809341485, "Def": 0.9015838118695907, "Ext": 0.0783844177396506}, "Sampaio Corr\u00eaa / MA": {"Atk": 0.470360721067174, "Def": 0.6979604294053208, "Ext": 0.07273132193688252}, "Cruzeiro / MG": {"Atk": 0.5905283907128895, "Def": 0.8699447469151842, "Ext": 0.20758860703898244}, "Vila Nova / GO": {"Atk": 0.16731266562396857, "Def": 0.9593576569113528, "Ext": 0.6109706097160501}, "Home bonus": 0.3176355305146635}