{"Paran\u00e1 / PR": {"Atk": 1.0, "Def": 0.9385967467915727, "Ext": 0.1}, "Atl\u00e9tico / GO": {"Atk": 0.8081066681464552, "Def": 0.9963472229672464, "Ext": 0.0}, "Paysandu / PA": {"Atk": 1.1303486528437623, "Def": 1.1913715977767878, "Ext": 0.0}, "Mogi Mirim / SP": {"Atk": 1.0297154647761049, "Def": 0.6554933510984654, "Ext": 0.1}, "Vit\u00f3ria / BA": {"Atk": 1.3448553954731366, "Def": 1.1792553212261991, "Ext": 0.0}, "Maca\u00e9 / RJ": {"Atk": 1.238057989860859, "Def": 0.7863218790371003, "Ext": 0.07911501366539149}, "Am\u00e9rica / MG": {"Atk": 1.2854853721796233, "Def": 1.1063063116266352, "Ext": 0.0}, "N\u00e1utico / PE": {"Atk": 1.2067898446968617, "Def": 0.9008929426891871, "Ext": 0.0}, "ABC / RN": {"Atk": 0.9803140144536572, "Def": 0.668697970580742, "Ext": 0.1}, "CRB / AL": {"Atk": 1.0537951544076907, "Def": 1.0324903015984546, "Ext": 0.0}, "Bahia / BA": {"Atk": 1.2426558350921644, "Def": 1.2185032820799846, "Ext": 0.0}, "Crici\u00fama / SC": {"Atk": 0.8374953858406459, "Def": 0.9325278541509454, "Ext": 0.1}, "Sampaio Corr\u00eaa / MA": {"Atk": 1.2554816551970909, "Def": 1.044624474754141, "Ext": 0.0}, "Santa Cruz / PE": {"Atk": 1.3007119563542227, "Def": 0.8412819176635553, "Ext": 0.07979099881821657}, "Botafogo / RJ": {"Atk": 1.3482132102447848, "Def": 1.3367117132133794, "Ext": 0.09599259759770076}, "Red Bull Bragantino / SP": {"Atk": 1.2290714378544727, "Def": 0.7485906864047854, "Ext": 0.0}, "Boa / MG": {"Atk": 0.7979198297326829, "Def": 1.0129881091770712, "Ext": 0.1}, "Oeste / SP": {"Atk": 0.9479643352200828, "Def": 0.863639340949826, "Ext": 0.1}, "Cear\u00e1 / CE": {"Atk": 0.9489538308628156, "Def": 0.6475132925626932, "Ext": 0.1}, "Luverdense / MT": {"Atk": 1.0013526151701257, "Def": 1.1103649526117072, "Ext": 0.0}}