{"Cruzeiro / MG": {"Atk": 1.0, "Def": 1.063353480251829}, "Ava\u00ed / SC": {"Atk": 0.9288100406753877, "Def": 0.7444207358405572}, "CSA / AL": {"Atk": 1.1277991282186732, "Def": 1.018421457906273}, "Ponte Preta / SP": {"Atk": 0.978622991096229, "Def": 0.725258310536052}, "Oeste / SP": {"Atk": 0.6126302111315024, "Def": 0.5951990768572529}, "Oper\u00e1rio / PR": {"Atk": 0.6233682919324649, "Def": 1.1269880742450298}, "Juventude / RS": {"Atk": 1.2329042823723824, "Def": 1.0130458359959862}, "Vit\u00f3ria / BA": {"Atk": 1.0606532213978275, "Def": 0.9350478009942782}, "Confian\u00e7a / SE": {"Atk": 0.9295784473004374, "Def": 0.8341423001609239}, "Cuiab\u00e1 / MT": {"Atk": 1.0019168370924882, "Def": 1.0184657113712496}, "Am\u00e9rica / MG": {"Atk": 0.8724447134715544, "Def": 1.5828915192599486}, "Figueirense / SC": {"Atk": 0.5929612194185806, "Def": 1.0388275405179606}, "CRB / AL": {"Atk": 0.8728321191479191, "Def": 0.8079042121876793}, "Guarani / SP": {"Atk": 0.9874419688752395, "Def": 0.8586466197471861}, "Botafogo / SP": {"Atk": 0.3948517821166523, "Def": 1.0320460057548435}, "Paran\u00e1 / PR": {"Atk": 0.8255108852276778, "Def": 0.7555835353296075}, "Brasil / RS": {"Atk": 0.6961709201033836, "Def": 1.2209380199983577}, "N\u00e1utico / PE": {"Atk": 0.6900929939442982, "Def": 0.8461257774367815}, "Sampaio Corr\u00eaa / MA": {"Atk": 1.2518188028497852, "Def": 0.9872719218879094}, "Chapecoense / SC": {"Atk": 0.9086221347745352, "Def": 3.2577757156696645}, "Home bonus": 0.286590766159659}