{"Palmeiras / SP": {"Atk": 1.0, "Def": 0.6165747931325463, "Ext": 0.02519823682875925}, "Chapecoense / SC": {"Atk": 0.4706748630114429, "Def": 0.6397041324371274, "Ext": 0.1}, "Fluminense / RJ": {"Atk": 0.6438378819141084, "Def": 0.5956079888501348, "Ext": 0.0961167220985696}, "S\u00e3o Paulo / SP": {"Atk": 0.7933331318299698, "Def": 0.6122551904680352, "Ext": 0.0}, "Cruzeiro / MG": {"Atk": 0.5413150432167977, "Def": 0.6794306374993389, "Ext": 0.0}, "Athletico Paranaense / PR": {"Atk": 0.6567033025121991, "Def": 0.6137752854048001, "Ext": 0.0}, "Sport / PE": {"Atk": 0.791881269398658, "Def": 0.6453587478403814, "Ext": 0.1}, "Vasco da Gama / RJ": {"Atk": 0.2963431790898157, "Def": 0.3939070866936628, "Ext": 0.0}, "Gr\u00eamio / RS": {"Atk": 0.8323949894333176, "Def": 0.7837361193334674, "Ext": 0.0}, "Ava\u00ed / SC": {"Atk": 0.614927313056913, "Def": 0.41556223881239646, "Ext": 0.0}, "Coritiba / PR": {"Atk": 0.4036782045277132, "Def": 0.673648078982001, "Ext": 0.0}, "Goi\u00e1s / GO": {"Atk": 0.5301328535319233, "Def": 0.7358244717956879, "Ext": 0.0}, "Corinthians / SP": {"Atk": 1.0014331472718199, "Def": 0.8629628272598693, "Ext": 0.1}, "Flamengo / RJ": {"Atk": 0.8291143798166605, "Def": 0.5318879642652224, "Ext": 0.0}, "Santos / SP": {"Atk": 0.9271035775976173, "Def": 0.5254201331393815, "Ext": 0.023029744574819672}, "Atl\u00e9tico / MG": {"Atk": 0.9658814544177805, "Def": 0.7066819353332296, "Ext": 0.0}, "Joinville / SC": {"Atk": 0.41065510881002, "Def": 0.6243765495667115, "Ext": 0.0}, "Ponte Preta / SP": {"Atk": 0.5885809330519524, "Def": 0.5930088537013843, "Ext": 0.1}, "Internacional / RS": {"Atk": 0.55424266897589, "Def": 0.6297477393644212, "Ext": 0.0}, "Figueirense / SC": {"Atk": 0.5526069070582805, "Def": 0.46627356301448847, "Ext": 0.06875941362619087}}