{"Palmeiras / SP": {"Atk": 1.0, "Def": 0.5382868965744336, "Ext": 0.0}, "Flamengo / RJ": {"Atk": 0.4551539645902576, "Def": 0.5291417047293778, "Ext": 0.0}, "Atl\u00e9tico / MG": {"Atk": 0.6986454323049874, "Def": 0.3176152776332427, "Ext": 0.0}, "Coritiba / PR": {"Atk": 0.17880983319926494, "Def": 0.8545134263996705, "Ext": 0.6113669627405117}, "Botafogo / RJ": {"Atk": 0.39573136143756676, "Def": 0.3736104874200271, "Ext": 0.28388977569047896}, "Santa Cruz / PE": {"Atk": 0.48348292779815094, "Def": 0.38840945999193793, "Ext": 0.0}, "Corinthians / SP": {"Atk": 0.6951267568123065, "Def": 0.9323771864003247, "Ext": 0.0}, "Figueirense / SC": {"Atk": 0.20922792528279258, "Def": 0.6273368891288595, "Ext": 0.3426494114314981}, "Am\u00e9rica / MG": {"Atk": 0.20594648861043663, "Def": 0.3097234691332259, "Ext": 0.0}, "Internacional / RS": {"Atk": 0.3179185997165867, "Def": 0.8198770251663953, "Ext": 0.1876759967785911}, "Vit\u00f3ria / BA": {"Atk": 0.3366990527388519, "Def": 0.48168920030176543, "Ext": 0.39004534111841604}, "Fluminense / RJ": {"Atk": 0.22114884862573406, "Def": 0.8448239655268684, "Ext": 0.4335230557233149}, "Cruzeiro / MG": {"Atk": 0.5095276536652269, "Def": 0.31514690328761685, "Ext": 0.0}, "Santos / SP": {"Atk": 0.7186913356248822, "Def": 0.7981811713007315, "Ext": 0.0}, "Athletico Paranaense / PR": {"Atk": 0.4888447609524977, "Def": 0.5251512065876919, "Ext": 0.0}, "Chapecoense / SC": {"Atk": 0.431196892024807, "Def": 0.3729868358778915, "Ext": 0.38960131109472024}, "S\u00e3o Paulo / SP": {"Atk": 0.4384848645496974, "Def": 0.5741795938542205, "Ext": 0.02308196775795584}, "Gr\u00eamio / RS": {"Atk": 0.6552274854944932, "Def": 0.7032448046857342, "Ext": 0.21242906235710002}, "Ponte Preta / SP": {"Atk": 0.5238551672690044, "Def": 0.3691052030615231, "Ext": 0.0}, "Sport / PE": {"Atk": 0.5276186177124614, "Def": 0.3557783418229526, "Ext": 0.0728668181479116}}