{"Paran\u00e1 / PR": {"Atk": 1.0, "Def": 1.3532810314509227, "Ext": 0.19793846537201382}, "Atl\u00e9tico / GO": {"Atk": 0.9134889146541957, "Def": 1.0509492216359562, "Ext": 0.0}, "Paysandu / PA": {"Atk": 1.2121816151078562, "Def": 1.5320689331839614, "Ext": 0.0}, "Mogi Mirim / SP": {"Atk": 1.2048861967009605, "Def": 0.7465097282524689, "Ext": 0.0}, "Vit\u00f3ria / BA": {"Atk": 1.5696549587939375, "Def": 1.3682339261740926, "Ext": 0.0}, "Maca\u00e9 / RJ": {"Atk": 1.1332681949469527, "Def": 1.1948970779574983, "Ext": 0.3193537295226473}, "Am\u00e9rica / MG": {"Atk": 1.4767386820137949, "Def": 1.2831921463740765, "Ext": 0.0}, "N\u00e1utico / PE": {"Atk": 1.425901242223371, "Def": 0.9989190912967549, "Ext": 0.0}, "ABC / RN": {"Atk": 1.1702263831558795, "Def": 0.7704337864222491, "Ext": 0.0}, "CRB / AL": {"Atk": 1.270646901007149, "Def": 1.1525453765442901, "Ext": 0.0}, "Bahia / BA": {"Atk": 1.5749488285626614, "Def": 1.3409604934286221, "Ext": 0.0}, "Crici\u00fama / SC": {"Atk": 0.6897848166008886, "Def": 1.5168037722386687, "Ext": 0.26441178855641223}, "Sampaio Corr\u00eaa / MA": {"Atk": 1.5555937022309114, "Def": 1.2503657110699178, "Ext": 0.0}, "Santa Cruz / PE": {"Atk": 1.4420974370646393, "Def": 1.140404835034836, "Ext": 0.1339763344641599}, "Botafogo / RJ": {"Atk": 1.6699600157806846, "Def": 1.8318461420492849, "Ext": 0.06099642805107075}, "Red Bull Bragantino / SP": {"Atk": 1.4833297692054583, "Def": 0.8816977570119385, "Ext": 0.0}, "Boa / MG": {"Atk": 0.7496921592789201, "Def": 1.31090107874056, "Ext": 0.11755817880824757}, "Oeste / SP": {"Atk": 0.8431678160844491, "Def": 1.219129091268465, "Ext": 0.19482310728382263}, "Cear\u00e1 / CE": {"Atk": 0.6650011428777756, "Def": 0.9731547031977449, "Ext": 0.3031240866405455}, "Luverdense / MT": {"Atk": 1.1526198461123176, "Def": 1.3136427982891086, "Ext": 0.0}}