{"Fluminense / RJ": {"Atk": 1.0, "Def": 0.6023759853999829}, "Flamengo / RJ": {"Atk": 0.9636926953198955, "Def": 0.8660336608403657}, "Palmeiras / SP": {"Atk": 0.9964396598617036, "Def": 0.8157799215200641}, "Corinthians / SP": {"Atk": 0.961905826477312, "Def": 1.5050849759400546}, "Cruzeiro / MG": {"Atk": 0.8621305382033664, "Def": 0.9732960090693059}, "Coritiba / PR": {"Atk": 0.7031365248810082, "Def": 0.6719329179742318}, "Gr\u00eamio / RS": {"Atk": 1.1215812813587727, "Def": 0.965648594104066}, "Bahia / BA": {"Atk": 0.9080635694893332, "Def": 0.6692252831010952}, "Ponte Preta / SP": {"Atk": 0.7252445101072492, "Def": 0.6546572863896561}, "Ava\u00ed / SC": {"Atk": 0.4452170206317424, "Def": 0.7877157232200024}, "Botafogo / RJ": {"Atk": 0.9438326750590342, "Def": 0.8538837826516631}, "Vasco da Gama / RJ": {"Atk": 0.7383507786261326, "Def": 0.6189851547856575}, "Santos / SP": {"Atk": 0.7602661826883995, "Def": 1.3541965748358171}, "S\u00e3o Paulo / SP": {"Atk": 0.9913521264210591, "Def": 0.5663430795496598}, "Atl\u00e9tico / MG": {"Atk": 0.7776027725189777, "Def": 0.6873845222283456}, "Athletico Paranaense / PR": {"Atk": 0.8549918297657318, "Def": 0.7753598520979069}, "Sport / PE": {"Atk": 0.9251493398997025, "Def": 0.5686416184420173}, "Vit\u00f3ria / BA": {"Atk": 0.8470720109591763, "Def": 0.5872330952091148}, "Atl\u00e9tico / GO": {"Atk": 0.6941198750633106, "Def": 0.5384740964308876}, "Chapecoense / SC": {"Atk": 0.8881460732559403, "Def": 0.5765650275768333}}