{"Ponte Preta / SP": {"Atk": 1.0, "Def": 0.71364848976435, "Home bonus": 0.3998303928600186, "Ext": 0.42883722900404664}, "Oeste / SP": {"Atk": 0.22388773294628386, "Def": 1.0810296451863057, "Home bonus": 0.8002171097794055, "Ext": 0.45713861224896507}, "Brasil / RS": {"Atk": 0.04812503950292695, "Def": 0.6884868428249096, "Home bonus": 0.834446882142486, "Ext": 0.2929654562488597}, "Figueirense / SC": {"Atk": 0.4341355576955943, "Def": 0.9366436876157314, "Home bonus": 0.07504317075259492, "Ext": 0.28616564418090606}, "Fortaleza / CE": {"Atk": 0.5511994679179976, "Def": 0.7306415761740451, "Home bonus": 0.3599400243626736, "Ext": 0.02798803644455588}, "Vila Nova / GO": {"Atk": 0.5389084096110898, "Def": 0.7507594257355614, "Home bonus": 0.0, "Ext": 0.0}, "Atl\u00e9tico / GO": {"Atk": 0.5470388580404677, "Def": 0.6546239146671978, "Home bonus": 0.07660798261049089, "Ext": 0.20624046595278883}, "CSA / AL": {"Atk": 0.3265255933635047, "Def": 0.7383650494725973, "Home bonus": 0.8657803838061023, "Ext": 0.5346849261178911}, "Londrina / PR": {"Atk": 0.2924936051305442, "Def": 0.6320712694276657, "Home bonus": 0.8643396025106064, "Ext": 0.0}, "Sampaio Corr\u00eaa / MA": {"Atk": 0.1797264045039931, "Def": 0.5558606291157343, "Home bonus": 0.41956608282626723, "Ext": 0.020948970900893458}, "Guarani / SP": {"Atk": 0.4516890787252783, "Def": 0.6716484273276017, "Home bonus": 0.12111848940329512, "Ext": 0.3132369012445029}, "S\u00e3o Bento / SP": {"Atk": 0.2339325897892152, "Def": 0.746124142883157, "Home bonus": 0.35082176430465656, "Ext": 0.3348293194086511}, "Juventude / RS": {"Atk": 0.18843626985789952, "Def": 0.8144115056859864, "Home bonus": 0.30339384361266747, "Ext": 0.24778076645991357}, "Ava\u00ed / SC": {"Atk": 0.5593267792743621, "Def": 0.8089819169707937, "Home bonus": 0.11548630914634396, "Ext": 0.6009909408789175}, "Crici\u00fama / SC": {"Atk": 0.25803075545783805, "Def": 0.7746297694095917, "Home bonus": 0.27223022664767704, "Ext": 0.5167363517668914}, "Goi\u00e1s / GO": {"Atk": 0.5806848108146894, "Def": 0.6072871368583851, "Home bonus": 0.07666550068269366, "Ext": 0.2790297238517803}, "Boa / MG": {"Atk": 0.22913551553775896, "Def": 0.4604276670316421, "Home bonus": 0.7912844272357682, "Ext": 0.0}, "CRB / AL": {"Atk": 0.06401121503548327, "Def": 0.6624609487477688, "Home bonus": 0.7025310067758439, "Ext": 0.3702862418010249}, "Coritiba / PR": {"Atk": 0.5189857155734786, "Def": 0.6218001328283107, "Home bonus": 0.09388772579277409, "Ext": 0.02552820167704833}, "Paysandu / PA": {"Atk": 0.01601186832033041, "Def": 0.6382029334542367, "Home bonus": 0.8269349807464292, "Ext": 0.20820438902993776}}