{"Flamengo / RJ": {"Atk": 1.0, "Def": 1.188157848342498, "Ext": 0.0}, "Fluminense / RJ": {"Atk": 1.5747622715447502, "Def": 1.7053451440274892, "Ext": 0.0}, "S\u00e3o Paulo / SP": {"Atk": 2.0188137407629316, "Def": 1.1658807700384302, "Ext": 0.1}, "Santos / SP": {"Atk": 1.2784858755935264, "Def": 1.8083482520556922, "Ext": 0.1}, "Athletico Paranaense / PR": {"Atk": 1.11195473190495, "Def": 1.2329134465275202, "Ext": 0.0}, "Atl\u00e9tico / MG": {"Atk": 1.557176268692753, "Def": 1.759017064496374, "Ext": 0.1}, "Bahia / BA": {"Atk": 0.919638702325692, "Def": 1.6346428605387766, "Ext": 0.0}, "Internacional / RS": {"Atk": 1.2836080390191185, "Def": 1.4247934417983381, "Ext": 0.0004217282426399712}, "Crici\u00fama / SC": {"Atk": 0.3433063071767994, "Def": 1.276664955869065, "Ext": 0.0}, "Chapecoense / SC": {"Atk": 0.9723621786494112, "Def": 1.316343836370156, "Ext": 0.0}, "Botafogo / RJ": {"Atk": 0.7551244718277732, "Def": 1.1573796534990772, "Ext": 0.0}, "Sport / PE": {"Atk": 0.6518144654097507, "Def": 1.3148059649936965, "Ext": 0.02486614377706001}, "Corinthians / SP": {"Atk": 1.08217558714775, "Def": 2.5148005394438298, "Ext": 0.1}, "Palmeiras / SP": {"Atk": 0.9543615950849779, "Def": 0.9189235742181345, "Ext": 0.015004094561161928}, "Coritiba / PR": {"Atk": 0.9919129703833018, "Def": 1.7085114245786173, "Ext": 0.1}, "Cruzeiro / MG": {"Atk": 2.2014725043006154, "Def": 1.378681669124581, "Ext": 0.1}, "Vit\u00f3ria / BA": {"Atk": 0.9802444602859808, "Def": 0.9771009737723909, "Ext": 0.1}, "Gr\u00eamio / RS": {"Atk": 0.6859755837385613, "Def": 2.9319936899505112, "Ext": 0.1}, "Figueirense / SC": {"Atk": 0.9776835657605006, "Def": 0.9323262556086931, "Ext": 0.0}, "Goi\u00e1s / GO": {"Atk": 0.7645680483279258, "Def": 1.5782296311500732, "Ext": 0.1}, "Home bonus": 0.5901835654257042}