{"Flamengo / RJ": {"Atk": 1.0, "Def": 0.6814610017230436}, "Botafogo / RJ": {"Atk": 0.6905503406332857, "Def": 0.8155851558999475}, "Palmeiras / SP": {"Atk": 0.9894936095954684, "Def": 1.053575479625915}, "Santos / SP": {"Atk": 1.02161663585276, "Def": 0.8824215596705817}, "Corinthians / SP": {"Atk": 1.0474607168403907, "Def": 0.6038713456584786}, "Gr\u00eamio / RS": {"Atk": 0.6896856706222778, "Def": 1.3080051633449896}, "Sport / PE": {"Atk": 0.814038345579524, "Def": 0.7523118757607384}, "Coritiba / PR": {"Atk": 0.4982974882653327, "Def": 0.9082529751673136}, "Fortaleza / CE": {"Atk": 0.7511809022651149, "Def": 1.0948434506115665}, "Goi\u00e1s / GO": {"Atk": 1.0630734860398312, "Def": 0.46173569728846725}, "Fluminense / RJ": {"Atk": 0.901904614001132, "Def": 0.733806173957973}, "Vasco da Gama / RJ": {"Atk": 1.2591073313984609, "Def": 0.8095547662236837}, "S\u00e3o Paulo / SP": {"Atk": 0.9963233079708295, "Def": 0.9904859609483183}, "Red Bull Bragantino / SP": {"Atk": 1.0287899360480253, "Def": 0.5389126126527021}, "Atl\u00e9tico / MG": {"Atk": 1.2864259518936076, "Def": 0.6838770301370741}, "Internacional / RS": {"Atk": 0.9878845605309704, "Def": 1.405808369306326}, "Bahia / BA": {"Atk": 1.0279914751468262, "Def": 0.5020030107310983}, "Athletico Paranaense / PR": {"Atk": 0.6937701501699307, "Def": 1.0487146449440912}, "Cear\u00e1 / CE": {"Atk": 0.8428286887973824, "Def": 0.6645985646656358}, "Atl\u00e9tico / GO": {"Atk": 0.7667078191370876, "Def": 0.7280309334916842}}