{"Oeste / SP": {"Atk": 1.0, "Def": 1.1467196549524898, "Ext": 0.0}, "Boa / MG": {"Atk": 1.194043154171826, "Def": 1.5944484919527275, "Ext": 0.1}, "Figueirense / SC": {"Atk": 2.4218636494394032, "Def": 0.9622820798244781, "Ext": 0.0}, "Joinville / SC": {"Atk": 2.017603933399454, "Def": 1.403325270108522, "Ext": 0.0}, "Icasa / CE": {"Atk": 1.731974398241469, "Def": 0.8503728632340556, "Ext": 0.0}, "ABC / RN": {"Atk": 0.9112798129846834, "Def": 0.9423885909135777, "Ext": 0.1}, "Palmeiras / SP": {"Atk": 2.2855906889696596, "Def": 1.995576994730134, "Ext": 0.1}, "S\u00e3o Caetano / SP": {"Atk": 1.2621641124933094, "Def": 1.349081928804319, "Ext": 0.1}, "Guaratinguet\u00e1 / SP": {"Atk": 1.3698071011757047, "Def": 1.0283445277590209, "Ext": 0.05755558139087497}, "Paysandu / PA": {"Atk": 1.3465790968012774, "Def": 0.9860182658228105, "Ext": 0.0}, "ASA / AL": {"Atk": 1.4622587006246188, "Def": 0.9490831731419016, "Ext": 0.0}, "Am\u00e9rica / MG": {"Atk": 2.0753107804272726, "Def": 1.1250702634682046, "Ext": 0.021325111683006943}, "Ava\u00ed / SC": {"Atk": 1.7394300995532257, "Def": 1.2314816434925278, "Ext": 0.1}, "Chapecoense / SC": {"Atk": 2.421679695327704, "Def": 1.766221901754931, "Ext": 0.1}, "Cear\u00e1 / CE": {"Atk": 1.429702754926838, "Def": 1.260842757455962, "Ext": 0.0}, "Am\u00e9rica / RN": {"Atk": 1.213638753693404, "Def": 1.060439410397615, "Ext": 0.1}, "Paran\u00e1 / PR": {"Atk": 1.7766948654821377, "Def": 2.1668547065928028, "Ext": 0.1}, "Atl\u00e9tico / GO": {"Atk": 0.9240483968136867, "Def": 1.1905101062477224, "Ext": 0.1}, "Red Bull Bragantino / SP": {"Atk": 1.3063397915110297, "Def": 1.5851748605204816, "Ext": 0.0}, "Sport / PE": {"Atk": 2.2077542657249185, "Def": 1.0124036625326824, "Ext": 0.0}}