{"Guarani / SP": {"Atk": 1.0, "Def": 2.1007607936182024, "Home bonus": 0.4143873118275235, "Ext": 0.1}, "Botafogo / SP": {"Atk": 1.810351931134226, "Def": 2.0336556537887747, "Home bonus": 0.05161782935988755, "Ext": 0.1}, "S\u00e3o Bento / SP": {"Atk": 2.026774454339035, "Def": 1.2820961472157022, "Home bonus": 0.0, "Ext": 0.1}, "Vila Nova / GO": {"Atk": 1.2805822525883377, "Def": 1.6907579047800116, "Home bonus": 0.0, "Ext": 0.0}, "Coritiba / PR": {"Atk": 2.0909338636550983, "Def": 1.9455800656975852, "Home bonus": 0.25222712511162787, "Ext": 0.1}, "Oper\u00e1rio / PR": {"Atk": 1.0790985840090137, "Def": 2.05048620538522, "Home bonus": 0.6003697625184875, "Ext": 0.1}, "Crici\u00fama / SC": {"Atk": 0.8746383725514305, "Def": 1.8477373765016423, "Home bonus": 0.4621131794253079, "Ext": 0.1}, "Brasil / RS": {"Atk": 1.557188241143214, "Def": 1.8082356469321008, "Home bonus": 0.0, "Ext": 0.046751279030419625}, "Sport / PE": {"Atk": 1.9518331173563885, "Def": 2.4733165238150696, "Home bonus": 0.4709781258802335, "Ext": 0.1}, "CRB / AL": {"Atk": 2.2363331847150336, "Def": 1.5815743195028542, "Home bonus": 0.0, "Ext": 0.04635051635252476}, "Ponte Preta / SP": {"Atk": 1.3840793367626913, "Def": 1.9543352052222502, "Home bonus": 0.5494115897253935, "Ext": 0.1}, "Red Bull Bragantino / SP": {"Atk": 2.378808509156242, "Def": 2.609882808299744, "Home bonus": 0.9087512827333284, "Ext": 0.0}, "Oeste / SP": {"Atk": 2.1438361796917134, "Def": 1.6498444821693758, "Home bonus": 0.0, "Ext": 0.1}, "Atl\u00e9tico / GO": {"Atk": 1.4256714428041883, "Def": 2.485399176818467, "Home bonus": 0.5788692916818817, "Ext": 0.1}, "Paran\u00e1 / PR": {"Atk": 1.5333417679873393, "Def": 2.873723344476023, "Home bonus": 0.0, "Ext": 0.0}, "Londrina / PR": {"Atk": 1.5875563324521917, "Def": 1.4133094084113969, "Home bonus": 0.2286218104558368, "Ext": 0.1}, "Figueirense / SC": {"Atk": 1.3253488965602587, "Def": 1.9134504754375707, "Home bonus": 0.21407815170290817, "Ext": 0.1}, "Am\u00e9rica / MG": {"Atk": 1.9178956248583336, "Def": 1.9910041375475285, "Home bonus": 0.07302901481810167, "Ext": 0.1}, "Vit\u00f3ria / BA": {"Atk": 1.8075423585763197, "Def": 1.5408875752912754, "Home bonus": 0.1979597545221144, "Ext": 0.0}, "Cuiab\u00e1 / MT": {"Atk": 1.4655023218873238, "Def": 1.765974694990091, "Home bonus": 0.8081022441548972, "Ext": 0.0}}