{"Atl\u00e9tico Mineiro / MG": {"Atk": 1.0, "Def": 0.904013155918849, "Ext": 0.1}, "Fluminense / RJ": {"Atk": 1.3025598312767206, "Def": 0.7838416019451363, "Ext": 0.1}, "S\u00e3o Paulo / SP": {"Atk": 1.1925207443458523, "Def": 0.843414564332051, "Ext": 0.1}, "Palmeiras / SP": {"Atk": 1.3777274380333766, "Def": 1.373420913439278, "Ext": 0.1}, "Botafogo / RJ": {"Atk": 0.8296768071298806, "Def": 0.8331937902977931, "Ext": 0.0}, "Juventude / RS": {"Atk": 0.6607791702415623, "Def": 0.5441699719560775, "Ext": 0.004484522010259923}, "Fortaleza / CE": {"Atk": 0.8339387955426832, "Def": 0.9066182664584767, "Ext": 0.1}, "Atl\u00e9tico / GO": {"Atk": 0.825170368538828, "Def": 0.615964079557022, "Ext": 0.0}, "Ava\u00ed / SC": {"Atk": 0.7606713910583717, "Def": 0.6065323843099503, "Ext": 0.0}, "Coritiba / PR": {"Atk": 0.8432274408114432, "Def": 0.5757243766999096, "Ext": 0.0}, "Am\u00e9rica / MG": {"Atk": 0.7129549827390511, "Def": 0.9173144880351022, "Ext": 0.0}, "Flamengo / RJ": {"Atk": 1.311831031865838, "Def": 1.0305448796644427, "Ext": 0.0}, "Red Bull Bragantino / SP": {"Atk": 1.1154784883064708, "Def": 0.7292726258138216, "Ext": 0.0}, "Corinthians / SP": {"Atk": 0.9617870777373595, "Def": 0.9523189367940067, "Ext": 0.0}, "Santos / SP": {"Atk": 0.875875189564339, "Def": 1.0321254848111119, "Ext": 0.1}, "Internacional / RS": {"Atk": 1.1758957185760435, "Def": 1.0923536142967172, "Ext": 0.0576794500879639}, "Cear\u00e1 / CE": {"Atk": 0.779048684304871, "Def": 0.936372111262049, "Ext": 0.1}, "Goi\u00e1s / GO": {"Atk": 0.8485570058489267, "Def": 0.8204358311998355, "Ext": 0.1}, "Cuiab\u00e1 / MT": {"Atk": 0.5945569008302334, "Def": 0.9018548378554095, "Ext": 0.1}, "Athletico Paranaense / PR": {"Atk": 0.9784027057331371, "Def": 0.8155402335993207, "Ext": 0.0}}