{"Vasco da Gama / RJ": {"Atk": 1.0, "Def": 0.5991940044257859, "Home bonus": 0.22224161366681172}, "Fluminense / RJ": {"Atk": 0.6117092106419373, "Def": 0.7805753011586264, "Home bonus": 0.6819867206544842}, "Corinthians / SP": {"Atk": 0.41804792498871174, "Def": 2.6253084374840254, "Home bonus": 0.39861450360604633}, "Vit\u00f3ria / BA": {"Atk": 1.0973069907952702, "Def": 0.6846720068150495, "Home bonus": 0.363361109884209}, "Gr\u00eamio / RS": {"Atk": 0.7598859550597871, "Def": 1.2215741392987929, "Home bonus": 0.34644996383582866}, "Ponte Preta / SP": {"Atk": 0.7480143388762197, "Def": 0.6705111234874895, "Home bonus": 0.1768362629265626}, "Crici\u00fama / SC": {"Atk": 1.0502476194416543, "Def": 0.5753825125991536, "Home bonus": 0.09683259755085186}, "Cruzeiro / MG": {"Atk": 1.2980639948562052, "Def": 0.9857413212566486, "Home bonus": 0.8481447283473186}, "Coritiba / PR": {"Atk": 0.49988726869609745, "Def": 0.8284677024572443, "Home bonus": 0.9477427702696812}, "Santos / SP": {"Atk": 0.8322992477968288, "Def": 1.044950302818359, "Home bonus": 0.48597469281050143}, "Botafogo / RJ": {"Atk": 1.0507215868444788, "Def": 0.9200177864843869, "Home bonus": 0.22965622778156186}, "Flamengo / RJ": {"Atk": 0.6971385624215658, "Def": 0.7669660076615298, "Home bonus": 0.5577509472128189}, "S\u00e3o Paulo / SP": {"Atk": 0.7899307646073083, "Def": 0.948721767049591, "Home bonus": 0.14128005537498675}, "Bahia / BA": {"Atk": 0.7780621257580188, "Def": 0.94020106724986, "Home bonus": 0.0090421402710582}, "Internacional / RS": {"Atk": 0.9407456208636175, "Def": 0.6611059559895622, "Home bonus": 0.4840654538107404}, "Goi\u00e1s / GO": {"Atk": 0.8598189456053593, "Def": 1.0245820008967164, "Home bonus": 0.44269206030007263}, "N\u00e1utico / PE": {"Atk": 0.3627472909520477, "Def": 0.4470980985273296, "Home bonus": 0.26760196490406396}, "Atl\u00e9tico / MG": {"Atk": 0.3650890346256577, "Def": 1.12010692256527, "Home bonus": 1.6735836265402617}, "Athletico Paranaense / PR": {"Atk": 1.1391641741551854, "Def": 0.7309394986074715, "Home bonus": 0.4815054305585561}, "Portuguesa / SP": {"Atk": 0.6905280160107481, "Def": 0.8188289616287764, "Home bonus": 1.005044426954271}}