{"Flamengo / RJ": {"Home": {"Atk": 1.0, "Def": 0.9218554707135831}, "Away": {"Atk": 0.7465941298905541, "Def": 0.4154929882942292}, "Ext": 0.0}, "Botafogo / RJ": {"Home": {"Atk": 0.8924807955791288, "Def": 0.8318403334937414}, "Away": {"Atk": 0.612201961162507, "Def": 0.6048712867722639}, "Ext": 0.027158241784642396}, "Palmeiras / SP": {"Home": {"Atk": 0.8624507936954615, "Def": 0.6750663131638855}, "Away": {"Atk": 0.9428701364718488, "Def": 0.7015598928057782}, "Ext": 0.012928863809969264}, "Corinthians / SP": {"Home": {"Atk": 0.6555303347296333, "Def": 0.5892747441478934}, "Away": {"Atk": 0.6311631754368252, "Def": 0.3708042643079852}, "Ext": 0.0}, "Red Bull Bragantino / SP": {"Home": {"Atk": 0.7694865392652863, "Def": 0.5253154499656636}, "Away": {"Atk": 0.6044228032359028, "Def": 0.4654673382995252}, "Ext": 0.0}, "Atl\u00e9tico Mineiro / MG": {"Home": {"Atk": 0.6233904813568956, "Def": 0.5857228288936253}, "Away": {"Atk": 0.5854097587859328, "Def": 0.8886051315347551}, "Ext": 0.0}, "Gr\u00eamio / RS": {"Home": {"Atk": 0.8680296973027153, "Def": 0.3908528721244639}, "Away": {"Atk": 0.539007744783778, "Def": 0.32668635017391356}, "Ext": 0.1}, "Athletico Paranaense / PR": {"Home": {"Atk": 0.7591497678363229, "Def": 0.5478908086587867}, "Away": {"Atk": 0.647463882749471, "Def": 0.4253917279475816}, "Ext": 0.0}, "Fortaleza / CE": {"Home": {"Atk": 0.7582256138070894, "Def": 0.606930551974862}, "Away": {"Atk": 0.4797077126535186, "Def": 0.7067057771654662}, "Ext": 0.03952059319705666}, "Am\u00e9rica / MG": {"Home": {"Atk": 0.5063682684998853, "Def": 0.34249620052372165}, "Away": {"Atk": 0.44061016274682785, "Def": 0.258521512089571}, "Ext": 0.0}, "Fluminense / RJ": {"Home": {"Atk": 0.7412972378844697, "Def": 0.9195330078386524}, "Away": {"Atk": 0.7687010391887119, "Def": 0.4071121525146832}, "Ext": 0.1}, "Vasco da Gama / RJ": {"Home": {"Atk": 0.5333010699776675, "Def": 0.27607641973376884}, "Away": {"Atk": 0.49505774319148854, "Def": 0.48136226233682045}, "Ext": 0.1}, "S\u00e3o Paulo / SP": {"Home": {"Atk": 0.8468142049772225, "Def": 0.6775210549699596}, "Away": {"Atk": 0.2858734239737557, "Def": 0.7932106434028889}, "Ext": 0.1}, "Santos / SP": {"Home": {"Atk": 0.5111764848574623, "Def": 0.6309430401912548}, "Away": {"Atk": 0.19553320463125173, "Def": 0.5069151207852165}, "Ext": 0.1}, "Goi\u00e1s / GO": {"Home": {"Atk": 0.5899625819883813, "Def": 0.5332399576868501}, "Away": {"Atk": 0.5238802232628247, "Def": 0.5582678202008193}, "Ext": 0.0}, "Cruzeiro / MG": {"Home": {"Atk": 0.23254847978694254, "Def": 0.525465610167486}, "Away": {"Atk": 0.8989286499981887, "Def": 0.5943744030095403}, "Ext": 0.0}, "Internacional / RS": {"Home": {"Atk": 0.7612209332635055, "Def": 0.6156115681051983}, "Away": {"Atk": 0.2770291623625262, "Def": 0.45059485217599105}, "Ext": 0.09003693864994362}, "Coritiba / PR": {"Home": {"Atk": 0.3238465715744102, "Def": 0.3075532089957487}, "Away": {"Atk": 0.5315709941221729, "Def": 0.2801583270423657}, "Ext": 0.1}, "Bahia / BA": {"Home": {"Atk": 0.7547842308813413, "Def": 0.5289139651585091}, "Away": {"Atk": 0.147877948780439, "Def": 0.4752285979072383}, "Ext": 0.1}, "Cuiab\u00e1 / MT": {"Home": {"Atk": 0.5335641510113727, "Def": 0.3934340343039709}, "Away": {"Atk": 0.5398077103063499, "Def": 0.6426351087442355}, "Ext": 0.006177810068864363}}