{"Gr\u00eamio / RS": {"Atk": 1.0, "Def": 0.737285486534584}, "Atl\u00e9tico / MG": {"Atk": 0.6569102090597204, "Def": 0.5716901485383374}, "Cear\u00e1 / CE": {"Atk": 0.5101715140252989, "Def": 0.7523613728679878}, "Palmeiras / SP": {"Atk": 0.8594439730010092, "Def": 0.9443206956783465}, "S\u00e3o Paulo / SP": {"Atk": 0.5204569966393213, "Def": 1.0954032262989901}, "Flamengo / RJ": {"Atk": 1.3418604448453066, "Def": 0.8071365530585677}, "Fluminense / RJ": {"Atk": 0.5627170113333211, "Def": 0.6150479049963855}, "Chapecoense / SC": {"Atk": 0.42740428887316284, "Def": 0.5447867269361475}, "Bahia / BA": {"Atk": 0.6684069138053156, "Def": 0.6864458656830524}, "Athletico Paranaense / PR": {"Atk": 0.8276836527298423, "Def": 0.9089660705399304}, "Internacional / RS": {"Atk": 0.6201302468014079, "Def": 0.7996047659403691}, "Cruzeiro / MG": {"Atk": 0.40716240966412287, "Def": 0.6722489484581096}, "Fortaleza / CE": {"Atk": 0.803686270671449, "Def": 0.5682766874092677}, "Corinthians / SP": {"Atk": 0.6116954910467997, "Def": 0.9521528882517297}, "Santos / SP": {"Atk": 0.8720927272318172, "Def": 0.8239268534560062}, "Vasco da Gama / RJ": {"Atk": 0.5857628621393544, "Def": 0.6183524653800567}, "Botafogo / RJ": {"Atk": 0.4477173669713113, "Def": 0.6669580603390328}, "Ava\u00ed / SC": {"Atk": 0.21824825533230058, "Def": 0.4708966368634299}, "Goi\u00e1s / GO": {"Atk": 0.6460337342339101, "Def": 0.4498650110648762}, "CSA / AL": {"Atk": 0.3035286612483205, "Def": 0.5221755028824394}, "Home bonus": 0.3606359138807831}