{"Guarani / SP": {"Atk": 1.0, "Def": 1.446530964064185}, "Botafogo / SP": {"Atk": 1.5051674815059166, "Def": 1.366908492955125}, "S\u00e3o Bento / SP": {"Atk": 1.8218106041064024, "Def": 1.0018161230307432}, "Vila Nova / GO": {"Atk": 0.9870515243363315, "Def": 1.7896683023142668}, "Coritiba / PR": {"Atk": 2.0537259985306107, "Def": 1.753751896429772}, "Oper\u00e1rio / PR": {"Atk": 1.2876633624107092, "Def": 1.5178420646328274}, "Crici\u00fama / SC": {"Atk": 1.067961933451783, "Def": 1.5355172077041799}, "Brasil / RS": {"Atk": 1.1687564284648897, "Def": 1.5664929435376764}, "Sport / PE": {"Atk": 1.9696268765516454, "Def": 1.7365673796250092}, "CRB / AL": {"Atk": 1.653612628342663, "Def": 1.447059800281385}, "Ponte Preta / SP": {"Atk": 1.6781688493100024, "Def": 1.6980359168199146}, "Red Bull Bragantino / SP": {"Atk": 2.309575079677313, "Def": 2.9047903468634595}, "Oeste / SP": {"Atk": 1.3020885872212005, "Def": 1.5428298823619244}, "Atl\u00e9tico / GO": {"Atk": 1.6872420679254507, "Def": 2.021410803797502}, "Paran\u00e1 / PR": {"Atk": 1.2226724308897239, "Def": 1.6640702328151498}, "Londrina / PR": {"Atk": 1.852943109292759, "Def": 1.1534403460205163}, "Figueirense / SC": {"Atk": 1.1881859355630573, "Def": 1.775675695946106}, "Am\u00e9rica / MG": {"Atk": 1.4554680144560936, "Def": 1.3646016566550767}, "Vit\u00f3ria / BA": {"Atk": 1.3879298982182995, "Def": 1.122441523347443}, "Cuiab\u00e1 / MT": {"Atk": 1.5892875338811703, "Def": 1.5821992681676964}}