{"Palmeiras / SP": {"Home": {"Atk": 1.0, "Def": 0.6335721686247013}, "Away": {"Atk": 0.8200268468180902, "Def": 0.7007462640230055}, "Ext": 0.0}, "Flamengo / RJ": {"Home": {"Atk": 0.7933087307574468, "Def": 0.6422722785703745}, "Away": {"Atk": 0.5974121625006829, "Def": 0.7230544678129426}, "Ext": 0.1}, "Atl\u00e9tico / MG": {"Home": {"Atk": 1.0125284207300804, "Def": 0.5059384089325779}, "Away": {"Atk": 0.6798080591700775, "Def": 0.4710438129168262}, "Ext": 0.1}, "Coritiba / PR": {"Home": {"Atk": 0.8122744963718029, "Def": 0.5059705169924519}, "Away": {"Atk": 0.34264768552607167, "Def": 0.5551563600043178}, "Ext": 0.1}, "Botafogo / RJ": {"Home": {"Atk": 0.8137756002331361, "Def": 0.5985278684347697}, "Away": {"Atk": 0.5072690781832603, "Def": 0.5364022765883378}, "Ext": 0.1}, "Santa Cruz / PE": {"Home": {"Atk": 0.642707787811541, "Def": 0.34490064570258566}, "Away": {"Atk": 0.5919397872164087, "Def": 0.3524210296038544}, "Ext": 0.0}, "Corinthians / SP": {"Home": {"Atk": 0.7883022715761753, "Def": 0.8405680639016899}, "Away": {"Atk": 0.5764850588181135, "Def": 0.5420015499713453}, "Ext": 0.0}, "Figueirense / SC": {"Home": {"Atk": 0.5692793616777923, "Def": 0.5678770869224666}, "Away": {"Atk": 0.35810153355977764, "Def": 0.46603431517524213}, "Ext": 0.1}, "Am\u00e9rica / MG": {"Home": {"Atk": 0.3060920455962366, "Def": 0.49669768032377404}, "Away": {"Atk": 0.3349247579920545, "Def": 0.3744663661828835}, "Ext": 0.0}, "Internacional / RS": {"Home": {"Atk": 0.5736587300987266, "Def": 0.6493383989559741}, "Away": {"Atk": 0.44453945509964704, "Def": 0.4932069747721538}, "Ext": 0.1}, "Vit\u00f3ria / BA": {"Home": {"Atk": 0.7085549284215039, "Def": 0.4066532129851301}, "Away": {"Atk": 0.5693043367703403, "Def": 0.48287175004573635}, "Ext": 0.07420661209137817}, "Fluminense / RJ": {"Home": {"Atk": 0.7709964068381788, "Def": 0.43718119316485465}, "Away": {"Atk": 0.44390387747611565, "Def": 0.820272355435037}, "Ext": 0.1}, "Cruzeiro / MG": {"Home": {"Atk": 0.5830774243823238, "Def": 0.4057193667248747}, "Away": {"Atk": 0.6226197849176269, "Def": 0.5324115587586772}, "Ext": 0.0}, "Santos / SP": {"Home": {"Atk": 0.9724277890488685, "Def": 0.8734489796290262}, "Away": {"Atk": 0.6481815888484531, "Def": 0.587624722584853}, "Ext": 0.1}, "Athletico Paranaense / PR": {"Home": {"Atk": 0.7260451502996653, "Def": 1.3931426868590497}, "Away": {"Atk": 0.29148666411257607, "Def": 0.5374577457465989}, "Ext": 0.1}, "Chapecoense / SC": {"Home": {"Atk": 0.7307944698847465, "Def": 0.377934691144399}, "Away": {"Atk": 0.7127821441573269, "Def": 0.3890126491954513}, "Ext": 0.1}, "S\u00e3o Paulo / SP": {"Home": {"Atk": 0.567941162599338, "Def": 0.6411261381999495}, "Away": {"Atk": 0.46173478351824343, "Def": 0.6432558699621498}, "Ext": 0.0337315248969199}, "Gr\u00eamio / RS": {"Home": {"Atk": 0.6399519514060183, "Def": 1.1725767821507411}, "Away": {"Atk": 0.5747751908637548, "Def": 0.46088650266958914}, "Ext": 0.1}, "Ponte Preta / SP": {"Home": {"Atk": 0.8820068469357162, "Def": 0.5314815249441405}, "Away": {"Atk": 0.47305877656823897, "Def": 0.37868203972614656}, "Ext": 0.0}, "Sport / PE": {"Home": {"Atk": 0.9657398945819946, "Def": 0.4158067676603882}, "Away": {"Atk": 0.3418739708792735, "Def": 0.41539635044387047}, "Ext": 0.1}}