{"Guarani / SP": {"Atk": 1.0, "Def": 1.4186173356906597}, "Botafogo / SP": {"Atk": 1.3497947137823623, "Def": 1.479798316865217}, "S\u00e3o Bento / SP": {"Atk": 1.493601666021691, "Def": 0.9639946207311373}, "Vila Nova / GO": {"Atk": 0.9910228428050708, "Def": 1.3152760518786861}, "Coritiba / PR": {"Atk": 1.8103709279581424, "Def": 1.2557495028702135}, "Oper\u00e1rio / PR": {"Atk": 1.2588343949030765, "Def": 1.240776922740486}, "Crici\u00fama / SC": {"Atk": 0.9550773943801552, "Def": 1.3879303137083627}, "Brasil / RS": {"Atk": 1.1132840342143444, "Def": 1.3498188970470628}, "Sport / PE": {"Atk": 1.8511175863685272, "Def": 1.6026231030913571}, "CRB / AL": {"Atk": 1.4771847871360206, "Def": 1.3593428136795818}, "Ponte Preta / SP": {"Atk": 1.5050611019941467, "Def": 1.4350059363812755}, "Red Bull Bragantino / SP": {"Atk": 2.230174934778186, "Def": 2.1438975566266825}, "Oeste / SP": {"Atk": 1.4617079044685513, "Def": 1.2346969700330424}, "Atl\u00e9tico / GO": {"Atk": 1.379260956203978, "Def": 1.9744254028278034}, "Paran\u00e1 / PR": {"Atk": 1.083979102256729, "Def": 1.6778664597593198}, "Londrina / PR": {"Atk": 1.4676354341475555, "Def": 1.0569880080791476}, "Figueirense / SC": {"Atk": 1.0511462137719458, "Def": 1.4715077804735455}, "Am\u00e9rica / MG": {"Atk": 1.5092382659138954, "Def": 1.5467351094804154}, "Vit\u00f3ria / BA": {"Atk": 1.3250178690386019, "Def": 1.1049228349681863}, "Cuiab\u00e1 / MT": {"Atk": 1.4093256222251795, "Def": 1.1871056587408206}}