{"Cruzeiro / MG": {"Atk": 1.0, "Def": 1.4371017537956885}, "Ava\u00ed / SC": {"Atk": 1.1808791536193664, "Def": 0.86467533068205}, "CSA / AL": {"Atk": 1.320412193795675, "Def": 1.0765902390586628}, "Ponte Preta / SP": {"Atk": 1.4312743451828613, "Def": 0.8057780791344185}, "Oeste / SP": {"Atk": 0.5806376798668104, "Def": 0.6420602875221728}, "Oper\u00e1rio / PR": {"Atk": 0.8584769763324823, "Def": 1.3201392043302782}, "Juventude / RS": {"Atk": 1.4941310935820955, "Def": 1.3812740091524442}, "Vit\u00f3ria / BA": {"Atk": 1.1473183997249243, "Def": 1.100400176964031}, "Confian\u00e7a / SE": {"Atk": 1.1571650787069365, "Def": 1.0747951700270255}, "Cuiab\u00e1 / MT": {"Atk": 1.3049297715470085, "Def": 1.3135322663703461}, "Am\u00e9rica / MG": {"Atk": 0.9990788287818293, "Def": 1.9422329743498061}, "Figueirense / SC": {"Atk": 0.5972751887309675, "Def": 1.282780613709801}, "CRB / AL": {"Atk": 1.1118302187454043, "Def": 1.0841613234043752}, "Guarani / SP": {"Atk": 0.9612057580609482, "Def": 1.0572687194578012}, "Botafogo / SP": {"Atk": 0.5048466483801152, "Def": 1.2439959835986036}, "Paran\u00e1 / PR": {"Atk": 1.1454160552059813, "Def": 1.341888127270965}, "Brasil / RS": {"Atk": 0.8205800510649444, "Def": 1.713928877541647}, "N\u00e1utico / PE": {"Atk": 0.8733212927591222, "Def": 0.9251543305253208}, "Sampaio Corr\u00eaa / MA": {"Atk": 1.5083306788251627, "Def": 1.414737739418561}, "Chapecoense / SC": {"Atk": 1.028576368644485, "Def": 10.14551926681571}, "Home bonus": 0.32758724969640185}