{"Fluminense / RJ": {"Atk": 1.0, "Def": 1.1563121071053204, "Ext": 0.3251981261105067}, "Flamengo / RJ": {"Atk": 1.232846247470981, "Def": 1.288400226354962, "Ext": 0.05549891211207738}, "Palmeiras / SP": {"Atk": 1.4010150501645102, "Def": 1.0889970936394209, "Ext": 0.0}, "Corinthians / SP": {"Atk": 1.1836319965698099, "Def": 2.3230906618418534, "Ext": 0.065981761166656}, "Cruzeiro / MG": {"Atk": 1.0802973104320668, "Def": 1.493310570126975, "Ext": 0.05158753313755142}, "Coritiba / PR": {"Atk": 0.8554319165510059, "Def": 0.9644520706488308, "Ext": 0.058612111384582666}, "Gr\u00eamio / RS": {"Atk": 1.3052666875354646, "Def": 1.6945972982510198, "Ext": 0.1056977159008436}, "Bahia / BA": {"Atk": 1.3272511736172914, "Def": 0.8260099544391846, "Ext": 0.0}, "Ponte Preta / SP": {"Atk": 0.9756214142559081, "Def": 0.866372753466554, "Ext": 0.0}, "Ava\u00ed / SC": {"Atk": 0.5739645716513145, "Def": 0.9607315205635026, "Ext": 0.0}, "Botafogo / RJ": {"Atk": 1.1502468919174713, "Def": 1.1458989786456775, "Ext": 0.037970555996176755}, "Vasco da Gama / RJ": {"Atk": 0.9506987570281547, "Def": 0.9104614076242745, "Ext": 0.03949408786568958}, "Santos / SP": {"Atk": 0.928811822170585, "Def": 2.036088343439738, "Ext": 0.012363629688526528}, "S\u00e3o Paulo / SP": {"Atk": 0.7104355549004144, "Def": 1.2513140634459181, "Ext": 0.5298076830546536}, "Atl\u00e9tico / MG": {"Atk": 1.071027585827092, "Def": 0.9395444515378387, "Ext": 0.0}, "Athletico Paranaense / PR": {"Atk": 1.1793326065089542, "Def": 0.9087152024152042, "Ext": 0.0}, "Sport / PE": {"Atk": 1.222490697527498, "Def": 0.7711252990499612, "Ext": 0.0}, "Vit\u00f3ria / BA": {"Atk": 1.2034830133638668, "Def": 0.741529262468544, "Ext": 0.08997660620143424}, "Atl\u00e9tico / GO": {"Atk": 0.9512890072085156, "Def": 0.7080036577102881, "Ext": 0.0}, "Chapecoense / SC": {"Atk": 1.1136594735012875, "Def": 0.8041086330387152, "Ext": 0.06217951723609571}}