{"Flamengo / RJ": {"Atk": 1.0, "Def": 0.49594385915974254, "Home bonus": 0.0}, "Botafogo / RJ": {"Atk": 0.49749464737440346, "Def": 0.48384918433285895, "Home bonus": 0.07698101702468754}, "Palmeiras / SP": {"Atk": 0.6779707340349029, "Def": 0.7016399289575319, "Home bonus": 0.387312955094563}, "Santos / SP": {"Atk": 0.5554335249236785, "Def": 0.5439175442434719, "Home bonus": 1.0057963120038738}, "Corinthians / SP": {"Atk": 0.5740636880492155, "Def": 0.5303739362556887, "Home bonus": 0.11547011697512642}, "Gr\u00eamio / RS": {"Atk": 0.527251966216356, "Def": 0.7226637646477595, "Home bonus": 0.8614337041665293}, "Sport / PE": {"Atk": 0.3988256382648761, "Def": 0.49966654099492347, "Home bonus": 0.3895506797726576}, "Coritiba / PR": {"Atk": 0.46913745285538005, "Def": 0.5442780010003014, "Home bonus": 0.0}, "Fortaleza / CE": {"Atk": 0.4484558160016923, "Def": 0.7815485089775108, "Home bonus": 0.3036701643774872}, "Goi\u00e1s / GO": {"Atk": 0.5180564412987206, "Def": 0.3899430552683439, "Home bonus": 0.36370797276129235}, "Fluminense / RJ": {"Atk": 0.6638782673121294, "Def": 0.6364606759134848, "Home bonus": 0.5254973066042611}, "Vasco da Gama / RJ": {"Atk": 0.607182541655583, "Def": 0.5074087918808551, "Home bonus": 0.0}, "S\u00e3o Paulo / SP": {"Atk": 0.9475885535639254, "Def": 0.8697978508760768, "Home bonus": 0.0}, "Red Bull Bragantino / SP": {"Atk": 0.5178928504825121, "Def": 0.6171681317570086, "Home bonus": 0.5954220414025403}, "Atl\u00e9tico / MG": {"Atk": 0.7016142204150914, "Def": 0.5861192358851143, "Home bonus": 1.001118785967092}, "Internacional / RS": {"Atk": 0.6593398863309675, "Def": 0.7746533436638099, "Home bonus": 0.6237018803177157}, "Bahia / BA": {"Atk": 0.5705755201748578, "Def": 0.4154475313060408, "Home bonus": 0.411453624023172}, "Athletico Paranaense / PR": {"Atk": 0.47096419253837046, "Def": 0.6547118560740698, "Home bonus": 0.0026620484997997764}, "Cear\u00e1 / CE": {"Atk": 0.7947613545347652, "Def": 0.5162182752547534, "Home bonus": 0.0}, "Atl\u00e9tico / GO": {"Atk": 0.31932689301240874, "Def": 0.5656995862917166, "Home bonus": 0.5160604194108507}}