{"Guarani / SP": {"Atk": 1.0, "Def": 2.5160133706776655}, "Botafogo / SP": {"Atk": 2.618372316655857, "Def": 3.378027864502269}, "S\u00e3o Bento / SP": {"Atk": 2.9276059012818156, "Def": 1.7327783576017186}, "Vila Nova / GO": {"Atk": 1.3011420168549162, "Def": 3.356716872635904}, "Coritiba / PR": {"Atk": 2.8224635724410714, "Def": 3.1361518579943426}, "Oper\u00e1rio / PR": {"Atk": 1.80406779109204, "Def": 3.5153340619923927}, "Crici\u00fama / SC": {"Atk": 1.227211188920382, "Def": 2.5204789659122295}, "Brasil / RS": {"Atk": 2.001406854354455, "Def": 2.7185822371443327}, "Sport / PE": {"Atk": 3.242124043115986, "Def": 2.8256771258190785}, "CRB / AL": {"Atk": 2.8121709943493527, "Def": 2.215063508994144}, "Ponte Preta / SP": {"Atk": 4.556146696019139, "Def": 2.612662834036153}, "Red Bull Bragantino / SP": {"Atk": 3.223444116142807, "Def": 7.728032712643031}, "Oeste / SP": {"Atk": 1.8080006672028466, "Def": 6.3095273066046245}, "Atl\u00e9tico / GO": {"Atk": 2.7064769942101123, "Def": 2.974059229493384}, "Paran\u00e1 / PR": {"Atk": 3.576879489874252, "Def": 3.511506456888314}, "Londrina / PR": {"Atk": 2.9675474753116546, "Def": 3.0498653501195316}, "Figueirense / SC": {"Atk": 2.5838982279379445, "Def": 4.2722428628568725}, "Am\u00e9rica / MG": {"Atk": 1.9839064512370839, "Def": 1.8233536431234028}, "Vit\u00f3ria / BA": {"Atk": 2.801582335541582, "Def": 1.1840655252665127}, "Cuiab\u00e1 / MT": {"Atk": 2.1609724278681117, "Def": 2.7802353363146493}, "Home bonus": 0.20741506883236482}