{"Flamengo / RJ": {"Atk": 1.0, "Def": 0.9772569833661804, "Ext": 0.019619723022699553}, "Fluminense / RJ": {"Atk": 1.5872900819524276, "Def": 1.209765839322664, "Ext": 0.0}, "S\u00e3o Paulo / SP": {"Atk": 1.8635096219320597, "Def": 0.9672914965804277, "Ext": 0.09714189070671155}, "Santos / SP": {"Atk": 1.3069242617814991, "Def": 1.3144965982103936, "Ext": 0.012377330433974917}, "Athletico Paranaense / PR": {"Atk": 1.1540500494358326, "Def": 0.9461625525366174, "Ext": 0.0}, "Atl\u00e9tico / MG": {"Atk": 1.4617763263565173, "Def": 1.1210691605006706, "Ext": 0.1}, "Bahia / BA": {"Atk": 0.8868580617690791, "Def": 1.252629094212073, "Ext": 0.1}, "Internacional / RS": {"Atk": 1.3909577049187594, "Def": 1.1512033482107917, "Ext": 0.0}, "Crici\u00fama / SC": {"Atk": 0.6314885985025624, "Def": 0.9439325962720325, "Ext": 0.0}, "Chapecoense / SC": {"Atk": 1.1266110561388105, "Def": 0.985930507134399, "Ext": 0.0}, "Botafogo / RJ": {"Atk": 1.0171620179289964, "Def": 0.9463581394303707, "Ext": 0.0}, "Sport / PE": {"Atk": 0.8937029067105713, "Def": 0.9782869196581734, "Ext": 0.0}, "Corinthians / SP": {"Atk": 1.1958540705786591, "Def": 1.8668134449201224, "Ext": 0.1}, "Palmeiras / SP": {"Atk": 1.022448850141567, "Def": 0.7518016260671238, "Ext": 0.0}, "Coritiba / PR": {"Atk": 1.05891120289925, "Def": 1.2585460977190668, "Ext": 0.08589103362854356}, "Cruzeiro / MG": {"Atk": 2.0407416478322573, "Def": 1.14690516410054, "Ext": 0.1}, "Vit\u00f3ria / BA": {"Atk": 1.106701102749575, "Def": 0.8505470160574197, "Ext": 0.1}, "Gr\u00eamio / RS": {"Atk": 0.8611153518955204, "Def": 2.1954874483604945, "Ext": 0.1}, "Figueirense / SC": {"Atk": 1.0132390410322933, "Def": 0.8284984782460505, "Ext": 0.0}, "Goi\u00e1s / GO": {"Atk": 0.9781188209859885, "Def": 1.1176341099738485, "Ext": 0.07909421929982045}}