{"Cruzeiro / MG": {"Atk": 1.0, "Def": 1.2323636525798842, "Ext": 0.1}, "Ava\u00ed / SC": {"Atk": 0.9317584401012896, "Def": 0.8208065719638729, "Ext": 0.0}, "CSA / AL": {"Atk": 1.1792740815407496, "Def": 1.207743482975147, "Ext": 0.0}, "Ponte Preta / SP": {"Atk": 1.0933068478873549, "Def": 0.7965915691023481, "Ext": 0.0}, "Oeste / SP": {"Atk": 0.7119961577405562, "Def": 0.6414551997996405, "Ext": 0.0}, "Oper\u00e1rio / PR": {"Atk": 0.6928889754058741, "Def": 1.293495655534697, "Ext": 0.0}, "Juventude / RS": {"Atk": 1.2131877079567026, "Def": 1.083240112050941, "Ext": 0.1}, "Vit\u00f3ria / BA": {"Atk": 1.0620736816922232, "Def": 0.8667578868091783, "Ext": 0.1}, "Confian\u00e7a / SE": {"Atk": 0.9464018633100604, "Def": 0.8782068278679811, "Ext": 0.0}, "Cuiab\u00e1 / MT": {"Atk": 0.9915797579679609, "Def": 1.2232894212599208, "Ext": 0.002805038418829169}, "Am\u00e9rica / MG": {"Atk": 1.0242132019698271, "Def": 1.7558817233098576, "Ext": 0.1}, "Figueirense / SC": {"Atk": 0.6695084144817484, "Def": 1.1586533469863285, "Ext": 0.04294579389668034}, "CRB / AL": {"Atk": 0.8978131461022125, "Def": 0.9721614027242022, "Ext": 0.1}, "Guarani / SP": {"Atk": 1.0011800636000858, "Def": 0.944693427176171, "Ext": 0.1}, "Botafogo / SP": {"Atk": 0.4314829085726646, "Def": 1.1468450021885492, "Ext": 0.0}, "Paran\u00e1 / PR": {"Atk": 0.8548560707772351, "Def": 0.770587715307324, "Ext": 0.0}, "Brasil / RS": {"Atk": 0.6802347270354222, "Def": 1.5259322089664742, "Ext": 0.1}, "N\u00e1utico / PE": {"Atk": 0.7371304300031168, "Def": 1.010356267880658, "Ext": 0.1}, "Sampaio Corr\u00eaa / MA": {"Atk": 1.214577236776964, "Def": 1.0456735025040402, "Ext": 0.019481407290289094}, "Chapecoense / SC": {"Atk": 0.99287979491517, "Def": 3.2527406306169206, "Ext": 0.0}, "Home bonus": 0.36249646461740864}