{"Flamengo / RJ": {"Atk": 1.0, "Def": 0.5919722399609159}, "Corinthians / SP": {"Atk": 0.5473893756506069, "Def": 0.6387429864788058}, "S\u00e3o Paulo / SP": {"Atk": 0.41236413100069014, "Def": 0.5654958975647041}, "Atl\u00e9tico Mineiro / MG": {"Atk": 0.832210712999748, "Def": 0.7838960144582677}, "Internacional / RS": {"Atk": 0.6867267018433413, "Def": 0.5392173505376125}, "Cear\u00e1 / CE": {"Atk": 0.4636174756422076, "Def": 0.5331510034161758}, "Bahia / BA": {"Atk": 0.5740160460410021, "Def": 0.39230479194963164}, "Athletico Paranaense / PR": {"Atk": 0.658688946303947, "Def": 0.432022555883232}, "Chapecoense / SC": {"Atk": 0.46414935009775854, "Def": 0.3548463522466748}, "Cuiab\u00e1 / MT": {"Atk": 0.5182804882503212, "Def": 0.5369153537166939}, "Fluminense / RJ": {"Atk": 0.47900799466248967, "Def": 0.5112231492471359}, "Palmeiras / SP": {"Atk": 0.7564149954388321, "Def": 0.4570837278812656}, "Santos / SP": {"Atk": 0.49386994742840706, "Def": 0.45912195257955235}, "Am\u00e9rica / MG": {"Atk": 0.4914048647452637, "Def": 0.5394128013154988}, "Gr\u00eamio / RS": {"Atk": 0.45771111914296353, "Def": 0.47178440296014706}, "Fortaleza / CE": {"Atk": 0.671999794183163, "Def": 0.5146684498570914}, "Sport / PE": {"Atk": 0.27752159539885285, "Def": 0.7002693619509711}, "Red Bull Bragantino / SP": {"Atk": 0.7964205959693079, "Def": 0.4962928550345324}, "Juventude / RS": {"Atk": 0.49586009017189925, "Def": 0.4597216262653183}, "Atl\u00e9tico / GO": {"Atk": 0.3932708201528472, "Def": 0.6064716272223785}}