{"Paran\u00e1 / PR": {"Atk": 0.6213155713426837, "Def": 0.642008737430255, "Ext": 0.1}, "Atl\u00e9tico / GO": {"Atk": 0.4933754316587913, "Def": 0.7027125343614677, "Ext": 0.0}, "Paysandu / PA": {"Atk": 0.7552373539347519, "Def": 0.7575944291715623, "Ext": 0.0}, "Mogi Mirim / SP": {"Atk": 0.6944129977818636, "Def": 0.4267133845219628, "Ext": 0.1}, "Vit\u00f3ria / BA": {"Atk": 0.9251180098622174, "Def": 0.7994384727401669, "Ext": 0.02115572473383381}, "Maca\u00e9 / RJ": {"Atk": 0.8485244691842531, "Def": 0.5140206019206627, "Ext": 0.0423207316475077}, "Am\u00e9rica / MG": {"Atk": 0.8696460836347036, "Def": 0.7840772761010502, "Ext": 0.0}, "N\u00e1utico / PE": {"Atk": 0.8214917965120035, "Def": 0.5806602160114092, "Ext": 0.0}, "ABC / RN": {"Atk": 0.6302398237829009, "Def": 0.4564342129804587, "Ext": 0.1}, "CRB / AL": {"Atk": 0.6750230065157182, "Def": 0.6825691332981688, "Ext": 0.0}, "Bahia / BA": {"Atk": 0.8681859021713471, "Def": 0.8237528239131869, "Ext": 0.0}, "Crici\u00fama / SC": {"Atk": 0.5485262109831781, "Def": 0.6540828733559902, "Ext": 0.1}, "Sampaio Corr\u00eaa / MA": {"Atk": 0.8691771907020962, "Def": 0.6934038318864707, "Ext": 0.0}, "Santa Cruz / PE": {"Atk": 0.8576598592317416, "Def": 0.6065566232658431, "Ext": 0.06407238202029351}, "Botafogo / RJ": {"Atk": 0.9186524533337292, "Def": 0.9672904647643913, "Ext": 0.1}, "Red Bull Bragantino / SP": {"Atk": 0.8611387182798675, "Def": 0.5039903106754656, "Ext": 0.0}, "Boa / MG": {"Atk": 0.5662925782762107, "Def": 0.6654964289675526, "Ext": 0.1}, "Oeste / SP": {"Atk": 0.6390200003400852, "Def": 0.5643302595499641, "Ext": 0.1}, "Cear\u00e1 / CE": {"Atk": 0.6044279624957227, "Def": 0.45465285982915354, "Ext": 0.1}, "Luverdense / MT": {"Atk": 0.6445625987083266, "Def": 0.7412143361350355, "Ext": 0.0}}