{"Gr\u00eamio / RS": {"Atk": 1.0, "Def": 0.6320126465897464}, "Atl\u00e9tico / MG": {"Atk": 0.6416200838695892, "Def": 0.5032596781836626}, "Cear\u00e1 / CE": {"Atk": 0.5174348664848716, "Def": 0.7429076887902968}, "Palmeiras / SP": {"Atk": 0.8776674482226331, "Def": 1.1124741357991395}, "S\u00e3o Paulo / SP": {"Atk": 0.4871894814254682, "Def": 1.252818112445839}, "Flamengo / RJ": {"Atk": 1.176259423365789, "Def": 0.9092973234191309}, "Fluminense / RJ": {"Atk": 0.5300301231968335, "Def": 0.5393090491186093}, "Chapecoense / SC": {"Atk": 0.45613113837537245, "Def": 0.5238387028609924}, "Bahia / BA": {"Atk": 0.5904371996148597, "Def": 0.765678571515294}, "Athletico Paranaense / PR": {"Atk": 0.8827952235897223, "Def": 0.7264927684841564}, "Internacional / RS": {"Atk": 0.6475170070774757, "Def": 0.8822387365247399}, "Cruzeiro / MG": {"Atk": 0.47286247059437087, "Def": 0.6389846414192679}, "Fortaleza / CE": {"Atk": 0.6876601242515525, "Def": 0.5639370336542201}, "Corinthians / SP": {"Atk": 0.5566875404698912, "Def": 1.131263098493893}, "Santos / SP": {"Atk": 0.7274932185003199, "Def": 0.8358603144117135}, "Vasco da Gama / RJ": {"Atk": 0.47678970639245405, "Def": 0.5955856614879138}, "Botafogo / RJ": {"Atk": 0.44224210155195837, "Def": 0.6129224404531404}, "Ava\u00ed / SC": {"Atk": 0.2518351521838127, "Def": 0.4674208025021824}, "Goi\u00e1s / GO": {"Atk": 0.5842407161223645, "Def": 0.4607519909362818}, "CSA / AL": {"Atk": 0.30445081692053805, "Def": 0.531667595802635}, "Home bonus": 0.4125426590149836}