{"Red Bull Bragantino / SP": {"Atk": 0.6761305292701543, "Def": 0.5384184528885455, "Home bonus": 0.37328686829852153, "Ext": 0.0}, "Ponte Preta / SP": {"Atk": 0.9908747024873191, "Def": 0.7949966867117921, "Home bonus": 0.24565892094607109, "Ext": 0.1}, "Vasco da Gama / RJ": {"Atk": 0.794568091443674, "Def": 0.9416113738175211, "Home bonus": 0.5827369002218051, "Ext": 0.0}, "Santa Cruz / PE": {"Atk": 0.6954111821123923, "Def": 0.8784492760169622, "Home bonus": 0.7244409657285648, "Ext": 0.1}, "Sampaio Corr\u00eaa / MA": {"Atk": 0.9481194934833885, "Def": 0.6794404618209753, "Home bonus": 0.10947132647918963, "Ext": 0.1}, "Cear\u00e1 / CE": {"Atk": 0.9633409915095673, "Def": 0.5760155790680302, "Home bonus": 0.7109775179034348, "Ext": 0.1}, "Vila Nova / GO": {"Atk": 0.4734462316530879, "Def": 0.4811390672445922, "Home bonus": 0.0, "Ext": 0.0}, "Am\u00e9rica / RN": {"Atk": 0.6303508076297547, "Def": 0.550658266627359, "Home bonus": 0.32851554761472807, "Ext": 0.1}, "Boa / MG": {"Atk": 0.8455728519379863, "Def": 0.6983996929801084, "Home bonus": 0.0, "Ext": 0.0}, "Oeste / SP": {"Atk": 0.5261287638066772, "Def": 0.5895356863756273, "Home bonus": 0.6137376454852552, "Ext": 0.1}, "Portuguesa / SP": {"Atk": 0.5305853927316457, "Def": 0.5947236601955576, "Home bonus": 0.14320854683077064, "Ext": 0.1}, "Paran\u00e1 / PR": {"Atk": 0.7198275505930974, "Def": 0.7714989891612926, "Home bonus": 0.08199629909230238, "Ext": 0.1}, "N\u00e1utico / PE": {"Atk": 0.7072286363610353, "Def": 0.6468775197323987, "Home bonus": 0.3393917605967307, "Ext": 0.0}, "Luverdense / MT": {"Atk": 0.42646811454649725, "Def": 0.6403069009152637, "Home bonus": 0.9222833101909463, "Ext": 0.0}, "Icasa / CE": {"Atk": 0.3630778997803397, "Def": 0.7743545757715555, "Home bonus": 0.4050194598663509, "Ext": 0.0}, "Ava\u00ed / SC": {"Atk": 0.9338383924554584, "Def": 0.8692173582468348, "Home bonus": 0.0, "Ext": 0.0}, "Atl\u00e9tico / GO": {"Atk": 0.7959602226376099, "Def": 0.5643602760592339, "Home bonus": 0.4145915509546808, "Ext": 0.0}, "ABC / RN": {"Atk": 0.4065636408524884, "Def": 0.9352956859535041, "Home bonus": 0.548586094502173, "Ext": 0.0}, "Am\u00e9rica / MG": {"Atk": 0.7292027242795798, "Def": 0.7473258961256152, "Home bonus": 0.7341380873341032, "Ext": 0.0}, "Joinville / SC": {"Atk": 0.6833622375977846, "Def": 0.9916386142891518, "Home bonus": 0.4697126618547995, "Ext": 0.1}}