{"Oeste / SP": {"Home": {"Atk": 1.0, "Def": 0.6189261632369759}, "Away": {"Atk": 0.8702595117856036, "Def": 0.7734744591354912}}, "Boa / MG": {"Home": {"Atk": 0.9337366375113029, "Def": 0.6643406803849669}, "Away": {"Atk": 0.48985181902126085, "Def": 1.130641849594198}}, "Figueirense / SC": {"Home": {"Atk": 1.7482689201620298, "Def": 0.6420125894725598}, "Away": {"Atk": 0.9815945935226349, "Def": 0.8773418463715675}}, "Joinville / SC": {"Home": {"Atk": 1.4901298123887856, "Def": 0.6420179836884788}, "Away": {"Atk": 0.9815971938401145, "Def": 1.20813276398217}}, "Icasa / CE": {"Home": {"Atk": 1.5531216170080235, "Def": 0.5562347556070846}, "Away": {"Atk": 0.6477086805878732, "Def": 0.9469745870262588}}, "ABC / RN": {"Home": {"Atk": 1.6745012042064837, "Def": 0.7014316777963967}, "Away": {"Atk": 0.37570935234870695, "Def": 0.7134098253287694}}, "Palmeiras / SP": {"Home": {"Atk": 1.9465699479914305, "Def": 1.5610065150217851}, "Away": {"Atk": 1.0582238243874929, "Def": 1.3749234172902633}}, "S\u00e3o Caetano / SP": {"Home": {"Atk": 1.2905000041688908, "Def": 0.6557663256490084}, "Away": {"Atk": 0.6787214725386126, "Def": 0.7237822810476754}}, "Guaratinguet\u00e1 / SP": {"Home": {"Atk": 1.2381215455382069, "Def": 0.7635538260581918}, "Away": {"Atk": 0.5984649631357523, "Def": 0.7665732654920938}}, "Paysandu / PA": {"Home": {"Atk": 1.2381205444575094, "Def": 0.694266625579047}, "Away": {"Atk": 0.5262240592417902, "Def": 0.7666002194179117}}, "ASA / AL": {"Home": {"Atk": 1.3679568306712548, "Def": 0.5618299025231557}, "Away": {"Atk": 0.49495941404191673, "Def": 0.5449218527895002}}, "Am\u00e9rica / MG": {"Home": {"Atk": 1.298909456711639, "Def": 0.6471460489551372}, "Away": {"Atk": 0.8679325674051116, "Def": 1.3384449171204997}}, "Ava\u00ed / SC": {"Home": {"Atk": 1.3056971428597717, "Def": 0.6222497529644094}, "Away": {"Atk": 0.794323965983759, "Def": 1.1636093685068671}}, "Chapecoense / SC": {"Home": {"Atk": 1.7515391177598814, "Def": 0.9526933586875819}, "Away": {"Atk": 0.8149711579509166, "Def": 1.6443739598900269}}, "Cear\u00e1 / CE": {"Home": {"Atk": 1.8871736164588275, "Def": 0.6834910312712689}, "Away": {"Atk": 0.7523939091469005, "Def": 0.9028009374525223}}, "Am\u00e9rica / RN": {"Home": {"Atk": 1.3289114861202513, "Def": 0.623906327178955}, "Away": {"Atk": 0.7563747292367788, "Def": 0.810282511133326}}, "Paran\u00e1 / PR": {"Home": {"Atk": 1.3195290240354738, "Def": 1.4118614090353112}, "Away": {"Atk": 0.9876881311406542, "Def": 0.9223890561481854}}, "Atl\u00e9tico / GO": {"Home": {"Atk": 1.2678138366402667, "Def": 0.6056997155501109}, "Away": {"Atk": 0.5683136265116782, "Def": 0.9926189554418021}}, "Red Bull Bragantino / SP": {"Home": {"Atk": 0.8946884146248121, "Def": 1.0314294741347503}, "Away": {"Atk": 0.6648167133478374, "Def": 0.9370400261419173}}, "Sport / PE": {"Home": {"Atk": 1.5331320829027695, "Def": 0.7727610583097301}, "Away": {"Atk": 1.196250283297272, "Def": 0.6983283842890099}}}