{"ABC / RN": {"Atk": 1.0, "Def": 0.9001330311021066, "Home bonus": 0.0, "Ext": 0.09248113852253097}, "N\u00e1utico / PE": {"Atk": 0.7531826555005916, "Def": 0.8468820899588353, "Home bonus": 0.06403265678821816, "Ext": 0.1}, "Crici\u00fama / SC": {"Atk": 0.8031908087788396, "Def": 1.03738866996415, "Home bonus": 0.8351215129821208, "Ext": 0.1}, "Goi\u00e1s / GO": {"Atk": 0.7565633200195534, "Def": 1.0664338129583082, "Home bonus": 0.9161025802962292, "Ext": 0.0}, "Guarani / SP": {"Atk": 0.9652067303333256, "Def": 1.449608393881282, "Home bonus": 0.7520673956423186, "Ext": 0.1}, "Juventude / RS": {"Atk": 1.0600195165516377, "Def": 1.3286218696596295, "Home bonus": 0.772846222388036, "Ext": 0.0}, "Londrina / PR": {"Atk": 1.863636769811007, "Def": 0.8453284742185407, "Home bonus": 0.0, "Ext": 0.0}, "Boa / MG": {"Atk": 1.0315669916836525, "Def": 1.5270230662377184, "Home bonus": 0.0, "Ext": 0.1}, "Paysandu / PA": {"Atk": 1.1527020208441097, "Def": 1.5723484498482883, "Home bonus": 0.0, "Ext": 0.0}, "CRB / AL": {"Atk": 0.7987719356645315, "Def": 1.2811585696539856, "Home bonus": 0.5160458758315013, "Ext": 0.0}, "Cear\u00e1 / CE": {"Atk": 1.5359573661192845, "Def": 1.4740814365532253, "Home bonus": 0.0, "Ext": 0.0}, "Santa Cruz / PE": {"Atk": 1.126992240940394, "Def": 1.14851437805304, "Home bonus": 0.3046615896318582, "Ext": 0.06518371474269502}, "Figueirense / SC": {"Atk": 1.467813304366091, "Def": 0.7485794597517524, "Home bonus": 0.0, "Ext": 0.1}, "Vila Nova / GO": {"Atk": 0.929618938628146, "Def": 1.5436770791752794, "Home bonus": 0.7860564771874143, "Ext": 0.0}, "Oeste / SP": {"Atk": 0.4719778123587897, "Def": 1.4984900122576936, "Home bonus": 1.1433914324356915, "Ext": 0.1}, "Brasil / RS": {"Atk": 0.6395870899847631, "Def": 0.8470080525662282, "Home bonus": 1.047544705777345, "Ext": 0.0}, "Paran\u00e1 / PR": {"Atk": 0.9834897711032109, "Def": 2.065485177391364, "Home bonus": 1.0125372928705911, "Ext": 0.1}, "Am\u00e9rica / MG": {"Atk": 1.6369301876511393, "Def": 2.084315229209209, "Home bonus": 0.016396239331854984, "Ext": 0.1}, "Luverdense / MT": {"Atk": 1.1679177047644558, "Def": 0.9972085688626282, "Home bonus": 0.21886130078815372, "Ext": 0.1}, "Internacional / RS": {"Atk": 1.4024070129781754, "Def": 1.7875047038350709, "Home bonus": 0.0956599847530661, "Ext": 0.011147971655276565}}