{"Guarani / SP": {"Atk": 1.0, "Def": 1.7948480218074578}, "Botafogo / SP": {"Atk": 1.4429414686625055, "Def": 1.7560049958193835}, "S\u00e3o Bento / SP": {"Atk": 1.6099746267968995, "Def": 1.142459751910286}, "Vila Nova / GO": {"Atk": 0.9884378582728962, "Def": 1.5284009225009323}, "Coritiba / PR": {"Atk": 1.829150414262764, "Def": 1.714758119963}, "Oper\u00e1rio / PR": {"Atk": 1.2152676579908686, "Def": 1.6613493176896108}, "Crici\u00fama / SC": {"Atk": 0.9358408049408969, "Def": 1.650356296959177}, "Brasil / RS": {"Atk": 1.2133995043018972, "Def": 1.6200419399225316}, "Sport / PE": {"Atk": 1.9206831757923108, "Def": 2.1071573638240717}, "CRB / AL": {"Atk": 1.7717452851696136, "Def": 1.3935152915980893}, "Ponte Preta / SP": {"Atk": 1.4536733211392119, "Def": 1.7845490840535023}, "Red Bull Bragantino / SP": {"Atk": 2.580945187387976, "Def": 2.288226935151425}, "Oeste / SP": {"Atk": 1.7295287366148633, "Def": 1.4182388841419382}, "Atl\u00e9tico / GO": {"Atk": 1.5207621328355259, "Def": 2.144525761184529}, "Paran\u00e1 / PR": {"Atk": 1.2127708012685352, "Def": 2.4321535894341553}, "Londrina / PR": {"Atk": 1.4404299246598389, "Def": 1.2339419966398824}, "Figueirense / SC": {"Atk": 1.1471050930281401, "Def": 1.6173547512869526}, "Am\u00e9rica / MG": {"Atk": 1.570044968734691, "Def": 1.8007618577268172}, "Vit\u00f3ria / BA": {"Atk": 1.5717271950312874, "Def": 1.37761809242588}, "Cuiab\u00e1 / MT": {"Atk": 1.710157722230734, "Def": 1.514303909417745}, "Home bonus": 0.22930180019133853}