{"Palmeiras / SP": {"Atk": 1.0, "Def": 0.734183582207425, "Home bonus": 0.39020339236375784, "Ext": 0.32632559539953593}, "Flamengo / RJ": {"Atk": 0.31329816693973067, "Def": 0.7259370564650862, "Home bonus": 0.4550493132443472, "Ext": 0.5262558163809911}, "Atl\u00e9tico / MG": {"Atk": 0.5572155674042257, "Def": 0.6496703630224595, "Home bonus": 0.5951803150691514, "Ext": 0.5072378733859544}, "Coritiba / PR": {"Atk": 0.463148554150129, "Def": 0.6616887066952956, "Home bonus": 0.45876545615824343, "Ext": 0.28176439205348464}, "Botafogo / RJ": {"Atk": 0.48254407032695146, "Def": 0.7430833445965936, "Home bonus": 0.38877587309514766, "Ext": 0.4595912020609241}, "Santa Cruz / PE": {"Atk": 0.3911871603020937, "Def": 0.580480420974226, "Home bonus": 0.47066316793731616, "Ext": 0.2665210197867797}, "Corinthians / SP": {"Atk": 0.686964129197417, "Def": 1.0791419269408515, "Home bonus": 0.22932405719600166, "Ext": 0.4413421713670892}, "Figueirense / SC": {"Atk": 0.30034073575927617, "Def": 0.733657789717655, "Home bonus": 0.0, "Ext": 0.6370667271188213}, "Am\u00e9rica / MG": {"Atk": 0.0, "Def": 0.4586806096495074, "Home bonus": 0.20411511332099233, "Ext": 0.18521808039063892}, "Internacional / RS": {"Atk": 0.2411525244769357, "Def": 0.9352133033664908, "Home bonus": 0.5507866806845081, "Ext": 0.6315682735818952}, "Vit\u00f3ria / BA": {"Atk": 0.4001926190216252, "Def": 1.1078204163080054, "Home bonus": 0.6983281448250859, "Ext": 0.6621445238431299}, "Fluminense / RJ": {"Atk": 0.22772705953416508, "Def": 0.7449461773370433, "Home bonus": 0.4519596529544039, "Ext": 0.4092663430225583}, "Cruzeiro / MG": {"Atk": 0.41773965409388825, "Def": 0.5431907219422464, "Home bonus": 0.21117912405836906, "Ext": 0.1007335786437932}, "Santos / SP": {"Atk": 0.8391264419682861, "Def": 0.7264592113585806, "Home bonus": 0.5312160202369105, "Ext": 0.006013160618930376}, "Athletico Paranaense / PR": {"Atk": 0.49480893960914996, "Def": 0.6708737067992733, "Home bonus": 0.8261365433489926, "Ext": 0.013142229641034953}, "Chapecoense / SC": {"Atk": 0.4165616684818979, "Def": 0.5753045052548005, "Home bonus": 0.31263768252831886, "Ext": 0.5312702821053428}, "S\u00e3o Paulo / SP": {"Atk": 0.2439322468967541, "Def": 0.7853373198909558, "Home bonus": 0.7694707457667846, "Ext": 0.3395296826667892}, "Gr\u00eamio / RS": {"Atk": 0.555808021703866, "Def": 0.8572921443083177, "Home bonus": 0.7021642823414899, "Ext": 0.5978818874191628}, "Ponte Preta / SP": {"Atk": 0.4268119682485618, "Def": 0.5213400836863573, "Home bonus": 0.2510504593218954, "Ext": 0.2770285715220644}, "Sport / PE": {"Atk": 0.24283063408728878, "Def": 0.9074851734486781, "Home bonus": 0.5352664768752604, "Ext": 0.7280019731788718}}