{"Flamengo / RJ": {"Atk": 1.0, "Def": 0.6799374711534144, "Ext": 0.0}, "Corinthians / SP": {"Atk": 0.5126787765634624, "Def": 0.6505151143524265, "Ext": 0.1}, "S\u00e3o Paulo / SP": {"Atk": 0.34055178123167607, "Def": 0.6303480373271958, "Ext": 0.1}, "Atl\u00e9tico Mineiro / MG": {"Atk": 0.8129161374674427, "Def": 0.9085019770758026, "Ext": 0.1}, "Internacional / RS": {"Atk": 0.5760472759551805, "Def": 0.5669506017668794, "Ext": 0.1}, "Cear\u00e1 / CE": {"Atk": 0.49488322752271596, "Def": 0.6274539295896026, "Ext": 0.1}, "Bahia / BA": {"Atk": 0.5137129443856128, "Def": 0.4410667368579731, "Ext": 0.1}, "Athletico Paranaense / PR": {"Atk": 0.5619926079412214, "Def": 0.48204386273630934, "Ext": 0.0}, "Chapecoense / SC": {"Atk": 0.3648739534092705, "Def": 0.3454956550033182, "Ext": 0.1}, "Cuiab\u00e1 / MT": {"Atk": 0.4064353790639669, "Def": 0.6808141126761853, "Ext": 0.1}, "Fluminense / RJ": {"Atk": 0.4536461254052656, "Def": 0.680023051767127, "Ext": 0.1}, "Palmeiras / SP": {"Atk": 0.7901039718540084, "Def": 0.4697814643768184, "Ext": 0.0}, "Santos / SP": {"Atk": 0.4183836202037057, "Def": 0.5860378964680646, "Ext": 0.0}, "Am\u00e9rica / MG": {"Atk": 0.524147004743563, "Def": 0.6406403349445697, "Ext": 0.0023042880810747422}, "Gr\u00eamio / RS": {"Atk": 0.5113539816720983, "Def": 0.48904771078909254, "Ext": 0.1}, "Fortaleza / CE": {"Atk": 0.5871685056411087, "Def": 0.499372235900226, "Ext": 0.0}, "Sport / PE": {"Atk": 0.28348976400135134, "Def": 0.6933718761278165, "Ext": 0.1}, "Red Bull Bragantino / SP": {"Atk": 0.7159238692675586, "Def": 0.49874453553822107, "Ext": 0.0}, "Juventude / RS": {"Atk": 0.4639920373586432, "Def": 0.5654609577883798, "Ext": 0.0}, "Atl\u00e9tico / GO": {"Atk": 0.3760512263468838, "Def": 0.6397562366777216, "Ext": 0.0}, "Home bonus": 0.3025097017336529}