{"Palmeiras / SP": {"Atk": 1.1450208601495189, "Def": 0.8144609776028472, "Ext": 0.0}, "Flamengo / RJ": {"Atk": 0.8049713626667024, "Def": 0.959139361827524, "Ext": 0.1510831024965077}, "Atl\u00e9tico / MG": {"Atk": 1.0854719434864526, "Def": 0.6355651804121241, "Ext": 0.06499967242370554}, "Coritiba / PR": {"Atk": 0.7351291150336731, "Def": 0.676245033140736, "Ext": 0.0}, "Botafogo / RJ": {"Atk": 0.7448076765970901, "Def": 0.7941180347415462, "Ext": 0.07487480312872442}, "Santa Cruz / PE": {"Atk": 0.7370713792542501, "Def": 0.4279618969570468, "Ext": 0.0}, "Corinthians / SP": {"Atk": 0.8800429984415125, "Def": 0.7522861775155052, "Ext": 0.0}, "Figueirense / SC": {"Atk": 0.3433998197242238, "Def": 0.81660102121184, "Ext": 0.2869607952995046}, "Am\u00e9rica / MG": {"Atk": 0.3779668107240768, "Def": 0.5231367698526564, "Ext": 0.0}, "Internacional / RS": {"Atk": 0.3995568245140335, "Def": 0.9935883155334011, "Ext": 0.3180253185140372}, "Vit\u00f3ria / BA": {"Atk": 0.7989441761634399, "Def": 0.5368132553784867, "Ext": 0.0}, "Fluminense / RJ": {"Atk": 0.583779089277152, "Def": 1.026947436203406, "Ext": 0.29586691529135456}, "Cruzeiro / MG": {"Atk": 0.7024789436409069, "Def": 0.6365167047501847, "Ext": 0.0}, "Santos / SP": {"Atk": 1.0123508666362175, "Def": 0.9622365443126822, "Ext": 0.0}, "Athletico Paranaense / PR": {"Atk": 0.6409436956086172, "Def": 0.9267637011705807, "Ext": 0.0}, "Chapecoense / SC": {"Atk": 0.6360991818327898, "Def": 0.6238035669553621, "Ext": 0.37320399840178015}, "S\u00e3o Paulo / SP": {"Atk": 0.5768901447781577, "Def": 0.8822042746501606, "Ext": 0.0}, "Gr\u00eamio / RS": {"Atk": 0.684205093281914, "Def": 0.823054285531944, "Ext": 0.038112848525142524}, "Ponte Preta / SP": {"Atk": 0.8356060982477655, "Def": 0.5217632957111143, "Ext": 0.0}, "Sport / PE": {"Atk": 0.7998298249868822, "Def": 0.5459122249596277, "Ext": 0.06827983181654403}}