{"Ponte Preta / SP": {"Atk": 1.0, "Def": 2.2736938811733762, "Ext": 0.1}, "CSA / AL": {"Atk": 0.6778596216152384, "Def": 1.4989607027708505, "Ext": 0.1}, "Sport / PE": {"Atk": 0.7117028539599415, "Def": 3.3452121104856336, "Ext": 0.1}, "Brusque / SC": {"Atk": 0.9020651827168831, "Def": 1.6974848861353558, "Ext": 0.0}, "Novorizontino / SP": {"Atk": 1.2360216008810863, "Def": 1.0909187240130536, "Ext": 0.0}, "Londrina / PR": {"Atk": 1.3011918390187671, "Def": 1.3889973174647923, "Ext": 0.035993863562253994}, "Vasco da Gama / RJ": {"Atk": 1.2617798576580546, "Def": 3.7011480338396203, "Ext": 0.0}, "Bahia / BA": {"Atk": 1.3839266022973578, "Def": 3.0765185456532724, "Ext": 0.0}, "Tombense / MG": {"Atk": 1.1893481717317687, "Def": 1.7823542168526103, "Ext": 0.1}, "Chapecoense / SC": {"Atk": 1.1675305945917493, "Def": 1.345867822309759, "Ext": 0.0}, "Guarani / SP": {"Atk": 0.8804858758031467, "Def": 1.2126176594647753, "Ext": 0.1}, "CRB / AL": {"Atk": 1.2069086001115001, "Def": 1.0694571154605002, "Ext": 0.0}, "N\u00e1utico / PE": {"Atk": 1.036744673445905, "Def": 0.9582723576182918, "Ext": 0.1}, "Crici\u00fama / SC": {"Atk": 1.3535179788471734, "Def": 1.4569448304495538, "Ext": 0.1}, "Ituano / SP": {"Atk": 1.3814373312700126, "Def": 1.4357144809477616, "Ext": 0.1}, "Oper\u00e1rio / PR": {"Atk": 1.1823967725782303, "Def": 1.1061436905006086, "Ext": 0.0}, "Gr\u00eamio / RS": {"Atk": 1.076356868588478, "Def": 5.922346646209554, "Ext": 0.1}, "Sampaio Corr\u00eaa / MA": {"Atk": 1.3410042854266442, "Def": 1.2887167017274614, "Ext": 0.1}, "Cruzeiro / MG": {"Atk": 1.464091614797529, "Def": 4.864016003282005, "Ext": 0.1}, "Vila Nova / GO": {"Atk": 0.706104368128252, "Def": 1.4835853379918986, "Ext": 0.1}, "Home bonus": 0.4327438191352662}