{"Gr\u00eamio / RS": {"Atk": 1.0, "Def": 0.3806156147913167, "Home bonus": 0.10157327861628748, "Ext": 0.1}, "Atl\u00e9tico / MG": {"Atk": 0.7571995816697435, "Def": 0.5796571774942187, "Home bonus": 0.3406407130169706, "Ext": 0.09999570307787665}, "Cear\u00e1 / CE": {"Atk": 0.45088577102706423, "Def": 0.45781588128410144, "Home bonus": 0.8787822630009343, "Ext": 0.09999570307787665}, "Palmeiras / SP": {"Atk": 0.08839252414453438, "Def": 0.18030937803676284, "Home bonus": 0.6375708661026513, "Ext": 0.09999570307787665}, "S\u00e3o Paulo / SP": {"Atk": 0.14872463626188123, "Def": 0.8245124603720517, "Home bonus": 0.7340725857693962, "Ext": 0.09999570307787665}, "Flamengo / RJ": {"Atk": 0.4384561229656556, "Def": 1.0239619135671347, "Home bonus": 0.476680955004911, "Ext": 0.09999570307787665}, "Fluminense / RJ": {"Atk": 0.0017520876959959137, "Def": 0.36947859775043596, "Home bonus": 0.06632016680684824, "Ext": 0.1}, "Chapecoense / SC": {"Atk": 0.9398717469291995, "Def": 0.1612479234853612, "Home bonus": 0.31171855401812026, "Ext": 0.1}, "Bahia / BA": {"Atk": 0.4666093990509803, "Def": 0.4453041656993034, "Home bonus": 0.49164827053921745, "Ext": 0.09999570307787665}, "Athletico Paranaense / PR": {"Atk": 0.7806302918265883, "Def": 0.4021155874781503, "Home bonus": 0.8215722902304529, "Ext": 0.1}, "Internacional / RS": {"Atk": 0.3213205773033555, "Def": 0.888305316035169, "Home bonus": 0.008685272401989106, "Ext": 0.09999570307787665}, "Cruzeiro / MG": {"Atk": 0.6789042552215946, "Def": 0.1662381178660767, "Home bonus": 0.8051446801095142, "Ext": 0.1}, "Fortaleza / CE": {"Atk": 0.7080288015932547, "Def": 0.3170391723947033, "Home bonus": 0.43189704685625885, "Ext": 0.09999570307787665}, "Corinthians / SP": {"Atk": 0.2557355806843749, "Def": 0.24372160891250255, "Home bonus": 0.4459644069045683, "Ext": 0.09999570307787665}, "Santos / SP": {"Atk": 0.8756789724547166, "Def": 0.5516460658686134, "Home bonus": 0.7900420088859033, "Ext": 0.09999570307787665}, "Vasco da Gama / RJ": {"Atk": 0.2612909711444237, "Def": 0.35630068620368627, "Home bonus": 0.19256203058565294, "Ext": 0.09999570307787665}, "Botafogo / RJ": {"Atk": 0.9500846299547993, "Def": 0.9792749966098822, "Home bonus": 0.11703278983585787, "Ext": 0.09999570307787665}, "Ava\u00ed / SC": {"Atk": 0.5583677571987735, "Def": 0.46015978159801246, "Home bonus": 0.9350107470042706, "Ext": 0.09999570307787665}, "Goi\u00e1s / GO": {"Atk": 0.8610203129259937, "Def": 0.5427395387634093, "Home bonus": 0.8272634908530511, "Ext": 0.09999570307787665}, "CSA / AL": {"Atk": 0.45812368680518106, "Def": 0.243393020157543, "Home bonus": 0.37362915805952623, "Ext": 0.1}}