{"Oeste / SP": {"Atk": 1.0, "Def": 1.0796553708293384, "Ext": 0.0}, "Boa / MG": {"Atk": 0.830540852910587, "Def": 1.3611562983353735, "Ext": 0.1}, "Figueirense / SC": {"Atk": 1.6897938058200657, "Def": 1.0029006677917167, "Ext": 0.0}, "Joinville / SC": {"Atk": 1.5392152028254458, "Def": 1.2505478450024319, "Ext": 0.0}, "Icasa / CE": {"Atk": 1.3550407443806916, "Def": 0.8443730291470858, "Ext": 0.0}, "ABC / RN": {"Atk": 0.842276367891276, "Def": 0.9888159276259277, "Ext": 0.09992599870188892}, "Palmeiras / SP": {"Atk": 1.8490393724010632, "Def": 2.109321651596213, "Ext": 0.1}, "S\u00e3o Caetano / SP": {"Atk": 1.217297774511295, "Def": 0.9680662836736955, "Ext": 0.1}, "Guaratinguet\u00e1 / SP": {"Atk": 0.9157114661462478, "Def": 1.2114342493378973, "Ext": 0.1}, "Paysandu / PA": {"Atk": 0.829000795428367, "Def": 1.0520518848261113, "Ext": 0.1}, "ASA / AL": {"Atk": 0.9736921245868807, "Def": 0.7455034473998036, "Ext": 0.0}, "Am\u00e9rica / MG": {"Atk": 1.36354493535014, "Def": 1.145539983530964, "Ext": 0.0}, "Ava\u00ed / SC": {"Atk": 1.406177795483704, "Def": 1.182767329942831, "Ext": 0.1}, "Chapecoense / SC": {"Atk": 1.7398877188777813, "Def": 1.6115977608839958, "Ext": 0.1}, "Cear\u00e1 / CE": {"Atk": 1.2731102725513033, "Def": 1.3377164546339806, "Ext": 0.1}, "Am\u00e9rica / RN": {"Atk": 0.953773913763363, "Def": 1.01478670650198, "Ext": 0.1}, "Paran\u00e1 / PR": {"Atk": 1.481962045624923, "Def": 2.236877733675586, "Ext": 0.0}, "Atl\u00e9tico / GO": {"Atk": 0.7229754344974239, "Def": 1.0930014552587968, "Ext": 0.0}, "Red Bull Bragantino / SP": {"Atk": 0.9234243597598093, "Def": 1.7174203451026677, "Ext": 0.0}, "Sport / PE": {"Atk": 1.7076392040743493, "Def": 0.9495832994292194, "Ext": 0.0}, "Home bonus": 0.49482081500438546}