{"Fluminense / RJ": {"Atk": 1.0, "Def": 0.9215942153645369, "Ext": 0.22982414555319605}, "Flamengo / RJ": {"Atk": 1.1722325792060366, "Def": 1.0616038070824674, "Ext": 0.0}, "Palmeiras / SP": {"Atk": 1.497055613154769, "Def": 0.9505843232714795, "Ext": 0.0}, "Corinthians / SP": {"Atk": 1.1741238420868485, "Def": 1.5101495522271267, "Ext": 0.03364733285763013}, "Cruzeiro / MG": {"Atk": 1.0643459636279187, "Def": 1.1244559262539717, "Ext": 0.0038639696055001835}, "Coritiba / PR": {"Atk": 0.9921963005559071, "Def": 0.8251544493749042, "Ext": 0.0}, "Gr\u00eamio / RS": {"Atk": 1.1652605211614708, "Def": 1.4525973005708563, "Ext": 0.12393790930603998}, "Bahia / BA": {"Atk": 1.2329346126984777, "Def": 0.8273203106006025, "Ext": 0.0}, "Ponte Preta / SP": {"Atk": 0.861411779269397, "Def": 0.8163801365739067, "Ext": 0.0}, "Ava\u00ed / SC": {"Atk": 0.6892162815763868, "Def": 0.8454759068363575, "Ext": 0.0}, "Botafogo / RJ": {"Atk": 0.8970670827558528, "Def": 1.1827171183605396, "Ext": 0.10960252348726428}, "Vasco da Gama / RJ": {"Atk": 0.8783828834323237, "Def": 0.9182169038234718, "Ext": 0.045482998544739084}, "Santos / SP": {"Atk": 0.9123357930721427, "Def": 1.4864575206057293, "Ext": 0.03121724749794024}, "S\u00e3o Paulo / SP": {"Atk": 0.7363702238289015, "Def": 1.2849293790831129, "Ext": 0.4457299436539311}, "Atl\u00e9tico / MG": {"Atk": 1.1863928848035898, "Def": 0.8500234292105994, "Ext": 0.0}, "Athletico Paranaense / PR": {"Atk": 1.019898971700014, "Def": 0.9264778189328741, "Ext": 0.0}, "Sport / PE": {"Atk": 1.1158032863253509, "Def": 0.6750435934708904, "Ext": 0.0}, "Vit\u00f3ria / BA": {"Atk": 0.9607722979647842, "Def": 0.8595674614841031, "Ext": 0.26446387681211203}, "Atl\u00e9tico / GO": {"Atk": 0.9138499145658936, "Def": 0.7234201451999678, "Ext": 0.0}, "Chapecoense / SC": {"Atk": 1.01328456930388, "Def": 0.9050118367610634, "Ext": 0.06624250972963396}}