{"Paran\u00e1 / PR": {"Atk": 1.0, "Def": 1.1385177656887444, "Home bonus": 6.301540959351965e-07, "Ext": 0.1}, "Atl\u00e9tico / GO": {"Atk": 0.28312764639435034, "Def": 1.3218930194397152, "Home bonus": 0.533580555021569, "Ext": 0.0}, "Paysandu / PA": {"Atk": 0.6583612747692081, "Def": 1.2245327457396347, "Home bonus": 0.8847745066608848, "Ext": 0.0}, "Mogi Mirim / SP": {"Atk": 1.1747985912354233, "Def": 0.492264437008887, "Home bonus": 0.0, "Ext": 0.1}, "Vit\u00f3ria / BA": {"Atk": 0.6152336837814536, "Def": 1.1932016043436962, "Home bonus": 1.6419803937603439, "Ext": 0.1}, "Maca\u00e9 / RJ": {"Atk": 1.0425880706996409, "Def": 0.6321052758147181, "Home bonus": 0.9948393787037317, "Ext": 0.1}, "Am\u00e9rica / MG": {"Atk": 0.7046469615436917, "Def": 1.3569629264760348, "Home bonus": 1.093099134391685, "Ext": 0.1}, "N\u00e1utico / PE": {"Atk": 0.732118495474318, "Def": 0.798673485033168, "Home bonus": 1.0386723056068945, "Ext": 0.1}, "ABC / RN": {"Atk": 0.9926194509612822, "Def": 0.5891501967775972, "Home bonus": 0.0, "Ext": 0.076702106859393}, "CRB / AL": {"Atk": 0.6901476456554309, "Def": 1.1916655194738963, "Home bonus": 0.7410104051308549, "Ext": 0.0}, "Bahia / BA": {"Atk": 0.8732360460592479, "Def": 2.266280513851808, "Home bonus": 0.5301013535596013, "Ext": 0.1}, "Crici\u00fama / SC": {"Atk": 0.5241021533560409, "Def": 1.0012775768131819, "Home bonus": 0.4544135581354, "Ext": 0.0}, "Sampaio Corr\u00eaa / MA": {"Atk": 0.9144396731519993, "Def": 1.0176882880298779, "Home bonus": 1.153857930426807, "Ext": 0.0}, "Santa Cruz / PE": {"Atk": 0.8585028809149637, "Def": 1.1207355050752446, "Home bonus": 1.2293502398426406, "Ext": 0.1}, "Botafogo / RJ": {"Atk": 0.7795254975548129, "Def": 2.2740953813211773, "Home bonus": 1.4560670241560685, "Ext": 0.1}, "Red Bull Bragantino / SP": {"Atk": 1.0696097173239234, "Def": 0.6884742538456743, "Home bonus": 0.41811365953311797, "Ext": 0.0}, "Boa / MG": {"Atk": 0.6963561196752734, "Def": 1.2574221301100772, "Home bonus": 0.0, "Ext": 0.0}, "Oeste / SP": {"Atk": 0.7797150487075994, "Def": 0.9534176021783918, "Home bonus": 0.40442450473077685, "Ext": 0.1}, "Cear\u00e1 / CE": {"Atk": 0.27253053154798285, "Def": 0.6472881774791803, "Home bonus": 1.0831422680725662, "Ext": 0.1}, "Luverdense / MT": {"Atk": 0.5601114256824489, "Def": 0.8373491466023655, "Home bonus": 0.7271408600782255, "Ext": 0.1}}