{"Flamengo / RJ": {"Home": {"Atk": 1.0, "Def": 0.6157927633423886}, "Away": {"Atk": 0.5369737348311401, "Def": 0.5773543382876392}}, "Fluminense / RJ": {"Home": {"Atk": 1.3254061958829786, "Def": 0.5325888742143706}, "Away": {"Atk": 0.6945541972562728, "Def": 0.803615537602539}}, "S\u00e3o Paulo / SP": {"Home": {"Atk": 1.2148997196065925, "Def": 0.5945109379447162}, "Away": {"Atk": 0.9303135547471145, "Def": 0.7698333794277404}}, "Santos / SP": {"Home": {"Atk": 0.9017865098432986, "Def": 0.7891214282549822}, "Away": {"Atk": 0.5526954482826517, "Def": 0.7817415638687697}}, "Athletico Paranaense / PR": {"Home": {"Atk": 0.9056969897388011, "Def": 0.6689474903737299}, "Away": {"Atk": 0.6291450085709979, "Def": 0.6695220945274974}}, "Atl\u00e9tico / MG": {"Home": {"Atk": 1.080826814438854, "Def": 0.8951922047378248}, "Away": {"Atk": 0.784445339400811, "Def": 0.6829454324949726}}, "Bahia / BA": {"Home": {"Atk": 0.4925900204890268, "Def": 0.5501753394558936}, "Away": {"Atk": 0.5050272968703388, "Def": 0.8025785097343412}}, "Internacional / RS": {"Home": {"Atk": 1.3574060722760493, "Def": 0.6239352855192662}, "Away": {"Atk": 0.4832791843833137, "Def": 0.7301743437164352}}, "Crici\u00fama / SC": {"Home": {"Atk": 0.6838868206319562, "Def": 0.5337419577269342}, "Away": {"Atk": 0.27450581516434, "Def": 0.5276171189130502}}, "Chapecoense / SC": {"Home": {"Atk": 0.901648064934065, "Def": 0.9053169670207716}, "Away": {"Atk": 0.4314013937963447, "Def": 0.6156628066090067}}, "Botafogo / RJ": {"Home": {"Atk": 0.9479347714137802, "Def": 0.48625597363664863}, "Away": {"Atk": 0.23996746884370804, "Def": 0.66427881971067}}, "Sport / PE": {"Home": {"Atk": 0.8642754807175833, "Def": 0.5594695098829311}, "Away": {"Atk": 0.3815071483574256, "Def": 0.6513244776405033}}, "Corinthians / SP": {"Home": {"Atk": 1.1645778904146311, "Def": 0.676719815381961}, "Away": {"Atk": 0.5147870731394123, "Def": 1.5724243316015178}}, "Palmeiras / SP": {"Home": {"Atk": 0.8024719263486708, "Def": 0.4188976142544468}, "Away": {"Atk": 0.4210146653223906, "Def": 0.5340974144050016}}, "Coritiba / PR": {"Home": {"Atk": 0.833440242136227, "Def": 1.025863554762847}, "Away": {"Atk": 0.5262835813490236, "Def": 0.541479448518471}}, "Cruzeiro / MG": {"Home": {"Atk": 1.5837626578377713, "Def": 0.5494351977106615}, "Away": {"Atk": 0.7778378509559506, "Def": 0.864979254066929}}, "Vit\u00f3ria / BA": {"Home": {"Atk": 0.9039210597376792, "Def": 0.43906609236044086}, "Away": {"Atk": 0.48963714161843597, "Def": 0.6386158682008969}}, "Gr\u00eamio / RS": {"Home": {"Atk": 0.8878481458268243, "Def": 0.9318363302572362}, "Away": {"Atk": 0.4053636569219607, "Def": 1.534071850673317}}, "Figueirense / SC": {"Home": {"Atk": 0.9037905078623862, "Def": 0.5202604311940555}, "Away": {"Atk": 0.41537375467577, "Def": 0.6794861658448498}}, "Goi\u00e1s / GO": {"Home": {"Atk": 1.0291746837443474, "Def": 0.796864331760766}, "Away": {"Atk": 0.2689539208827071, "Def": 0.7140150535656052}}}