{"Flamengo / RJ": {"Home": {"Atk": 1.0, "Def": 0.9014284651035075}, "Away": {"Atk": 0.9241700026186631, "Def": 0.49700301487656784}, "Ext": 0.06227475470237737}, "Botafogo / RJ": {"Home": {"Atk": 1.4734282556139806, "Def": 1.8523186768549118}, "Away": {"Atk": 0.6572326228077822, "Def": 1.3114185429966239}, "Ext": 0.1}, "Palmeiras / SP": {"Home": {"Atk": 1.1493337720783645, "Def": 0.7576741031174359}, "Away": {"Atk": 0.8468871744039681, "Def": 1.0862403248164394}, "Ext": 0.1}, "Corinthians / SP": {"Home": {"Atk": 1.0165157000638194, "Def": 0.6487808338712032}, "Away": {"Atk": 0.39551288022209147, "Def": 0.7121882498034359}, "Ext": 0.0}, "Red Bull Bragantino / SP": {"Home": {"Atk": 0.9567575648192511, "Def": 0.8063605509889675}, "Away": {"Atk": 0.7557722670653001, "Def": 0.74013095869313}, "Ext": 0.0}, "Atl\u00e9tico Mineiro / MG": {"Home": {"Atk": 0.802484861297791, "Def": 0.5557646891830241}, "Away": {"Atk": 0.5714570279906309, "Def": 1.2421365562295816}, "Ext": 0.0}, "Gr\u00eamio / RS": {"Home": {"Atk": 1.3608058770175444, "Def": 0.6066854606364097}, "Away": {"Atk": 0.5312776916201174, "Def": 0.5252124585142504}, "Ext": 0.0}, "Athletico Paranaense / PR": {"Home": {"Atk": 1.2575446122729184, "Def": 0.5505097913997308}, "Away": {"Atk": 0.5147236796407838, "Def": 0.6642905758318832}, "Ext": 0.0}, "Fortaleza / CE": {"Home": {"Atk": 0.976943233658145, "Def": 0.598455951912088}, "Away": {"Atk": 0.4473504726598333, "Def": 0.8337559097905034}, "Ext": 0.0}, "Am\u00e9rica / MG": {"Home": {"Atk": 0.82758126570986, "Def": 0.2649689747646179}, "Away": {"Atk": 0.7136178509010672, "Def": 0.42139929373071316}, "Ext": 0.0}, "Fluminense / RJ": {"Home": {"Atk": 1.0466001972736818, "Def": 1.0356715812509911}, "Away": {"Atk": 0.6395274957202336, "Def": 0.6065396657724995}, "Ext": 0.1}, "Vasco da Gama / RJ": {"Home": {"Atk": 0.4009134842935221, "Def": 0.4650986638375126}, "Away": {"Atk": 0.6105110997460935, "Def": 0.5496231986039428}, "Ext": 0.0}, "S\u00e3o Paulo / SP": {"Home": {"Atk": 1.0781135690430634, "Def": 0.6153091383801975}, "Away": {"Atk": 0.3969880500088953, "Def": 0.8051545468422051}, "Ext": 0.1}, "Santos / SP": {"Home": {"Atk": 1.1025394741334038, "Def": 0.4216323224600359}, "Away": {"Atk": 0.17280012439417736, "Def": 0.4486421263368469}, "Ext": 0.1}, "Goi\u00e1s / GO": {"Home": {"Atk": 0.7900335242793181, "Def": 0.40656754839895426}, "Away": {"Atk": 0.4320868976406112, "Def": 0.6634416804263135}, "Ext": 0.05956178971053276}, "Cruzeiro / MG": {"Home": {"Atk": 0.2902321077068343, "Def": 0.6575879415779172}, "Away": {"Atk": 0.8374585031475783, "Def": 0.8045620625809108}, "Ext": 0.0}, "Internacional / RS": {"Home": {"Atk": 0.7013634835481503, "Def": 0.637462044357323}, "Away": {"Atk": 0.3717761534234631, "Def": 0.7626659755885339}, "Ext": 0.1}, "Coritiba / PR": {"Home": {"Atk": 0.6283294855522994, "Def": 0.42957262038762845}, "Away": {"Atk": 0.6249277486016196, "Def": 0.3887221668260444}, "Ext": 0.0}, "Bahia / BA": {"Home": {"Atk": 1.1186924987297888, "Def": 0.5593576176263905}, "Away": {"Atk": 0.2205012650880027, "Def": 0.65961686070197}, "Ext": 0.0}, "Cuiab\u00e1 / MT": {"Home": {"Atk": 0.7946523378807262, "Def": 0.4379571300850455}, "Away": {"Atk": 0.45032252356773034, "Def": 0.7933465303357471}, "Ext": 0.0}}