{"ABC / RN": {"Home": {"Atk": 1.0, "Def": 0.6880315421507456}, "Away": {"Atk": 0.40313027187353273, "Def": 0.3281319734418958}, "Ext": 0.5432357257261878}, "N\u00e1utico / PE": {"Home": {"Atk": 0.09207651454101837, "Def": 0.5643380874492411}, "Away": {"Atk": 0.651215417702547, "Def": 0.3633437827391716}, "Ext": 0.31737941448296586}, "Crici\u00fama / SC": {"Home": {"Atk": 0.5602369799969631, "Def": 0.5431560711614598}, "Away": {"Atk": 0.6302602366765512, "Def": 0.6863178242765409}, "Ext": 0.0}, "Goi\u00e1s / GO": {"Home": {"Atk": 0.6038823437082191, "Def": 0.7980694107478241}, "Away": {"Atk": 0.4489708365266362, "Def": 0.3805697583788746}, "Ext": 0.12797095306691536}, "Guarani / SP": {"Home": {"Atk": 0.5559283669005609, "Def": 1.0239275346502894}, "Away": {"Atk": 0.5417882923520477, "Def": 0.6437729605093209}, "Ext": 0.22780507823259322}, "Juventude / RS": {"Home": {"Atk": 0.7847528874784888, "Def": 0.8939406434470722}, "Away": {"Atk": 0.3423635930111121, "Def": 0.7963065481034305}, "Ext": 0.2220984830266097}, "Londrina / PR": {"Home": {"Atk": 0.4510123763182271, "Def": 0.6022519334982039}, "Away": {"Atk": 0.6536372334546373, "Def": 0.7586802300163964}, "Ext": 0.505399268415032}, "Boa / MG": {"Home": {"Atk": 0.2849918969240417, "Def": 0.5944060970795967}, "Away": {"Atk": 0.3892705830229385, "Def": 0.7915412788473105}, "Ext": 0.0}, "Paysandu / PA": {"Home": {"Atk": 0.30433418034588156, "Def": 0.8195139922930421}, "Away": {"Atk": 0.3021327296565897, "Def": 0.6295389192043392}, "Ext": 0.33847216841194794}, "CRB / AL": {"Home": {"Atk": 0.5415772605026655, "Def": 0.6328140479776911}, "Away": {"Atk": 0.44846695317981033, "Def": 0.8118696159128781}, "Ext": 0.14200207928591327}, "Cear\u00e1 / CE": {"Home": {"Atk": 0.632034078924184, "Def": 0.5664561168239988}, "Away": {"Atk": 0.6351053726278294, "Def": 0.7066980176628773}, "Ext": 0.5039207891611097}, "Santa Cruz / PE": {"Home": {"Atk": 0.7987198132262749, "Def": 0.6429582979301613}, "Away": {"Atk": 0.4735984977869924, "Def": 0.7824747590977201}, "Ext": 0.07250890798476592}, "Figueirense / SC": {"Home": {"Atk": 0.7447112744785385, "Def": 0.7008694372738817}, "Away": {"Atk": 0.31830982298942595, "Def": 0.6136060015554569}, "Ext": 0.32839585772382185}, "Vila Nova / GO": {"Home": {"Atk": 0.5551924393977553, "Def": 1.0167889024879404}, "Away": {"Atk": 0.47424892772654037, "Def": 0.7635533038557217}, "Ext": 0.49642505803886605}, "Oeste / SP": {"Home": {"Atk": 0.5638800397268724, "Def": 1.09286948179481}, "Away": {"Atk": 0.08460333749803074, "Def": 0.3818198539009209}, "Ext": 0.0}, "Brasil / RS": {"Home": {"Atk": 0.6425609449835087, "Def": 0.7053187484265578}, "Away": {"Atk": 0.4202559335659207, "Def": 0.3669200382889787}, "Ext": 0.27941467205480963}, "Paran\u00e1 / PR": {"Home": {"Atk": 0.3889007088935156, "Def": 0.8036871633238709}, "Away": {"Atk": 0.2984123508544329, "Def": 0.8373123319314563}, "Ext": 0.5192878501926725}, "Am\u00e9rica / MG": {"Home": {"Atk": 0.621841734133404, "Def": 0.8273451326133684}, "Away": {"Atk": 0.49530498109581683, "Def": 0.8727641425838372}, "Ext": 0.3803907873741921}, "Luverdense / MT": {"Home": {"Atk": 0.5696490718754145, "Def": 0.6519358366844051}, "Away": {"Atk": 0.5231188200259242, "Def": 0.7859803389282953}, "Ext": 0.17445547408486758}, "Internacional / RS": {"Home": {"Atk": 0.3685261498864846, "Def": 0.7841444795880962}, "Away": {"Atk": 0.6170313438157738, "Def": 1.1165109857037052}, "Ext": 0.20498695201324482}}