{"Oeste / SP": {"Atk": 1.0, "Def": 1.3895538490846921, "Ext": 0.0}, "Boa / MG": {"Atk": 1.154962494850979, "Def": 2.1488379567064637, "Ext": 0.13781944485081754}, "Figueirense / SC": {"Atk": 2.899747880110695, "Def": 1.0753544658863883, "Ext": 0.0}, "Joinville / SC": {"Atk": 2.3014005837818625, "Def": 1.6801975678466974, "Ext": 0.03987771911820279}, "Icasa / CE": {"Atk": 1.8846298086438467, "Def": 0.9887801067898324, "Ext": 0.0}, "ABC / RN": {"Atk": 0.9963757928799769, "Def": 1.08975624392159, "Ext": 0.0}, "Palmeiras / SP": {"Atk": 2.567996810755174, "Def": 2.705594966572562, "Ext": 0.08551266787572766}, "S\u00e3o Caetano / SP": {"Atk": 1.104695415252325, "Def": 1.9515097147832599, "Ext": 0.27551274726997377}, "Guaratinguet\u00e1 / SP": {"Atk": 1.6145560866752613, "Def": 1.1562221210686592, "Ext": 0.0}, "Paysandu / PA": {"Atk": 1.349154737551257, "Def": 1.1903110119943345, "Ext": 0.12877829960713744}, "ASA / AL": {"Atk": 1.767787618254187, "Def": 1.0303896909555204, "Ext": 0.0}, "Am\u00e9rica / MG": {"Atk": 1.7507834593693095, "Def": 1.9299712224775452, "Ext": 0.47649547093025324}, "Ava\u00ed / SC": {"Atk": 1.5051809949071382, "Def": 1.9717218331883373, "Ext": 0.39154938428726954}, "Chapecoense / SC": {"Atk": 2.4856360210588577, "Def": 2.9196643005972174, "Ext": 0.2633784399622117}, "Cear\u00e1 / CE": {"Atk": 1.5515088874508685, "Def": 1.5077577963433386, "Ext": 0.01971825095824609}, "Am\u00e9rica / RN": {"Atk": 1.343369542321012, "Def": 1.2127142998238085, "Ext": 0.0}, "Paran\u00e1 / PR": {"Atk": 1.8573610486532737, "Def": 3.186871095933055, "Ext": 0.0}, "Atl\u00e9tico / GO": {"Atk": 0.9900791296297681, "Def": 1.3866582536172338, "Ext": 0.0}, "Red Bull Bragantino / SP": {"Atk": 1.4652614232721837, "Def": 1.84881436733897, "Ext": 0.0}, "Sport / PE": {"Atk": 2.687475211100239, "Def": 1.1005444566062543, "Ext": 0.0}}