{"Gr\u00eamio / RS": {"Atk": 1.0, "Def": 0.8102560000746255, "Home bonus": 0.5447208824276297, "Ext": 0.1}, "Atl\u00e9tico / MG": {"Atk": 0.9243617035665213, "Def": 0.8706703434532133, "Home bonus": 0.5124549062087099, "Ext": 0.1}, "Cear\u00e1 / CE": {"Atk": 0.6054034052487056, "Def": 0.8946181175955635, "Home bonus": 0.9769924894726719, "Ext": 0.05249798503882958}, "Palmeiras / SP": {"Atk": 1.074347569684168, "Def": 2.1966684424998237, "Home bonus": 0.9954913376014604, "Ext": 0.0}, "S\u00e3o Paulo / SP": {"Atk": 0.6749878084045631, "Def": 1.9094733742136023, "Home bonus": 0.6834998312481881, "Ext": 0.1}, "Flamengo / RJ": {"Atk": 1.467912799343131, "Def": 1.0158847080600009, "Home bonus": 1.4584878343573877, "Ext": 0.0}, "Fluminense / RJ": {"Atk": 1.0208454458737177, "Def": 0.6264976093490366, "Home bonus": 0.0, "Ext": 0.1}, "Chapecoense / SC": {"Atk": 0.7596904336163253, "Def": 0.707228081388849, "Home bonus": 0.18529012256834054, "Ext": 0.0}, "Bahia / BA": {"Atk": 0.7796396115733989, "Def": 1.3790728288912297, "Home bonus": 0.5654621620027113, "Ext": 0.1}, "Athletico Paranaense / PR": {"Atk": 1.2830821511896506, "Def": 1.1003265432798186, "Home bonus": 0.0, "Ext": 0.0}, "Internacional / RS": {"Atk": 0.4063672496621716, "Def": 1.1931253051292703, "Home bonus": 1.3436904309837348, "Ext": 0.1}, "Cruzeiro / MG": {"Atk": 0.7717915282536841, "Def": 0.6472116155384645, "Home bonus": 0.0, "Ext": 0.1}, "Fortaleza / CE": {"Atk": 1.0832624179518133, "Def": 0.7442334938918206, "Home bonus": 0.0, "Ext": 0.1}, "Corinthians / SP": {"Atk": 0.8644849087469929, "Def": 1.9684415141686762, "Home bonus": 0.3710908639919707, "Ext": 0.1}, "Santos / SP": {"Atk": 1.0704459128818282, "Def": 0.9620076570064812, "Home bonus": 0.929471948855209, "Ext": 0.1}, "Vasco da Gama / RJ": {"Atk": 0.5373091243961391, "Def": 0.6409588301320767, "Home bonus": 0.5983934085549574, "Ext": 0.0}, "Botafogo / RJ": {"Atk": 0.8175523888341252, "Def": 1.2649609155670778, "Home bonus": 0.1420520006556458, "Ext": 0.1}, "Ava\u00ed / SC": {"Atk": 0.40471248565077783, "Def": 0.7354265001389119, "Home bonus": 0.12738156755397684, "Ext": 0.1}, "Goi\u00e1s / GO": {"Atk": 0.4742717424903829, "Def": 0.6422957121648647, "Home bonus": 0.8944480511512963, "Ext": 0.1}, "CSA / AL": {"Atk": 0.12126796630860265, "Def": 0.8381960168764685, "Home bonus": 0.4703026261036808, "Ext": 0.0}}