{"Cear\u00e1 / CE": {"Atk": 1.0, "Def": 1.2361702838965845, "Ext": 0.2863132054549659}, "Bahia / BA": {"Atk": 1.4235285434043465, "Def": 1.473244150706475, "Ext": 0.044472990900686155}, "Sampaio Corr\u00eaa / MA": {"Atk": 0.6430835020328964, "Def": 0.8022725893902609, "Ext": 0.10977375080972256}, "Oeste / SP": {"Atk": 0.5729645535464498, "Def": 1.1571520246395526, "Ext": 0.20678613002202975}, "Vila Nova / GO": {"Atk": 1.1026344366751661, "Def": 1.1558036379370666, "Ext": 0.2852659725307328}, "Luverdense / MT": {"Atk": 0.8179739636894314, "Def": 1.7494526056116406, "Ext": 0.33450429767877793}, "Tupi / MG": {"Atk": 0.9715160397823355, "Def": 0.8023831047731826, "Ext": 0.03954809991359988}, "Brasil / RS": {"Atk": 1.0510344484755847, "Def": 1.0947534199948792, "Ext": 0.0}, "Londrina / PR": {"Atk": 0.8453113666631966, "Def": 2.15954489694522, "Ext": 0.12796566309838636}, "Crici\u00fama / SC": {"Atk": 1.2459178522433294, "Def": 0.9197863737097078, "Ext": 0.0}, "N\u00e1utico / PE": {"Atk": 1.4437979403703811, "Def": 1.024111809796446, "Ext": 0.0}, "CRB / AL": {"Atk": 1.4945281030384987, "Def": 0.765309560985237, "Ext": 0.0518299896019584}, "Paysandu / PA": {"Atk": 0.9937939299843926, "Def": 1.0396278196210047, "Ext": 0.0}, "Red Bull Bragantino / SP": {"Atk": 0.7298487766684568, "Def": 0.8142518526469055, "Ext": 0.0}, "Goi\u00e1s / GO": {"Atk": 1.0590413247344375, "Def": 1.1108174234666903, "Ext": 0.2121573438044658}, "Vasco da Gama / RJ": {"Atk": 1.4872713698169469, "Def": 1.0107961088168025, "Ext": 0.0}, "Atl\u00e9tico / GO": {"Atk": 1.1284911344059325, "Def": 2.4318181108866552, "Ext": 0.4073441812870997}, "Joinville / SC": {"Atk": 0.5478478831523014, "Def": 1.1956601155571733, "Ext": 0.061600332593876636}, "Paran\u00e1 / PR": {"Atk": 0.9156595461812969, "Def": 0.8609933571225944, "Ext": 0.11751344227321403}, "Ava\u00ed / SC": {"Atk": 1.1461680194599524, "Def": 1.2965392574831602, "Ext": 0.0}}