{"Vasco da Gama / RJ": {"Atk": 1.0, "Def": 0.5490832475779035, "Ext": 0.1}, "Fluminense / RJ": {"Atk": 0.8132381063833937, "Def": 0.7735995090087324, "Ext": 0.1}, "Corinthians / SP": {"Atk": 0.5404941970577847, "Def": 2.3173752458533157, "Ext": 0.0}, "Vit\u00f3ria / BA": {"Atk": 0.8394394888236394, "Def": 0.7387803564179579, "Ext": 0.1}, "Gr\u00eamio / RS": {"Atk": 0.8458025681059428, "Def": 1.1254107224170904, "Ext": 0.0}, "Ponte Preta / SP": {"Atk": 0.6914633851914416, "Def": 0.6001465755994309, "Ext": 0.1}, "Crici\u00fama / SC": {"Atk": 0.8974228883882293, "Def": 0.5783494400900667, "Ext": 0.0}, "Cruzeiro / MG": {"Atk": 1.5449136633664755, "Def": 1.3093360173619204, "Ext": 0.1}, "Coritiba / PR": {"Atk": 0.8008381981424768, "Def": 0.8263798658060153, "Ext": 0.1}, "Santos / SP": {"Atk": 0.822607305060198, "Def": 1.093489881435145, "Ext": 0.0}, "Botafogo / RJ": {"Atk": 1.2012400458785797, "Def": 0.8775929394157198, "Ext": 0.1}, "Flamengo / RJ": {"Atk": 0.6888532199745451, "Def": 0.7954346652319505, "Ext": 0.0}, "S\u00e3o Paulo / SP": {"Atk": 0.6049158782499117, "Def": 0.9742520476747756, "Ext": 0.0}, "Bahia / BA": {"Atk": 0.7811786868709736, "Def": 0.8324050028607966, "Ext": 0.0}, "Internacional / RS": {"Atk": 1.0630244164466427, "Def": 0.7482050336803646, "Ext": 0.1}, "Goi\u00e1s / GO": {"Atk": 0.7918830712228547, "Def": 0.894399429861982, "Ext": 0.1}, "N\u00e1utico / PE": {"Atk": 0.2683275472311516, "Def": 0.5564618293295845, "Ext": 0.0}, "Atl\u00e9tico / MG": {"Atk": 0.7757573818260887, "Def": 0.9925831478911457, "Ext": 0.0}, "Athletico Paranaense / PR": {"Atk": 1.2401844719906843, "Def": 0.8756191151628054, "Ext": 0.1}, "Portuguesa / SP": {"Atk": 0.9659174235304, "Def": 0.6700957583107958, "Ext": 0.1}, "Home bonus": 0.36583284692559437}