{"Palmeiras / SP": {"Home": {"Atk": 0.8164241857901556, "Def": 0.7276812675471525}, "Away": {"Atk": 0.7732151361220263, "Def": 0.6585689003296666}}, "Flamengo / RJ": {"Home": {"Atk": 0.7242122603595855, "Def": 0.6006727811361301}, "Away": {"Atk": 0.619715171290166, "Def": 0.6315181537562442}}, "Atl\u00e9tico / MG": {"Home": {"Atk": 0.9318974319822984, "Def": 0.4768575457015381}, "Away": {"Atk": 0.6935630889846742, "Def": 0.3939359709189225}}, "Coritiba / PR": {"Home": {"Atk": 0.683000843127822, "Def": 0.5801358461401082}, "Away": {"Atk": 0.368519366355143, "Def": 0.5183769087941666}}, "Botafogo / RJ": {"Home": {"Atk": 0.6340165085940138, "Def": 0.5753619026459769}, "Away": {"Atk": 0.4494272692002347, "Def": 0.5546185294818571}}, "Santa Cruz / PE": {"Home": {"Atk": 0.6531665627094961, "Def": 0.3580769435019474}, "Away": {"Atk": 0.5625593637440329, "Def": 0.32770924245935984}}, "Corinthians / SP": {"Home": {"Atk": 0.6417264402987516, "Def": 0.8767193349362056}, "Away": {"Atk": 0.5862141887650436, "Def": 0.43207428943461845}}, "Figueirense / SC": {"Home": {"Atk": 0.5030984606413104, "Def": 0.6219611342728572}, "Away": {"Atk": 0.2789146675976068, "Def": 0.37781726327470827}}, "Am\u00e9rica / MG": {"Home": {"Atk": 0.3143775117810436, "Def": 0.4963629124530493}, "Away": {"Atk": 0.3030770104048432, "Def": 0.3292840671304896}}, "Internacional / RS": {"Home": {"Atk": 0.4960403558543331, "Def": 0.6551437691487477}, "Away": {"Atk": 0.4034989916742762, "Def": 0.48706106766350427}}, "Vit\u00f3ria / BA": {"Home": {"Atk": 0.7146139989631342, "Def": 0.4015637138673073}, "Away": {"Atk": 0.6230287847032485, "Def": 0.43692544975298975}}, "Fluminense / RJ": {"Home": {"Atk": 0.7129067688069626, "Def": 0.4079389630962096}, "Away": {"Atk": 0.4445193395174831, "Def": 0.6034561376568471}}, "Cruzeiro / MG": {"Home": {"Atk": 0.6456610485395281, "Def": 0.3782551879804119}, "Away": {"Atk": 0.5662769472297667, "Def": 0.5539022549111229}}, "Santos / SP": {"Home": {"Atk": 0.8876197117726004, "Def": 0.842712572398522}, "Away": {"Atk": 0.6569553674967746, "Def": 0.5207489409833876}}, "Athletico Paranaense / PR": {"Home": {"Atk": 0.6623868510120201, "Def": 1.5497098845469877}, "Away": {"Atk": 0.309412972154247, "Def": 0.48934982028517965}}, "Chapecoense / SC": {"Home": {"Atk": 0.6354803965656255, "Def": 0.420346912547989}, "Away": {"Atk": 0.7096891189363193, "Def": 0.3984320987444998}}, "S\u00e3o Paulo / SP": {"Home": {"Atk": 0.6070229190616491, "Def": 0.7106406851766355}, "Away": {"Atk": 0.4311716078210138, "Def": 0.5555831752687026}}, "Gr\u00eamio / RS": {"Home": {"Atk": 0.5497985930538968, "Def": 0.9241312666886935}, "Away": {"Atk": 0.541094975115505, "Def": 0.38895831779072887}}, "Ponte Preta / SP": {"Home": {"Atk": 0.7796233166934441, "Def": 0.5235637239710642}, "Away": {"Atk": 0.43748116270770443, "Def": 0.3707587009055268}}, "Sport / PE": {"Home": {"Atk": 0.7924098532278454, "Def": 0.43089308934230997}, "Away": {"Atk": 0.47231892194637204, "Def": 0.38158925135336913}}}