{"Cear\u00e1 / CE": {"Atk": 1.0, "Def": 0.6281705291012318, "Home bonus": 0.0, "Ext": 0.1}, "Bahia / BA": {"Atk": 0.5667284373143836, "Def": 0.9165518880210526, "Home bonus": 0.5917874309582316, "Ext": 0.1}, "Sampaio Corr\u00eaa / MA": {"Atk": 0.22784235347752307, "Def": 0.46664285647873355, "Home bonus": 0.5417185190836007, "Ext": 0.1}, "Oeste / SP": {"Atk": 0.5900286156016956, "Def": 0.600946276980665, "Home bonus": 0.0, "Ext": 0.1}, "Vila Nova / GO": {"Atk": 0.930886643220272, "Def": 0.4828697377870684, "Home bonus": 0.0, "Ext": 0.1}, "Luverdense / MT": {"Atk": 0.5157784328572197, "Def": 0.7376362741456789, "Home bonus": 0.40815727372219246, "Ext": 0.1}, "Tupi / MG": {"Atk": 0.23559086361015513, "Def": 0.5601452193518957, "Home bonus": 1.0461438260154443, "Ext": 0.1}, "Brasil / RS": {"Atk": 0.30336721248138027, "Def": 0.7404036524305163, "Home bonus": 1.026675626816488, "Ext": 0.0}, "Londrina / PR": {"Atk": 0.5534164692108159, "Def": 0.8767986190091415, "Home bonus": 0.0, "Ext": 0.1}, "Crici\u00fama / SC": {"Atk": 0.466222983753602, "Def": 0.5096967548003649, "Home bonus": 1.3618073989667092, "Ext": 0.1}, "N\u00e1utico / PE": {"Atk": 0.5641330159668831, "Def": 0.5460486174619618, "Home bonus": 1.6155821888273922, "Ext": 0.1}, "CRB / AL": {"Atk": 1.0531272416116941, "Def": 0.45026990236161263, "Home bonus": 0.0, "Ext": 0.0}, "Paysandu / PA": {"Atk": 0.39292455437749385, "Def": 0.7586333632086338, "Home bonus": 0.3827247357028267, "Ext": 0.1}, "Red Bull Bragantino / SP": {"Atk": 0.5156686657069064, "Def": 0.6922619366351014, "Home bonus": 0.018451335743915886, "Ext": 0.0}, "Goi\u00e1s / GO": {"Atk": 0.49035910648865005, "Def": 0.5063003279610909, "Home bonus": 0.6243346401149501, "Ext": 0.1}, "Vasco da Gama / RJ": {"Atk": 1.0630377616969922, "Def": 0.5990979841342389, "Home bonus": 0.1265323555894409, "Ext": 0.1}, "Atl\u00e9tico / GO": {"Atk": 0.5502062292036494, "Def": 1.0604934489470106, "Home bonus": 0.6981485243701041, "Ext": 0.1}, "Joinville / SC": {"Atk": 0.3599691051528841, "Def": 0.6428435817495193, "Home bonus": 0.13684812588214282, "Ext": 0.0}, "Paran\u00e1 / PR": {"Atk": 0.5609651400154845, "Def": 1.1002787234073281, "Home bonus": 0.0, "Ext": 0.1}, "Ava\u00ed / SC": {"Atk": 0.31307200874005087, "Def": 0.7985237122175237, "Home bonus": 1.2309995184241849, "Ext": 0.1}}