{"Vasco da Gama / RJ": {"Home": {"Atk": 1.0, "Def": 0.3366474844345949}, "Away": {"Atk": 0.6410590456988803, "Def": 0.5434705409982219}, "Ext": 0.0}, "Fluminense / RJ": {"Home": {"Atk": 0.697526813018493, "Def": 0.595387515849937}, "Away": {"Atk": 0.23045033047636396, "Def": 1.05354523119243}, "Ext": 0.2775276036120464}, "Corinthians / SP": {"Home": {"Atk": 0.7777845824286269, "Def": 1.684356773852683}, "Away": {"Atk": 0.2612697899478189, "Def": 1.1419396734298362}, "Ext": 0.0}, "Vit\u00f3ria / BA": {"Home": {"Atk": 0.5741022761336213, "Def": 3.031988156547204}, "Away": {"Atk": 0.3819966179607625, "Def": 0.622876160944179}, "Ext": 0.45709586961260706}, "Gr\u00eamio / RS": {"Home": {"Atk": 0.986926634103165, "Def": 0.5580003260493498}, "Away": {"Atk": 0.5208369723755478, "Def": 0.9965134217684373}, "Ext": 0.0}, "Ponte Preta / SP": {"Home": {"Atk": 0.7025625393488257, "Def": 0.3523957953414011}, "Away": {"Atk": 0.3932818056442853, "Def": 0.6627069397080133}, "Ext": 0.0}, "Crici\u00fama / SC": {"Home": {"Atk": 1.0617390416037145, "Def": 0.2984611991351959}, "Away": {"Atk": 0.636822186109461, "Def": 0.4515209575337346}, "Ext": 0.0}, "Cruzeiro / MG": {"Home": {"Atk": 1.989692333449519, "Def": 0.644369992209104}, "Away": {"Atk": 0.7802366296701452, "Def": 0.9410310837142679}, "Ext": 0.0}, "Coritiba / PR": {"Home": {"Atk": 0.7118097185212479, "Def": 0.7474841792411437}, "Away": {"Atk": 0.13117316639104165, "Def": 0.8855705979491105}, "Ext": 0.426281502794925}, "Santos / SP": {"Home": {"Atk": 1.0454783276743205, "Def": 0.6108818993628632}, "Away": {"Atk": 0.38617932992068, "Def": 0.7885826179213967}, "Ext": 0.0}, "Botafogo / RJ": {"Home": {"Atk": 0.9752750555839576, "Def": 0.5890720328305884}, "Away": {"Atk": 0.7317019807695213, "Def": 0.7233010734841407}, "Ext": 0.0}, "Flamengo / RJ": {"Home": {"Atk": 0.8450648250187368, "Def": 0.43000494466934563}, "Away": {"Atk": 0.37424119118234417, "Def": 0.9800979088361667}, "Ext": 0.0}, "S\u00e3o Paulo / SP": {"Home": {"Atk": 0.7708981357211577, "Def": 0.3700308239379093}, "Away": {"Atk": 0.33225655045298863, "Def": 1.4154763477416212}, "Ext": 0.0}, "Bahia / BA": {"Home": {"Atk": 0.8857934910500778, "Def": 0.48423960486542716}, "Away": {"Atk": 0.4078224075825939, "Def": 0.6925303840873956}, "Ext": 0.0}, "Internacional / RS": {"Home": {"Atk": 0.6368049439667566, "Def": 0.6804064844163579}, "Away": {"Atk": 0.30720210010859395, "Def": 1.0591241457485783}, "Ext": 0.5470158333661476}, "Goi\u00e1s / GO": {"Home": {"Atk": 0.5210412333450519, "Def": 1.0307386603476854}, "Away": {"Atk": 0.2925391430623177, "Def": 0.9211085022750346}, "Ext": 0.3548195093856771}, "N\u00e1utico / PE": {"Home": {"Atk": 0.6434806541345423, "Def": 0.22889668204794347}, "Away": {"Atk": 0.1906560296201719, "Def": 0.6136318320052258}, "Ext": 0.0}, "Atl\u00e9tico / MG": {"Home": {"Atk": 1.4653287966991309, "Def": 0.5873233781922704}, "Away": {"Atk": 0.1503069564453919, "Def": 0.8046878797402238}, "Ext": 0.0}, "Athletico Paranaense / PR": {"Home": {"Atk": 0.6989731695602069, "Def": 1.209724568264196}, "Away": {"Atk": 0.39214278609633346, "Def": 1.6955766352279733}, "Ext": 0.6940732805478929}, "Portuguesa / SP": {"Home": {"Atk": 1.3436101892521022, "Def": 0.5688862020600026}, "Away": {"Atk": 0.2693696238581712, "Def": 0.656372434683402}, "Ext": 0.27157672372389474}}