{"Guarani / SP": {"Atk": 1.0, "Def": 0.5574312665993957, "Ext": 0.0}, "Botafogo / SP": {"Atk": 0.3689081672624167, "Def": 0.884454506567926, "Ext": 0.10665490914692655}, "S\u00e3o Bento / SP": {"Atk": 0.23276661988211947, "Def": 0.6429269941226212, "Ext": 0.5102566874780927}, "Vila Nova / GO": {"Atk": 0.2540764561883213, "Def": 0.9230892707233009, "Ext": 0.3808879715455179}, "Coritiba / PR": {"Atk": 0.4041659532168061, "Def": 0.8694387304429245, "Ext": 0.6196819537247312}, "Oper\u00e1rio / PR": {"Atk": 0.36074119937161786, "Def": 0.5796561011109342, "Ext": 0.10883896882505839}, "Crici\u00fama / SC": {"Atk": 0.208537281598358, "Def": 0.5233074273024023, "Ext": 0.0}, "Brasil / RS": {"Atk": 0.16400083722652517, "Def": 0.6775514365323486, "Ext": 0.2588704738072021}, "Sport / PE": {"Atk": 0.33816979978992046, "Def": 0.8886741535887185, "Ext": 0.36099367535586047}, "CRB / AL": {"Atk": 0.5251626867087789, "Def": 0.6002286650855188, "Ext": 0.36988354072554175}, "Ponte Preta / SP": {"Atk": 0.47547472872728097, "Def": 0.6659844639866896, "Ext": 0.13302619256013382}, "Red Bull Bragantino / SP": {"Atk": 0.5876481986391607, "Def": 0.8478390583450742, "Ext": 0.5112822656756872}, "Oeste / SP": {"Atk": 0.28893911238996806, "Def": 0.8898891748646306, "Ext": 0.6882772390909841}, "Atl\u00e9tico / GO": {"Atk": 0.5432102662763325, "Def": 0.6749927923679155, "Ext": 0.06444840976470545}, "Paran\u00e1 / PR": {"Atk": 0.3088317028328501, "Def": 1.0580171331162775, "Ext": 0.07813418052741926}, "Londrina / PR": {"Atk": 0.4914106117516368, "Def": 0.6217500005474866, "Ext": 0.0485693631417063}, "Figueirense / SC": {"Atk": 0.4775341402258121, "Def": 0.6764476751248962, "Ext": 0.07508352439595924}, "Am\u00e9rica / MG": {"Atk": 0.21669908557409134, "Def": 0.5745134706398772, "Ext": 0.6006181704589293}, "Vit\u00f3ria / BA": {"Atk": 0.2699614718883969, "Def": 0.5169194154587904, "Ext": 0.40445758001765963}, "Cuiab\u00e1 / MT": {"Atk": 0.34060874467748214, "Def": 0.7744014691058608, "Ext": 0.3753008355043962}, "Home bonus": 0.26027535298654075}