{"Cruzeiro / MG": {"Atk": 1.0, "Def": 8.941383860462942}, "Athletico Paranaense / PR": {"Atk": 0.9788236206119774, "Def": 2.4863691139171085}, "Am\u00e9rica / MG": {"Atk": 2.1552405535818924, "Def": 2.03108987638351}, "Vit\u00f3ria / BA": {"Atk": 2.611786838638703, "Def": 1.6275555578488532}, "Vasco da Gama / RJ": {"Atk": 2.9438671321201153, "Def": 1.8754748848940421}, "Botafogo / RJ": {"Atk": 2.7231918280687184, "Def": 2.843160695525729}, "S\u00e3o Paulo / SP": {"Atk": 2.748320788147848, "Def": 3.682199469500162}, "Santos / SP": {"Atk": 2.528480061337917, "Def": 1.7064604694399528}, "Corinthians / SP": {"Atk": 1.8483244233980813, "Def": 5.320561835125462}, "Internacional / RS": {"Atk": 2.7496199084781803, "Def": 6.016089575134476}, "Atl\u00e9tico / MG": {"Atk": 4.558220111832302, "Def": 1.8316745378529604}, "Paran\u00e1 / PR": {"Atk": 0.9208643396284323, "Def": 1.86642414283594}, "Chapecoense / SC": {"Atk": 1.8002010244157436, "Def": 2.2155730570347036}, "Bahia / BA": {"Atk": 0.9542333613277303, "Def": 2.129877001241019}, "Fluminense / RJ": {"Atk": 2.5860973556114413, "Def": 2.0586374282114237}, "Flamengo / RJ": {"Atk": 3.347799587199498, "Def": 10.76580344834612}, "Cear\u00e1 / CE": {"Atk": 1.1302226966660747, "Def": 2.079510152161453}, "Sport / PE": {"Atk": 2.896447930168291, "Def": 2.5942109520577152}, "Palmeiras / SP": {"Atk": 4.15842738378105, "Def": 3.1954150019023664}, "Gr\u00eamio / RS": {"Atk": 1.8489736369410057, "Def": 6.46781114006808}, "Home bonus": 0.5922694509796813}