{"Gr\u00eamio / RS": {"Atk": 1.0, "Def": 1.0706177686182703, "Ext": 0.3021771641547008}, "Atl\u00e9tico / MG": {"Atk": 0.9549501894011303, "Def": 0.6541763598238303, "Ext": 0.0}, "Cear\u00e1 / CE": {"Atk": 0.6735663772235398, "Def": 0.8022931314991495, "Ext": 0.0}, "Palmeiras / SP": {"Atk": 1.1834827991971346, "Def": 1.2687461892387275, "Ext": 0.10978852577963247}, "S\u00e3o Paulo / SP": {"Atk": 0.7322797916671858, "Def": 1.5039070512642236, "Ext": 0.10135510838551981}, "Flamengo / RJ": {"Atk": 1.5123750011958608, "Def": 1.1482440319692122, "Ext": 0.13348361261826866}, "Fluminense / RJ": {"Atk": 0.6703007315862355, "Def": 0.6636393076291212, "Ext": 0.10541428180441172}, "Chapecoense / SC": {"Atk": 0.614122973994603, "Def": 0.5626185054959607, "Ext": 0.0}, "Bahia / BA": {"Atk": 0.7085887207089011, "Def": 1.4683894938691642, "Ext": 0.23226542929914734}, "Athletico Paranaense / PR": {"Atk": 1.0991679893774284, "Def": 0.8050232413912071, "Ext": 0.0}, "Internacional / RS": {"Atk": 0.8245924604601496, "Def": 1.1370645527672145, "Ext": 0.12365904577382206}, "Cruzeiro / MG": {"Atk": 0.3664364571277851, "Def": 0.7877718639473993, "Ext": 0.24293782038024087}, "Fortaleza / CE": {"Atk": 0.8859549856456149, "Def": 0.5811797471111246, "Ext": 0.0}, "Corinthians / SP": {"Atk": 0.6150830501276084, "Def": 3.108213351326409, "Ext": 0.22026180830697845}, "Santos / SP": {"Atk": 1.1308741379605924, "Def": 0.8028729569860378, "Ext": 0.0}, "Vasco da Gama / RJ": {"Atk": 0.7016220044500225, "Def": 0.6669902607276101, "Ext": 0.0}, "Botafogo / RJ": {"Atk": 0.502576031945684, "Def": 0.9069440937994975, "Ext": 0.11348630319415567}, "Ava\u00ed / SC": {"Atk": 0.27915820715244394, "Def": 0.6008498158747257, "Ext": 0.1291421709918292}, "Goi\u00e1s / GO": {"Atk": 0.7842573998425033, "Def": 0.5688157403815692, "Ext": 0.0}, "CSA / AL": {"Atk": 0.4090472439438972, "Def": 0.5910417797438822, "Ext": 0.0}}