{"Guarani / SP": {"Atk": 1.0, "Def": 1.5642966587190494, "Home bonus": 0.7520691417728619}, "Vila Nova / GO": {"Atk": 1.338011148985198, "Def": 2.83222230992546, "Home bonus": 0.0}, "Crici\u00fama / SC": {"Atk": 0.9502815983293733, "Def": 1.5134713813127507, "Home bonus": 0.5033097482852975}, "Ituano / SP": {"Atk": 0.7789130864390479, "Def": 1.1620797720866398, "Home bonus": 0.618237979595534}, "Mirassol / SP": {"Atk": 1.034362368621815, "Def": 1.2466516703062591, "Home bonus": 0.2820157162659256}, "Vit\u00f3ria / BA": {"Atk": 1.372547333096291, "Def": 1.6464038960069736, "Home bonus": 0.5148798332451499}, "Sampaio Corr\u00eaa / MA": {"Atk": 0.5190575073348799, "Def": 1.0299739608372336, "Home bonus": 0.49612412305868775}, "Juventude / RS": {"Atk": 1.2272591529912613, "Def": 1.5446321249318802, "Home bonus": 0.0}, "Londrina / PR": {"Atk": 0.4744169948346152, "Def": 0.7992745128238253, "Home bonus": 0.8330494321928341}, "CRB / AL": {"Atk": 1.0865976299251494, "Def": 0.9821047088528209, "Home bonus": 0.22480124742282695}, "Ponte Preta / SP": {"Atk": 0.38754944175723904, "Def": 1.6838652488510382, "Home bonus": 0.5684066131277816}, "Atl\u00e9tico / GO": {"Atk": 1.3036387266478584, "Def": 0.754940331762793, "Home bonus": 0.4616806024134733}, "Ava\u00ed / SC": {"Atk": 1.0955947756185211, "Def": 0.8377704421889955, "Home bonus": 0.0}, "Botafogo / SP": {"Atk": 0.7858615496889705, "Def": 1.031927793316328, "Home bonus": 0.0}, "Novorizontino / SP": {"Atk": 1.2915950781562824, "Def": 1.6819305546027745, "Home bonus": 0.31005854697976}, "Sport / PE": {"Atk": 0.9896368771872593, "Def": 1.815253726664089, "Home bonus": 1.1119309489628086}, "Cear\u00e1 / CE": {"Atk": 1.172039945596005, "Def": 1.1464972615700457, "Home bonus": 0.0}, "Chapecoense / SC": {"Atk": 1.2404201156839307, "Def": 0.9117547657318729, "Home bonus": 0.0}, "Tombense / MG": {"Atk": 0.868849466927434, "Def": 0.7531819604609581, "Home bonus": 0.497353012215075}, "ABC / RN": {"Atk": 0.7162040135672963, "Def": 0.8642227986130547, "Home bonus": 0.0}}