{"Paran\u00e1 / PR": {"Atk": 1.0, "Def": 1.9258860323467009}, "Atl\u00e9tico / GO": {"Atk": 0.5134247758024731, "Def": 1.8202157391020575}, "Paysandu / PA": {"Atk": 0.984921026906777, "Def": 1.86217342264414}, "Mogi Mirim / SP": {"Atk": 1.3611742716008244, "Def": 0.8195813380869618}, "Vit\u00f3ria / BA": {"Atk": 1.6810517882602718, "Def": 1.7275779711791426}, "Maca\u00e9 / RJ": {"Atk": 1.574301537161158, "Def": 0.9922145287426031}, "Am\u00e9rica / MG": {"Atk": 1.509640125451065, "Def": 1.9444376289788925}, "N\u00e1utico / PE": {"Atk": 1.3441650092049002, "Def": 1.7034653449765755}, "ABC / RN": {"Atk": 1.2593197442105362, "Def": 0.849916754804849}, "CRB / AL": {"Atk": 1.0300228193477399, "Def": 1.6324905658581619}, "Bahia / BA": {"Atk": 1.572636463482016, "Def": 2.2041111063448935}, "Crici\u00fama / SC": {"Atk": 0.9696219170954531, "Def": 1.3274307939473842}, "Sampaio Corr\u00eaa / MA": {"Atk": 1.538577364200471, "Def": 1.6954571535069973}, "Santa Cruz / PE": {"Atk": 1.533007671715903, "Def": 1.4732306367094927}, "Botafogo / RJ": {"Atk": 1.5648509466470473, "Def": 3.4581189053930177}, "Red Bull Bragantino / SP": {"Atk": 1.5191588695651652, "Def": 1.1627696690907903}, "Boa / MG": {"Atk": 0.885022594721145, "Def": 1.6547713537542075}, "Oeste / SP": {"Atk": 1.2089061481949128, "Def": 1.4793199180595462}, "Cear\u00e1 / CE": {"Atk": 0.6852335958666315, "Def": 0.9589250731619818}, "Luverdense / MT": {"Atk": 0.7893849020135802, "Def": 1.6376638660634655}, "Home bonus": 0.631476448986761}