{"Ponte Preta / SP": {"Atk": 1.0, "Def": 1.2067311503948608}, "Oeste / SP": {"Atk": 0.8956753599429931, "Def": 0.9903737019114218}, "Brasil / RS": {"Atk": 0.8615990397592447, "Def": 1.0682236100353135}, "Figueirense / SC": {"Atk": 1.1570728649503041, "Def": 0.790110045648043}, "Fortaleza / CE": {"Atk": 1.2578655034932402, "Def": 1.1694811329753778}, "Vila Nova / GO": {"Atk": 0.9337985733928686, "Def": 1.140633504629918}, "Atl\u00e9tico / GO": {"Atk": 1.3195986357049916, "Def": 0.730965803402547}, "CSA / AL": {"Atk": 1.182814758205846, "Def": 1.0045756557951016}, "Londrina / PR": {"Atk": 1.113735686120258, "Def": 0.931583744503633}, "Sampaio Corr\u00eaa / MA": {"Atk": 0.8007057292340298, "Def": 0.824190052735326}, "Guarani / SP": {"Atk": 1.0603517729485215, "Def": 0.9555616671937854}, "S\u00e3o Bento / SP": {"Atk": 0.9906923683572553, "Def": 0.951913509703405}, "Juventude / RS": {"Atk": 0.6552577181217819, "Def": 0.9164002210371014}, "Ava\u00ed / SC": {"Atk": 1.2219648634314533, "Def": 1.1181591187659512}, "Crici\u00fama / SC": {"Atk": 1.0498852390243798, "Def": 0.7781523885861863}, "Goi\u00e1s / GO": {"Atk": 1.3042647759852892, "Def": 0.7508711386263569}, "Boa / MG": {"Atk": 0.6680289960989678, "Def": 0.7786396527884816}, "CRB / AL": {"Atk": 0.7878261758926073, "Def": 0.9881341719600131}, "Coritiba / PR": {"Atk": 0.982200577841521, "Def": 0.861557641670389}, "Paysandu / PA": {"Atk": 0.9604530304078635, "Def": 0.7828275714395452}}