{"Ponte Preta / SP": {"Atk": 1.0, "Def": 0.6376566153017003, "Ext": 0.0}, "CSA / AL": {"Atk": 0.11210042444650593, "Def": 0.9187162410140506, "Ext": 0.6258750352550646}, "Sport / PE": {"Atk": 0.25455816371474865, "Def": 0.8412357843871627, "Ext": 0.6417648628727217}, "Brusque / SC": {"Atk": 0.3575971461837475, "Def": 0.7196635672697046, "Ext": 0.0}, "Novorizontino / SP": {"Atk": 0.26628985552612805, "Def": 0.6224168408051516, "Ext": 0.09452438558057419}, "Londrina / PR": {"Atk": 0.44732165779437444, "Def": 0.923036336756318, "Ext": 0.14545547564714711}, "Vasco da Gama / RJ": {"Atk": 0.6247427613298425, "Def": 0.662490010333968, "Ext": 0.6228147941570478}, "Bahia / BA": {"Atk": 0.5073691747311289, "Def": 0.6889706737732381, "Ext": 0.5079639424451213}, "Tombense / MG": {"Atk": 0.5663973602161928, "Def": 0.5485477629862129, "Ext": 0.0}, "Chapecoense / SC": {"Atk": 0.29211447259105106, "Def": 0.7247032551417091, "Ext": 0.30872050235838466}, "Guarani / SP": {"Atk": 0.645320970197721, "Def": 0.547453782199709, "Ext": 0.07373318245426369}, "CRB / AL": {"Atk": 0.6111154785728332, "Def": 0.6613162434195539, "Ext": 0.3533662711438362}, "N\u00e1utico / PE": {"Atk": 0.2063360318504091, "Def": 0.5323699552213834, "Ext": 0.5316684737041396}, "Crici\u00fama / SC": {"Atk": 0.6409930582421101, "Def": 0.7230654521306525, "Ext": 0.15268124689860396}, "Ituano / SP": {"Atk": 0.35283334102551905, "Def": 0.701115393864459, "Ext": 0.6900947356691581}, "Oper\u00e1rio / PR": {"Atk": 0.35120358405223917, "Def": 0.7263895560458006, "Ext": 0.0}, "Gr\u00eamio / RS": {"Atk": 0.6471584977880196, "Def": 0.6880724328144815, "Ext": 0.0}, "Sampaio Corr\u00eaa / MA": {"Atk": 0.41974125995319617, "Def": 0.6011043549763074, "Ext": 0.3806321544803652}, "Cruzeiro / MG": {"Atk": 0.5345144670269549, "Def": 1.0475288301317178, "Ext": 0.3100877269977506}, "Vila Nova / GO": {"Atk": 0.25915579648264153, "Def": 0.9961600873865573, "Ext": 0.2746716881441478}, "Home bonus": 0.3781275432945117}