{"Palmeiras / SP": {"Atk": 1.0, "Def": 0.8742913905570417}, "Flamengo / RJ": {"Atk": 0.841238098290142, "Def": 0.8084050025047991}, "Atl\u00e9tico / MG": {"Atk": 1.0400886228520472, "Def": 0.541196200956669}, "Coritiba / PR": {"Atk": 0.6682424270690348, "Def": 0.6819078991195181}, "Botafogo / RJ": {"Atk": 0.6985214156982319, "Def": 0.7328088164153005}, "Santa Cruz / PE": {"Atk": 0.7570739725556437, "Def": 0.4124994956134039}, "Corinthians / SP": {"Atk": 0.7826357779456092, "Def": 0.6764613330999036}, "Figueirense / SC": {"Atk": 0.49311307819371214, "Def": 0.5798057590653412}, "Am\u00e9rica / MG": {"Atk": 0.3813205384382318, "Def": 0.5037132700663235}, "Internacional / RS": {"Atk": 0.5696195973478956, "Def": 0.7033522818285826}, "Vit\u00f3ria / BA": {"Atk": 0.8424067559473402, "Def": 0.5338125549950604}, "Fluminense / RJ": {"Atk": 0.7361312527731835, "Def": 0.6334331477916643}, "Cruzeiro / MG": {"Atk": 0.7889928404312653, "Def": 0.5795680383993355}, "Santos / SP": {"Atk": 0.9547785371693103, "Def": 0.8019124966098671}, "Athletico Paranaense / PR": {"Atk": 0.6122921634528429, "Def": 0.8985274763406604}, "Chapecoense / SC": {"Atk": 0.83686364397303, "Def": 0.5143904251673467}, "S\u00e3o Paulo / SP": {"Atk": 0.712364664454981, "Def": 0.7930963426126969}, "Gr\u00eamio / RS": {"Atk": 0.6697713456496496, "Def": 0.6508414592777388}, "Ponte Preta / SP": {"Atk": 0.7917550814689124, "Def": 0.546002930409056}, "Sport / PE": {"Atk": 0.8111438160913819, "Def": 0.5155265206750193}}