{"Atl\u00e9tico Mineiro / MG": {"Atk": 1.0, "Def": 0.893189350622781, "Ext": 0.1}, "Fluminense / RJ": {"Atk": 1.1805287969641987, "Def": 0.9021719772021071, "Ext": 0.1}, "S\u00e3o Paulo / SP": {"Atk": 0.9956715239443387, "Def": 0.8579775446917951, "Ext": 0.1}, "Palmeiras / SP": {"Atk": 1.3151822545783214, "Def": 1.4626829653202638, "Ext": 0.1}, "Botafogo / RJ": {"Atk": 0.7872575026972415, "Def": 0.8483369893599816, "Ext": 0.0}, "Juventude / RS": {"Atk": 0.5547498546796393, "Def": 0.5868311477808338, "Ext": 0.1}, "Fortaleza / CE": {"Atk": 0.7335059479651883, "Def": 1.031736075513581, "Ext": 0.024960082999912717}, "Atl\u00e9tico / GO": {"Atk": 0.7163100466052817, "Def": 0.6625275368954057, "Ext": 0.1}, "Ava\u00ed / SC": {"Atk": 0.6354480363120679, "Def": 0.6764971205980767, "Ext": 0.1}, "Coritiba / PR": {"Atk": 0.7762658925672743, "Def": 0.6165025938646825, "Ext": 0.1}, "Am\u00e9rica / MG": {"Atk": 0.5882809748199719, "Def": 1.0358711438408987, "Ext": 0.0}, "Flamengo / RJ": {"Atk": 1.254421854362839, "Def": 1.3908874897353458, "Ext": 0.0}, "Red Bull Bragantino / SP": {"Atk": 1.0929025158259709, "Def": 0.810101235689885, "Ext": 0.0}, "Corinthians / SP": {"Atk": 0.8819652097863087, "Def": 1.2005005175935834, "Ext": 0.0}, "Santos / SP": {"Atk": 0.7695388873475135, "Def": 1.1832226352001376, "Ext": 0.1}, "Internacional / RS": {"Atk": 1.2273903284185028, "Def": 1.0386401590801346, "Ext": 0.0}, "Cear\u00e1 / CE": {"Atk": 0.7665189615836793, "Def": 1.0790668191559403, "Ext": 0.1}, "Goi\u00e1s / GO": {"Atk": 0.8194288858784571, "Def": 0.8524708260354352, "Ext": 0.1}, "Cuiab\u00e1 / MT": {"Atk": 0.4613658816140083, "Def": 1.1523514534154058, "Ext": 0.1}, "Athletico Paranaense / PR": {"Atk": 0.9316362739949083, "Def": 0.9694922101642875, "Ext": 0.05849565136934079}, "Home bonus": 0.3705524759270883}