{"Flamengo / RJ": {"Atk": 1.0, "Def": 0.949091440268764, "Ext": 0.0}, "Fluminense / RJ": {"Atk": 1.49452622147759, "Def": 1.0487144573422604, "Ext": 0.0}, "S\u00e3o Paulo / SP": {"Atk": 1.5850696257606594, "Def": 0.913390926748593, "Ext": 0.1}, "Santos / SP": {"Atk": 1.153913057237397, "Def": 1.102095727586106, "Ext": 0.0}, "Athletico Paranaense / PR": {"Atk": 1.1076850400767047, "Def": 0.8930166831013592, "Ext": 0.0}, "Atl\u00e9tico / MG": {"Atk": 1.2804841063433443, "Def": 1.0939615814806458, "Ext": 0.1}, "Bahia / BA": {"Atk": 0.7852638200941389, "Def": 1.1133447393966787, "Ext": 0.1}, "Internacional / RS": {"Atk": 1.2509926821604582, "Def": 0.9816813057914276, "Ext": 0.0}, "Crici\u00fama / SC": {"Atk": 0.6771074256831867, "Def": 0.8387133431853724, "Ext": 0.0}, "Chapecoense / SC": {"Atk": 0.949183596293257, "Def": 0.994246408310854, "Ext": 0.0}, "Botafogo / RJ": {"Atk": 0.9010090239395122, "Def": 0.8474560996681055, "Ext": 0.0}, "Sport / PE": {"Atk": 0.7698495090280814, "Def": 0.8596928609782652, "Ext": 0.0}, "Corinthians / SP": {"Atk": 1.1295800451298108, "Def": 1.5767697692687994, "Ext": 0.1}, "Palmeiras / SP": {"Atk": 0.9951405227968129, "Def": 0.6934287677889532, "Ext": 0.0}, "Coritiba / PR": {"Atk": 0.9004197263427699, "Def": 0.9526379945614272, "Ext": 0.0}, "Cruzeiro / MG": {"Atk": 1.6894685546497237, "Def": 1.0005021810493526, "Ext": 0.08661531587275559}, "Vit\u00f3ria / BA": {"Atk": 1.0110950834813324, "Def": 0.787027676673624, "Ext": 0.1}, "Gr\u00eamio / RS": {"Atk": 0.7654291771571349, "Def": 1.912266881571944, "Ext": 0.1}, "Figueirense / SC": {"Atk": 0.965307395005013, "Def": 0.752407492950202, "Ext": 0.0}, "Goi\u00e1s / GO": {"Atk": 0.9378557733021994, "Def": 1.1237342151727676, "Ext": 0.02543232414746454}}