{"Guarani / SP": {"Atk": 1.0, "Def": 1.60503228919978, "Ext": 0.08233089896891457}, "Botafogo / SP": {"Atk": 1.4748626004343874, "Def": 1.6122723079305157, "Ext": 0.020711451304096705}, "S\u00e3o Bento / SP": {"Atk": 1.2070788374609287, "Def": 1.3999744770433533, "Ext": 0.23704296552884396}, "Vila Nova / GO": {"Atk": 1.0999635854638334, "Def": 1.4863523963096028, "Ext": 0.0}, "Coritiba / PR": {"Atk": 1.5853624010300875, "Def": 2.1356791087782003, "Ext": 0.2883807198116262}, "Oper\u00e1rio / PR": {"Atk": 1.3397568642838258, "Def": 1.4916407796531945, "Ext": 0.0}, "Crici\u00fama / SC": {"Atk": 0.971501623328256, "Def": 1.49993988557206, "Ext": 0.0}, "Brasil / RS": {"Atk": 1.1736449955878734, "Def": 1.4509482150092874, "Ext": 0.06197646502041887}, "Sport / PE": {"Atk": 1.2435238088355738, "Def": 4.627379539000466, "Ext": 0.48128902296281423}, "CRB / AL": {"Atk": 2.1091853789058543, "Def": 1.2733352809984348, "Ext": 0.0}, "Ponte Preta / SP": {"Atk": 1.0229541162091182, "Def": 2.630120353057638, "Ext": 0.2695009015530214}, "Red Bull Bragantino / SP": {"Atk": 2.533531296140241, "Def": 3.5859554019040996, "Ext": 0.0}, "Oeste / SP": {"Atk": 1.4024389613156987, "Def": 1.6934980842505576, "Ext": 0.14515257926490846}, "Atl\u00e9tico / GO": {"Atk": 1.54028219999629, "Def": 2.891361070118905, "Ext": 0.14061248275097782}, "Paran\u00e1 / PR": {"Atk": 0.8713019258372159, "Def": 2.3373171194141693, "Ext": 0.13847068674664528}, "Londrina / PR": {"Atk": 1.519700520830237, "Def": 1.3306467905307435, "Ext": 0.1926942375827387}, "Figueirense / SC": {"Atk": 1.2436448668369888, "Def": 1.5269131738914297, "Ext": 0.0}, "Am\u00e9rica / MG": {"Atk": 1.517909648052144, "Def": 1.707917430778702, "Ext": 0.043169126806558544}, "Vit\u00f3ria / BA": {"Atk": 1.2425451620218209, "Def": 1.2062254242904586, "Ext": 0.0}, "Cuiab\u00e1 / MT": {"Atk": 1.0961125470227444, "Def": 2.722312968163481, "Ext": 0.35403738242159954}}