{"Guarani / SP": {"Atk": 1.0, "Def": 1.600108443796073, "Ext": 0.08171213089442267}, "Botafogo / SP": {"Atk": 1.4710385317973849, "Def": 1.6090920066528924, "Ext": 0.020924319879685346}, "S\u00e3o Bento / SP": {"Atk": 1.2048907018215667, "Def": 1.3963714769400242, "Ext": 0.2368034911799512}, "Vila Nova / GO": {"Atk": 1.0974978083465385, "Def": 1.4829706175664068, "Ext": 0.0}, "Coritiba / PR": {"Atk": 1.5807145358137606, "Def": 2.1330205089037277, "Ext": 0.2888345025692067}, "Oper\u00e1rio / PR": {"Atk": 1.3366981074131894, "Def": 1.4882489627920308, "Ext": 0.0}, "Crici\u00fama / SC": {"Atk": 0.9690167608605552, "Def": 1.4966550136772432, "Ext": 0.0}, "Brasil / RS": {"Atk": 1.1716698285336589, "Def": 1.4470812775294923, "Ext": 0.06166783234350069}, "Sport / PE": {"Atk": 1.2412891840316325, "Def": 4.608083138027436, "Ext": 0.480974086292946}, "CRB / AL": {"Atk": 2.1046136635110924, "Def": 1.2704198611392723, "Ext": 0.0}, "Ponte Preta / SP": {"Atk": 1.0205803742071953, "Def": 2.6244860898193583, "Ext": 0.2695555069759206}, "Red Bull Bragantino / SP": {"Atk": 2.527357694004441, "Def": 3.5783967548403406, "Ext": 0.0}, "Oeste / SP": {"Atk": 1.3993393278529156, "Def": 1.689523392541335, "Ext": 0.14513153024920783}, "Atl\u00e9tico / GO": {"Atk": 1.5366903429695242, "Def": 2.8834378066925015, "Ext": 0.14052713569627429}, "Paran\u00e1 / PR": {"Atk": 0.8691302070837562, "Def": 2.332113445207388, "Ext": 0.1384740908797029}, "Londrina / PR": {"Atk": 1.5160945022019758, "Def": 1.3276148075154304, "Ext": 0.19270822588670242}, "Figueirense / SC": {"Atk": 1.2407818482340132, "Def": 1.5236278635075289, "Ext": 0.0}, "Am\u00e9rica / MG": {"Atk": 1.5144122864111302, "Def": 1.7040732142861381, "Ext": 0.04322920160527835}, "Vit\u00f3ria / BA": {"Atk": 1.239771757522739, "Def": 1.2034812018067624, "Ext": 0.0}, "Cuiab\u00e1 / MT": {"Atk": 1.0937216192956494, "Def": 2.7145206562175366, "Ext": 0.35390205593906776}}