{"Gr\u00eamio / RS": {"Atk": 1.0, "Def": 0.5680912739038148}, "Atl\u00e9tico / MG": {"Atk": 0.7763938468307103, "Def": 0.6207124469749741}, "Cear\u00e1 / CE": {"Atk": 0.6573983382336781, "Def": 0.6225522072177346}, "Palmeiras / SP": {"Atk": 0.8646255400142724, "Def": 0.9201481201538813}, "S\u00e3o Paulo / SP": {"Atk": 0.701865155427355, "Def": 0.798064617096116}, "Flamengo / RJ": {"Atk": 1.0615818062189115, "Def": 0.7529462294999185}, "Fluminense / RJ": {"Atk": 0.6199464541389705, "Def": 0.3559526556518863}, "Chapecoense / SC": {"Atk": 0.5664862417253396, "Def": 0.45165167711882853}, "Bahia / BA": {"Atk": 0.6413139286212023, "Def": 0.7643034778215599}, "Athletico Paranaense / PR": {"Atk": 0.766680588961328, "Def": 0.8200207046814487}, "Internacional / RS": {"Atk": 1.0128487347351591, "Def": 0.6523644204931407}, "Cruzeiro / MG": {"Atk": 0.5969028058991549, "Def": 0.471919164268474}, "Fortaleza / CE": {"Atk": 0.6716075092008026, "Def": 0.48172970290359024}, "Corinthians / SP": {"Atk": 0.6602736937834875, "Def": 0.8339547413749114}, "Santos / SP": {"Atk": 0.9036899079293312, "Def": 0.6668721601874977}, "Vasco da Gama / RJ": {"Atk": 0.6247829646880337, "Def": 0.524763935798382}, "Botafogo / RJ": {"Atk": 0.5584177746943003, "Def": 0.6250447025535432}, "Ava\u00ed / SC": {"Atk": 0.30055108009605874, "Def": 0.53654751933799}, "Goi\u00e1s / GO": {"Atk": 0.5436038973440389, "Def": 0.43282795690351267}, "CSA / AL": {"Atk": 0.3013903836003896, "Def": 0.5013951900935285}}