{"Flamengo / RJ": {"Atk": 1.0, "Def": 0.6151180102733919}, "Corinthians / SP": {"Atk": 0.5577116168405664, "Def": 0.6678167649793435}, "S\u00e3o Paulo / SP": {"Atk": 0.4236620421802739, "Def": 0.598328598474767}, "Atl\u00e9tico Mineiro / MG": {"Atk": 0.789773103506601, "Def": 0.9552653970621632}, "Internacional / RS": {"Atk": 0.5893001947247913, "Def": 0.6147386945736125}, "Cear\u00e1 / CE": {"Atk": 0.42661047472721647, "Def": 0.6242869058525207}, "Bahia / BA": {"Atk": 0.593685211028379, "Def": 0.36863577884244614}, "Athletico Paranaense / PR": {"Atk": 0.7231122753815299, "Def": 0.4651859046862554}, "Chapecoense / SC": {"Atk": 0.44123300991143344, "Def": 0.39166167067789087}, "Cuiab\u00e1 / MT": {"Atk": 0.5368832571089904, "Def": 0.54125965553492}, "Fluminense / RJ": {"Atk": 0.5122140730335443, "Def": 0.5366294642513109}, "Palmeiras / SP": {"Atk": 0.811233158566019, "Def": 0.49260509685536563}, "Santos / SP": {"Atk": 0.4737361826478558, "Def": 0.5045887180604907}, "Am\u00e9rica / MG": {"Atk": 0.48593182439659144, "Def": 0.6374814037577455}, "Gr\u00eamio / RS": {"Atk": 0.49209220631680906, "Def": 0.4993941346458699}, "Fortaleza / CE": {"Atk": 0.7200346682842339, "Def": 0.5546138179780051}, "Sport / PE": {"Atk": 0.27472117039548255, "Def": 0.7493876942259582}, "Red Bull Bragantino / SP": {"Atk": 0.769620996372053, "Def": 0.5167037698433562}, "Juventude / RS": {"Atk": 0.48191081653149853, "Def": 0.5162511299636647}, "Atl\u00e9tico / GO": {"Atk": 0.43064920475538965, "Def": 0.6315973649314476}, "Home bonus": 0.14335582133039448}