{"Gr\u00eamio / RS": {"Atk": 1.0, "Def": 0.702933913852668, "Home bonus": 0.6462460036606174}, "Atl\u00e9tico / MG": {"Atk": 0.7044047192775618, "Def": 0.6399871659969889, "Home bonus": 0.5792909934511379}, "Cear\u00e1 / CE": {"Atk": 0.5091041813834549, "Def": 0.7974997609783796, "Home bonus": 0.513635765675176}, "Palmeiras / SP": {"Atk": 0.8575729177689141, "Def": 1.3199908373679912, "Home bonus": 1.121553518610722}, "S\u00e3o Paulo / SP": {"Atk": 0.621604152557869, "Def": 1.3257396022047494, "Home bonus": 0.5038143718106463}, "Flamengo / RJ": {"Atk": 1.173503810541873, "Def": 1.0042122002123786, "Home bonus": 1.1384951549949507}, "Fluminense / RJ": {"Atk": 0.8429760100362165, "Def": 0.5791543118430814, "Home bonus": 0.012769084109409221}, "Chapecoense / SC": {"Atk": 0.6415291061301004, "Def": 0.5840530311327902, "Home bonus": 0.0}, "Bahia / BA": {"Atk": 0.7022545588737062, "Def": 1.054201889989353, "Home bonus": 0.5960169762984057}, "Athletico Paranaense / PR": {"Atk": 1.0703884091262532, "Def": 0.9156854951153008, "Home bonus": 0.0}, "Internacional / RS": {"Atk": 0.5963287209362588, "Def": 0.9493535850316358, "Home bonus": 0.919914831027817}, "Cruzeiro / MG": {"Atk": 0.5420847923088405, "Def": 0.5889336970181185, "Home bonus": 0.20168423258858748}, "Fortaleza / CE": {"Atk": 0.8897525490521373, "Def": 0.6135227377152503, "Home bonus": 0.0}, "Corinthians / SP": {"Atk": 0.5967814881672627, "Def": 1.6159844154713514, "Home bonus": 0.5368701875900387}, "Santos / SP": {"Atk": 0.693126785542173, "Def": 0.8636980335816092, "Home bonus": 1.123966262158108}, "Vasco da Gama / RJ": {"Atk": 0.5823899491643348, "Def": 0.6166922577488467, "Home bonus": 0.3513099167890903}, "Botafogo / RJ": {"Atk": 0.5232507202359005, "Def": 0.8979319436770926, "Home bonus": 0.3023243673050189}, "Ava\u00ed / SC": {"Atk": 0.4302269433977265, "Def": 0.5552333535736891, "Home bonus": 0.01883048381470889}, "Goi\u00e1s / GO": {"Atk": 0.4475548614671771, "Def": 0.6678465728414772, "Home bonus": 0.8725166081271274}, "CSA / AL": {"Atk": 0.33709628714114553, "Def": 0.6280276981756604, "Home bonus": 0.3411206197169168}}