{"Vasco da Gama / RJ": {"Atk": 1.0, "Def": 0.3860999715983285, "Home bonus": 0.0, "Ext": 0.0}, "Fluminense / RJ": {"Atk": 0.5799184120691773, "Def": 0.8555075716487383, "Home bonus": 0.19086896110489027, "Ext": 0.20129625908444307}, "Corinthians / SP": {"Atk": 0.34184753638514626, "Def": 1.6959438558347715, "Home bonus": 0.5735255238208511, "Ext": 0.0}, "Vit\u00f3ria / BA": {"Atk": 0.5196768827536283, "Def": 1.223993057615491, "Home bonus": 0.16884431448851203, "Ext": 0.4033334131594517}, "Gr\u00eamio / RS": {"Atk": 0.7523708723325097, "Def": 0.9426157084862027, "Home bonus": 0.34597351413556815, "Ext": 0.0}, "Ponte Preta / SP": {"Atk": 0.5242899965499636, "Def": 0.6450189194333567, "Home bonus": 0.16341070711671535, "Ext": 0.0}, "Crici\u00fama / SC": {"Atk": 0.8902591424505794, "Def": 0.37858025749536883, "Home bonus": 0.26647086054781294, "Ext": 0.0}, "Cruzeiro / MG": {"Atk": 1.1608706609011983, "Def": 1.1530867881659697, "Home bonus": 1.0546634020010452, "Ext": 0.03702149012663623}, "Coritiba / PR": {"Atk": 0.09674786469230899, "Def": 3.178923371544334, "Home bonus": 0.6182108613681621, "Ext": 0.6205229248265054}, "Santos / SP": {"Atk": 0.493867375833892, "Def": 1.2914108832071263, "Home bonus": 0.35959115414637, "Ext": 0.24542871168741964}, "Botafogo / RJ": {"Atk": 0.9283646713235543, "Def": 0.7406224189784596, "Home bonus": 0.46445034541460123, "Ext": 0.0}, "Flamengo / RJ": {"Atk": 0.5318827636962349, "Def": 0.7578868002301162, "Home bonus": 0.290605548017158, "Ext": 0.0}, "S\u00e3o Paulo / SP": {"Atk": 0.5887900031249437, "Def": 0.7884847602655308, "Home bonus": 0.0, "Ext": 0.0}, "Bahia / BA": {"Atk": 0.5599296315405365, "Def": 0.7238725635260609, "Home bonus": 0.37925885009046334, "Ext": 0.0}, "Internacional / RS": {"Atk": 0.5809384443840236, "Def": 1.402077027550571, "Home bonus": 0.0, "Ext": 0.5771059661743725}, "Goi\u00e1s / GO": {"Atk": 0.38638402909667513, "Def": 1.1158522030316484, "Home bonus": 0.24634711446480753, "Ext": 0.31561211370146935}, "N\u00e1utico / PE": {"Atk": 0.0792854917954129, "Def": 0.4440068930196188, "Home bonus": 0.6239761104126511, "Ext": 0.0}, "Atl\u00e9tico / MG": {"Atk": 0.23330449133638645, "Def": 0.7964957388255904, "Home bonus": 1.7048262107595735, "Ext": 0.0}, "Athletico Paranaense / PR": {"Atk": 0.7220095104917061, "Def": 1.852449592155728, "Home bonus": 0.01784790187782444, "Ext": 0.7406346713348212}, "Portuguesa / SP": {"Atk": 0.27124437538285123, "Def": 0.8435085249523221, "Home bonus": 1.2866309350078284, "Ext": 0.41158187734281787}}