{"Atl\u00e9tico Mineiro / MG": {"Atk": 1.0, "Def": 1.2071198677057449}, "Fluminense / RJ": {"Atk": 1.4472840941264662, "Def": 0.9273081740411422}, "S\u00e3o Paulo / SP": {"Atk": 1.2414530033726572, "Def": 1.0802181917109528}, "Palmeiras / SP": {"Atk": 1.4814376601127277, "Def": 1.958893954742057}, "Botafogo / RJ": {"Atk": 0.9332952872785536, "Def": 1.0896846195736172}, "Juventude / RS": {"Atk": 0.6446157313263192, "Def": 0.6361631275498805}, "Fortaleza / CE": {"Atk": 0.9213531480078293, "Def": 1.2843563429946103}, "Atl\u00e9tico / GO": {"Atk": 0.8643998688125566, "Def": 0.7897759672205653}, "Ava\u00ed / SC": {"Atk": 0.6206612688856881, "Def": 0.69562942648505}, "Coritiba / PR": {"Atk": 0.837757765661521, "Def": 0.7512253612300295}, "Am\u00e9rica / MG": {"Atk": 0.7675737681871345, "Def": 1.1411921051210179}, "Flamengo / RJ": {"Atk": 1.4874362065323992, "Def": 1.4832897110628147}, "Red Bull Bragantino / SP": {"Atk": 1.2353875427472873, "Def": 0.8533747726438078}, "Corinthians / SP": {"Atk": 1.0174785408711173, "Def": 1.4738546152112655}, "Santos / SP": {"Atk": 0.9514311279654607, "Def": 1.3319882717634746}, "Internacional / RS": {"Atk": 1.2818970752581853, "Def": 1.3915077545801202}, "Cear\u00e1 / CE": {"Atk": 0.7279975262978754, "Def": 1.1172473212464644}, "Goi\u00e1s / GO": {"Atk": 0.9645107643120013, "Def": 0.9648834944722411}, "Cuiab\u00e1 / MT": {"Atk": 0.6237860915213911, "Def": 1.1366602878173226}, "Athletico Paranaense / PR": {"Atk": 1.0529944785482512, "Def": 0.9884110294326288}, "Home bonus": 0.37305568978338066}