{"Red Bull Bragantino / SP": {"Atk": 1.0, "Def": 0.8679992920883658, "Ext": 0.0}, "Ponte Preta / SP": {"Atk": 0.6280809042024663, "Def": 7.263105539168434, "Ext": 0.4774755487592737}, "Vasco da Gama / RJ": {"Atk": 1.231646852459051, "Def": 1.5075896592744573, "Ext": 0.0}, "Santa Cruz / PE": {"Atk": 0.6637534816046291, "Def": 4.424978787549545, "Ext": 0.40932997903678797}, "Sampaio Corr\u00eaa / MA": {"Atk": 1.4343731532944075, "Def": 1.555369923497382, "Ext": 0.03332243947280861}, "Cear\u00e1 / CE": {"Atk": 1.436433369879837, "Def": 1.1634646607135173, "Ext": 0.20852942277790515}, "Vila Nova / GO": {"Atk": 0.5572083107180457, "Def": 0.7817290189942027, "Ext": 0.0}, "Am\u00e9rica / RN": {"Atk": 1.5884869764407588, "Def": 0.7464072098249114, "Ext": 0.0}, "Boa / MG": {"Atk": 1.3877960895530161, "Def": 0.9238184608337359, "Ext": 0.0}, "Oeste / SP": {"Atk": 0.3674140294368247, "Def": 1.3508780611748794, "Ext": 0.4462214896968337}, "Portuguesa / SP": {"Atk": 0.9386704244348417, "Def": 0.8758025143928153, "Ext": 0.0}, "Paran\u00e1 / PR": {"Atk": 0.9713013513774365, "Def": 1.5686623376661342, "Ext": 0.10719866097217645}, "N\u00e1utico / PE": {"Atk": 1.1935666854673228, "Def": 1.0647730757933702, "Ext": 0.0}, "Luverdense / MT": {"Atk": 0.942403918477432, "Def": 1.3025284239545674, "Ext": 0.15556412324163388}, "Icasa / CE": {"Atk": 0.39025632397792137, "Def": 1.3117429354018817, "Ext": 0.0}, "Ava\u00ed / SC": {"Atk": 1.4297012008506598, "Def": 1.5439785851233812, "Ext": 0.0}, "Atl\u00e9tico / GO": {"Atk": 1.3053319289449514, "Def": 0.9712340776369638, "Ext": 0.0}, "ABC / RN": {"Atk": 0.635933430557451, "Def": 1.665289471113164, "Ext": 0.0}, "Am\u00e9rica / MG": {"Atk": 1.1991546754743692, "Def": 1.908875497439893, "Ext": 0.0}, "Joinville / SC": {"Atk": 0.7160307229999704, "Def": 3.5499982729074504, "Ext": 0.3697832132490102}, "Home bonus": 0.46479227616227076}