{"Oeste / SP": {"Home": {"Atk": 1.0, "Def": 0.7589659640481984}, "Away": {"Atk": 0.7994207548949431, "Def": 1.3214172546759269}, "Ext": 0.0}, "Boa / MG": {"Home": {"Atk": 1.1802443760139663, "Def": 0.667765956700417}, "Away": {"Atk": 0.7917908047610519, "Def": 1.877559393520447}, "Ext": 0.1}, "Figueirense / SC": {"Home": {"Atk": 3.342625966512598, "Def": 0.745449416160725}, "Away": {"Atk": 1.0180045009019745, "Def": 1.3827899983613132}, "Ext": 0.0}, "Joinville / SC": {"Home": {"Atk": 3.307271826106763, "Def": 0.6920610586150587}, "Away": {"Atk": 0.8265260372859274, "Def": 1.6811465276879325}, "Ext": 0.0}, "Icasa / CE": {"Home": {"Atk": 2.245681170609067, "Def": 0.4884776527361298}, "Away": {"Atk": 0.5235347892577559, "Def": 0.8859665875272816}, "Ext": 0.0}, "ABC / RN": {"Home": {"Atk": 0.9512040101078955, "Def": 0.7983883395064052}, "Away": {"Atk": 0.5515855188498497, "Def": 0.7617779315340646}, "Ext": 0.1}, "Palmeiras / SP": {"Home": {"Atk": 2.869782142004319, "Def": 1.1675996341532}, "Away": {"Atk": 1.2806060346912371, "Def": 2.1952530623145106}, "Ext": 0.0}, "S\u00e3o Caetano / SP": {"Home": {"Atk": 1.0622697780122468, "Def": 0.8856954126981573}, "Away": {"Atk": 1.1003659489666768, "Def": 1.318327962415349}, "Ext": 0.1}, "Guaratinguet\u00e1 / SP": {"Home": {"Atk": 2.065119151514473, "Def": 0.5870236711451406}, "Away": {"Atk": 0.7116478397965824, "Def": 0.7325480720188918}, "Ext": 0.0}, "Paysandu / PA": {"Home": {"Atk": 2.1896265402111834, "Def": 0.5641658349163619}, "Away": {"Atk": 0.19920920495645542, "Def": 0.9982039331465957}, "Ext": 0.0}, "ASA / AL": {"Home": {"Atk": 1.5848731045470055, "Def": 0.48328047076525843}, "Away": {"Atk": 0.6425188593739074, "Def": 1.1683136390301516}, "Ext": 0.0}, "Am\u00e9rica / MG": {"Home": {"Atk": 3.6378782944677157, "Def": 0.39248890552863874}, "Away": {"Atk": 0.7007687714007159, "Def": 2.6227463358959047}, "Ext": 0.0}, "Ava\u00ed / SC": {"Home": {"Atk": 1.7681156091148726, "Def": 0.5009152424718518}, "Away": {"Atk": 0.9960385724145426, "Def": 1.0934221531321922}, "Ext": 0.1}, "Chapecoense / SC": {"Home": {"Atk": 3.3847251256248536, "Def": 0.7266173080324485}, "Away": {"Atk": 1.4793519393057821, "Def": 2.1238154568070424}, "Ext": 0.0}, "Cear\u00e1 / CE": {"Home": {"Atk": 2.8941326022115943, "Def": 0.8268514087340846}, "Away": {"Atk": 0.45502875808763843, "Def": 1.116986764120004}, "Ext": 0.1}, "Am\u00e9rica / RN": {"Home": {"Atk": 1.345667110381565, "Def": 0.6003970762333068}, "Away": {"Atk": 0.8014127302576232, "Def": 1.2287293790569975}, "Ext": 0.1}, "Paran\u00e1 / PR": {"Home": {"Atk": 2.1739460022466113, "Def": 4.840965616502782}, "Away": {"Atk": 0.6759924443049262, "Def": 1.6925885814048192}, "Ext": 0.0}, "Atl\u00e9tico / GO": {"Home": {"Atk": 1.0298978246537562, "Def": 0.39595996798663374}, "Away": {"Atk": 0.3706037392368808, "Def": 1.476501764545498}, "Ext": 0.1}, "Red Bull Bragantino / SP": {"Home": {"Atk": 1.036476242118154, "Def": 1.8219914247284523}, "Away": {"Atk": 0.7864809075532143, "Def": 1.3886262288914424}, "Ext": 0.0}, "Sport / PE": {"Home": {"Atk": 1.541042911653128, "Def": 1.4803213673484679}, "Away": {"Atk": 1.395749746399395, "Def": 1.0369924626905613}, "Ext": 0.0}}