{"Cruzeiro / MG": {"Atk": 1.0, "Def": 0.7471908367336353, "Ext": 0.35059634635855286}, "Ava\u00ed / SC": {"Atk": 0.45415102030283566, "Def": 0.5211961381429999, "Ext": 0.4719663561008418}, "CSA / AL": {"Atk": 0.5450056237935501, "Def": 0.6290135356130846, "Ext": 0.05946051935108039}, "Ponte Preta / SP": {"Atk": 0.5326792524393251, "Def": 0.6975851032044121, "Ext": 0.34882846698862907}, "Oeste / SP": {"Atk": 0.14420363605235387, "Def": 0.9431467679711497, "Ext": 0.23002223153362727}, "Oper\u00e1rio / PR": {"Atk": 0.459768812365611, "Def": 0.7316196343281937, "Ext": 0.19177038978863525}, "Juventude / RS": {"Atk": 0.567595985931833, "Def": 0.8433152222685083, "Ext": 0.2991502460607236}, "Vit\u00f3ria / BA": {"Atk": 0.6686249035935223, "Def": 0.608323283425814, "Ext": 0.030933684289293023}, "Confian\u00e7a / SE": {"Atk": 0.18770245734297575, "Def": 0.6997103819168395, "Ext": 0.38977688170008074}, "Cuiab\u00e1 / MT": {"Atk": 0.573531149839565, "Def": 0.7123089269445085, "Ext": 0.7399332637010894}, "Am\u00e9rica / MG": {"Atk": 0.4749558135522347, "Def": 0.7292356721312092, "Ext": 0.47931364623724415}, "Figueirense / SC": {"Atk": 0.1921543332084112, "Def": 0.7789337653035212, "Ext": 0.07469727970964879}, "CRB / AL": {"Atk": 0.5078878327116294, "Def": 0.612485748016822, "Ext": 0.35612200784398423}, "Guarani / SP": {"Atk": 0.3615405816398715, "Def": 0.46498171860431636, "Ext": 0.085537755659157}, "Botafogo / SP": {"Atk": 0.5281868217899006, "Def": 0.4931811820708743, "Ext": 0.6535164045710256}, "Paran\u00e1 / PR": {"Atk": 0.47554733160846385, "Def": 0.7270310678302546, "Ext": 0.6916284562416224}, "Brasil / RS": {"Atk": 0.1723522388976747, "Def": 1.0716426202373677, "Ext": 0.5576820028834399}, "N\u00e1utico / PE": {"Atk": 0.43697275421568715, "Def": 0.5961044137575341, "Ext": 0.22382785092913088}, "Sampaio Corr\u00eaa / MA": {"Atk": 0.6087518919114921, "Def": 0.802193422635437, "Ext": 0.0}, "Chapecoense / SC": {"Atk": 0.423228035706147, "Def": 0.9706505854317178, "Ext": 0.3782210511948886}}