{"Oeste / SP": {"Atk": 1.0, "Def": 1.2869637566183356, "Ext": 0.0}, "Boa / MG": {"Atk": 0.8508182860973625, "Def": 1.7959125219557492, "Ext": 0.05261247656470673}, "Figueirense / SC": {"Atk": 2.602883199237212, "Def": 1.051738081384825, "Ext": 0.0599808089831239}, "Joinville / SC": {"Atk": 1.7947201166897657, "Def": 1.6999211943028039, "Ext": 0.35006349335170056}, "Icasa / CE": {"Atk": 1.2457049523473778, "Def": 0.8418972523943442, "Ext": 0.0}, "ABC / RN": {"Atk": 0.8342861274864057, "Def": 0.9664194979724842, "Ext": 0.0018060203405515787}, "Palmeiras / SP": {"Atk": 2.288543274649517, "Def": 2.277381231115654, "Ext": 0.0}, "S\u00e3o Caetano / SP": {"Atk": 0.9206263366748917, "Def": 1.794717552055075, "Ext": 0.41840716608181017}, "Guaratinguet\u00e1 / SP": {"Atk": 1.6154461816264816, "Def": 0.817652183243335, "Ext": 0.0}, "Paysandu / PA": {"Atk": 1.2402799223953371, "Def": 0.9107304227016778, "Ext": 0.0}, "ASA / AL": {"Atk": 1.2978909201280275, "Def": 0.803592711828771, "Ext": 0.0}, "Am\u00e9rica / MG": {"Atk": 1.5877528577241136, "Def": 2.080210022987095, "Ext": 0.6505438513283289}, "Ava\u00ed / SC": {"Atk": 0.932717961723563, "Def": 1.6502187953736436, "Ext": 0.49003130152360325}, "Chapecoense / SC": {"Atk": 2.574178194451603, "Def": 2.1346749132547487, "Ext": 0.19321479109967468}, "Cear\u00e1 / CE": {"Atk": 1.329796762762261, "Def": 1.3026772625927867, "Ext": 0.14057075572942687}, "Am\u00e9rica / RN": {"Atk": 1.229225809601034, "Def": 0.9248356864880362, "Ext": 0.0}, "Paran\u00e1 / PR": {"Atk": 1.3721548710723224, "Def": 3.576876614705365, "Ext": 0.0}, "Atl\u00e9tico / GO": {"Atk": 0.6541337794301902, "Def": 1.1555462397411203, "Ext": 0.0}, "Red Bull Bragantino / SP": {"Atk": 1.1372406216875426, "Def": 1.6332181242151547, "Ext": 0.0}, "Sport / PE": {"Atk": 2.267813396874332, "Def": 0.9944804245348347, "Ext": 0.0}}