{"Vasco da Gama / RJ": {"Atk": 1.0, "Def": 0.7693489363371634, "Home bonus": 0.40977819994803366, "Ext": 0.0}, "Vila Nova / GO": {"Atk": 0.922548884425277, "Def": 1.3491441076952477, "Home bonus": 0.0, "Ext": 0.1}, "Guarani / SP": {"Atk": 1.459007853340943, "Def": 1.0212735444023686, "Home bonus": 0.04976373564643718, "Ext": 0.0}, "N\u00e1utico / PE": {"Atk": 1.0608615530265753, "Def": 0.8222488621330508, "Home bonus": 0.6316752987548009, "Ext": 0.0}, "Brasil / RS": {"Atk": 0.5030141751062829, "Def": 0.8196687964013019, "Home bonus": 0.27997533795458157, "Ext": 0.1}, "CRB / AL": {"Atk": 1.1214032315695888, "Def": 1.1100397236399862, "Home bonus": 0.28305294179053425, "Ext": 0.1}, "Coritiba / PR": {"Atk": 1.1265524251613637, "Def": 1.3706108063333824, "Home bonus": 0.3957037952881469, "Ext": 0.0}, "Brusque / SC": {"Atk": 1.0731094349832382, "Def": 0.7476069981508089, "Home bonus": 0.3210841492493257, "Ext": 0.1}, "Confian\u00e7a / SE": {"Atk": 0.8494232296285943, "Def": 0.8782069191238926, "Home bonus": 0.23170393936039274, "Ext": 0.04815418306449305}, "Sampaio Corr\u00eaa / MA": {"Atk": 0.844239810907286, "Def": 1.0840506203625906, "Home bonus": 0.519272063891724, "Ext": 0.1}, "Botafogo / RJ": {"Atk": 0.9131015310902996, "Def": 1.4303064186859937, "Home bonus": 1.1533551043933155, "Ext": 0.0}, "Goi\u00e1s / GO": {"Atk": 0.9191306874872502, "Def": 1.4101619163202184, "Home bonus": 0.7132337176005429, "Ext": 0.0}, "Ponte Preta / SP": {"Atk": 0.7209949799003403, "Def": 1.1078541700763143, "Home bonus": 0.6229733339988578, "Ext": 0.1}, "Cruzeiro / MG": {"Atk": 1.0500984089075933, "Def": 0.9301687065721946, "Home bonus": 0.20266049916588944, "Ext": 0.1}, "Londrina / PR": {"Atk": 0.7393045282487211, "Def": 1.0398520736534822, "Home bonus": 0.22414327944284848, "Ext": 0.1}, "CSA / AL": {"Atk": 1.112425338747658, "Def": 1.3511479454996793, "Home bonus": 0.3596173713532004, "Ext": 0.0}, "Oper\u00e1rio / PR": {"Atk": 0.7549841552558494, "Def": 0.9080046505475223, "Home bonus": 0.4154893955870038, "Ext": 0.1}, "Ava\u00ed / SC": {"Atk": 1.1180453809786404, "Def": 1.1984682178835024, "Home bonus": 0.18211202355929615, "Ext": 0.0}, "Vit\u00f3ria / BA": {"Atk": 0.7920753054300049, "Def": 1.423818875656597, "Home bonus": 0.10713553333419243, "Ext": 0.07350788422683718}, "Remo / PA": {"Atk": 0.8438933397839992, "Def": 1.0725959020874005, "Home bonus": 0.0, "Ext": 0.0}}