{"Red Bull Bragantino / SP": {"Home": {"Atk": 1.0, "Def": 0.3710216338503373}, "Away": {"Atk": 0.3107302024398527, "Def": 0.3484095071821939}}, "Ponte Preta / SP": {"Home": {"Atk": 0.709658099327227, "Def": 0.43633436896015143}, "Away": {"Atk": 0.9572870276930803, "Def": 0.49518272431153976}}, "Vasco da Gama / RJ": {"Home": {"Atk": 1.1172940572886605, "Def": 0.8392322381011155}, "Away": {"Atk": 0.504917332205436, "Def": 1.4296383531269135}}, "Santa Cruz / PE": {"Home": {"Atk": 0.7640797131576461, "Def": 0.9293293891793214}, "Away": {"Atk": 0.5253287124971496, "Def": 0.5035606465847727}}, "Sampaio Corr\u00eaa / MA": {"Home": {"Atk": 0.8583019958723359, "Def": 0.3620240043740239}, "Away": {"Atk": 0.946919088500509, "Def": 0.9379565883982616}}, "Cear\u00e1 / CE": {"Home": {"Atk": 1.1609655685439157, "Def": 0.46096214291633664}, "Away": {"Atk": 0.41648517524093775, "Def": 0.6714195718670577}}, "Vila Nova / GO": {"Home": {"Atk": 0.17179600882144633, "Def": 0.25097584123241756}, "Away": {"Atk": 0.0, "Def": 0.42367328400437837}}, "Am\u00e9rica / RN": {"Home": {"Atk": 1.087947395174285, "Def": 0.22329951489839114}, "Away": {"Atk": 0.5123264427330234, "Def": 0.3602864609634331}}, "Boa / MG": {"Home": {"Atk": 0.6012193079053041, "Def": 0.308379065355168}, "Away": {"Atk": 0.3543251257415451, "Def": 0.6187581947920191}}, "Oeste / SP": {"Home": {"Atk": 0.6006922694839003, "Def": 0.5660729258531592}, "Away": {"Atk": 0.4671197447360684, "Def": 0.5170590268186852}}, "Portuguesa / SP": {"Home": {"Atk": 0.708722132267198, "Def": 0.36714171847131355}, "Away": {"Atk": 0.46477337515731193, "Def": 0.5866233279561373}}, "Paran\u00e1 / PR": {"Home": {"Atk": 0.6134443930973876, "Def": 0.46314596626587384}, "Away": {"Atk": 0.5716497861154102, "Def": 0.6422244287198253}}, "N\u00e1utico / PE": {"Home": {"Atk": 0.6782935969376984, "Def": 0.748196467506419}, "Away": {"Atk": 0.8255661090925636, "Def": 0.5792160995540966}}, "Luverdense / MT": {"Home": {"Atk": 1.4670602482466335, "Def": 0.4643593675265854}, "Away": {"Atk": 0.23878035132797554, "Def": 0.8409951237102805}}, "Icasa / CE": {"Home": {"Atk": 0.49703351007496877, "Def": 0.40050642569914974}, "Away": {"Atk": 0.2638359691206452, "Def": 0.6061030221624275}}, "Ava\u00ed / SC": {"Home": {"Atk": 0.6087008059501571, "Def": 0.33578227057292437}, "Away": {"Atk": 0.3278500250008887, "Def": 0.6490848103778023}}, "Atl\u00e9tico / GO": {"Home": {"Atk": 1.31750083677979, "Def": 0.8435210588090746}, "Away": {"Atk": 0.29220464864822915, "Def": 0.38507569418075505}}, "ABC / RN": {"Home": {"Atk": 0.7506808006548942, "Def": 1.4283275859577809}, "Away": {"Atk": 0.4236372782149671, "Def": 0.7443238585006375}}, "Am\u00e9rica / MG": {"Home": {"Atk": 1.1450651901045468, "Def": 0.669969303898098}, "Away": {"Atk": 0.6603464402245766, "Def": 0.6885789138932156}}, "Joinville / SC": {"Home": {"Atk": 0.5427818502672598, "Def": 2.1088386630223495}, "Away": {"Atk": 0.8660700360213004, "Def": 0.6251184694426292}}}