{"Red Bull Bragantino / SP": {"Atk": 1.0, "Def": 0.7251377101942953}, "Ponte Preta / SP": {"Atk": 1.283007279005048, "Def": 0.9496798722864661}, "Vasco da Gama / RJ": {"Atk": 1.155195677421148, "Def": 1.050940022723861}, "Santa Cruz / PE": {"Atk": 1.1124726919478567, "Def": 0.9178936698118733}, "Sampaio Corr\u00eaa / MA": {"Atk": 1.282253399245993, "Def": 0.8371426348154696}, "Cear\u00e1 / CE": {"Atk": 1.4627608519058493, "Def": 0.699200480260399}, "Vila Nova / GO": {"Atk": 0.5427144351135771, "Def": 0.6409394874123135}, "Am\u00e9rica / RN": {"Atk": 0.917185377151006, "Def": 0.7240663308989388}, "Boa / MG": {"Atk": 1.1481687250756456, "Def": 0.8789124037809763}, "Oeste / SP": {"Atk": 0.8365949329369162, "Def": 0.6631082773600984}, "Portuguesa / SP": {"Atk": 0.756717608535046, "Def": 0.7189787589540204}, "Paran\u00e1 / PR": {"Atk": 0.9017309206755753, "Def": 0.9155204987755606}, "N\u00e1utico / PE": {"Atk": 0.8757203497701743, "Def": 0.8437139701913576}, "Luverdense / MT": {"Atk": 0.9932989677591142, "Def": 0.7936471474861042}, "Icasa / CE": {"Atk": 0.6253579809452813, "Def": 0.8343525630502054}, "Ava\u00ed / SC": {"Atk": 1.1764134801933563, "Def": 1.1398237334516632}, "Atl\u00e9tico / GO": {"Atk": 1.1628105297234739, "Def": 0.6664957798399794}, "ABC / RN": {"Atk": 0.7157664284305547, "Def": 1.0975004310711618}, "Am\u00e9rica / MG": {"Atk": 1.0788576905640603, "Def": 0.8499959893431803}, "Joinville / SC": {"Atk": 1.121310489331088, "Def": 0.9862413306354875}}