{"Cruzeiro / MG": {"Atk": 1.0, "Def": 0.9573675785517657, "Home bonus": 0.18684207134575465, "Ext": 0.0}, "Ava\u00ed / SC": {"Atk": 0.41398670471146076, "Def": 0.7315915044069685, "Home bonus": 0.5039151257267708, "Ext": 0.2484670838744234}, "CSA / AL": {"Atk": 0.40968605624633986, "Def": 0.7470144672874309, "Home bonus": 0.8017053627727833, "Ext": 0.21017935764668427}, "Ponte Preta / SP": {"Atk": 0.6787518878374201, "Def": 0.49069966031907775, "Home bonus": 0.11466213354906907, "Ext": 0.07950086587053119}, "Oeste / SP": {"Atk": 0.15010897258879802, "Def": 0.3899219298779495, "Home bonus": 0.5066492994110996, "Ext": 0.27339196367796115}, "Oper\u00e1rio / PR": {"Atk": 0.39761736433938705, "Def": 0.9155355078432491, "Home bonus": 0.17310765050740284, "Ext": 0.09814350948260975}, "Juventude / RS": {"Atk": 0.6479214568312777, "Def": 0.8661121282931391, "Home bonus": 0.43182501929450895, "Ext": 0.07087384822415338}, "Vit\u00f3ria / BA": {"Atk": 0.30122760927347625, "Def": 0.8640446546015254, "Home bonus": 0.3464934034265817, "Ext": 0.3073616348066735}, "Confian\u00e7a / SE": {"Atk": 0.32610168510347726, "Def": 0.7747267560329915, "Home bonus": 0.6613198172374443, "Ext": 0.12698155119046006}, "Cuiab\u00e1 / MT": {"Atk": 0.606301231857581, "Def": 1.0110948984083077, "Home bonus": 0.6400829807771962, "Ext": 0.0}, "Am\u00e9rica / MG": {"Atk": 0.43473249403118125, "Def": 1.03735668058489, "Home bonus": 0.3674935112374292, "Ext": 0.13057247247751375}, "Figueirense / SC": {"Atk": 0.19347643403295775, "Def": 0.900663080309494, "Home bonus": 0.23336621046008652, "Ext": 0.21264209817700813}, "CRB / AL": {"Atk": 0.44124024006460905, "Def": 0.8681114457398809, "Home bonus": 0.7307383503412627, "Ext": 0.03150842177191709}, "Guarani / SP": {"Atk": 0.15628491210845635, "Def": 0.8031365969555224, "Home bonus": 0.8185290860217715, "Ext": 0.2567405304849464}, "Botafogo / SP": {"Atk": 0.08202372504045653, "Def": 0.7290790514404168, "Home bonus": 0.7376433603163012, "Ext": 0.2542510591971771}, "Paran\u00e1 / PR": {"Atk": 0.3179458989557524, "Def": 1.0206709486759076, "Home bonus": 0.8006919062916688, "Ext": 0.45434985893792246}, "Brasil / RS": {"Atk": 0.210642465187373, "Def": 0.9918685921905669, "Home bonus": 0.27959925518692696, "Ext": 0.1316461635273155}, "N\u00e1utico / PE": {"Atk": 0.14470794929974767, "Def": 0.8609254777444647, "Home bonus": 0.5863502167185134, "Ext": 0.1475216752913198}, "Sampaio Corr\u00eaa / MA": {"Atk": 0.5962222520625171, "Def": 0.8619573673436458, "Home bonus": 0.6397164575113844, "Ext": 0.2632912493083458}, "Chapecoense / SC": {"Atk": 0.6367281315689246, "Def": 1.106149973105766, "Home bonus": 0.28067317191105234, "Ext": 0.21307605051785927}}