{"Cruzeiro / MG": {"Atk": 1.0, "Def": 1.0377526951669498, "Ext": 0.1}, "Ava\u00ed / SC": {"Atk": 1.1083475600873012, "Def": 0.7461817311361781, "Ext": 0.0}, "CSA / AL": {"Atk": 1.24843325675147, "Def": 0.8602240477383961, "Ext": 0.0}, "Ponte Preta / SP": {"Atk": 1.2697911822899663, "Def": 0.6973564187223569, "Ext": 0.0}, "Oeste / SP": {"Atk": 0.5487704547507282, "Def": 0.538636570019331, "Ext": 0.1}, "Oper\u00e1rio / PR": {"Atk": 0.9425644422379613, "Def": 1.0349313145883912, "Ext": 0.1}, "Juventude / RS": {"Atk": 1.306790857144153, "Def": 0.9577564433815461, "Ext": 0.1}, "Vit\u00f3ria / BA": {"Atk": 1.1008741350709759, "Def": 0.8888231252534026, "Ext": 0.1}, "Confian\u00e7a / SE": {"Atk": 1.0385061334575965, "Def": 0.9029334448203852, "Ext": 0.1}, "Cuiab\u00e1 / MT": {"Atk": 1.1839035670062041, "Def": 0.9875420004720785, "Ext": 0.0}, "Am\u00e9rica / MG": {"Atk": 0.8639209894801638, "Def": 1.6575995206979603, "Ext": 0.1}, "Figueirense / SC": {"Atk": 0.5713389551354776, "Def": 0.925535055748088, "Ext": 0.0}, "CRB / AL": {"Atk": 1.0351951925124523, "Def": 0.8299636985795971, "Ext": 0.0}, "Guarani / SP": {"Atk": 1.0176811339343752, "Def": 0.8286482120899274, "Ext": 0.1}, "Botafogo / SP": {"Atk": 0.5293656567363059, "Def": 1.0185295326985049, "Ext": 0.016349528812719043}, "Paran\u00e1 / PR": {"Atk": 1.0484782603388758, "Def": 0.9347630230311071, "Ext": 0.031554605199017885}, "Brasil / RS": {"Atk": 0.7611624677934866, "Def": 1.2815761725855581, "Ext": 0.1}, "N\u00e1utico / PE": {"Atk": 0.8977890320987763, "Def": 0.73944756174081, "Ext": 0.1}, "Sampaio Corr\u00eaa / MA": {"Atk": 1.407775296779929, "Def": 1.0714085857627171, "Ext": 0.1}, "Chapecoense / SC": {"Atk": 0.9107600715963786, "Def": 4.120611894109688, "Ext": 0.0}}