{"Guarani / SP": {"Atk": 1.0, "Def": 1.3721007174798445, "Ext": 0.0}, "Botafogo / SP": {"Atk": 1.2117877246264912, "Def": 1.582350942211653, "Ext": 0.0}, "S\u00e3o Bento / SP": {"Atk": 1.2224669983797762, "Def": 1.047883636866385, "Ext": 0.15074783474174439}, "Vila Nova / GO": {"Atk": 0.9353967607205971, "Def": 1.1738219942086903, "Ext": 0.0}, "Coritiba / PR": {"Atk": 1.4190976326956923, "Def": 1.7078883842450927, "Ext": 0.21442332774197476}, "Oper\u00e1rio / PR": {"Atk": 1.1364539481863047, "Def": 1.3311273167694835, "Ext": 0.0}, "Crici\u00fama / SC": {"Atk": 0.6977047843433244, "Def": 1.5589470783376425, "Ext": 0.13897613024099834}, "Brasil / RS": {"Atk": 0.9887222012633946, "Def": 1.3455218427042464, "Ext": 0.058386081210699076}, "Sport / PE": {"Atk": 1.205697214888814, "Def": 3.3316725292381784, "Ext": 0.3829582484146099}, "CRB / AL": {"Atk": 1.565876421272481, "Def": 1.1072255135081772, "Ext": 0.0}, "Ponte Preta / SP": {"Atk": 1.0200702498253167, "Def": 2.0215925751851604, "Ext": 0.26486691021590797}, "Red Bull Bragantino / SP": {"Atk": 2.3262679533470965, "Def": 1.9355151441684777, "Ext": 0.0}, "Oeste / SP": {"Atk": 1.2416816437581821, "Def": 1.3725370342871257, "Ext": 0.2058080594256411}, "Atl\u00e9tico / GO": {"Atk": 1.2153862300311278, "Def": 2.357836792874189, "Ext": 0.15513446709550185}, "Paran\u00e1 / PR": {"Atk": 1.0466507048602387, "Def": 1.8139267290947019, "Ext": 0.0}, "Londrina / PR": {"Atk": 1.0091268199030832, "Def": 1.210196161788093, "Ext": 0.18757354125779024}, "Figueirense / SC": {"Atk": 0.8925488448644663, "Def": 1.5348067294021488, "Ext": 0.11177361869316385}, "Am\u00e9rica / MG": {"Atk": 1.3210076284624819, "Def": 1.6165384453439955, "Ext": 0.07942348747633865}, "Vit\u00f3ria / BA": {"Atk": 1.3708183555058353, "Def": 1.1256029191793078, "Ext": 0.039007634371659834}, "Cuiab\u00e1 / MT": {"Atk": 1.589179467166706, "Def": 1.2347089104021092, "Ext": 0.0}}