{"Red Bull Bragantino / SP": {"Atk": 1.0, "Def": 0.6359347628312311, "Home bonus": 0.45828197689491196, "Ext": 0.40863959995192983}, "Ponte Preta / SP": {"Atk": 0.6015100041460864, "Def": 0.6257528970782932, "Home bonus": 0.0433326626662562, "Ext": 0.4357788995076596}, "Vasco da Gama / RJ": {"Atk": 0.5119537117921762, "Def": 0.7533677867185357, "Home bonus": 0.24042999555904163, "Ext": 0.0}, "Santa Cruz / PE": {"Atk": 0.5572910656181715, "Def": 0.8746004321113937, "Home bonus": 0.5411157437146984, "Ext": 0.6024189886950156}, "Sampaio Corr\u00eaa / MA": {"Atk": 0.3780109070668668, "Def": 0.8711729911652911, "Home bonus": 0.7816930210133735, "Ext": 0.8400735661853976}, "Cear\u00e1 / CE": {"Atk": 0.629963602993972, "Def": 0.5402477622538472, "Home bonus": 0.1581517755571828, "Ext": 0.12322258815428198}, "Vila Nova / GO": {"Atk": 0.3646891898202962, "Def": 0.3835360483950397, "Home bonus": 0.5278145535638713, "Ext": 0.7119968842284172}, "Am\u00e9rica / RN": {"Atk": 0.3745670398272207, "Def": 0.573359000285892, "Home bonus": 0.6979006416045795, "Ext": 0.81549933643053}, "Boa / MG": {"Atk": 0.2731939962083188, "Def": 0.9404973945278511, "Home bonus": 0.33973691540564066, "Ext": 0.8463928047652592}, "Oeste / SP": {"Atk": 0.325881209908263, "Def": 0.7244888251074701, "Home bonus": 0.2383377827187326, "Ext": 0.7071355312017281}, "Portuguesa / SP": {"Atk": 0.6170828774503722, "Def": 0.5917022088764262, "Home bonus": 0.8636761182989429, "Ext": 0.7340309850778358}, "Paran\u00e1 / PR": {"Atk": 0.20284876064783508, "Def": 1.111790515786608, "Home bonus": 0.5598879145719731, "Ext": 0.3712480026818366}, "N\u00e1utico / PE": {"Atk": 0.5910071340373246, "Def": 0.7929809845183511, "Home bonus": 0.7440286700687524, "Ext": 0.13163558471615247}, "Luverdense / MT": {"Atk": 0.6043859545986194, "Def": 0.6444463431875067, "Home bonus": 0.7490292615003504, "Ext": 0.49807011566732656}, "Icasa / CE": {"Atk": 0.3240987920821645, "Def": 0.49317427069234626, "Home bonus": 0.3380734854658527, "Ext": 0.0}, "Ava\u00ed / SC": {"Atk": 0.359850242385605, "Def": 0.801140388683987, "Home bonus": 0.47251522196118817, "Ext": 0.5709668575127543}, "Atl\u00e9tico / GO": {"Atk": 0.5393825255561856, "Def": 0.9824691263294952, "Home bonus": 0.11125382620455129, "Ext": 0.0}, "ABC / RN": {"Atk": 0.5992612527759138, "Def": 0.6037529019277756, "Home bonus": 0.16299647401922146, "Ext": 0.8011489884549297}, "Am\u00e9rica / MG": {"Atk": 0.4482854796049492, "Def": 0.6192460132059889, "Home bonus": 0.3019596864203564, "Ext": 0.46475086631518914}, "Joinville / SC": {"Atk": 0.21091304476641917, "Def": 0.5509076847300408, "Home bonus": 0.9332818183368461, "Ext": 0.43802250486377475}}