{"Vasco da Gama / RJ": {"Atk": 1.0, "Def": 0.7076012204188806, "Ext": 0.0}, "Vila Nova / GO": {"Atk": 0.4711468912746841, "Def": 1.6089740772585024, "Ext": 0.2879740467903597}, "Guarani / SP": {"Atk": 1.0842741086549919, "Def": 0.8760315583431094, "Ext": 0.01133142486878778}, "N\u00e1utico / PE": {"Atk": 1.2348612346429317, "Def": 0.6055520993236293, "Ext": 0.0}, "Brasil / RS": {"Atk": 0.45724039743038863, "Def": 0.6996175216250214, "Ext": 0.0333480408240686}, "CRB / AL": {"Atk": 0.813655113552585, "Def": 1.2163721310985516, "Ext": 0.25195868862786985}, "Coritiba / PR": {"Atk": 1.0995634226913558, "Def": 1.0730200376827446, "Ext": 0.0}, "Brusque / SC": {"Atk": 0.9859781399276907, "Def": 0.5644671134160281, "Ext": 0.0}, "Confian\u00e7a / SE": {"Atk": 0.8768937457749602, "Def": 0.6286125951192547, "Ext": 0.0}, "Sampaio Corr\u00eaa / MA": {"Atk": 0.6996196700143009, "Def": 0.9843112370736973, "Ext": 0.1500802470299215}, "Botafogo / RJ": {"Atk": 1.237229608242869, "Def": 1.1788197159867173, "Ext": 0.0}, "Goi\u00e1s / GO": {"Atk": 0.8190962893739557, "Def": 1.5380016577053721, "Ext": 0.20143056732173403}, "Ponte Preta / SP": {"Atk": 0.6587872848279168, "Def": 1.0352798626832906, "Ext": 0.1993244084122083}, "Cruzeiro / MG": {"Atk": 0.5313700541835688, "Def": 1.3593168249192242, "Ext": 0.4921006555264296}, "Londrina / PR": {"Atk": 0.5175826654060639, "Def": 0.9072697091456533, "Ext": 0.08187572921648985}, "CSA / AL": {"Atk": 1.0317340482678465, "Def": 0.9705954439797182, "Ext": 0.0}, "Oper\u00e1rio / PR": {"Atk": 0.6299045502831434, "Def": 0.8337144501914115, "Ext": 0.10367917959407669}, "Ava\u00ed / SC": {"Atk": 1.0038821182320399, "Def": 1.0175304039940147, "Ext": 0.0}, "Vit\u00f3ria / BA": {"Atk": 0.4584054110195946, "Def": 1.3284017780782014, "Ext": 0.08798473983479632}, "Remo / PA": {"Atk": 0.6705008884085797, "Def": 0.8340664179302975, "Ext": 0.0}}