{"Flamengo / RJ": {"Atk": 1.0, "Def": 1.2781628177824225}, "Fluminense / RJ": {"Atk": 1.5444399217584481, "Def": 1.619785880944431}, "S\u00e3o Paulo / SP": {"Atk": 1.8916441975872322, "Def": 1.1750098353942118}, "Santos / SP": {"Atk": 1.177130695571517, "Def": 1.7184861133980005}, "Athletico Paranaense / PR": {"Atk": 1.1123389685641256, "Def": 1.2355890908981924}, "Atl\u00e9tico / MG": {"Atk": 1.5005886397592, "Def": 1.828468372826463}, "Bahia / BA": {"Atk": 0.8544676606457976, "Def": 1.5852503966267035}, "Internacional / RS": {"Atk": 1.243737744476357, "Def": 1.4113681361521877}, "Crici\u00fama / SC": {"Atk": 0.35531800974854016, "Def": 1.3088017365035884}, "Chapecoense / SC": {"Atk": 0.9489570600426227, "Def": 1.3769184885186139}, "Botafogo / RJ": {"Atk": 0.7598163056544825, "Def": 1.1503113148175057}, "Sport / PE": {"Atk": 0.5893956527940455, "Def": 1.2033187183321017}, "Corinthians / SP": {"Atk": 1.0178731295110983, "Def": 2.1908627431549514}, "Palmeiras / SP": {"Atk": 0.9269194449472739, "Def": 0.9026372245338706}, "Coritiba / PR": {"Atk": 0.9026615331583887, "Def": 1.5131617617479869}, "Cruzeiro / MG": {"Atk": 2.024411034019681, "Def": 1.2986502699526121}, "Vit\u00f3ria / BA": {"Atk": 1.0252650291474303, "Def": 0.9526016584415005}, "Gr\u00eamio / RS": {"Atk": 0.6880626387332811, "Def": 2.8239016585362817}, "Figueirense / SC": {"Atk": 0.8830411033376037, "Def": 0.8992034880210493}, "Goi\u00e1s / GO": {"Atk": 0.8197584243310287, "Def": 1.5808590554619897}, "Home bonus": 0.6382534363619254}