{"Paran\u00e1 / PR": {"Atk": 0.5725170906689373, "Def": 0.7117073167669823, "Home bonus": 0.0}, "Atl\u00e9tico / GO": {"Atk": 0.1729960134569742, "Def": 0.7700951595118148, "Home bonus": 0.7822382027771212}, "Paysandu / PA": {"Atk": 0.3728968323262432, "Def": 0.7627369426431038, "Home bonus": 0.8280571586589419}, "Mogi Mirim / SP": {"Atk": 0.7231255554910948, "Def": 0.3023846503528674, "Home bonus": 0.0}, "Vit\u00f3ria / BA": {"Atk": 0.36319996850913866, "Def": 0.6808132327613934, "Home bonus": 1.5736095815921536}, "Maca\u00e9 / RJ": {"Atk": 0.6037309351155278, "Def": 0.4162346687937388, "Home bonus": 1.110265430545829}, "Am\u00e9rica / MG": {"Atk": 0.49682416739928553, "Def": 0.8282597591252808, "Home bonus": 0.9798075200905103}, "N\u00e1utico / PE": {"Atk": 0.4431566310693416, "Def": 0.49374259280911653, "Home bonus": 0.9380940048061538}, "ABC / RN": {"Atk": 0.6148798783516813, "Def": 0.3316025313667264, "Home bonus": 0.0}, "CRB / AL": {"Atk": 0.3580966449524216, "Def": 0.7946224360081046, "Home bonus": 0.8788869411011023}, "Bahia / BA": {"Atk": 0.6163822138360149, "Def": 1.536467574839935, "Home bonus": 0.43890923240501345}, "Crici\u00fama / SC": {"Atk": 0.33323748872609793, "Def": 0.6035933536121153, "Home bonus": 0.4862611672038848}, "Sampaio Corr\u00eaa / MA": {"Atk": 0.5708209233926386, "Def": 0.5842598742182117, "Home bonus": 1.1535180262234872}, "Santa Cruz / PE": {"Atk": 0.5191288790863599, "Def": 0.6639338290364764, "Home bonus": 1.2466687795271225}, "Botafogo / RJ": {"Atk": 0.502356912884322, "Def": 1.3984697201267027, "Home bonus": 1.1137786381167343}, "Red Bull Bragantino / SP": {"Atk": 0.6684802783189029, "Def": 0.45035146185042485, "Home bonus": 0.48296671594402846}, "Boa / MG": {"Atk": 0.4140154440908092, "Def": 0.6983858218426438, "Home bonus": 0.10320129982691284}, "Oeste / SP": {"Atk": 0.49295274718527016, "Def": 0.681899273995034, "Home bonus": 0.352953567131753}, "Cear\u00e1 / CE": {"Atk": 0.14033903350294188, "Def": 0.3758884374659301, "Home bonus": 1.177870428946777}, "Luverdense / MT": {"Atk": 0.3140318985297794, "Def": 0.5644066400995738, "Home bonus": 0.8052674903620418}}