{"Palmeiras / SP": {"Atk": 1.1635446077584968, "Def": 0.7990542089250806, "Ext": 0.0}, "Flamengo / RJ": {"Atk": 0.7928618755145217, "Def": 0.9739291683168428, "Ext": 0.10123013114486955}, "Atl\u00e9tico / MG": {"Atk": 0.9822387962802503, "Def": 0.6641732383033352, "Ext": 0.11357893599435695}, "Coritiba / PR": {"Atk": 0.7429322327288839, "Def": 0.6523913020568011, "Ext": 0.0}, "Botafogo / RJ": {"Atk": 0.7818211518023104, "Def": 0.7333685617508074, "Ext": 0.07078528117896793}, "Santa Cruz / PE": {"Atk": 0.7507635480755557, "Def": 0.42134486859062337, "Ext": 0.0}, "Corinthians / SP": {"Atk": 0.8558471529767401, "Def": 0.7707890190004021, "Ext": 0.0}, "Figueirense / SC": {"Atk": 0.3393774097805886, "Def": 0.8725285477761586, "Ext": 0.336046903204963}, "Am\u00e9rica / MG": {"Atk": 0.3465470280029148, "Def": 0.49909857968815685, "Ext": 0.0}, "Internacional / RS": {"Atk": 0.42059475400874885, "Def": 0.9383833410966247, "Ext": 0.30971594676331543}, "Vit\u00f3ria / BA": {"Atk": 0.8000292661388612, "Def": 0.535859893307214, "Ext": 0.0}, "Fluminense / RJ": {"Atk": 0.5796988799757575, "Def": 1.0295564477253334, "Ext": 0.2598828729665201}, "Cruzeiro / MG": {"Atk": 0.7109750224190288, "Def": 0.6183729667029971, "Ext": 0.0}, "Santos / SP": {"Atk": 1.022629445875021, "Def": 0.8792125080503994, "Ext": 0.0}, "Athletico Paranaense / PR": {"Atk": 0.6531511733016865, "Def": 0.9290313062307292, "Ext": 0.0}, "Chapecoense / SC": {"Atk": 0.6475837433946501, "Def": 0.6003673318688362, "Ext": 0.3835713371259375}, "S\u00e3o Paulo / SP": {"Atk": 0.567777474622315, "Def": 0.8782666204623463, "Ext": 0.008838445679277631}, "Gr\u00eamio / RS": {"Atk": 0.7342866024544509, "Def": 0.7675562038774307, "Ext": 0.010108206952452608}, "Ponte Preta / SP": {"Atk": 0.8813267279373206, "Def": 0.5226245283886235, "Ext": 0.0}, "Sport / PE": {"Atk": 0.8163974057425212, "Def": 0.5153415389255153, "Ext": 0.04454477386962758}}