{"Palmeiras / SP": {"Atk": 1.0, "Def": 0.834647339308293, "Home bonus": 0.5199980779448389, "Ext": 0.0}, "Flamengo / RJ": {"Atk": 0.4617505247265677, "Def": 0.8499464763593408, "Home bonus": 0.8730668058957762, "Ext": 0.0}, "Atl\u00e9tico / MG": {"Atk": 0.5980135579440132, "Def": 0.739912698011083, "Home bonus": 0.2175328765473828, "Ext": 0.6900404973553518}, "Coritiba / PR": {"Atk": 0.22343694224651245, "Def": 0.726402883546023, "Home bonus": 0.8344985233655957, "Ext": 0.47415097013486407}, "Botafogo / RJ": {"Atk": 0.17536898691698047, "Def": 0.6596659200843922, "Home bonus": 0.6862397486712898, "Ext": 0.5552005254545427}, "Santa Cruz / PE": {"Atk": 0.6726753632596368, "Def": 0.5013212086743252, "Home bonus": 0.08148060278284446, "Ext": 0.2811411094686014}, "Corinthians / SP": {"Atk": 0.6551099886022103, "Def": 1.1026107208478584, "Home bonus": 0.4579185665395021, "Ext": 0.0}, "Figueirense / SC": {"Atk": 0.1512679786246592, "Def": 0.9801524806218416, "Home bonus": 0.5440160704228478, "Ext": 0.2610942863970233}, "Am\u00e9rica / MG": {"Atk": 0.22526925803040065, "Def": 0.4571533365513416, "Home bonus": 0.28482625321661204, "Ext": 0.48671953021396136}, "Internacional / RS": {"Atk": 0.485485850357708, "Def": 0.7379221611920304, "Home bonus": 0.044379084602673785, "Ext": 0.303787685983262}, "Vit\u00f3ria / BA": {"Atk": 0.08526734114610172, "Def": 0.8312306951538803, "Home bonus": 0.4427482356154139, "Ext": 0.5775419788696516}, "Fluminense / RJ": {"Atk": 0.420632860332069, "Def": 0.7517283180545816, "Home bonus": 0.30694502590602246, "Ext": 3.673558583658365e-05}, "Cruzeiro / MG": {"Atk": 0.441793296596504, "Def": 0.7218294681905847, "Home bonus": 0.660508739029617, "Ext": 0.5826173152285525}, "Santos / SP": {"Atk": 0.5761048702752701, "Def": 0.9636035970026002, "Home bonus": 0.6905373404877857, "Ext": 0.5789478986858755}, "Athletico Paranaense / PR": {"Atk": 0.34005082478927723, "Def": 0.7512210951932923, "Home bonus": 0.6025671477042743, "Ext": 0.38077274057501465}, "Chapecoense / SC": {"Atk": 0.42250830645020687, "Def": 0.742986149695883, "Home bonus": 0.5300907414937833, "Ext": 0.41244553178800025}, "S\u00e3o Paulo / SP": {"Atk": 0.6644036063711217, "Def": 0.8693073779533361, "Home bonus": 0.15829104519945467, "Ext": 0.0}, "Gr\u00eamio / RS": {"Atk": 0.605168246713742, "Def": 1.3258587013429826, "Home bonus": 0.23676442320899785, "Ext": 0.4469526098736124}, "Ponte Preta / SP": {"Atk": 0.36921141687037407, "Def": 0.46855600211690346, "Home bonus": 0.6100131070673328, "Ext": 0.4271492971283369}, "Sport / PE": {"Atk": 0.3684266704149665, "Def": 0.6935280998446208, "Home bonus": 0.5664939287907105, "Ext": 0.26896484795382414}}