{"Fluminense / RJ": {"Atk": 1.0, "Def": 0.6512551569624233}, "Flamengo / RJ": {"Atk": 0.9696693095134469, "Def": 0.9872693805592541}, "Palmeiras / SP": {"Atk": 1.0169996249891962, "Def": 0.8170840312116322}, "Corinthians / SP": {"Atk": 0.9735720323916657, "Def": 1.7246159430472896}, "Cruzeiro / MG": {"Atk": 0.788671122775822, "Def": 1.0806303919521414}, "Coritiba / PR": {"Atk": 0.65919901335862, "Def": 0.7490913720367657}, "Gr\u00eamio / RS": {"Atk": 1.3017728795607437, "Def": 1.1405041467146668}, "Bahia / BA": {"Atk": 0.8950259041405397, "Def": 0.6488582584859723}, "Ponte Preta / SP": {"Atk": 0.6769665274271109, "Def": 0.7708464546271162}, "Ava\u00ed / SC": {"Atk": 0.36751272916797284, "Def": 0.8335210011788021}, "Botafogo / RJ": {"Atk": 0.7717321174881254, "Def": 0.8912222381542678}, "Vasco da Gama / RJ": {"Atk": 0.7113364356983493, "Def": 0.5979300609779922}, "Santos / SP": {"Atk": 0.6954646816731378, "Def": 1.573980772647367}, "S\u00e3o Paulo / SP": {"Atk": 0.9090194357322872, "Def": 0.6034817787092172}, "Atl\u00e9tico / MG": {"Atk": 0.7507321433481597, "Def": 0.7650162306387905}, "Athletico Paranaense / PR": {"Atk": 0.7875059732674546, "Def": 0.8438017058293689}, "Sport / PE": {"Atk": 0.9842612848871226, "Def": 0.619008230115668}, "Vit\u00f3ria / BA": {"Atk": 0.7637483682822277, "Def": 0.6121095183940081}, "Atl\u00e9tico / GO": {"Atk": 0.5512084685661839, "Def": 0.5656786086644169}, "Chapecoense / SC": {"Atk": 0.8683630200777649, "Def": 0.5607286654513339}, "Home bonus": 0.25547140986253813}