{"Flamengo / RJ": {"Atk": 1.0, "Def": 0.49164127777523925}, "Corinthians / SP": {"Atk": 0.4545947754495182, "Def": 0.6886343872396019}, "S\u00e3o Paulo / SP": {"Atk": 0.4119565218297551, "Def": 0.5257578281716526}, "Atl\u00e9tico Mineiro / MG": {"Atk": 0.7313376178780736, "Def": 0.8072775385701942}, "Internacional / RS": {"Atk": 0.6132422379022072, "Def": 0.44577799227738085}, "Cear\u00e1 / CE": {"Atk": 0.5119985981823745, "Def": 0.5295699777083602}, "Bahia / BA": {"Atk": 0.5633475281497939, "Def": 0.32814482799527517}, "Athletico Paranaense / PR": {"Atk": 0.6830599874246304, "Def": 0.448607739728789}, "Chapecoense / SC": {"Atk": 0.39554871422216664, "Def": 0.35696230104578797}, "Cuiab\u00e1 / MT": {"Atk": 0.4650784845084581, "Def": 0.5698749680279444}, "Fluminense / RJ": {"Atk": 0.4461952612482456, "Def": 0.5541236147827069}, "Palmeiras / SP": {"Atk": 0.802494424257945, "Def": 0.49009215567689546}, "Santos / SP": {"Atk": 0.5192809777131577, "Def": 0.4482957539021933}, "Am\u00e9rica / MG": {"Atk": 0.41147164709013906, "Def": 0.47721189067160474}, "Gr\u00eamio / RS": {"Atk": 0.3717150152045171, "Def": 0.5129906581433696}, "Fortaleza / CE": {"Atk": 0.7615428701290772, "Def": 0.6295224895248983}, "Sport / PE": {"Atk": 0.21655539811933278, "Def": 0.759250985947661}, "Red Bull Bragantino / SP": {"Atk": 0.8131678275772506, "Def": 0.5120980666067343}, "Juventude / RS": {"Atk": 0.3968685743912042, "Def": 0.5209972910803553}, "Atl\u00e9tico / GO": {"Atk": 0.40978761780147577, "Def": 0.5838624995437016}, "Home bonus": 0.06570961631699922}