{"Flamengo / RJ": {"Atk": 1.0, "Def": 0.6046492817724803, "Ext": 0.0}, "Botafogo / RJ": {"Atk": 1.1058442905216794, "Def": 1.4116124886121502, "Ext": 0.1}, "Palmeiras / SP": {"Atk": 1.0934277816376496, "Def": 0.9007624030403104, "Ext": 0.0}, "Corinthians / SP": {"Atk": 0.7008569692122183, "Def": 0.6502004587050285, "Ext": 0.04193307585401959}, "Red Bull Bragantino / SP": {"Atk": 0.8792125193371835, "Def": 0.7468995884988882, "Ext": 0.0}, "Atl\u00e9tico Mineiro / MG": {"Atk": 0.7079799173050693, "Def": 0.8807684781767574, "Ext": 0.0}, "Gr\u00eamio / RS": {"Atk": 1.0185599453101002, "Def": 0.598159474401874, "Ext": 0.0}, "Athletico Paranaense / PR": {"Atk": 0.9384613066200126, "Def": 0.6345472463965395, "Ext": 0.07097259445985277}, "Fortaleza / CE": {"Atk": 0.7465755276805581, "Def": 0.7952295043839412, "Ext": 0.0}, "Am\u00e9rica / MG": {"Atk": 0.745449204222206, "Def": 0.34928974101612276, "Ext": 0.0}, "Fluminense / RJ": {"Atk": 0.8742749827789275, "Def": 0.730778859496328, "Ext": 0.0}, "Vasco da Gama / RJ": {"Atk": 0.5020509233022361, "Def": 0.5319461225494175, "Ext": 0.1}, "S\u00e3o Paulo / SP": {"Atk": 0.7356614554813062, "Def": 0.8048051857678126, "Ext": 0.1}, "Santos / SP": {"Atk": 0.6492093224286124, "Def": 0.4890312624100131, "Ext": 0.1}, "Goi\u00e1s / GO": {"Atk": 0.5937475264402768, "Def": 0.5698027418111153, "Ext": 0.019952561228541416}, "Cruzeiro / MG": {"Atk": 0.5965793654996027, "Def": 0.8362694882850658, "Ext": 0.0}, "Internacional / RS": {"Atk": 0.5113749339083324, "Def": 0.697017780162353, "Ext": 0.1}, "Coritiba / PR": {"Atk": 0.6707315623768144, "Def": 0.39651166518600217, "Ext": 0.1}, "Bahia / BA": {"Atk": 0.6968844742061451, "Def": 0.5912898458264683, "Ext": 0.0}, "Cuiab\u00e1 / MT": {"Atk": 0.653279929087178, "Def": 0.6714070717838337, "Ext": 0.0}}