{"Gr\u00eamio / RS": {"Atk": 1.0, "Def": 0.9346880041524651, "Home bonus": 0.8220771203936132, "Ext": 0.2733724719482017}, "Atl\u00e9tico / MG": {"Atk": 0.5878425667615067, "Def": 0.7397140241341431, "Home bonus": 0.10015056681882985, "Ext": 0.7450790800715779}, "Cear\u00e1 / CE": {"Atk": 0.1790668316796091, "Def": 0.7619163140611813, "Home bonus": 0.7811680206618674, "Ext": 0.5472594732132217}, "Palmeiras / SP": {"Atk": 0.4822948505406388, "Def": 0.7641032782245858, "Home bonus": 0.9150385248463418, "Ext": 0.1587621938285842}, "S\u00e3o Paulo / SP": {"Atk": 0.30533211008218514, "Def": 0.8431654720208575, "Home bonus": 0.6299010359731897, "Ext": 0.2477167166976072}, "Flamengo / RJ": {"Atk": 0.6600477083652729, "Def": 0.669901394078858, "Home bonus": 0.9247135661419945, "Ext": 0.0}, "Fluminense / RJ": {"Atk": 0.5855601465550586, "Def": 0.44577861255912, "Home bonus": 0.29616737206930555, "Ext": 0.0}, "Chapecoense / SC": {"Atk": 0.4334180516132839, "Def": 0.7676460303795491, "Home bonus": 0.6648845759979267, "Ext": 0.1679112018922218}, "Bahia / BA": {"Atk": 0.4277295958561091, "Def": 0.6940494411805079, "Home bonus": 0.669028204142944, "Ext": 0.20080000996512593}, "Athletico Paranaense / PR": {"Atk": 0.447519309351562, "Def": 0.6852603327162965, "Home bonus": 0.953804331572199, "Ext": 0.38796135414674815}, "Internacional / RS": {"Atk": 0.5028393979176546, "Def": 0.830636171510723, "Home bonus": 0.3917005342860962, "Ext": 0.5783548993931729}, "Cruzeiro / MG": {"Atk": 0.2851900961121561, "Def": 0.5005073780981188, "Home bonus": 0.3248517729958598, "Ext": 0.28724937728203875}, "Fortaleza / CE": {"Atk": 0.5333597380963151, "Def": 0.5590284814141218, "Home bonus": 0.2806045216045308, "Ext": 0.0}, "Corinthians / SP": {"Atk": 0.5441470173241463, "Def": 0.8321027276630092, "Home bonus": 0.7686901037231496, "Ext": 0.03157001627281371}, "Santos / SP": {"Atk": 0.5521919335473898, "Def": 0.6729786610313924, "Home bonus": 0.3375415232306805, "Ext": 0.725007910729361}, "Vasco da Gama / RJ": {"Atk": 0.18122700742403663, "Def": 0.5038361349672601, "Home bonus": 0.8381963765170385, "Ext": 0.38228911819665695}, "Botafogo / RJ": {"Atk": 0.24281340075421345, "Def": 0.7177986300664377, "Home bonus": 0.7314603307789398, "Ext": 0.4811344674543325}, "Ava\u00ed / SC": {"Atk": 0.11080153636743584, "Def": 0.5309447211791998, "Home bonus": 0.48050134913904896, "Ext": 0.5961407940882687}, "Goi\u00e1s / GO": {"Atk": 0.4619534224003632, "Def": 0.7628852894844981, "Home bonus": 0.8782737776083318, "Ext": 0.5967498613587167}, "CSA / AL": {"Atk": 0.06974946167030505, "Def": 1.036054481882568, "Home bonus": 0.7831386648991012, "Ext": 0.598684181053483}}