{"Cruzeiro / MG": {"Atk": 1.0, "Def": 1.6448386788916298}, "Athletico Paranaense / PR": {"Atk": 1.334138344636063, "Def": 1.3087862964968116}, "Am\u00e9rica / MG": {"Atk": 1.2075380962939783, "Def": 1.1455518510319052}, "Vit\u00f3ria / BA": {"Atk": 1.2989183768739854, "Def": 0.6990794976508216}, "Vasco da Gama / RJ": {"Atk": 1.4178761920738627, "Def": 0.9757498650733172}, "Botafogo / RJ": {"Atk": 1.1336797549956144, "Def": 1.0458687544106726}, "S\u00e3o Paulo / SP": {"Atk": 1.997192658886453, "Def": 1.537485368814909}, "Santos / SP": {"Atk": 1.3581748023568099, "Def": 1.1203480337876541}, "Corinthians / SP": {"Atk": 1.331388032503504, "Def": 1.6133573342475647}, "Internacional / RS": {"Atk": 1.6770557265837138, "Def": 2.268502054140622}, "Atl\u00e9tico / MG": {"Atk": 2.205073518018114, "Def": 1.0276156607697233}, "Paran\u00e1 / PR": {"Atk": 0.6240657217370884, "Def": 1.110835764790224}, "Chapecoense / SC": {"Atk": 1.3078449433489951, "Def": 1.0199838603919134}, "Bahia / BA": {"Atk": 1.3879155357584427, "Def": 1.1583513839201574}, "Fluminense / RJ": {"Atk": 1.2481447637850442, "Def": 1.1497117713219036}, "Flamengo / RJ": {"Atk": 1.749288573587763, "Def": 1.803845236994114}, "Cear\u00e1 / CE": {"Atk": 0.7339275736106614, "Def": 1.2232038791011814}, "Sport / PE": {"Atk": 1.1886738635790268, "Def": 0.860265801019025}, "Palmeiras / SP": {"Atk": 1.8596729463636672, "Def": 1.7855628806930157}, "Gr\u00eamio / RS": {"Atk": 1.4502585747546137, "Def": 3.0069355781012264}}