{"Guarani / SP": {"Atk": 1.0, "Def": 1.6073030285355383, "Home bonus": 0.8695551922379768}, "Vila Nova / GO": {"Atk": 1.4374089070743898, "Def": 9.916437840814822, "Home bonus": 0.2619357837179453}, "Crici\u00fama / SC": {"Atk": 0.9970284352236103, "Def": 2.2778598666055294, "Home bonus": 0.2577616583790083}, "Ituano / SP": {"Atk": 1.2274905865629593, "Def": 0.9377293177100426, "Home bonus": 0.033996196012706766}, "Mirassol / SP": {"Atk": 0.8792023235452282, "Def": 1.3078307722818276, "Home bonus": 0.6060029654257806}, "Vit\u00f3ria / BA": {"Atk": 1.406306564380373, "Def": 1.5074437848887354, "Home bonus": 0.3001324346176759}, "Sampaio Corr\u00eaa / MA": {"Atk": 0.2561643805737311, "Def": 0.9198264727033332, "Home bonus": 1.099836466909279}, "Juventude / RS": {"Atk": 1.3114493387276438, "Def": 1.1252154844567401, "Home bonus": 0.0}, "Londrina / PR": {"Atk": 0.46602097153863675, "Def": 0.6201266509721037, "Home bonus": 0.9369814548867682}, "CRB / AL": {"Atk": 1.0832434008544412, "Def": 0.9736721035902468, "Home bonus": 0.20747078544632064}, "Ponte Preta / SP": {"Atk": 0.1232156961543961, "Def": 1.2666791571839089, "Home bonus": 0.7753783712144343}, "Atl\u00e9tico / GO": {"Atk": 1.1450801964624149, "Def": 0.6880959157067212, "Home bonus": 0.0}, "Ava\u00ed / SC": {"Atk": 0.8084924790742133, "Def": 0.737039530790467, "Home bonus": 0.0}, "Botafogo / SP": {"Atk": 0.7956634832209533, "Def": 0.8715102951521784, "Home bonus": 0.0}, "Novorizontino / SP": {"Atk": 1.3096875958444276, "Def": 3.8546585014844186, "Home bonus": 0.0}, "Sport / PE": {"Atk": 0.854719614489022, "Def": 1.5524166358933817, "Home bonus": 1.6733559564748102}, "Cear\u00e1 / CE": {"Atk": 1.2229489914269367, "Def": 0.7359887822997545, "Home bonus": 0.0}, "Chapecoense / SC": {"Atk": 1.1923382679034131, "Def": 0.7478004164122999, "Home bonus": 0.05454794672681873}, "Tombense / MG": {"Atk": 0.5426852705481763, "Def": 0.8338664841252427, "Home bonus": 0.5605657893758826}, "ABC / RN": {"Atk": 0.6174486054952988, "Def": 0.6547790626313209, "Home bonus": 0.0}}