{"Fluminense / RJ": {"Atk": 1.0, "Def": 1.0619000146724318, "Ext": 0.26887509205065185}, "Flamengo / RJ": {"Atk": 1.2508322852223042, "Def": 1.1392772014832324, "Ext": 0.0}, "Palmeiras / SP": {"Atk": 1.4491831925145655, "Def": 1.10011320802574, "Ext": 0.0}, "Corinthians / SP": {"Atk": 1.1769186335513122, "Def": 2.0676603386876065, "Ext": 0.06367556117627822}, "Cruzeiro / MG": {"Atk": 1.1241169684293186, "Def": 1.2544469663851752, "Ext": 0.0}, "Coritiba / PR": {"Atk": 0.8245887459668735, "Def": 0.9780266764760287, "Ext": 0.05401624727180067}, "Gr\u00eamio / RS": {"Atk": 1.308209260010289, "Def": 1.4714718400878009, "Ext": 0.10532491190926609}, "Bahia / BA": {"Atk": 1.3124104111502908, "Def": 0.8326234630953863, "Ext": 0.0}, "Ponte Preta / SP": {"Atk": 0.9671862416692244, "Def": 0.8380380633738366, "Ext": 0.0}, "Ava\u00ed / SC": {"Atk": 0.6143058155893445, "Def": 0.9556708020624041, "Ext": 0.0}, "Botafogo / RJ": {"Atk": 1.053403228879468, "Def": 1.322411675587781, "Ext": 0.16406753243465746}, "Vasco da Gama / RJ": {"Atk": 0.9357182205645562, "Def": 0.9104471059279587, "Ext": 0.036704449360224115}, "Santos / SP": {"Atk": 0.9123257402433177, "Def": 2.0626269150524688, "Ext": 0.03196426630880999}, "S\u00e3o Paulo / SP": {"Atk": 0.7823015088652492, "Def": 1.2435853263795926, "Ext": 0.46200941341126645}, "Atl\u00e9tico / MG": {"Atk": 1.1408231199843053, "Def": 0.9337154698558033, "Ext": 0.0}, "Athletico Paranaense / PR": {"Atk": 1.1785053171961608, "Def": 0.9138960227038225, "Ext": 0.0}, "Sport / PE": {"Atk": 1.182135341562254, "Def": 0.767907903356225, "Ext": 0.0}, "Vit\u00f3ria / BA": {"Atk": 1.1112585970773197, "Def": 0.7716533206003322, "Ext": 0.1311945461066397}, "Atl\u00e9tico / GO": {"Atk": 0.9185856733575587, "Def": 0.7135845303913148, "Ext": 0.0}, "Chapecoense / SC": {"Atk": 1.1840617250752254, "Def": 0.796086649513493, "Ext": 0.007177324845767213}}