{"ABC / RN": {"Atk": 1.0, "Def": 2.3247698492527644, "Ext": 0.282431729654896}, "N\u00e1utico / PE": {"Atk": 0.47177996674261174, "Def": 2.429138701757881, "Ext": 0.33886491282705844}, "Crici\u00fama / SC": {"Atk": 1.1308541902679252, "Def": 3.847611303447512, "Ext": 0.3465963628149009}, "Goi\u00e1s / GO": {"Atk": 2.036147762097849, "Def": 2.116338693026261, "Ext": 0.0}, "Guarani / SP": {"Atk": 1.731102499563363, "Def": 3.8958158592901886, "Ext": 0.1848936786370329}, "Juventude / RS": {"Atk": 2.7451285172007744, "Def": 2.839527588181725, "Ext": 0.0}, "Londrina / PR": {"Atk": 3.598259008432732, "Def": 1.7447998371915117, "Ext": 0.0}, "Boa / MG": {"Atk": 1.4977835090617355, "Def": 3.45811242894156, "Ext": 0.05342298397330036}, "Paysandu / PA": {"Atk": 1.946920838602613, "Def": 3.1885543397165184, "Ext": 0.0}, "CRB / AL": {"Atk": 1.6431039681030237, "Def": 2.195222793836478, "Ext": 0.0}, "Cear\u00e1 / CE": {"Atk": 2.6876699708624496, "Def": 2.993471307061536, "Ext": 0.0}, "Santa Cruz / PE": {"Atk": 2.316389374875121, "Def": 1.9837343374886964, "Ext": 0.0}, "Figueirense / SC": {"Atk": 2.6573339635009674, "Def": 1.5103624196434586, "Ext": 0.0}, "Vila Nova / GO": {"Atk": 1.6475025135109325, "Def": 4.673504971008285, "Ext": 0.2736842969624695}, "Oeste / SP": {"Atk": 1.3482165005535707, "Def": 4.909391538405439, "Ext": 0.0}, "Brasil / RS": {"Atk": 1.9384930760202235, "Def": 1.604727136891345, "Ext": 0.0}, "Paran\u00e1 / PR": {"Atk": 2.2862391262120787, "Def": 5.826139650266208, "Ext": 0.1657982767329051}, "Am\u00e9rica / MG": {"Atk": 3.063594549177977, "Def": 3.696615702000521, "Ext": 0.0}, "Luverdense / MT": {"Atk": 2.365592291314435, "Def": 2.0908940817439454, "Ext": 0.0}, "Internacional / RS": {"Atk": 2.283799543497982, "Def": 6.343183652455409, "Ext": 0.0}, "Home bonus": 0.40879905485559126}