{"Oeste / SP": {"Home": {"Atk": 1.0, "Def": 0.7065275246167814}, "Away": {"Atk": 0.8094238144210619, "Def": 0.8755108358792385}, "Ext": 0.0}, "Boa / MG": {"Home": {"Atk": 1.0013362944559803, "Def": 0.6625877286174787}, "Away": {"Atk": 0.5135529421441306, "Def": 1.3761505513844932}, "Ext": 0.1}, "Figueirense / SC": {"Home": {"Atk": 2.0015796357568365, "Def": 0.5744166664472482}, "Away": {"Atk": 0.9204631352533893, "Def": 0.9969655144934705}, "Ext": 0.0}, "Joinville / SC": {"Home": {"Atk": 1.562553476722383, "Def": 0.5985818979090951}, "Away": {"Atk": 0.8452515516993989, "Def": 1.3610157653208617}, "Ext": 0.1}, "Icasa / CE": {"Home": {"Atk": 1.7225722386303846, "Def": 0.5408397063379939}, "Away": {"Atk": 0.6255213497272526, "Def": 1.0526448076605945}, "Ext": 0.0}, "ABC / RN": {"Home": {"Atk": 1.8240413894882377, "Def": 0.6306771156825387}, "Away": {"Atk": 0.3803822355887718, "Def": 0.760621578801324}, "Ext": 0.1}, "Palmeiras / SP": {"Home": {"Atk": 1.9350361755117333, "Def": 1.455323944720218}, "Away": {"Atk": 1.030417229093619, "Def": 1.5076953841427811}, "Ext": 0.1}, "S\u00e3o Caetano / SP": {"Home": {"Atk": 1.2797654619039667, "Def": 0.6525048555927188}, "Away": {"Atk": 0.6707351902525727, "Def": 0.7908946201479262}, "Ext": 0.1}, "Guaratinguet\u00e1 / SP": {"Home": {"Atk": 1.3366175867506767, "Def": 0.85357088412428}, "Away": {"Atk": 0.5983960623453285, "Def": 0.867748905015677}, "Ext": 0.1}, "Paysandu / PA": {"Home": {"Atk": 1.4197370361939188, "Def": 0.6478055745934151}, "Away": {"Atk": 0.5152981415467405, "Def": 0.801733751520509}, "Ext": 0.1}, "ASA / AL": {"Home": {"Atk": 1.5778359102019024, "Def": 0.4888621618581426}, "Away": {"Atk": 0.4966179086500706, "Def": 0.5890758323024473}, "Ext": 0.0}, "Am\u00e9rica / MG": {"Home": {"Atk": 1.4515400241831922, "Def": 0.5586962057491128}, "Away": {"Atk": 0.8324062517935124, "Def": 1.53161988573568}, "Ext": 0.0}, "Ava\u00ed / SC": {"Home": {"Atk": 1.5619943238306153, "Def": 0.5466538996322551}, "Away": {"Atk": 0.7812402319939791, "Def": 1.2547306856929248}, "Ext": 0.1}, "Chapecoense / SC": {"Home": {"Atk": 1.9696528208104458, "Def": 0.8597801873233197}, "Away": {"Atk": 0.7378059620482023, "Def": 1.807852289424226}, "Ext": 0.1}, "Cear\u00e1 / CE": {"Home": {"Atk": 2.160966522165599, "Def": 0.7189122084250402}, "Away": {"Atk": 0.6900115189391035, "Def": 1.0246967239375346}, "Ext": 0.1}, "Am\u00e9rica / RN": {"Home": {"Atk": 1.4606266438989566, "Def": 0.5985749319621883}, "Away": {"Atk": 0.6816811259776518, "Def": 0.8693081940945834}, "Ext": 0.1}, "Paran\u00e1 / PR": {"Home": {"Atk": 1.431122224953094, "Def": 1.2804276897975244}, "Away": {"Atk": 0.8598602791451605, "Def": 1.0909523583640544}, "Ext": 0.0}, "Atl\u00e9tico / GO": {"Home": {"Atk": 1.387477858474496, "Def": 0.5465342844030743}, "Away": {"Atk": 0.4401680734073437, "Def": 1.2384611340519738}, "Ext": 0.017142475611016894}, "Red Bull Bragantino / SP": {"Home": {"Atk": 1.0061932569202259, "Def": 0.9639666582660678}, "Away": {"Atk": 0.6160411993204081, "Def": 0.9471011729282308}, "Ext": 0.0}, "Sport / PE": {"Home": {"Atk": 1.8195062932924406, "Def": 0.6584982402144589}, "Away": {"Atk": 1.0872476814035323, "Def": 0.7826147005656996}, "Ext": 0.0}}