{"Atl\u00e9tico Mineiro / MG": {"Home": {"Atk": 1.0, "Def": 1.0594028350964786}, "Away": {"Atk": 0.31814519208865055, "Def": 0.8994770730175352}, "Ext": 0.417966694953016}, "Fluminense / RJ": {"Home": {"Atk": 0.6029419353244825, "Def": 0.8155753988568434}, "Away": {"Atk": 0.5620744689846271, "Def": 0.8648767827870754}, "Ext": 0.4150039875597135}, "S\u00e3o Paulo / SP": {"Home": {"Atk": 0.5292922198806858, "Def": 0.836939166682632}, "Away": {"Atk": 0.4090284622018322, "Def": 0.5985431907303509}, "Ext": 0.30951219915296607}, "Palmeiras / SP": {"Home": {"Atk": 0.7037503897058296, "Def": 0.6947104036713855}, "Away": {"Atk": 0.6847371802951223, "Def": 0.8056535805982679}, "Ext": 0.0}, "Botafogo / RJ": {"Home": {"Atk": 0.4178490600575157, "Def": 0.463274861209202}, "Away": {"Atk": 0.5789785042452901, "Def": 0.46563480181919964}, "Ext": 0.0}, "Juventude / RS": {"Home": {"Atk": 0.26620982922408615, "Def": 0.788152404705781}, "Away": {"Atk": 0.16621217237287575, "Def": 0.2856360007097279}, "Ext": 0.31485312733050386}, "Fortaleza / CE": {"Home": {"Atk": 0.3493009070060033, "Def": 0.6274960455663209}, "Away": {"Atk": 0.49393228160148916, "Def": 0.6656046289291949}, "Ext": 0.38412196251261904}, "Atl\u00e9tico / GO": {"Home": {"Atk": 0.303291660409848, "Def": 0.6138155996647211}, "Away": {"Atk": 0.17360937108009394, "Def": 0.5469685755699141}, "Ext": 0.48588299803983315}, "Ava\u00ed / SC": {"Home": {"Atk": 0.5944256557169569, "Def": 0.4600176485396388}, "Away": {"Atk": 0.2853370734533917, "Def": 0.2699486258146293}, "Ext": 0.0}, "Coritiba / PR": {"Home": {"Atk": 0.45076236182072116, "Def": 0.789131851469274}, "Away": {"Atk": 0.28169468129956515, "Def": 0.23515225871595724}, "Ext": 0.05011227511485518}, "Am\u00e9rica / MG": {"Home": {"Atk": 0.42615753019743546, "Def": 0.5649784448777214}, "Away": {"Atk": 0.3369599648975231, "Def": 0.8458286974819417}, "Ext": 0.24689408242921151}, "Flamengo / RJ": {"Home": {"Atk": 0.8627182472233101, "Def": 0.6917321181386522}, "Away": {"Atk": 0.6754901785164303, "Def": 0.4955515063385007}, "Ext": 0.026388763374358016}, "Red Bull Bragantino / SP": {"Home": {"Atk": 0.7873520102801282, "Def": 0.4792642993136061}, "Away": {"Atk": 0.44177735321669537, "Def": 0.6883557769198304}, "Ext": 0.11845601825991077}, "Corinthians / SP": {"Home": {"Atk": 0.45293045078515315, "Def": 1.0167761419223398}, "Away": {"Atk": 0.3304112590363516, "Def": 0.6787545630976989}, "Ext": 0.27360733260776776}, "Santos / SP": {"Home": {"Atk": 0.5027768245543728, "Def": 0.7594853172748601}, "Away": {"Atk": 0.26705751150159474, "Def": 0.6314618782000264}, "Ext": 0.4693320041814687}, "Internacional / RS": {"Home": {"Atk": 0.7629586778643874, "Def": 0.6386539078023439}, "Away": {"Atk": 0.6200623384815857, "Def": 0.6865172901031932}, "Ext": 0.6167888421363152}, "Cear\u00e1 / CE": {"Home": {"Atk": 0.25122309245445307, "Def": 0.5459103519291829}, "Away": {"Atk": 0.24105216612584865, "Def": 0.6367582620945966}, "Ext": 0.5779413712288493}, "Goi\u00e1s / GO": {"Home": {"Atk": 0.35828381286122013, "Def": 0.8971614867305872}, "Away": {"Atk": 0.4956830012580269, "Def": 0.41427780796669716}, "Ext": 0.07795163907218795}, "Cuiab\u00e1 / MT": {"Home": {"Atk": 0.25403137503326795, "Def": 0.6673245266234359}, "Away": {"Atk": 0.39453451086206365, "Def": 0.46207129962185706}, "Ext": 0.1746980555570956}, "Athletico Paranaense / PR": {"Home": {"Atk": 0.44370288149258424, "Def": 0.7453337859518523}, "Away": {"Atk": 0.48457305717298793, "Def": 0.5731338643665609}, "Ext": 0.5507079705691733}}