{"Vasco da Gama / RJ": {"Atk": 1.0, "Def": 0.6179518702965883, "Ext": 0.1}, "Fluminense / RJ": {"Atk": 0.8880227893047039, "Def": 0.8293101282427732, "Ext": 0.1}, "Corinthians / SP": {"Atk": 0.5289757838038888, "Def": 1.9433352997564153, "Ext": 0.0}, "Vit\u00f3ria / BA": {"Atk": 1.0380032072212615, "Def": 0.7564132688880255, "Ext": 0.1}, "Gr\u00eamio / RS": {"Atk": 0.8870941037667838, "Def": 1.2704834750216503, "Ext": 0.0}, "Ponte Preta / SP": {"Atk": 0.7276134405456107, "Def": 0.6678040146179814, "Ext": 0.1}, "Crici\u00fama / SC": {"Atk": 0.9353326714781113, "Def": 0.5834903578357425, "Ext": 0.0}, "Cruzeiro / MG": {"Atk": 1.5870214259874864, "Def": 1.404385318928768, "Ext": 0.1}, "Coritiba / PR": {"Atk": 0.7804387157726083, "Def": 0.8385984928712067, "Ext": 0.1}, "Santos / SP": {"Atk": 0.8725253630012928, "Def": 1.074001687249765, "Ext": 0.0}, "Botafogo / RJ": {"Atk": 1.1731435231859124, "Def": 0.9192090300047782, "Ext": 0.1}, "Flamengo / RJ": {"Atk": 0.7874696117800767, "Def": 0.8427138612609963, "Ext": 0.0}, "S\u00e3o Paulo / SP": {"Atk": 0.6075281231930573, "Def": 1.0210788739029224, "Ext": 0.0}, "Bahia / BA": {"Atk": 0.7696062129775185, "Def": 0.9314314525201124, "Ext": 0.1}, "Internacional / RS": {"Atk": 1.1032968809215016, "Def": 0.785571803123868, "Ext": 0.1}, "Goi\u00e1s / GO": {"Atk": 0.8093751034010449, "Def": 0.8986099562493866, "Ext": 0.1}, "N\u00e1utico / PE": {"Atk": 0.33141274571595647, "Def": 0.6168181233145388, "Ext": 0.0}, "Atl\u00e9tico / MG": {"Atk": 0.8665896293496874, "Def": 1.0315059918918732, "Ext": 0.0}, "Athletico Paranaense / PR": {"Atk": 1.3442914186678574, "Def": 0.7734206102375755, "Ext": 0.1}, "Portuguesa / SP": {"Atk": 1.0836593590590329, "Def": 0.728527376940981, "Ext": 0.1}, "Home bonus": 0.38302155556048456}