{"Vasco da Gama / RJ": {"Home": {"Atk": 1.0, "Def": 0.6019815702688386}, "Away": {"Atk": 0.5936412345130799, "Def": 0.658979592799453}, "Ext": 0.1}, "Fluminense / RJ": {"Home": {"Atk": 0.19773524699773387, "Def": 0.06397595751956861}, "Away": {"Atk": 0.9796825143082735, "Def": 0.3134170425804469}, "Ext": 0.020631130309403934}, "Corinthians / SP": {"Home": {"Atk": 0.0876628620827216, "Def": 0.365430646315216}, "Away": {"Atk": 0.8421707757513521, "Def": 0.9926012505288239}, "Ext": 0.1}, "Vit\u00f3ria / BA": {"Home": {"Atk": 0.8848441112590069, "Def": 0.1565879993151735}, "Away": {"Atk": 0.7202928648744722, "Def": 0.7450694611832355}, "Ext": 0.099999589054071}, "Gr\u00eamio / RS": {"Home": {"Atk": 0.83647838222799, "Def": 0.09308987096709848}, "Away": {"Atk": 0.732510659301263, "Def": 0.6863245539926162}, "Ext": 0.099999589054071}, "Ponte Preta / SP": {"Home": {"Atk": 0.2504137170157153, "Def": 0.5434970106604776}, "Away": {"Atk": 0.5048438755135677, "Def": 0.36725459637477653}, "Ext": 0.099999589054071}, "Crici\u00fama / SC": {"Home": {"Atk": 0.3869168739484447, "Def": 0.09703292811978166}, "Away": {"Atk": 0.43820299128205803, "Def": 0.7208184719696835}, "Ext": 0.08173150801562866}, "Cruzeiro / MG": {"Home": {"Atk": 0.5305268042775616, "Def": 0.5396738457337555}, "Away": {"Atk": 0.1304860232512128, "Def": 0.07342593507482836}, "Ext": 0.099999589054071}, "Coritiba / PR": {"Home": {"Atk": 0.7996139001139131, "Def": 0.07034170976621915}, "Away": {"Atk": 0.2905966570267834, "Def": 0.5666762869205639}, "Ext": 0.1}, "Santos / SP": {"Home": {"Atk": 0.9203846966232222, "Def": 0.7117937122570077}, "Away": {"Atk": 0.5674616539024357, "Def": 0.8475275053945731}, "Ext": 0.099999589054071}, "Botafogo / RJ": {"Home": {"Atk": 0.27019043674463383, "Def": 0.8272432011681359}, "Away": {"Atk": 0.9142290112834044, "Def": 0.6038870795439967}, "Ext": 0.099999589054071}, "Flamengo / RJ": {"Home": {"Atk": 0.5559311763204372, "Def": 0.21839691395478628}, "Away": {"Atk": 0.03194946602181854, "Def": 0.08513219622884241}, "Ext": 0.099999589054071}, "S\u00e3o Paulo / SP": {"Home": {"Atk": 0.5044475488646115, "Def": 0.7244331866984359}, "Away": {"Atk": 0.12157801608656231, "Def": 0.1315716124211384}, "Ext": 0.099999589054071}, "Bahia / BA": {"Home": {"Atk": 0.01174857841668835, "Def": 0.7531985190921056}, "Away": {"Atk": 0.018104212097465166, "Def": 0.9789052149265874}, "Ext": 0.1}, "Internacional / RS": {"Home": {"Atk": 0.012332362206670743, "Def": 0.6668283670105167}, "Away": {"Atk": 0.5085482901890855, "Def": 0.3929694985034299}, "Ext": 0.1}, "Goi\u00e1s / GO": {"Home": {"Atk": 0.8206131037335874, "Def": 0.4573878316912229}, "Away": {"Atk": 0.030328033155007976, "Def": 0.9989890240952588}, "Ext": 0.1}, "N\u00e1utico / PE": {"Home": {"Atk": 0.8092428769977268, "Def": 0.07200341981960698}, "Away": {"Atk": 0.7026607553894324, "Def": 0.9706786999838137}, "Ext": 0.099999589054071}, "Atl\u00e9tico / MG": {"Home": {"Atk": 0.4313971471727424, "Def": 0.3580695194355489}, "Away": {"Atk": 0.3824400614634708, "Def": 0.21162812899251238}, "Ext": 0.1}, "Athletico Paranaense / PR": {"Home": {"Atk": 0.4574504385819015, "Def": 0.3791107539364339}, "Away": {"Atk": 0.2642745012241054, "Def": 0.8212040861519397}, "Ext": 0.1}, "Portuguesa / SP": {"Home": {"Atk": 0.6269123315996031, "Def": 0.5965005970791326}, "Away": {"Atk": 0.7542057707047819, "Def": 0.2940136955079181}, "Ext": 0.1}}