{"Ponte Preta / SP": {"Atk": 1.0, "Def": 1.196216304996653}, "Oeste / SP": {"Atk": 0.9664272698268256, "Def": 0.971327104090616}, "Brasil / RS": {"Atk": 0.7700880728935562, "Def": 1.1267237480480454}, "Figueirense / SC": {"Atk": 1.258704495782079, "Def": 0.9630651620342501}, "Fortaleza / CE": {"Atk": 1.3995981702232394, "Def": 1.1484031289856202}, "Vila Nova / GO": {"Atk": 0.7830801241522644, "Def": 2.034032376024345}, "Atl\u00e9tico / GO": {"Atk": 1.3259539978041477, "Def": 0.7775295941170035}, "CSA / AL": {"Atk": 1.2433239290600775, "Def": 1.0515423655159233}, "Londrina / PR": {"Atk": 0.9628530006263415, "Def": 0.863689934782878}, "Sampaio Corr\u00eaa / MA": {"Atk": 0.7377722088225083, "Def": 0.8042255147766183}, "Guarani / SP": {"Atk": 1.1740246576260647, "Def": 0.9749969932776368}, "S\u00e3o Bento / SP": {"Atk": 0.8340136837389414, "Def": 1.0925572087685833}, "Juventude / RS": {"Atk": 0.7139791715450671, "Def": 1.1041587383073204}, "Ava\u00ed / SC": {"Atk": 1.2150051616021418, "Def": 1.4169764076267615}, "Crici\u00fama / SC": {"Atk": 0.849536856670511, "Def": 0.9382883886353748}, "Goi\u00e1s / GO": {"Atk": 1.3756271406773013, "Def": 0.8846824434781169}, "Boa / MG": {"Atk": 0.6777942972226182, "Def": 0.8180131655393741}, "CRB / AL": {"Atk": 0.6345381882254484, "Def": 1.053499936933415}, "Coritiba / PR": {"Atk": 0.9350409843695371, "Def": 1.0889667532464857}, "Paysandu / PA": {"Atk": 0.809743886339196, "Def": 0.805302488438409}, "Home bonus": 0.23751491959113136}