{"Paran\u00e1 / PR": {"Atk": 0.5679234541461888, "Def": 0.606787679617767, "Ext": 0.0932993868172339}, "Atl\u00e9tico / GO": {"Atk": 0.3124797399669358, "Def": 0.5005657291957002, "Ext": 0.0}, "Paysandu / PA": {"Atk": 0.6743376178050078, "Def": 0.8862496531405347, "Ext": 0.0}, "Mogi Mirim / SP": {"Atk": 0.4854988190665533, "Def": 0.44193049906712323, "Ext": 0.11536355245273862}, "Vit\u00f3ria / BA": {"Atk": 1.0251379027363405, "Def": 0.694919005239247, "Ext": 0.022981753345996954}, "Maca\u00e9 / RJ": {"Atk": 1.1580759117025965, "Def": 0.3994656902632668, "Ext": 0.0}, "Am\u00e9rica / MG": {"Atk": 0.6371796164761815, "Def": 0.9736930761778598, "Ext": 0.25072798389420314}, "N\u00e1utico / PE": {"Atk": 0.776215640725475, "Def": 0.6871285188556218, "Ext": 0.0}, "ABC / RN": {"Atk": 0.4919376965375148, "Def": 0.60089298890928, "Ext": 0.19815290662858945}, "CRB / AL": {"Atk": 0.6413034847932811, "Def": 0.5298133542692112, "Ext": 0.0}, "Bahia / BA": {"Atk": 0.6636408277322574, "Def": 0.9810401616936001, "Ext": 0.0}, "Crici\u00fama / SC": {"Atk": 0.4944261565309652, "Def": 0.5503472166682971, "Ext": 0.0}, "Sampaio Corr\u00eaa / MA": {"Atk": 0.9924675694956437, "Def": 0.6369421729240736, "Ext": 0.0}, "Santa Cruz / PE": {"Atk": 0.7360628791579593, "Def": 0.5562592937510302, "Ext": 0.2722302618685347}, "Botafogo / RJ": {"Atk": 0.9366211866927476, "Def": 1.1353510397598598, "Ext": 0.0}, "Red Bull Bragantino / SP": {"Atk": 0.7931599847144363, "Def": 0.48194729659436975, "Ext": 0.0}, "Boa / MG": {"Atk": 0.3967281841668634, "Def": 0.8293496260230213, "Ext": 0.0}, "Oeste / SP": {"Atk": 0.6356902878209821, "Def": 0.5131205073732523, "Ext": 0.0}, "Cear\u00e1 / CE": {"Atk": 0.4030890239535688, "Def": 0.4631260631052693, "Ext": 0.0}, "Luverdense / MT": {"Atk": 0.4898481705566995, "Def": 0.717504335324736, "Ext": 0.0}}