{"Vasco da Gama / RJ": {"Atk": 1.0, "Def": 0.28503879585902603, "Home bonus": 0.23129208855300526, "Ext": 0.4977563545414109}, "Fluminense / RJ": {"Atk": 0.1317114471527962, "Def": 1.0179759128060355, "Home bonus": 0.8196729804472976, "Ext": 0.02676821948404071}, "Corinthians / SP": {"Atk": 0.4365852155346597, "Def": 0.8785482936808083, "Home bonus": 0.4884768802835103, "Ext": 0.18869918262298468}, "Vit\u00f3ria / BA": {"Atk": 0.3467514447439487, "Def": 0.7402818677691331, "Home bonus": 0.874017199063182, "Ext": 0.5175273659465681}, "Gr\u00eamio / RS": {"Atk": 0.4331164641012689, "Def": 0.8330042298349581, "Home bonus": 0.4098287150018483, "Ext": 0.06928352644469082}, "Ponte Preta / SP": {"Atk": 0.3259484681513537, "Def": 0.6726955039844228, "Home bonus": 0.7559072079895118, "Ext": 0.628464741874718}, "Crici\u00fama / SC": {"Atk": 0.3429031826904876, "Def": 0.4550616210305824, "Home bonus": 0.3536998401637481, "Ext": 0.15913508679962995}, "Cruzeiro / MG": {"Atk": 0.7897772314981014, "Def": 0.809639400415571, "Home bonus": 0.5539417211396307, "Ext": 0.14801272049622793}, "Coritiba / PR": {"Atk": 0.36745462173053506, "Def": 0.7559959194773873, "Home bonus": 0.7976379885204588, "Ext": 0.3257354125686548}, "Santos / SP": {"Atk": 0.6914345476002782, "Def": 0.6602767342357789, "Home bonus": 0.0, "Ext": 0.12916011721848714}, "Botafogo / RJ": {"Atk": 0.7038381510041987, "Def": 0.696847840218968, "Home bonus": 0.615070765116483, "Ext": 0.0}, "Flamengo / RJ": {"Atk": 0.3123749444394169, "Def": 0.9090629230095308, "Home bonus": 0.7029708772181541, "Ext": 0.30084574637529365}, "S\u00e3o Paulo / SP": {"Atk": 0.5207658653579038, "Def": 0.6434340908215516, "Home bonus": 0.0, "Ext": 0.0}, "Bahia / BA": {"Atk": 0.3962226483339989, "Def": 0.9994897137925466, "Home bonus": 0.29196260729494694, "Ext": 0.14501465015326348}, "Internacional / RS": {"Atk": 0.6914376689543491, "Def": 0.6598373011129347, "Home bonus": 0.3224986564253799, "Ext": 0.5698562520713082}, "Goi\u00e1s / GO": {"Atk": 0.3322859361290216, "Def": 0.5909886286968625, "Home bonus": 0.546108424651497, "Ext": 0.16095242966770262}, "N\u00e1utico / PE": {"Atk": 0.10625295636472243, "Def": 0.4814616330930455, "Home bonus": 0.5054562494551245, "Ext": 0.04609038774946833}, "Atl\u00e9tico / MG": {"Atk": 0.2616239725146216, "Def": 0.8006385952869083, "Home bonus": 0.6636825066746177, "Ext": 0.17288423395159758}, "Athletico Paranaense / PR": {"Atk": 0.4165327797411401, "Def": 1.0703441078417788, "Home bonus": 0.677558727171639, "Ext": 0.5024540781617289}, "Portuguesa / SP": {"Atk": 0.0, "Def": 0.6966827992284039, "Home bonus": 0.6404050389430275, "Ext": 0.44440122947029903}}