{"Cear\u00e1 / CE": {"Atk": 0.7205619963722917, "Def": 0.6896319111236167}, "Bahia / BA": {"Atk": 0.7347450246769255, "Def": 0.9080799520472095}, "Sampaio Corr\u00eaa / MA": {"Atk": 0.34716781599319085, "Def": 0.48643341530231227}, "Oeste / SP": {"Atk": 0.48281852996019425, "Def": 0.5668127935465059}, "Vila Nova / GO": {"Atk": 0.8174453553711168, "Def": 0.5251481830956639}, "Luverdense / MT": {"Atk": 0.5366174410374428, "Def": 0.8033556845055403}, "Tupi / MG": {"Atk": 0.4920748032975133, "Def": 0.6201894539693534}, "Brasil / RS": {"Atk": 0.5650853302353963, "Def": 0.8301237688038309}, "Londrina / PR": {"Atk": 0.5074595902146481, "Def": 1.0662916366846789}, "Crici\u00fama / SC": {"Atk": 0.6996336826915633, "Def": 0.5586696513774547}, "N\u00e1utico / PE": {"Atk": 0.8031266771278109, "Def": 0.5919752843332445}, "CRB / AL": {"Atk": 0.8060379503322324, "Def": 0.5147861035647934}, "Paysandu / PA": {"Atk": 0.5001855612424556, "Def": 0.5861740375481577}, "Red Bull Bragantino / SP": {"Atk": 0.4096393249024641, "Def": 0.5660659805822513}, "Goi\u00e1s / GO": {"Atk": 0.5936019982814361, "Def": 0.5977778539370925}, "Vasco da Gama / RJ": {"Atk": 0.8693968149580206, "Def": 0.6250044302697486}, "Atl\u00e9tico / GO": {"Atk": 0.6772634155805783, "Def": 1.0091502128176575}, "Joinville / SC": {"Atk": 0.2814348160022776, "Def": 0.7132834581576433}, "Paran\u00e1 / PR": {"Atk": 0.512726415896769, "Def": 0.5887369506034006}, "Ava\u00ed / SC": {"Atk": 0.5891104586747695, "Def": 0.6567620276462887}, "Home bonus": 0.40416181160129044}