{"Flamengo / RJ": {"Atk": 1.0, "Def": 0.9544621209322872, "Home bonus": 0.4963847947293459}, "Fluminense / RJ": {"Atk": 1.2469623174845819, "Def": 1.1308312375864245, "Home bonus": 0.7141619885114188}, "S\u00e3o Paulo / SP": {"Atk": 1.6599960615457185, "Def": 1.0951616042256718, "Home bonus": 0.23635020320505912}, "Santos / SP": {"Atk": 1.0496553313195363, "Def": 1.3471064471896188, "Home bonus": 0.33374710833006505}, "Athletico Paranaense / PR": {"Atk": 1.070235801151702, "Def": 1.098635436713777, "Home bonus": 0.28076471536347536}, "Atl\u00e9tico / MG": {"Atk": 1.4667508098830688, "Def": 1.3813358932279745, "Home bonus": 0.09559415461236256}, "Bahia / BA": {"Atk": 0.8286422671043194, "Def": 1.1898573035256577, "Home bonus": 0.0}, "Internacional / RS": {"Atk": 0.8637164644222188, "Def": 1.158619760005144, "Home bonus": 1.1009937753404269}, "Crici\u00fama / SC": {"Atk": 0.44433767719594913, "Def": 0.889656741496708, "Home bonus": 0.55386182158642}, "Chapecoense / SC": {"Atk": 0.7752778508434249, "Def": 1.2238416032474404, "Home bonus": 0.5383049905352151}, "Botafogo / RJ": {"Atk": 0.4645874561419994, "Def": 0.9164904844675082, "Home bonus": 0.896047911645238}, "Sport / PE": {"Atk": 0.6920011551385347, "Def": 1.0004868848410213, "Home bonus": 0.5390174094198638}, "Corinthians / SP": {"Atk": 0.8791581707561827, "Def": 1.6479288352965544, "Home bonus": 0.8923557956591446}, "Palmeiras / SP": {"Atk": 0.7445944056713371, "Def": 0.7667150218765845, "Home bonus": 0.4849277507966295}, "Coritiba / PR": {"Atk": 0.948467846390128, "Def": 1.1899679212504526, "Home bonus": 0.2775651062395013}, "Cruzeiro / MG": {"Atk": 1.41826604976544, "Def": 1.102869154072643, "Home bonus": 0.9633077942265533}, "Vit\u00f3ria / BA": {"Atk": 0.8909088468941719, "Def": 0.8084836892450519, "Home bonus": 0.5173290491707737}, "Gr\u00eamio / RS": {"Atk": 0.7088554758188653, "Def": 2.171093200347698, "Home bonus": 0.642534168737951}, "Figueirense / SC": {"Atk": 0.7818426854523086, "Def": 0.8822426060895792, "Home bonus": 0.5064398686850496}, "Goi\u00e1s / GO": {"Atk": 0.4792516442213666, "Def": 1.2624108853544331, "Home bonus": 0.9744857227709243}}