{"Oeste / SP": {"Atk": 1.0, "Def": 0.7626608046711066, "Ext": 0.0}, "Boa / MG": {"Atk": 0.5009349620335902, "Def": 0.9567361027547046, "Ext": 0.1}, "Figueirense / SC": {"Atk": 2.063162126789851, "Def": 0.7210390819096203, "Ext": 0.1}, "Joinville / SC": {"Atk": 1.3255227885691758, "Def": 1.1164556964708716, "Ext": 0.0}, "Icasa / CE": {"Atk": 0.9167232223508439, "Def": 0.6202659946595225, "Ext": 0.0}, "ABC / RN": {"Atk": 0.5954372669473222, "Def": 0.7591624257647491, "Ext": 0.1}, "Palmeiras / SP": {"Atk": 1.344790200917167, "Def": 1.828816699371221, "Ext": 0.1}, "S\u00e3o Caetano / SP": {"Atk": 0.7430708514099936, "Def": 1.2800917453710472, "Ext": 0.1}, "Guaratinguet\u00e1 / SP": {"Atk": 1.0935335077996247, "Def": 0.6767970935069297, "Ext": 0.1}, "Paysandu / PA": {"Atk": 0.7595254491582744, "Def": 0.6437946399759139, "Ext": 0.0}, "ASA / AL": {"Atk": 0.75585116529548, "Def": 0.6458239803560103, "Ext": 0.0}, "Am\u00e9rica / MG": {"Atk": 1.2694831849634713, "Def": 0.7306790270801901, "Ext": 0.1}, "Ava\u00ed / SC": {"Atk": 1.0562466774741497, "Def": 0.7585660402229341, "Ext": 0.1}, "Chapecoense / SC": {"Atk": 1.8473684180251484, "Def": 1.468609849358617, "Ext": 0.1}, "Cear\u00e1 / CE": {"Atk": 0.6473113018844001, "Def": 0.8732133524650914, "Ext": 0.1}, "Am\u00e9rica / RN": {"Atk": 0.9455951705497133, "Def": 0.6316833795265231, "Ext": 0.1}, "Paran\u00e1 / PR": {"Atk": 0.9680629784327731, "Def": 3.070570819861772, "Ext": 0.0}, "Atl\u00e9tico / GO": {"Atk": 0.5905315366855581, "Def": 0.8805476720626433, "Ext": 0.1}, "Red Bull Bragantino / SP": {"Atk": 0.8155768618171635, "Def": 1.280867150464841, "Ext": 0.0}, "Sport / PE": {"Atk": 1.5547095491460536, "Def": 1.22698802101026, "Ext": 0.1}, "Home bonus": 0.3791229338559723}