{"Fluminense / RJ": {"Atk": 1.0, "Def": 0.6463162623327426}, "Flamengo / RJ": {"Atk": 0.9415330268458719, "Def": 0.8981537679345732}, "Palmeiras / SP": {"Atk": 1.0176436307485337, "Def": 0.8386727975445868}, "Corinthians / SP": {"Atk": 1.040880005182695, "Def": 1.464415457069565}, "Cruzeiro / MG": {"Atk": 0.9292361629176639, "Def": 1.0392360747789775}, "Coritiba / PR": {"Atk": 0.7377493268553684, "Def": 0.6741775957371954}, "Gr\u00eamio / RS": {"Atk": 1.1045584371009052, "Def": 1.039304297143762}, "Bahia / BA": {"Atk": 0.9259134204809241, "Def": 0.6955682733740418}, "Ponte Preta / SP": {"Atk": 0.7783918083212942, "Def": 0.6926087001264493}, "Ava\u00ed / SC": {"Atk": 0.4502904421908045, "Def": 0.7581107224932895}, "Botafogo / RJ": {"Atk": 1.0009557305211396, "Def": 0.8194672836120548}, "Vasco da Gama / RJ": {"Atk": 0.7869123276039648, "Def": 0.6382008394273923}, "Santos / SP": {"Atk": 0.7809747857075539, "Def": 1.4273025266290893}, "S\u00e3o Paulo / SP": {"Atk": 0.9628119457468176, "Def": 0.6208281514728345}, "Atl\u00e9tico / MG": {"Atk": 0.8189320704334193, "Def": 0.767583738894356}, "Athletico Paranaense / PR": {"Atk": 0.8690399751563584, "Def": 0.7466229138712283}, "Sport / PE": {"Atk": 0.9244342030337452, "Def": 0.6057342307689444}, "Vit\u00f3ria / BA": {"Atk": 0.9215262726273584, "Def": 0.5921761457419195}, "Atl\u00e9tico / GO": {"Atk": 0.7785389174383832, "Def": 0.5611232395235365}, "Chapecoense / SC": {"Atk": 0.9023057100014492, "Def": 0.5969874714666642}}