{"Oeste / SP": {"Atk": 1.0, "Def": 0.5839619298005073, "Home bonus": 0.2608892807325759, "Ext": 0.5089980902672706}, "Boa / MG": {"Atk": 0.7577168056865892, "Def": 0.43626385885297897, "Home bonus": 0.2759036622931385, "Ext": 0.5333156029482238}, "Figueirense / SC": {"Atk": 0.3640848997250179, "Def": 0.9361876248170994, "Home bonus": 0.6539714510794884, "Ext": 0.15872611894687147}, "Joinville / SC": {"Atk": 0.5854923215778286, "Def": 0.9640609896474475, "Home bonus": 0.3972087416278644, "Ext": 0.5267346597838687}, "Icasa / CE": {"Atk": 0.20521217984552473, "Def": 0.45723127817282816, "Home bonus": 0.8900972700771347, "Ext": 0.34497476801876065}, "ABC / RN": {"Atk": 0.7720197808758835, "Def": 0.40037424184723097, "Home bonus": 0.1699843544667087, "Ext": 0.20319706429751747}, "Palmeiras / SP": {"Atk": 0.3957409206421537, "Def": 0.6975041023742615, "Home bonus": 0.7560343866417123, "Ext": 0.4152876355406624}, "S\u00e3o Caetano / SP": {"Atk": 0.6139588933767148, "Def": 0.43049321582727845, "Home bonus": 0.4215030580169704, "Ext": 0.16282057827313295}, "Guaratinguet\u00e1 / SP": {"Atk": 0.3953050317326301, "Def": 0.508020395962612, "Home bonus": 0.3259947497703534, "Ext": 0.7650908126490925}, "Paysandu / PA": {"Atk": 0.1499757883576745, "Def": 0.8915247938534144, "Home bonus": 0.927040502118836, "Ext": 0.5520941282180364}, "ASA / AL": {"Atk": 0.1721908890974665, "Def": 0.6192343215833624, "Home bonus": 0.5896250734460526, "Ext": 0.9271473466502512}, "Am\u00e9rica / MG": {"Atk": 0.5137307014283644, "Def": 0.4538776003616464, "Home bonus": 0.16649842796704423, "Ext": 0.04304432617950461}, "Ava\u00ed / SC": {"Atk": 0.2402079078373278, "Def": 0.60848445974515, "Home bonus": 0.9896207006660526, "Ext": 0.1196159895261133}, "Chapecoense / SC": {"Atk": 0.5664011848961213, "Def": 0.47512187113236476, "Home bonus": 0.31781565484870933, "Ext": 0.6975340091469447}, "Cear\u00e1 / CE": {"Atk": 0.2669842566322744, "Def": 1.0200625870948417, "Home bonus": 0.4616289039060208, "Ext": 0.20490717978629203}, "Am\u00e9rica / RN": {"Atk": 0.6702866749833459, "Def": 0.8366810030182635, "Home bonus": 0.8077838055952601, "Ext": 0.6772826289635855}, "Paran\u00e1 / PR": {"Atk": 0.3513201653776444, "Def": 0.871503380459102, "Home bonus": 0.6824312591752769, "Ext": 0.28015494534341157}, "Atl\u00e9tico / GO": {"Atk": 0.28085691712170646, "Def": 0.4866214780642763, "Home bonus": 0.10057314144571619, "Ext": 0.46917974915446514}, "Red Bull Bragantino / SP": {"Atk": 0.18778312491201574, "Def": 0.8922197383334364, "Home bonus": 0.5188911312528212, "Ext": 0.2782937583807069}, "Sport / PE": {"Atk": 0.5677368009725294, "Def": 0.6016084852984248, "Home bonus": 0.19292392660199353, "Ext": 0.1988897699950112}}