{"Atl\u00e9tico Mineiro / MG": {"Atk": 1.0, "Def": 0.8141321460855017, "Ext": 0.1}, "Fluminense / RJ": {"Atk": 1.0909593728702143, "Def": 0.8130289328450094, "Ext": 0.1}, "S\u00e3o Paulo / SP": {"Atk": 1.0587807648241152, "Def": 0.6901256841068244, "Ext": 0.1}, "Palmeiras / SP": {"Atk": 1.1434995644616224, "Def": 1.1869112683842677, "Ext": 0.1}, "Botafogo / RJ": {"Atk": 0.7286922203718849, "Def": 0.6765685964327911, "Ext": 0.0}, "Juventude / RS": {"Atk": 0.6418761316395456, "Def": 0.5104217752831495, "Ext": 0.05274913891930852}, "Fortaleza / CE": {"Atk": 0.5637778809795438, "Def": 0.7324918275320299, "Ext": 0.1}, "Atl\u00e9tico / GO": {"Atk": 0.7020791546651528, "Def": 0.5820798015881218, "Ext": 0.0}, "Ava\u00ed / SC": {"Atk": 0.7776198280535328, "Def": 0.5453727665583815, "Ext": 0.09116756160183732}, "Coritiba / PR": {"Atk": 0.863847015071501, "Def": 0.538061535564318, "Ext": 0.0}, "Am\u00e9rica / MG": {"Atk": 0.49820707253589736, "Def": 0.7409799526009898, "Ext": 0.0}, "Flamengo / RJ": {"Atk": 0.9817508416253621, "Def": 0.8987319123386212, "Ext": 0.0}, "Red Bull Bragantino / SP": {"Atk": 1.156953007108777, "Def": 0.677122163789124, "Ext": 0.0}, "Corinthians / SP": {"Atk": 0.9093720490873151, "Def": 0.8290191044510314, "Ext": 0.0}, "Santos / SP": {"Atk": 0.8188989858857733, "Def": 0.9930920064225062, "Ext": 0.1}, "Internacional / RS": {"Atk": 1.0024055528246991, "Def": 0.7898451908693174, "Ext": 0.1}, "Cear\u00e1 / CE": {"Atk": 0.7701984412068501, "Def": 0.8943198573734926, "Ext": 0.1}, "Goi\u00e1s / GO": {"Atk": 0.7996953943629184, "Def": 0.6711241489013181, "Ext": 0.1}, "Cuiab\u00e1 / MT": {"Atk": 0.5334582490117072, "Def": 0.822715860473685, "Ext": 0.06594824558449545}, "Athletico Paranaense / PR": {"Atk": 0.9094812883452629, "Def": 0.7861049670457663, "Ext": 0.0}}