{"Flamengo / RJ": {"Home": {"Atk": 1.0, "Def": 0.9874882487017701}, "Away": {"Atk": 0.5559111736460298, "Def": 0.6175903915303006}, "Ext": 0.49604779501724233}, "Botafogo / RJ": {"Home": {"Atk": 0.40951541657280305, "Def": 0.39972623534750845}, "Away": {"Atk": 0.3027460600493088, "Def": 1.00701304303516}, "Ext": 0.07978259292418755}, "Palmeiras / SP": {"Home": {"Atk": 0.39630195477083036, "Def": 0.6589530276081487}, "Away": {"Atk": 0.43609251758865597, "Def": 0.7114687511655691}, "Ext": 0.4532426400544096}, "Santos / SP": {"Home": {"Atk": 0.5590286104230323, "Def": 0.8129580406347008}, "Away": {"Atk": 0.2949733540812207, "Def": 0.7464649253115793}, "Ext": 0.34862935762742014}, "Corinthians / SP": {"Home": {"Atk": 0.42399012577490436, "Def": 0.625430524880664}, "Away": {"Atk": 0.2989738530677621, "Def": 0.5803929207986285}, "Ext": 0.4174782538871306}, "Gr\u00eamio / RS": {"Home": {"Atk": 0.43853693395867793, "Def": 0.743869354939142}, "Away": {"Atk": 0.29468503019599757, "Def": 0.7314664411707423}, "Ext": 0.22293703980364918}, "Sport / PE": {"Home": {"Atk": 0.5874379975203038, "Def": 0.5616377850113853}, "Away": {"Atk": 0.36515251960053796, "Def": 0.5352539971757544}, "Ext": 0.04736096486660169}, "Coritiba / PR": {"Home": {"Atk": 0.524175751122696, "Def": 0.8821711438431388}, "Away": {"Atk": 0.07705951110637381, "Def": 0.5042165080845706}, "Ext": 0.0}, "Fortaleza / CE": {"Home": {"Atk": 0.5584704226340609, "Def": 0.6368664042623063}, "Away": {"Atk": 0.6096660936608308, "Def": 0.949891127044367}, "Ext": 0.0}, "Goi\u00e1s / GO": {"Home": {"Atk": 0.41259612899331916, "Def": 0.1915346025515557}, "Away": {"Atk": 0.43200518394155873, "Def": 0.4245015166571901}, "Ext": 0.49247303692576083}, "Fluminense / RJ": {"Home": {"Atk": 0.6944866829743058, "Def": 0.7446251687416165}, "Away": {"Atk": 0.3705641622763848, "Def": 0.5748300194335572}, "Ext": 0.2011274722210989}, "Vasco da Gama / RJ": {"Home": {"Atk": 0.3576256242573667, "Def": 0.6605515576579876}, "Away": {"Atk": 0.43264382901465487, "Def": 0.4939500362785865}, "Ext": 0.3964736875936832}, "S\u00e3o Paulo / SP": {"Home": {"Atk": 0.7268343586133725, "Def": 0.8926429539917515}, "Away": {"Atk": 0.6185186912053169, "Def": 0.6186398525869525}, "Ext": 0.0}, "Red Bull Bragantino / SP": {"Home": {"Atk": 0.3573021066896783, "Def": 0.6504786484167957}, "Away": {"Atk": 0.0, "Def": 0.6555583563240321}, "Ext": 0.5179151682365268}, "Atl\u00e9tico / MG": {"Home": {"Atk": 0.9370090693151407, "Def": 0.6593893129014258}, "Away": {"Atk": 0.4699538068793252, "Def": 0.5609059338022918}, "Ext": 0.08781612493178301}, "Internacional / RS": {"Home": {"Atk": 0.7313995213400605, "Def": 0.6986871686938073}, "Away": {"Atk": 0.41140728855027103, "Def": 1.0072274943440638}, "Ext": 0.0}, "Bahia / BA": {"Home": {"Atk": 0.5247764818220099, "Def": 0.3713071640221898}, "Away": {"Atk": 0.34665643943527513, "Def": 0.43410390864303633}, "Ext": 0.1462689526957519}, "Athletico Paranaense / PR": {"Home": {"Atk": 0.2124506223750584, "Def": 0.7999693916564077}, "Away": {"Atk": 0.44716573639662355, "Def": 0.5462955939938122}, "Ext": 0.0}, "Cear\u00e1 / CE": {"Home": {"Atk": 0.5013609239856573, "Def": 0.7591160460874059}, "Away": {"Atk": 0.2869066838825978, "Def": 0.45270892877886443}, "Ext": 0.10221532571513464}, "Atl\u00e9tico / GO": {"Home": {"Atk": 0.5523277676665923, "Def": 0.4758032175020386}, "Away": {"Atk": 0.15313135105438042, "Def": 0.5069467328079155}, "Ext": 0.3872931554797891}}