{"Guarani / SP": {"Home": {"Atk": 1.0, "Def": 0.5324726557308904}, "Away": {"Atk": 0.2538966444191156, "Def": 1.2434427902136587}, "Ext": 0.1}, "Botafogo / SP": {"Home": {"Atk": 1.0966382136098591, "Def": 0.5303699011697233}, "Away": {"Atk": 0.4746351878274694, "Def": 1.2116493906998431}, "Ext": 0.04787507650641731}, "S\u00e3o Bento / SP": {"Home": {"Atk": 1.0637262956952498, "Def": 0.4555035340509434}, "Away": {"Atk": 0.6673924603325728, "Def": 0.6934827607285377}, "Ext": 0.1}, "Vila Nova / GO": {"Home": {"Atk": 0.46358218303928195, "Def": 0.530971496908161}, "Away": {"Atk": 0.5666368052142483, "Def": 1.1280615543328794}, "Ext": 0.0}, "Coritiba / PR": {"Home": {"Atk": 1.6104561081094673, "Def": 0.5420284027151677}, "Away": {"Atk": 0.5869318160235248, "Def": 1.0050255674535769}, "Ext": 0.07091757567480661}, "Oper\u00e1rio / PR": {"Home": {"Atk": 1.2081006182985148, "Def": 0.7426167293158683}, "Away": {"Atk": 0.3844164969999457, "Def": 0.7236787409062757}, "Ext": 0.1}, "Crici\u00fama / SC": {"Home": {"Atk": 1.0924980877417985, "Def": 0.5847293753441674}, "Away": {"Atk": 0.25524445574118654, "Def": 0.9277462208046823}, "Ext": 0.1}, "Brasil / RS": {"Home": {"Atk": 0.7764592749641236, "Def": 0.6055668100263835}, "Away": {"Atk": 0.51552669440321, "Def": 0.9650661424855764}, "Ext": 0.1}, "Sport / PE": {"Home": {"Atk": 1.488917434078039, "Def": 0.5746160640654278}, "Away": {"Atk": 0.7612124540372093, "Def": 1.0615159502088085}, "Ext": 0.1}, "CRB / AL": {"Home": {"Atk": 1.0865273500799935, "Def": 0.3924369510674078}, "Away": {"Atk": 0.7119798026365387, "Def": 1.4427910453633868}, "Ext": 0.0}, "Ponte Preta / SP": {"Home": {"Atk": 1.3629830210708112, "Def": 0.6523048315070684}, "Away": {"Atk": 0.5363150884547558, "Def": 0.9126179735864739}, "Ext": 0.1}, "Red Bull Bragantino / SP": {"Home": {"Atk": 2.02471128325586, "Def": 0.9468521300319429}, "Away": {"Atk": 0.7177263143237328, "Def": 1.6108415723227851}, "Ext": 0.0}, "Oeste / SP": {"Home": {"Atk": 1.1079894454477714, "Def": 0.9366156250849449}, "Away": {"Atk": 0.5488291583618035, "Def": 0.7064704746171487}, "Ext": 0.1}, "Atl\u00e9tico / GO": {"Home": {"Atk": 1.3828923041647478, "Def": 0.6976666648017742}, "Away": {"Atk": 0.45584823919604556, "Def": 1.6516607259171796}, "Ext": 0.1}, "Paran\u00e1 / PR": {"Home": {"Atk": 0.6643132501062717, "Def": 1.740281680547569}, "Away": {"Atk": 0.5751974422533916, "Def": 0.8353886071219216}, "Ext": 0.1}, "Londrina / PR": {"Home": {"Atk": 1.3171700628460163, "Def": 0.4870009631218029}, "Away": {"Atk": 0.5125881432469623, "Def": 0.7324791619537906}, "Ext": 0.1}, "Figueirense / SC": {"Home": {"Atk": 0.8947404407342555, "Def": 0.4196721474996022}, "Away": {"Atk": 0.3049672016047032, "Def": 1.5418227632176635}, "Ext": 0.049828828997965056}, "Am\u00e9rica / MG": {"Home": {"Atk": 1.316275700584297, "Def": 0.4350733895203583}, "Away": {"Atk": 0.5062093681580349, "Def": 1.5989236194380845}, "Ext": 0.06596655571507848}, "Vit\u00f3ria / BA": {"Home": {"Atk": 1.0341012036331652, "Def": 0.6104193425841917}, "Away": {"Atk": 0.46135967300804626, "Def": 0.6642048665139898}, "Ext": 0.05259951191515012}, "Cuiab\u00e1 / MT": {"Home": {"Atk": 1.1863523163601508, "Def": 0.4524352023330202}, "Away": {"Atk": 0.485898312931714, "Def": 1.18394345886135}, "Ext": 0.09816446933810864}}