{"Vasco da Gama / RJ": {"Atk": 1.0, "Def": 0.5770345772169705, "Ext": 0.1}, "Fluminense / RJ": {"Atk": 0.8256216796432168, "Def": 0.7726246354091814, "Ext": 0.1}, "Corinthians / SP": {"Atk": 0.5834840572940214, "Def": 1.5778546638506696, "Ext": 0.0}, "Vit\u00f3ria / BA": {"Atk": 1.086915781350344, "Def": 0.6728910523072696, "Ext": 0.1}, "Gr\u00eamio / RS": {"Atk": 0.8965775485626403, "Def": 0.9640254636344074, "Ext": 0.0}, "Ponte Preta / SP": {"Atk": 0.8138723523197928, "Def": 0.6422338258733716, "Ext": 0.0831894085221178}, "Crici\u00fama / SC": {"Atk": 1.042976505626006, "Def": 0.5168102552241333, "Ext": 0.0}, "Cruzeiro / MG": {"Atk": 1.559702648956911, "Def": 0.9718780363453868, "Ext": 0.0}, "Coritiba / PR": {"Atk": 0.8973894850290592, "Def": 0.7465310462927406, "Ext": 0.0}, "Santos / SP": {"Atk": 0.9681617869559633, "Def": 0.8818086680621782, "Ext": 0.0}, "Botafogo / RJ": {"Atk": 1.098675332334665, "Def": 0.8046144010689894, "Ext": 0.1}, "Flamengo / RJ": {"Atk": 0.8304224395959005, "Def": 0.8215775824921517, "Ext": 0.0}, "S\u00e3o Paulo / SP": {"Atk": 0.7983516117339612, "Def": 0.9611361872536412, "Ext": 0.0}, "Bahia / BA": {"Atk": 0.785627289145538, "Def": 0.7503214293962692, "Ext": 0.0}, "Internacional / RS": {"Atk": 1.109125489795607, "Def": 0.6669337111322764, "Ext": 0.1}, "Goi\u00e1s / GO": {"Atk": 0.9464117753050623, "Def": 0.8532940153649881, "Ext": 0.0}, "N\u00e1utico / PE": {"Atk": 0.49976567295574725, "Def": 0.4898889292096649, "Ext": 0.0}, "Atl\u00e9tico / MG": {"Atk": 0.8301042837742229, "Def": 0.9845142001746298, "Ext": 0.0}, "Athletico Paranaense / PR": {"Atk": 1.1718924868368021, "Def": 0.7375192927138945, "Ext": 0.1}, "Portuguesa / SP": {"Atk": 1.0857709706183702, "Def": 0.6777844973997108, "Ext": 0.0}}