{"Oeste / SP": {"Atk": 1.0, "Def": 0.6971436121613408, "Home bonus": 0.0}, "Boa / MG": {"Atk": 0.553640886249975, "Def": 0.9284640148866089, "Home bonus": 0.4340265768688962}, "Figueirense / SC": {"Atk": 1.1903747825934694, "Def": 0.796823854011195, "Home bonus": 0.5367334590388068}, "Joinville / SC": {"Atk": 1.1520607717959237, "Def": 0.9055024923875746, "Home bonus": 0.3447525241660294}, "Icasa / CE": {"Atk": 0.7880518921674093, "Def": 0.764265328814643, "Home bonus": 0.7962165060468429}, "ABC / RN": {"Atk": 0.4549449937684433, "Def": 0.7582768208670947, "Home bonus": 1.3093538311520945}, "Palmeiras / SP": {"Atk": 1.294161910363055, "Def": 1.9269970945664294, "Home bonus": 0.615209587688898}, "S\u00e3o Caetano / SP": {"Atk": 0.8610194973070358, "Def": 0.740086147931951, "Home bonus": 0.36699832884880906}, "Guaratinguet\u00e1 / SP": {"Atk": 0.7293744705622124, "Def": 0.8078375861259259, "Home bonus": 0.5063984852605204}, "Paysandu / PA": {"Atk": 0.6281985753006618, "Def": 0.7732054755363884, "Home bonus": 0.6412083225155782}, "ASA / AL": {"Atk": 0.6468997364019298, "Def": 0.5635374853125177, "Home bonus": 0.6830125288784308}, "Am\u00e9rica / MG": {"Atk": 1.0106059834267411, "Def": 1.0026243577332516, "Home bonus": 0.29743861544794375}, "Ava\u00ed / SC": {"Atk": 0.889265230241512, "Def": 0.9048669778755826, "Home bonus": 0.4888204378665127}, "Chapecoense / SC": {"Atk": 0.9890618043834923, "Def": 1.4476520574026681, "Home bonus": 0.7900710745449189}, "Cear\u00e1 / CE": {"Atk": 0.8792762646605865, "Def": 0.8044835504014541, "Home bonus": 1.1040070987275834}, "Am\u00e9rica / RN": {"Atk": 0.9337122334458067, "Def": 0.7195654993732175, "Home bonus": 0.3597027526306894}, "Paran\u00e1 / PR": {"Atk": 1.201432870371071, "Def": 1.2000452065538876, "Home bonus": 0.03653729550757395}, "Atl\u00e9tico / GO": {"Atk": 0.7382045026665622, "Def": 0.7596226119187047, "Home bonus": 0.4918878539105268}, "Red Bull Bragantino / SP": {"Atk": 0.8212006310828261, "Def": 1.1040717616061126, "Home bonus": 0.0}, "Sport / PE": {"Atk": 1.444333434844718, "Def": 0.7823779910067185, "Home bonus": 0.0}}