{"Palmeiras / SP": {"Home": {"Atk": 0.8159725861124408, "Def": 0.7473640425716176}, "Away": {"Atk": 0.8392821758344562, "Def": 0.79883139601483}}, "Chapecoense / SC": {"Home": {"Atk": 0.5985917895102615, "Def": 0.9443672353010887}, "Away": {"Atk": 0.1981785345729207, "Def": 0.5284640106582418}}, "Fluminense / RJ": {"Home": {"Atk": 0.5855691128981417, "Def": 1.3575221058244402}, "Away": {"Atk": 0.8322274232002712, "Def": 0.45376711363186434}}, "S\u00e3o Paulo / SP": {"Home": {"Atk": 0.9509468514546059, "Def": 0.7078613001372507}, "Away": {"Atk": 0.4900260983755713, "Def": 0.4702708991256043}}, "Cruzeiro / MG": {"Home": {"Atk": 0.4494667915649034, "Def": 0.7303048133204383}, "Away": {"Atk": 0.4316825604979708, "Def": 0.7826806773667029}}, "Athletico Paranaense / PR": {"Home": {"Atk": 0.8315621718374117, "Def": 0.7530795432161723}, "Away": {"Atk": 0.49627078120409096, "Def": 0.4434406259428637}}, "Sport / PE": {"Home": {"Atk": 1.0290673383937219, "Def": 0.7228815716815195}, "Away": {"Atk": 0.6364993957588246, "Def": 0.5563157445359705}}, "Vasco da Gama / RJ": {"Home": {"Atk": 0.3399925149671303, "Def": 0.25629062768377164}, "Away": {"Atk": 0.28410388128232433, "Def": 0.47331753586586867}}, "Gr\u00eamio / RS": {"Home": {"Atk": 0.9936725859573591, "Def": 0.6974499436119226}, "Away": {"Atk": 0.38912272430971423, "Def": 0.5481879092913337}}, "Ava\u00ed / SC": {"Home": {"Atk": 0.7226377485685418, "Def": 0.28018101819414676}, "Away": {"Atk": 0.3336947990465011, "Def": 0.4479984065894623}}, "Coritiba / PR": {"Home": {"Atk": 0.4271061597924161, "Def": 0.6597159833049157}, "Away": {"Atk": 0.3555909731684882, "Def": 0.4442016223288744}}, "Goi\u00e1s / GO": {"Home": {"Atk": 0.582040509670837, "Def": 0.5815931137482329}, "Away": {"Atk": 0.30112093515888105, "Def": 0.5127262259575989}}, "Corinthians / SP": {"Home": {"Atk": 0.8669290273375735, "Def": 1.0291235639205136}, "Away": {"Atk": 0.49202569057058876, "Def": 1.0129139117009511}}, "Flamengo / RJ": {"Home": {"Atk": 0.6180363489801218, "Def": 0.3102866488489914}, "Away": {"Atk": 0.40662950139660436, "Def": 0.6267401921300926}}, "Santos / SP": {"Home": {"Atk": 0.9969239699633929, "Def": 0.4579452550267383}, "Away": {"Atk": 0.5397720416746048, "Def": 0.3778808582022345}}, "Atl\u00e9tico / MG": {"Home": {"Atk": 1.0480267952689655, "Def": 0.5166502481466388}, "Away": {"Atk": 0.9442312399727918, "Def": 0.8058081281059611}}, "Joinville / SC": {"Home": {"Atk": 0.41252534812971925, "Def": 0.4888604372343475}, "Away": {"Atk": 0.2512846475926323, "Def": 0.5735656927849048}}, "Ponte Preta / SP": {"Home": {"Atk": 0.4779940080519892, "Def": 0.6030170454419481}, "Away": {"Atk": 0.693112623988016, "Def": 0.41036901833840506}}, "Internacional / RS": {"Home": {"Atk": 0.5020330001077964, "Def": 0.5948906933423947}, "Away": {"Atk": 0.34870873830210714, "Def": 0.5447032563426679}}, "Figueirense / SC": {"Home": {"Atk": 0.6729699816577311, "Def": 0.5841152793161727}, "Away": {"Atk": 0.31196489816861933, "Def": 0.5076135312685384}}}