{"Atl\u00e9tico Mineiro / MG": {"Atk": 1.0, "Def": 1.9080948177280015, "Ext": 0.28559596831809464}, "Fluminense / RJ": {"Atk": 1.8001124294745814, "Def": 1.196267248724693, "Ext": 0.0}, "S\u00e3o Paulo / SP": {"Atk": 1.1796889238060229, "Def": 1.8980784744350867, "Ext": 0.31643022991077}, "Palmeiras / SP": {"Atk": 1.9735462504442638, "Def": 2.4540968172225113, "Ext": 0.011919921517723238}, "Botafogo / RJ": {"Atk": 1.1554651469945543, "Def": 1.166473742893353, "Ext": 0.0}, "Juventude / RS": {"Atk": 0.8673916482679273, "Def": 0.7336660665950754, "Ext": 0.0}, "Fortaleza / CE": {"Atk": 1.2528716089883591, "Def": 1.1887061917173585, "Ext": 0.0}, "Atl\u00e9tico / GO": {"Atk": 1.0959077812154145, "Def": 0.8939199429709784, "Ext": 0.08529058502218186}, "Ava\u00ed / SC": {"Atk": 0.9318712690997858, "Def": 0.788043886352776, "Ext": 0.0}, "Coritiba / PR": {"Atk": 1.1768374860955941, "Def": 0.7945209929349552, "Ext": 0.0}, "Am\u00e9rica / MG": {"Atk": 1.0769466836480839, "Def": 1.3052284415262583, "Ext": 0.0}, "Flamengo / RJ": {"Atk": 1.9645961455821386, "Def": 1.4099365755277138, "Ext": 0.0}, "Red Bull Bragantino / SP": {"Atk": 1.6536904666920829, "Def": 0.9100077861431384, "Ext": 0.0}, "Corinthians / SP": {"Atk": 1.299743599186204, "Def": 1.4953035943328568, "Ext": 0.0}, "Santos / SP": {"Atk": 1.2627017943030705, "Def": 1.5768750511254432, "Ext": 0.1305707905327799}, "Internacional / RS": {"Atk": 1.3582381764379687, "Def": 2.2028942111295398, "Ext": 0.21495979453517466}, "Cear\u00e1 / CE": {"Atk": 0.4653788925793484, "Def": 2.238831390625301, "Ext": 0.40513926473180506}, "Goi\u00e1s / GO": {"Atk": 0.6402360397909229, "Def": 1.741299958566015, "Ext": 0.496643194547202}, "Cuiab\u00e1 / MT": {"Atk": 0.8141090845057053, "Def": 1.338240591501677, "Ext": 0.022220393778335814}, "Athletico Paranaense / PR": {"Atk": 1.4537236540464806, "Def": 1.0230778522475235, "Ext": 0.0}}