{"Gr\u00eamio / RS": {"Atk": 1.0, "Def": 0.5324123301607484}, "Atl\u00e9tico / MG": {"Atk": 0.8130096729993967, "Def": 0.6097593035690884}, "Cear\u00e1 / CE": {"Atk": 0.47554080260612464, "Def": 0.6854997358708487}, "Palmeiras / SP": {"Atk": 0.9604635702948937, "Def": 0.9722337901141644}, "S\u00e3o Paulo / SP": {"Atk": 0.44121104060113353, "Def": 0.795550340419504}, "Flamengo / RJ": {"Atk": 0.8889673984066923, "Def": 0.593552124014303}, "Fluminense / RJ": {"Atk": 0.7940282436093626, "Def": 0.42020342775847574}, "Chapecoense / SC": {"Atk": 0.4915871921674975, "Def": 0.47737478474772904}, "Bahia / BA": {"Atk": 0.48248114623585453, "Def": 0.8132063947721366}, "Athletico Paranaense / PR": {"Atk": 0.6411613682747267, "Def": 0.651449018626204}, "Internacional / RS": {"Atk": 0.6230823185276488, "Def": 0.7047807737960262}, "Cruzeiro / MG": {"Atk": 0.4339305250381036, "Def": 0.43894672120107425}, "Fortaleza / CE": {"Atk": 0.4114072050809087, "Def": 0.6645831804536353}, "Corinthians / SP": {"Atk": 0.43967804738242133, "Def": 0.9525346270557675}, "Santos / SP": {"Atk": 0.6623508508625939, "Def": 0.8908249183848059}, "Vasco da Gama / RJ": {"Atk": 0.5288308788450686, "Def": 0.46571870842360413}, "Botafogo / RJ": {"Atk": 0.3041766233866308, "Def": 0.8791365466485137}, "Ava\u00ed / SC": {"Atk": 0.27630205158201204, "Def": 0.6740708196846834}, "Goi\u00e1s / GO": {"Atk": 0.4966180621373374, "Def": 0.8680616877169288}, "CSA / AL": {"Atk": 0.0, "Def": 0.5200372828820877}, "Home bonus": 0.5224850404020509}