{"Red Bull Bragantino / SP": {"Atk": 1.0, "Def": 0.7340967106153234, "Ext": 0.0}, "Ponte Preta / SP": {"Atk": 0.22276719780956045, "Def": 370.6987492893686, "Ext": 0.8906870994599388}, "Vasco da Gama / RJ": {"Atk": 1.2337144801315312, "Def": 2.548429820055699, "Ext": 0.0}, "Santa Cruz / PE": {"Atk": 0.5554066670134691, "Def": 2.6018144515316584, "Ext": 0.5584905017981996}, "Sampaio Corr\u00eaa / MA": {"Atk": 1.39797246982195, "Def": 1.403340011743492, "Ext": 0.0}, "Cear\u00e1 / CE": {"Atk": 1.5932062433107916, "Def": 0.8165860730107791, "Ext": 0.016437218914892963}, "Vila Nova / GO": {"Atk": 0.0, "Def": 0.7453172880699861, "Ext": 0.0}, "Am\u00e9rica / RN": {"Atk": 1.3989853480729215, "Def": 0.9170393618089553, "Ext": 0.07054846415125392}, "Boa / MG": {"Atk": 1.3173450676849492, "Def": 0.8156208450633815, "Ext": 0.0}, "Oeste / SP": {"Atk": 0.3842647556289583, "Def": 1.3642406867213113, "Ext": 0.3755157159580122}, "Portuguesa / SP": {"Atk": 0.9801672070061785, "Def": 0.85256580749306, "Ext": 0.0}, "Paran\u00e1 / PR": {"Atk": 0.8442454412928312, "Def": 1.3522780148729678, "Ext": 0.0}, "N\u00e1utico / PE": {"Atk": 1.0799250073418616, "Def": 1.0152613629238119, "Ext": 0.0}, "Luverdense / MT": {"Atk": 1.0000707199351544, "Def": 1.619257842666063, "Ext": 0.16333041542129242}, "Icasa / CE": {"Atk": 0.5469880224257502, "Def": 1.0967272019001342, "Ext": 0.0}, "Ava\u00ed / SC": {"Atk": 0.9679291969101803, "Def": 1.0896347837690705, "Ext": 0.0}, "Atl\u00e9tico / GO": {"Atk": 1.4138402816939877, "Def": 1.453504567371725, "Ext": 0.0}, "ABC / RN": {"Atk": 0.816697196850845, "Def": 2.097793702421101, "Ext": 0.0}, "Am\u00e9rica / MG": {"Atk": 1.4023981144327344, "Def": 1.4869554693522937, "Ext": 0.0}, "Joinville / SC": {"Atk": 0.6613818971485798, "Def": 2.612202917293638, "Ext": 0.30896819991587465}, "Home bonus": 0.4000583025938942}