{"Palmeiras / SP": {"Atk": 1.0, "Def": 0.7933544976057381}, "Flamengo / RJ": {"Atk": 0.6489445090263896, "Def": 0.8526266727011086}, "Atl\u00e9tico / MG": {"Atk": 0.9014076954533666, "Def": 0.6086740119391835}, "Coritiba / PR": {"Atk": 0.6229503535707345, "Def": 0.6485042384649581}, "Botafogo / RJ": {"Atk": 0.6768860753865478, "Def": 0.5848028019413365}, "Santa Cruz / PE": {"Atk": 0.5407035118077221, "Def": 0.5546761756922661}, "Corinthians / SP": {"Atk": 0.6988049316192557, "Def": 1.0410258330123692}, "Figueirense / SC": {"Atk": 0.4264695740092151, "Def": 0.7794862570453346}, "Am\u00e9rica / MG": {"Atk": 0.2838250926156419, "Def": 0.5151060267806394}, "Internacional / RS": {"Atk": 0.5448850745701941, "Def": 0.7501078415175416}, "Vit\u00f3ria / BA": {"Atk": 0.6735447868316982, "Def": 0.5173987084534278}, "Fluminense / RJ": {"Atk": 0.5140159517423851, "Def": 0.8359274303484028}, "Cruzeiro / MG": {"Atk": 0.778469680630664, "Def": 0.47378149772721073}, "Santos / SP": {"Atk": 0.8987319377080525, "Def": 1.1523244156315726}, "Athletico Paranaense / PR": {"Atk": 0.41387769123395435, "Def": 1.2271909911481598}, "Chapecoense / SC": {"Atk": 0.8396984625521594, "Def": 0.4437604687417147}, "S\u00e3o Paulo / SP": {"Atk": 0.5105495385028093, "Def": 0.8332446161273287}, "Gr\u00eamio / RS": {"Atk": 0.7567689611898781, "Def": 0.7727110884549461}, "Ponte Preta / SP": {"Atk": 0.6931033329290662, "Def": 0.5337765061593902}, "Sport / PE": {"Atk": 0.703429452722067, "Def": 0.49509761842222677}, "Home bonus": 0.540978306889569}