{"Atl\u00e9tico Mineiro / MG": {"Atk": 1.0, "Def": 1.7139928724210622, "Ext": 0.3459016628607487}, "Fluminense / RJ": {"Atk": 0.6750385789959481, "Def": 1.4391366270328942, "Ext": 0.28690847786635465}, "S\u00e3o Paulo / SP": {"Atk": 0.818918183211786, "Def": 1.5992704567602178, "Ext": 0.42858938625022047}, "Palmeiras / SP": {"Atk": 1.4936104739782519, "Def": 5.870196944219367, "Ext": 0.2400171726094381}, "Botafogo / RJ": {"Atk": 1.0568126338527208, "Def": 0.7141694664474499, "Ext": 0.0}, "Juventude / RS": {"Atk": 0.8507852655793425, "Def": 0.5405931217736593, "Ext": 0.0}, "Fortaleza / CE": {"Atk": 0.3238492536083458, "Def": 0.9861934371144414, "Ext": 0.27375262748504353}, "Atl\u00e9tico / GO": {"Atk": 1.0297360143108842, "Def": 0.7525222646810868, "Ext": 0.0}, "Ava\u00ed / SC": {"Atk": 0.6817347575190743, "Def": 0.8388223839719964, "Ext": 0.245123416487259}, "Coritiba / PR": {"Atk": 1.0356652962263115, "Def": 0.8071763237916273, "Ext": 0.07197092675939905}, "Am\u00e9rica / MG": {"Atk": 0.793670406654709, "Def": 0.8155836968230473, "Ext": 0.0}, "Flamengo / RJ": {"Atk": 0.7697733391832785, "Def": 1.0472058738617591, "Ext": 0.0}, "Red Bull Bragantino / SP": {"Atk": 1.445282870794732, "Def": 0.8632488255615249, "Ext": 0.0}, "Corinthians / SP": {"Atk": 1.125924816956732, "Def": 1.338779310370087, "Ext": 0.0}, "Santos / SP": {"Atk": 1.4306610869491783, "Def": 0.9629571516911876, "Ext": 0.0}, "Internacional / RS": {"Atk": 0.870519590512936, "Def": 1.4129060948645014, "Ext": 0.3947050107236677}, "Cear\u00e1 / CE": {"Atk": 0.4177483148127651, "Def": 2.329272130001762, "Ext": 0.43644274733868077}, "Goi\u00e1s / GO": {"Atk": 0.422049115692966, "Def": 1.4014370674200203, "Ext": 0.3692238929630483}, "Cuiab\u00e1 / MT": {"Atk": 0.6062459772328943, "Def": 0.8310754264373825, "Ext": 0.0}, "Athletico Paranaense / PR": {"Atk": 0.9466074948671838, "Def": 0.8692190415439934, "Ext": 0.0}}