{"Red Bull Bragantino / SP": {"Home": {"Atk": 1.0, "Def": 0.5666451502945704}, "Away": {"Atk": 0.18077377880943415, "Def": 0.7925953430496766}, "Ext": 0.6053316789811839}, "Ponte Preta / SP": {"Home": {"Atk": 0.6190943228911875, "Def": 0.6666260329416414}, "Away": {"Atk": 0.7700904203382364, "Def": 0.41319731591472203}, "Ext": 0.0}, "Vasco da Gama / RJ": {"Home": {"Atk": 0.7560812156542076, "Def": 0.8257736586867118}, "Away": {"Atk": 0.35735517135800055, "Def": 0.9541965637036779}, "Ext": 0.0}, "Santa Cruz / PE": {"Home": {"Atk": 0.5101917435613077, "Def": 0.778499237533626}, "Away": {"Atk": 0.4043774786346322, "Def": 0.7697937071073556}, "Ext": 0.1216423260873851}, "Sampaio Corr\u00eaa / MA": {"Home": {"Atk": 0.5233717914521845, "Def": 0.6754654531065156}, "Away": {"Atk": 0.8653452513716516, "Def": 0.8740817040020216}, "Ext": 0.011836838777061764}, "Cear\u00e1 / CE": {"Home": {"Atk": 0.7018187197269342, "Def": 0.6351764957111248}, "Away": {"Atk": 0.330633364221484, "Def": 0.8354379136377016}, "Ext": 0.6746295679232509}, "Vila Nova / GO": {"Home": {"Atk": 0.2005269120519027, "Def": 0.4839932761860087}, "Away": {"Atk": 0.28187576665997793, "Def": 0.3233388569479188}, "Ext": 0.15298350447202202}, "Am\u00e9rica / RN": {"Home": {"Atk": 0.4085467418479958, "Def": 0.48150982177686363}, "Away": {"Atk": 0.6841816340852187, "Def": 0.7233005589843696}, "Ext": 0.4622926461053275}, "Boa / MG": {"Home": {"Atk": 1.0063131293418204, "Def": 0.550026982486407}, "Away": {"Atk": 0.6338720340384838, "Def": 0.9302964550453651}, "Ext": 0.0}, "Oeste / SP": {"Home": {"Atk": 0.42357310443696783, "Def": 0.8113120866664947}, "Away": {"Atk": 0.39985131707282157, "Def": 0.4419808493703653}, "Ext": 0.11909111596410953}, "Portuguesa / SP": {"Home": {"Atk": 0.480932782291042, "Def": 0.4527074206970987}, "Away": {"Atk": 0.5930636953022932, "Def": 0.5137990321731377}, "Ext": 0.34860277094650716}, "Paran\u00e1 / PR": {"Home": {"Atk": 0.4474831109685364, "Def": 0.8928602529871836}, "Away": {"Atk": 0.551509111505796, "Def": 0.46812642938041665}, "Ext": 0.2515737721679832}, "N\u00e1utico / PE": {"Home": {"Atk": 0.5707544998112744, "Def": 0.6301544894898891}, "Away": {"Atk": 0.589190933973365, "Def": 0.497531632116915}, "Ext": 0.2484327409675751}, "Luverdense / MT": {"Home": {"Atk": 0.565570467431199, "Def": 0.7650321731633805}, "Away": {"Atk": 0.23935252392215953, "Def": 0.47413489527510905}, "Ext": 0.3498146850704182}, "Icasa / CE": {"Home": {"Atk": 0.43211663275004936, "Def": 0.7128930867020783}, "Away": {"Atk": 0.3201729266015406, "Def": 0.760505121375787}, "Ext": 0.5713774713993583}, "Ava\u00ed / SC": {"Home": {"Atk": 0.42542714723647024, "Def": 0.6674982452807071}, "Away": {"Atk": 0.7139183590036422, "Def": 0.6937609017153625}, "Ext": 0.2103338021099095}, "Atl\u00e9tico / GO": {"Home": {"Atk": 0.8479413388973516, "Def": 0.5421531461086021}, "Away": {"Atk": 0.6014568639903168, "Def": 0.44700975691340605}, "Ext": 0.5597603453070091}, "ABC / RN": {"Home": {"Atk": 0.5246165881229251, "Def": 0.9063500528139826}, "Away": {"Atk": 0.3709879796770921, "Def": 0.6692367430477029}, "Ext": 0.3854818703915993}, "Am\u00e9rica / MG": {"Home": {"Atk": 0.6843072780859941, "Def": 0.6107760853630296}, "Away": {"Atk": 0.29581041852858836, "Def": 0.48777460213188306}, "Ext": 0.3939710604769041}, "Joinville / SC": {"Home": {"Atk": 0.5828974131264666, "Def": 0.9098863816259858}, "Away": {"Atk": 0.34417562959543047, "Def": 0.8002106078031094}, "Ext": 0.2710304410653857}}