{"Flamengo / RJ": {"Home": {"Atk": 1.0, "Def": 0.39570122449260886}, "Away": {"Atk": 1.108147289010189, "Def": 0.43376441017896095}, "Ext": 0.0}, "Botafogo / RJ": {"Home": {"Atk": 0.1378180481419742, "Def": 0.8105435630356828}, "Away": {"Atk": 0.12363109062994904, "Def": 0.816327895479882}, "Ext": 0.5693739570988112}, "Palmeiras / SP": {"Home": {"Atk": 0.7573167418521377, "Def": 0.6655227850396871}, "Away": {"Atk": 0.6117376872164689, "Def": 0.7972552669180368}, "Ext": 0.0}, "Santos / SP": {"Home": {"Atk": 0.778280577934708, "Def": 0.7960881252786374}, "Away": {"Atk": 0.3630013947055714, "Def": 0.546472436437851}, "Ext": 0.38109055594274094}, "Corinthians / SP": {"Home": {"Atk": 0.4080106936958392, "Def": 0.5921005144366648}, "Away": {"Atk": 0.2984776415529009, "Def": 1.142730106422047}, "Ext": 0.31881810480737477}, "Gr\u00eamio / RS": {"Home": {"Atk": 0.865989794717036, "Def": 0.6273705113427169}, "Away": {"Atk": 0.26424123642912956, "Def": 1.8105606278473496}, "Ext": 0.24110984176415998}, "Sport / PE": {"Home": {"Atk": 0.4284837227051229, "Def": 0.5272940922338896}, "Away": {"Atk": 0.2656189891198202, "Def": 0.5951652466264807}, "Ext": 0.16597108465680457}, "Coritiba / PR": {"Home": {"Atk": 0.24236406912070993, "Def": 0.7496693719681767}, "Away": {"Atk": 0.5051169358599239, "Def": 0.37394694588767713}, "Ext": 0.0}, "Fortaleza / CE": {"Home": {"Atk": 0.5870738625942581, "Def": 0.7719479782673908}, "Away": {"Atk": 0.3745645582591633, "Def": 0.6797870448595814}, "Ext": 0.04902520519815409}, "Goi\u00e1s / GO": {"Home": {"Atk": 0.40791965842283756, "Def": 0.4327411083755584}, "Away": {"Atk": 0.19091793395097767, "Def": 0.6299624649517881}, "Ext": 0.4034335164696813}, "Fluminense / RJ": {"Home": {"Atk": 0.883223400754179, "Def": 0.6392716537909673}, "Away": {"Atk": 0.5779930957415769, "Def": 0.6255667543083466}, "Ext": 0.012717365724996033}, "Vasco da Gama / RJ": {"Home": {"Atk": 0.5129697198459583, "Def": 0.5011588174937079}, "Away": {"Atk": 0.6008733353325296, "Def": 0.432010285226597}, "Ext": 0.0}, "S\u00e3o Paulo / SP": {"Home": {"Atk": 0.9424885609664426, "Def": 1.104950150248214}, "Away": {"Atk": 0.9444948314071546, "Def": 0.5949064326597606}, "Ext": 0.0}, "Red Bull Bragantino / SP": {"Home": {"Atk": 0.7764984489868876, "Def": 0.6300923549909643}, "Away": {"Atk": 0.1910980181600664, "Def": 0.8662177299430144}, "Ext": 0.3145000731983389}, "Atl\u00e9tico / MG": {"Home": {"Atk": 1.1428193787926588, "Def": 1.158884186937251}, "Away": {"Atk": 0.5134747737111478, "Def": 0.4447612552804982}, "Ext": 0.23544492486869542}, "Internacional / RS": {"Home": {"Atk": 0.864603900297076, "Def": 0.66816515221298}, "Away": {"Atk": 0.6303540847233011, "Def": 0.667629213136632}, "Ext": 0.0}, "Bahia / BA": {"Home": {"Atk": 0.7602894814158218, "Def": 0.3676953441104245}, "Away": {"Atk": 0.49541883320390057, "Def": 0.33589738363722793}, "Ext": 0.0}, "Athletico Paranaense / PR": {"Home": {"Atk": 0.28454495243981515, "Def": 0.847015747503121}, "Away": {"Atk": 0.4743427572719044, "Def": 0.5048248254393114}, "Ext": 0.0}, "Cear\u00e1 / CE": {"Home": {"Atk": 0.44679164784935255, "Def": 0.7335946625993406}, "Away": {"Atk": 0.6834310870231036, "Def": 0.4765243248755054}, "Ext": 0.23267915842182876}, "Atl\u00e9tico / GO": {"Home": {"Atk": 0.4872839090967289, "Def": 0.44646614210398644}, "Away": {"Atk": 0.3761883495248112, "Def": 0.6658121192396995}, "Ext": 0.0}}