{"Oeste / SP": {"Home": {"Atk": 0.5154074040755519, "Def": 0.48016980872589665}, "Away": {"Atk": 0.6897663722012789, "Def": 0.40151695303529705}, "Ext": 0.0}, "Boa / MG": {"Home": {"Atk": 0.4856977925812648, "Def": 0.5171253143366159}, "Away": {"Atk": 0.3893428438301829, "Def": 0.5976227663766694}, "Ext": 0.1}, "Figueirense / SC": {"Home": {"Atk": 0.8963127288469701, "Def": 0.4951850193341497}, "Away": {"Atk": 0.7793449584745051, "Def": 0.45158453420210887}, "Ext": 0.0}, "Joinville / SC": {"Home": {"Atk": 0.7504094530457983, "Def": 0.5018910439324111}, "Away": {"Atk": 0.7621402595578295, "Def": 0.6121060436054805}, "Ext": 0.1}, "Icasa / CE": {"Home": {"Atk": 0.7979831964091293, "Def": 0.43664796345478996}, "Away": {"Atk": 0.5036230099634851, "Def": 0.48049514506624535}, "Ext": 0.0}, "ABC / RN": {"Home": {"Atk": 0.8549631209100227, "Def": 0.5456657912753372}, "Away": {"Atk": 0.29433096616120413, "Def": 0.37498254528013003}, "Ext": 0.1}, "Palmeiras / SP": {"Home": {"Atk": 0.9879263789225452, "Def": 1.1907708282142153}, "Away": {"Atk": 0.8144219251158701, "Def": 0.7064787995812032}, "Ext": 0.1}, "S\u00e3o Caetano / SP": {"Home": {"Atk": 0.6556286113050707, "Def": 0.5126006706619711}, "Away": {"Atk": 0.5126766867745933, "Def": 0.3786747211563418}, "Ext": 0.1}, "Guaratinguet\u00e1 / SP": {"Home": {"Atk": 0.63444387076643, "Def": 0.5920712156205169}, "Away": {"Atk": 0.4665848796632515, "Def": 0.4007638313711426}, "Ext": 0.1}, "Paysandu / PA": {"Home": {"Atk": 0.6185384263804637, "Def": 0.5356900448496004}, "Away": {"Atk": 0.4010089224570556, "Def": 0.4023213100004822}, "Ext": 0.1}, "ASA / AL": {"Home": {"Atk": 0.7083143258216258, "Def": 0.42657395582929525}, "Away": {"Atk": 0.38571883120059824, "Def": 0.27850356202207716}, "Ext": 0.0}, "Am\u00e9rica / MG": {"Home": {"Atk": 0.6770638705270258, "Def": 0.49562366581927264}, "Away": {"Atk": 0.6700529989408109, "Def": 0.67864178574649}, "Ext": 0.0}, "Ava\u00ed / SC": {"Home": {"Atk": 0.6845910520384031, "Def": 0.4786151218784881}, "Away": {"Atk": 0.6034307484025445, "Def": 0.5961743864736357}, "Ext": 0.1}, "Chapecoense / SC": {"Home": {"Atk": 0.8837678381033406, "Def": 0.7606313524875242}, "Away": {"Atk": 0.6237276554981014, "Def": 0.8421926470214031}, "Ext": 0.1}, "Cear\u00e1 / CE": {"Home": {"Atk": 0.9717402693502364, "Def": 0.5346785370717043}, "Away": {"Atk": 0.5950881357708344, "Def": 0.46834125964007256}, "Ext": 0.1}, "Am\u00e9rica / RN": {"Home": {"Atk": 0.6860547165625661, "Def": 0.48209625204506035}, "Away": {"Atk": 0.585436676982129, "Def": 0.42136783512367054}, "Ext": 0.1}, "Paran\u00e1 / PR": {"Home": {"Atk": 0.6817707855293792, "Def": 1.1157858104824752}, "Away": {"Atk": 0.7584372393302821, "Def": 0.47964711383416625}, "Ext": 0.0}, "Atl\u00e9tico / GO": {"Home": {"Atk": 0.6665697235976947, "Def": 0.4713539573612852}, "Away": {"Atk": 0.4394955282321201, "Def": 0.510798606322763}, "Ext": 0.06294793606742388}, "Red Bull Bragantino / SP": {"Home": {"Atk": 0.46655676158563, "Def": 0.7968960642761734}, "Away": {"Atk": 0.5209822362566338, "Def": 0.4805911651777258}, "Ext": 0.0}, "Sport / PE": {"Home": {"Atk": 0.7944134649784794, "Def": 0.6095489156717091}, "Away": {"Atk": 0.925670768793372, "Def": 0.35853582016454066}, "Ext": 0.0}}