{"Flamengo / RJ": {"Home": {"Atk": 1.0, "Def": 0.5099482150867988}, "Away": {"Atk": 0.5191010678499631, "Def": 0.4063489140546076}}, "Fluminense / RJ": {"Home": {"Atk": 0.8470592121847076, "Def": 0.6549772681109295}, "Away": {"Atk": 0.5951469488971285, "Def": 0.4606077786127494}}, "S\u00e3o Paulo / SP": {"Home": {"Atk": 0.7232140673281693, "Def": 0.5165387731177867}, "Away": {"Atk": 0.8075791292446773, "Def": 0.4121430468936366}}, "Santos / SP": {"Home": {"Atk": 0.7465670583141225, "Def": 0.6579740938249513}, "Away": {"Atk": 0.5783688650397872, "Def": 0.5186999845405974}}, "Athletico Paranaense / PR": {"Home": {"Atk": 0.5809068101228876, "Def": 0.5977116472102103}, "Away": {"Atk": 0.46007430025142326, "Def": 0.4260871059535495}}, "Atl\u00e9tico / MG": {"Home": {"Atk": 0.5758821145892702, "Def": 0.80095972351818}, "Away": {"Atk": 0.7052848435365424, "Def": 0.42181648856863124}}, "Bahia / BA": {"Home": {"Atk": 0.3382293070187718, "Def": 0.8892902529817167}, "Away": {"Atk": 0.4942154878405329, "Def": 0.53999553306969}}, "Internacional / RS": {"Home": {"Atk": 0.8678799362848325, "Def": 0.5369645797128858}, "Away": {"Atk": 0.44516317194415406, "Def": 0.531737195991238}}, "Crici\u00fama / SC": {"Home": {"Atk": 0.4511045023793762, "Def": 0.5515504792407144}, "Away": {"Atk": 0.16511828181220303, "Def": 0.3743155472020987}}, "Chapecoense / SC": {"Home": {"Atk": 0.6518762697860713, "Def": 0.6517432172477743}, "Away": {"Atk": 0.3734768582879564, "Def": 0.28552038561787907}}, "Botafogo / RJ": {"Home": {"Atk": 0.6296210973805547, "Def": 0.7922544571688269}, "Away": {"Atk": 0.40959180658274064, "Def": 0.41575657180033887}}, "Sport / PE": {"Home": {"Atk": 0.5713955869530771, "Def": 0.6290235268433232}, "Away": {"Atk": 0.2148630347558817, "Def": 0.41226146989023493}}, "Corinthians / SP": {"Home": {"Atk": 0.8059456970581766, "Def": 0.5128746380647637}, "Away": {"Atk": 0.43444881038748084, "Def": 0.9521855893848483}}, "Palmeiras / SP": {"Home": {"Atk": 0.5477648757501569, "Def": 0.4946812496604408}, "Away": {"Atk": 0.40781011939157275, "Def": 0.30648356632205664}}, "Coritiba / PR": {"Home": {"Atk": 0.5338250599250347, "Def": 0.6799250248442523}, "Away": {"Atk": 0.4856917509044085, "Def": 0.5771507437140533}}, "Cruzeiro / MG": {"Home": {"Atk": 1.0356821125740483, "Def": 0.6798728338772728}, "Away": {"Atk": 0.7167857991646229, "Def": 0.5363075349210912}}, "Vit\u00f3ria / BA": {"Home": {"Atk": 0.5766868349306001, "Def": 0.39893654765433395}, "Away": {"Atk": 0.415380635752999, "Def": 0.4170536400283857}}, "Gr\u00eamio / RS": {"Home": {"Atk": 0.4986225451573016, "Def": 0.61849059899603}, "Away": {"Atk": 0.30003351041597986, "Def": 0.93858227776541}}, "Figueirense / SC": {"Home": {"Atk": 0.47987341742845746, "Def": 0.39860113938409736}, "Away": {"Atk": 0.429676336244478, "Def": 0.4426424377245027}}, "Goi\u00e1s / GO": {"Home": {"Atk": 0.6293367271640637, "Def": 0.8267970999231267}, "Away": {"Atk": 0.23014770991040417, "Def": 0.453946325442093}}}