{"Ponte Preta / SP": {"Atk": 1.0, "Def": 1.4195378019301452, "Ext": 0.0}, "Oeste / SP": {"Atk": 1.04419150715003, "Def": 0.9740235712916995, "Ext": 0.0}, "Brasil / RS": {"Atk": 0.8596985818396288, "Def": 1.124515963901201, "Ext": 0.0}, "Figueirense / SC": {"Atk": 1.5375683962157607, "Def": 0.9660724167009815, "Ext": 0.0}, "Fortaleza / CE": {"Atk": 1.441075874123023, "Def": 1.9189315309202193, "Ext": 0.0}, "Vila Nova / GO": {"Atk": 0.8947848394195344, "Def": 1.9640460606684649, "Ext": 0.0}, "Atl\u00e9tico / GO": {"Atk": 1.6554948560339788, "Def": 0.7988181373357827, "Ext": 0.1}, "CSA / AL": {"Atk": 1.4024190736898707, "Def": 1.298745801553434, "Ext": 0.1}, "Londrina / PR": {"Atk": 0.9651235710124221, "Def": 1.0619159772656284, "Ext": 0.0}, "Sampaio Corr\u00eaa / MA": {"Atk": 0.978936812255243, "Def": 0.8779009355728226, "Ext": 0.1}, "Guarani / SP": {"Atk": 1.413132981701256, "Def": 1.0103418026919766, "Ext": 0.1}, "S\u00e3o Bento / SP": {"Atk": 1.0487146706804882, "Def": 1.1804022257344962, "Ext": 0.1}, "Juventude / RS": {"Atk": 0.9459933998598029, "Def": 1.1531214146552102, "Ext": 0.1}, "Ava\u00ed / SC": {"Atk": 1.3886785284612393, "Def": 1.4719466090536026, "Ext": 0.1}, "Crici\u00fama / SC": {"Atk": 0.9839328784007814, "Def": 1.1056070269920453, "Ext": 0.1}, "Goi\u00e1s / GO": {"Atk": 1.4171425470854027, "Def": 0.9056068156305312, "Ext": 0.0}, "Boa / MG": {"Atk": 0.6726556723746819, "Def": 0.8319303216050676, "Ext": 0.0}, "CRB / AL": {"Atk": 0.8213368140421199, "Def": 1.0098560959735816, "Ext": 0.0}, "Coritiba / PR": {"Atk": 1.0955280490238783, "Def": 1.3444145836568429, "Ext": 0.1}, "Paysandu / PA": {"Atk": 1.0613062726315436, "Def": 1.080062662118533, "Ext": 0.1}, "Home bonus": 0.21318933923576908}