{"Palmeiras / SP": {"Atk": 1.0, "Def": 0.8698203641244917, "Ext": 0.1}, "Flamengo / RJ": {"Atk": 0.855338806156284, "Def": 0.7978408190189282, "Ext": 0.1}, "Atl\u00e9tico / MG": {"Atk": 1.034149282838443, "Def": 0.5425838744945619, "Ext": 0.09998555455259263}, "Coritiba / PR": {"Atk": 0.6861502055261925, "Def": 0.6923529918887041, "Ext": 0.1}, "Botafogo / RJ": {"Atk": 0.7045054812924932, "Def": 0.7328107457817143, "Ext": 0.1}, "Santa Cruz / PE": {"Atk": 0.7778576686932256, "Def": 0.43366818325329587, "Ext": 0.06923628728870108}, "Corinthians / SP": {"Atk": 0.7769738754756024, "Def": 0.7109989636067163, "Ext": 0.0}, "Figueirense / SC": {"Atk": 0.5133417730144978, "Def": 0.5869179291569455, "Ext": 0.1}, "Am\u00e9rica / MG": {"Atk": 0.3894949442655634, "Def": 0.4964264935403711, "Ext": 0.0}, "Internacional / RS": {"Atk": 0.562737376391308, "Def": 0.7101902009919163, "Ext": 0.1}, "Vit\u00f3ria / BA": {"Atk": 0.861823971147827, "Def": 0.5388359537342455, "Ext": 0.06671567591126948}, "Fluminense / RJ": {"Atk": 0.7302164050643655, "Def": 0.6381012911429907, "Ext": 0.1}, "Cruzeiro / MG": {"Atk": 0.7492674093726117, "Def": 0.594677660555024, "Ext": 0.0}, "Santos / SP": {"Atk": 0.976200908781149, "Def": 0.7898483002609769, "Ext": 0.0}, "Athletico Paranaense / PR": {"Atk": 0.6256974467518585, "Def": 0.8600438885111656, "Ext": 0.0}, "Chapecoense / SC": {"Atk": 0.8463520301771165, "Def": 0.5205021009871844, "Ext": 0.1}, "S\u00e3o Paulo / SP": {"Atk": 0.655503090517232, "Def": 0.7801490189457441, "Ext": 0.0}, "Gr\u00eamio / RS": {"Atk": 0.6798140173665507, "Def": 0.6480125032311859, "Ext": 0.0}, "Ponte Preta / SP": {"Atk": 0.7880842431975136, "Def": 0.5319014387976039, "Ext": 0.0}, "Sport / PE": {"Atk": 0.7943152800501327, "Def": 0.5061602067404896, "Ext": 0.03884022771149531}}