{"Flamengo / RJ": {"Atk": 1.0, "Def": 0.610150311494084}, "Corinthians / SP": {"Atk": 0.5685787284125033, "Def": 0.5970884547247814}, "S\u00e3o Paulo / SP": {"Atk": 0.39078238665671233, "Def": 0.5782607471478718}, "Atl\u00e9tico Mineiro / MG": {"Atk": 0.858227418417292, "Def": 0.7408215960376424}, "Internacional / RS": {"Atk": 0.6577396865140477, "Def": 0.5377606300423339}, "Cear\u00e1 / CE": {"Atk": 0.4968168782105608, "Def": 0.551073767235825}, "Bahia / BA": {"Atk": 0.573029294360682, "Def": 0.42677101210475243}, "Athletico Paranaense / PR": {"Atk": 0.6264695997571361, "Def": 0.4402514969615578}, "Chapecoense / SC": {"Atk": 0.4314354143908616, "Def": 0.36315341492626674}, "Cuiab\u00e1 / MT": {"Atk": 0.4918396010622612, "Def": 0.5758658783477323}, "Fluminense / RJ": {"Atk": 0.5061767541343648, "Def": 0.5637796529999909}, "Palmeiras / SP": {"Atk": 0.8396124766047962, "Def": 0.48706084424591456}, "Santos / SP": {"Atk": 0.4561269599781085, "Def": 0.5139658305852084}, "Am\u00e9rica / MG": {"Atk": 0.5689617316278547, "Def": 0.5614806836853444}, "Gr\u00eamio / RS": {"Atk": 0.4796520131944136, "Def": 0.4344250451140844}, "Fortaleza / CE": {"Atk": 0.6558204727946467, "Def": 0.5010143668645647}, "Sport / PE": {"Atk": 0.3279525233754804, "Def": 0.6261139415704037}, "Red Bull Bragantino / SP": {"Atk": 0.7587261536566433, "Def": 0.49450535729832445}, "Juventude / RS": {"Atk": 0.5138624425514446, "Def": 0.48564326492330845}, "Atl\u00e9tico / GO": {"Atk": 0.40841141629776184, "Def": 0.5659428488221392}}