{"Cruzeiro / MG": {"Home": {"Atk": 1.0, "Def": 0.7226772133287261}, "Away": {"Atk": 0.3299722531623311, "Def": 0.9549632614965354}, "Ext": 0.0}, "Athletico Paranaense / PR": {"Home": {"Atk": 1.8411535078869519, "Def": 0.7623107639704864}, "Away": {"Atk": 0.2779093115872915, "Def": 0.8604758487197536}, "Ext": 0.1}, "Am\u00e9rica / MG": {"Home": {"Atk": 0.8946333512371344, "Def": 0.5929829653950265}, "Away": {"Atk": 0.30683492900386117, "Def": 0.716342386343768}, "Ext": 0.1}, "Vit\u00f3ria / BA": {"Home": {"Atk": 0.9098489072134214, "Def": 0.4131173411910792}, "Away": {"Atk": 0.47251821033358343, "Def": 0.5464000316845865}, "Ext": 0.1}, "Vasco da Gama / RJ": {"Home": {"Atk": 1.1484829916713974, "Def": 0.36763398980500966}, "Away": {"Atk": 0.4574257653652475, "Def": 0.8096516891451876}, "Ext": 0.0}, "Botafogo / RJ": {"Home": {"Atk": 0.904251013808921, "Def": 0.7696145604666261}, "Away": {"Atk": 0.5803362957813049, "Def": 0.6210296911053108}, "Ext": 0.1}, "S\u00e3o Paulo / SP": {"Home": {"Atk": 1.0853386615554563, "Def": 0.7129915243753798}, "Away": {"Atk": 0.8404900164124244, "Def": 1.0141726225676482}, "Ext": 0.1}, "Santos / SP": {"Home": {"Atk": 1.1016599349475744, "Def": 0.7939467767119434}, "Away": {"Atk": 0.6343571044746511, "Def": 0.8163158523579456}, "Ext": 0.1}, "Corinthians / SP": {"Home": {"Atk": 0.8179564425227706, "Def": 0.8030047166871797}, "Away": {"Atk": 0.5621151789156147, "Def": 0.8155278435724229}, "Ext": 0.1}, "Internacional / RS": {"Home": {"Atk": 1.2916122037773203, "Def": 1.0809444879320271}, "Away": {"Atk": 0.6537893712311993, "Def": 1.1053554833855685}, "Ext": 0.1}, "Atl\u00e9tico / MG": {"Home": {"Atk": 1.263125334027965, "Def": 0.6264254345850724}, "Away": {"Atk": 0.7875558355083454, "Def": 0.7485731021489638}, "Ext": 0.1}, "Paran\u00e1 / PR": {"Home": {"Atk": 0.5152235835379197, "Def": 0.44105092941053303}, "Away": {"Atk": 0.16230039273702979, "Def": 0.6183362043458274}, "Ext": 0.0}, "Chapecoense / SC": {"Home": {"Atk": 1.0060196556476375, "Def": 0.5989041541600925}, "Away": {"Atk": 0.36096005846515256, "Def": 0.5826677387356372}, "Ext": 0.1}, "Bahia / BA": {"Home": {"Atk": 1.1354740565222605, "Def": 0.7350759092236098}, "Away": {"Atk": 0.44172005311357515, "Def": 0.7013311575494152}, "Ext": 0.1}, "Fluminense / RJ": {"Home": {"Atk": 0.697147317628845, "Def": 0.8647536443312661}, "Away": {"Atk": 0.5603207847913914, "Def": 0.594747669611742}, "Ext": 0.0}, "Flamengo / RJ": {"Home": {"Atk": 1.1763558417537423, "Def": 1.4936424096422787}, "Away": {"Atk": 0.9495423870299542, "Def": 0.906927683735758}, "Ext": 0.0}, "Cear\u00e1 / CE": {"Home": {"Atk": 0.7743673393399175, "Def": 0.6115487118087136}, "Away": {"Atk": 0.4305043202823919, "Def": 0.9219908192265632}, "Ext": 0.1}, "Sport / PE": {"Home": {"Atk": 0.7598059489567485, "Def": 0.6138532036923519}, "Away": {"Atk": 0.5795260107936261, "Def": 0.4799268375330473}, "Ext": 0.1}, "Palmeiras / SP": {"Home": {"Atk": 1.5729772422413368, "Def": 0.8238523179039003}, "Away": {"Atk": 0.7972491246602766, "Def": 1.4465901924559688}, "Ext": 0.0}, "Gr\u00eamio / RS": {"Home": {"Atk": 1.4405992122785194, "Def": 0.6951216254298808}, "Away": {"Atk": 0.46282582761658214, "Def": 1.6376166583168978}, "Ext": 0.0}}