{"Flamengo / RJ": {"Atk": 1.0, "Def": 0.394681892935318, "Ext": 0.0}, "Botafogo / RJ": {"Atk": 0.16298193624335436, "Def": 0.7580829529660368, "Ext": 0.5799070091939307}, "Palmeiras / SP": {"Atk": 0.6698124211371775, "Def": 0.6442449271581467, "Ext": 0.0}, "Santos / SP": {"Atk": 0.5697737466878102, "Def": 0.5934931809188505, "Ext": 0.27895587069696276}, "Corinthians / SP": {"Atk": 0.4075033534562763, "Def": 0.6708162687414781, "Ext": 0.2242588477130856}, "Gr\u00eamio / RS": {"Atk": 0.449420351732833, "Def": 1.1635803514138994, "Ext": 0.37321078270515967}, "Sport / PE": {"Atk": 0.3028667044364517, "Def": 0.5467691858622191, "Ext": 0.1869827701605362}, "Coritiba / PR": {"Atk": 0.2651972785256556, "Def": 0.5388994100975991, "Ext": 0.1528626270164134}, "Fortaleza / CE": {"Atk": 0.429768435560083, "Def": 0.6504320414939886, "Ext": 0.0285344309796937}, "Goi\u00e1s / GO": {"Atk": 0.2909893006243742, "Def": 0.4903177968209021, "Ext": 0.38235631846350276}, "Fluminense / RJ": {"Atk": 0.7066397464566033, "Def": 0.5415792679932389, "Ext": 0.0}, "Vasco da Gama / RJ": {"Atk": 0.5241927594017735, "Def": 0.4301451707984508, "Ext": 0.0}, "S\u00e3o Paulo / SP": {"Atk": 0.8705182443557349, "Def": 0.7098260183957917, "Ext": 0.0}, "Red Bull Bragantino / SP": {"Atk": 0.5717041269595334, "Def": 0.5151042860479886, "Ext": 0.0}, "Atl\u00e9tico / MG": {"Atk": 0.8720279159070532, "Def": 0.4678517861211961, "Ext": 0.0}, "Internacional / RS": {"Atk": 0.7416511390537094, "Def": 0.6587065164463428, "Ext": 0.02659886491474775}, "Bahia / BA": {"Atk": 0.6435763667841987, "Def": 0.329325083133347, "Ext": 0.0}, "Athletico Paranaense / PR": {"Atk": 0.3802778789551259, "Def": 0.5832608946057739, "Ext": 0.0}, "Cear\u00e1 / CE": {"Atk": 0.5487386628285023, "Def": 0.5498820979844128, "Ext": 0.23819008136483874}, "Atl\u00e9tico / GO": {"Atk": 0.4588144398686336, "Def": 0.5181119538201193, "Ext": 0.0}}