{"Cear\u00e1 / CE": {"Home": {"Atk": 0.6613870380352489, "Def": 0.9241336951002345}, "Away": {"Atk": 0.7038254733582163, "Def": 0.31506387103405836}, "Ext": 0.0}, "Bahia / BA": {"Home": {"Atk": 0.751658657228186, "Def": 2.049563354753754}, "Away": {"Atk": 0.428194885003208, "Def": 0.660257898431037}, "Ext": 0.1501067561011723}, "Sampaio Corr\u00eaa / MA": {"Home": {"Atk": 0.3350089428693279, "Def": 0.4083930928107744}, "Away": {"Atk": 0.0, "Def": 0.4014362196219039}, "Ext": 0.34829565457563827}, "Oeste / SP": {"Home": {"Atk": 0.5408366947018824, "Def": 0.3842447695065478}, "Away": {"Atk": 0.4892965134352705, "Def": 0.5258761029765312}, "Ext": 0.0}, "Vila Nova / GO": {"Home": {"Atk": 0.3718329071324413, "Def": 0.40642314300203064}, "Away": {"Atk": 0.7916029164396513, "Def": 0.5194754349184799}, "Ext": 0.27849220438643607}, "Luverdense / MT": {"Home": {"Atk": 0.5034872903047619, "Def": 1.2005070649736564}, "Away": {"Atk": 0.17406106183915987, "Def": 0.9861365144665082}, "Ext": 0.4246548333096285}, "Tupi / MG": {"Home": {"Atk": 0.6818935721784368, "Def": 0.4400010239644512}, "Away": {"Atk": 0.29423238860598355, "Def": 0.3823031303978219}, "Ext": 0.0}, "Brasil / RS": {"Home": {"Atk": 0.6462626261831803, "Def": 1.3899283373711373}, "Away": {"Atk": 0.40554770531355994, "Def": 0.4373300602019792}, "Ext": 0.0}, "Londrina / PR": {"Home": {"Atk": 0.30932318846765666, "Def": 1.2485888335642608}, "Away": {"Atk": 0.36858096368147103, "Def": 1.1367266953771384}, "Ext": 0.15681544934767702}, "Crici\u00fama / SC": {"Home": {"Atk": 0.6037173299923039, "Def": 0.43564817843054743}, "Away": {"Atk": 0.13715966862972423, "Def": 0.6791609296447152}, "Ext": 0.2639232121003832}, "N\u00e1utico / PE": {"Home": {"Atk": 0.9245941329898666, "Def": 0.3999177591428772}, "Away": {"Atk": 0.4771720253570715, "Def": 0.4221309843113826}, "Ext": 0.0}, "CRB / AL": {"Home": {"Atk": 0.6089176497503344, "Def": 0.36739695368069714}, "Away": {"Atk": 0.7837481792232603, "Def": 0.5080231941558925}, "Ext": 0.0}, "Paysandu / PA": {"Home": {"Atk": 0.5258386046540504, "Def": 0.4352333253328223}, "Away": {"Atk": 0.4172905665199896, "Def": 0.45998054703838726}, "Ext": 0.0}, "Red Bull Bragantino / SP": {"Home": {"Atk": 0.36346626859467696, "Def": 0.5171458908536086}, "Away": {"Atk": 0.3457686720379565, "Def": 0.38255189860961347}, "Ext": 0.0}, "Goi\u00e1s / GO": {"Home": {"Atk": 0.42154377196462123, "Def": 1.0189647057874278}, "Away": {"Atk": 0.19747604646893063, "Def": 0.569744556426388}, "Ext": 0.42641378787098455}, "Vasco da Gama / RJ": {"Home": {"Atk": 0.6412737274233681, "Def": 0.37964393264547364}, "Away": {"Atk": 0.7183389030603057, "Def": 0.8291434893530538}, "Ext": 0.13222142504211234}, "Atl\u00e9tico / GO": {"Home": {"Atk": 0.7861594159225227, "Def": 0.7372190183755233}, "Away": {"Atk": 0.19940268651323217, "Def": 2.3832704196248744}, "Ext": 0.11491085319599127}, "Joinville / SC": {"Home": {"Atk": 0.38962408346706146, "Def": 0.45153967177790727}, "Away": {"Atk": 0.23347363288529455, "Def": 0.5564226531068316}, "Ext": 0.0}, "Paran\u00e1 / PR": {"Home": {"Atk": 0.39493775446431667, "Def": 0.6984226507943562}, "Away": {"Atk": 0.49147721673489336, "Def": 0.3269617316551252}, "Ext": 0.0}, "Ava\u00ed / SC": {"Home": {"Atk": 0.990061833963089, "Def": 0.4757434249245523}, "Away": {"Atk": 0.20563863532762, "Def": 0.48790476976711683}, "Ext": 0.0}}