{"Atl\u00e9tico Mineiro / MG": {"Atk": 1.0, "Def": 2.446448342346139, "Ext": 0.4516642359969732}, "Fluminense / RJ": {"Atk": 1.654644832252118, "Def": 1.6957031387273438, "Ext": 0.051177938433136935}, "S\u00e3o Paulo / SP": {"Atk": 0.7944203954345186, "Def": 3.304533290138541, "Ext": 0.5287567193789786}, "Palmeiras / SP": {"Atk": 2.107764192929265, "Def": 3.4429255664963296, "Ext": 0.0}, "Botafogo / RJ": {"Atk": 0.9948429755185043, "Def": 1.395660088064755, "Ext": 0.0}, "Juventude / RS": {"Atk": 0.843703538378508, "Def": 0.9154783525274853, "Ext": 0.0}, "Fortaleza / CE": {"Atk": 0.8250233705248585, "Def": 2.320790630436998, "Ext": 0.12805773724440533}, "Atl\u00e9tico / GO": {"Atk": 1.0702359559662415, "Def": 1.1107161194680681, "Ext": 0.10653255963787675}, "Ava\u00ed / SC": {"Atk": 0.4636491512449336, "Def": 1.3428620799627964, "Ext": 0.3948410911315066}, "Coritiba / PR": {"Atk": 1.2188247843384263, "Def": 0.9504141899275402, "Ext": 0.0}, "Am\u00e9rica / MG": {"Atk": 0.8926622317264383, "Def": 1.413733236031563, "Ext": 0.0}, "Flamengo / RJ": {"Atk": 2.1074773263215083, "Def": 2.5135773408555417, "Ext": 0.0}, "Red Bull Bragantino / SP": {"Atk": 1.9931572528990504, "Def": 1.153381326260771, "Ext": 0.0}, "Corinthians / SP": {"Atk": 1.464897313024402, "Def": 2.103951031811849, "Ext": 0.0}, "Santos / SP": {"Atk": 1.0319279566273047, "Def": 2.7583337674618766, "Ext": 0.23061649011597257}, "Internacional / RS": {"Atk": 1.395644122600293, "Def": 2.8624772394705116, "Ext": 0.296459028794267}, "Cear\u00e1 / CE": {"Atk": 0.7462054558638888, "Def": 2.2472670122597878, "Ext": 0.3270100462333097}, "Goi\u00e1s / GO": {"Atk": 0.45331387607783613, "Def": 2.2041445423994555, "Ext": 0.333883609277243}, "Cuiab\u00e1 / MT": {"Atk": 0.6045223203024823, "Def": 1.9618056406420235, "Ext": 0.0}, "Athletico Paranaense / PR": {"Atk": 1.7084113327148958, "Def": 1.4206590231814886, "Ext": 0.0}, "Home bonus": 0.38708330461270146}