{"Oeste / SP": {"Atk": 1.0, "Def": 0.8461257240876578, "Ext": 0.0}, "Boa / MG": {"Atk": 0.8500943497461096, "Def": 1.1988917636640997, "Ext": 0.1}, "Figueirense / SC": {"Atk": 1.5819165450209631, "Def": 0.729387590949608, "Ext": 0.0}, "Joinville / SC": {"Atk": 1.5191143150733903, "Def": 1.1837794411400517, "Ext": 0.0377702164267256}, "Icasa / CE": {"Atk": 1.287539526099952, "Def": 0.6965131836348726, "Ext": 0.0}, "ABC / RN": {"Atk": 0.8060225231379055, "Def": 0.7156352318333002, "Ext": 0.0}, "Palmeiras / SP": {"Atk": 1.7357992135033138, "Def": 1.5127634166272146, "Ext": 0.1}, "S\u00e3o Caetano / SP": {"Atk": 1.2022231764814266, "Def": 0.8216014437083863, "Ext": 0.1}, "Guaratinguet\u00e1 / SP": {"Atk": 1.0223392954920338, "Def": 0.8440608656272398, "Ext": 0.0}, "Paysandu / PA": {"Atk": 0.9809650693259249, "Def": 0.8182333080978936, "Ext": 0.0}, "ASA / AL": {"Atk": 1.0263213526475854, "Def": 0.7340690439287832, "Ext": 0.0}, "Am\u00e9rica / MG": {"Atk": 1.4284023669135497, "Def": 0.9104689684497053, "Ext": 0.002465581663673858}, "Ava\u00ed / SC": {"Atk": 1.285741420926154, "Def": 0.9785817504044826, "Ext": 0.1}, "Chapecoense / SC": {"Atk": 1.7721899584115495, "Def": 1.3400758616536823, "Ext": 0.1}, "Cear\u00e1 / CE": {"Atk": 1.333538169297965, "Def": 0.9481887522922839, "Ext": 0.0}, "Am\u00e9rica / RN": {"Atk": 1.068138241676387, "Def": 0.8317605642080649, "Ext": 0.1}, "Paran\u00e1 / PR": {"Atk": 1.3884342991491088, "Def": 1.5617557163434794, "Ext": 0.0}, "Atl\u00e9tico / GO": {"Atk": 0.9514031339063473, "Def": 0.8692031144811851, "Ext": 0.0}, "Red Bull Bragantino / SP": {"Atk": 0.8423636983661764, "Def": 1.2221201889075017, "Ext": 0.0}, "Sport / PE": {"Atk": 1.4612586505172283, "Def": 0.7275460334578578, "Ext": 0.0}}