{"ABC / RN": {"Home": {"Atk": 1.0, "Def": 0.9140912091566927}, "Away": {"Atk": 0.7430520740072519, "Def": 1.387453281983324}}, "N\u00e1utico / PE": {"Home": {"Atk": 1.5606203568769572, "Def": 0.9654888325329974}, "Away": {"Atk": 0.6051072188296956, "Def": 1.4021065342947716}}, "Crici\u00fama / SC": {"Home": {"Atk": 2.243105955700319, "Def": 0.6942293380140766}, "Away": {"Atk": 0.9066252360137355, "Def": 2.331416702993477}}, "Goi\u00e1s / GO": {"Home": {"Atk": 2.1413786554281296, "Def": 0.9087912823222409}, "Away": {"Atk": 0.7782375819519911, "Def": 1.5416604916213936}}, "Guarani / SP": {"Home": {"Atk": 2.0987621240936347, "Def": 1.0775569577433903}, "Away": {"Atk": 0.817646684971242, "Def": 1.3164324720831437}}, "Juventude / RS": {"Home": {"Atk": 2.336553496861019, "Def": 1.439196567459344}, "Away": {"Atk": 0.756146913456467, "Def": 1.7526290317370081}}, "Londrina / PR": {"Home": {"Atk": 2.811480966521587, "Def": 0.7998905669324549}, "Away": {"Atk": 1.6574966298064973, "Def": 1.414357276129551}}, "Boa / MG": {"Home": {"Atk": 2.2525222376122542, "Def": 1.0612993132635287}, "Away": {"Atk": 0.6806452827069674, "Def": 1.7223648766857458}}, "Paysandu / PA": {"Home": {"Atk": 1.2154542892092743, "Def": 1.5912777486984433}, "Away": {"Atk": 1.3103286096379736, "Def": 1.6532140906651636}}, "CRB / AL": {"Home": {"Atk": 1.984958715730045, "Def": 0.8615710134543888}, "Away": {"Atk": 0.7464956292897167, "Def": 1.3376195955125236}}, "Cear\u00e1 / CE": {"Home": {"Atk": 2.223392672452524, "Def": 1.2161679545975261}, "Away": {"Atk": 1.3337219601008654, "Def": 1.9952447821283508}}, "Santa Cruz / PE": {"Home": {"Atk": 2.1334975989546034, "Def": 0.913688004209373}, "Away": {"Atk": 0.8037456707646266, "Def": 1.4986458595033125}}, "Figueirense / SC": {"Home": {"Atk": 2.4098668399357024, "Def": 0.7748340504773054}, "Away": {"Atk": 0.9346812741842306, "Def": 1.3036797897727654}}, "Vila Nova / GO": {"Home": {"Atk": 2.211585675014202, "Def": 1.4659290523373172}, "Away": {"Atk": 0.7434285224291265, "Def": 2.5304013430573895}}, "Oeste / SP": {"Home": {"Atk": 2.926205596099976, "Def": 1.5849338819905652}, "Away": {"Atk": 0.7769082599411621, "Def": 2.0314871035955697}}, "Brasil / RS": {"Home": {"Atk": 2.209607221081079, "Def": 1.2853287789634746}, "Away": {"Atk": 0.7139547704317817, "Def": 1.129870531966617}}, "Paran\u00e1 / PR": {"Home": {"Atk": 2.9824478379647634, "Def": 2.4307919257322723}, "Away": {"Atk": 1.011306975134323, "Def": 2.0276230064927883}}, "Am\u00e9rica / MG": {"Home": {"Atk": 2.272730561824828, "Def": 1.2839668615826474}, "Away": {"Atk": 1.1461300909858578, "Def": 3.193951217457476}}, "Luverdense / MT": {"Home": {"Atk": 1.8552659255029875, "Def": 1.2649713870989197}, "Away": {"Atk": 1.002931195734491, "Def": 1.4656864709675728}}, "Internacional / RS": {"Home": {"Atk": 2.911123558362534, "Def": 1.3827639678913726}, "Away": {"Atk": 1.330476358325699, "Def": 2.8286280834292863}}}