{"Vasco da Gama / RJ": {"Atk": 1.0, "Def": 0.7357578191533285, "Ext": 0.19250407142796105}, "Fluminense / RJ": {"Atk": 0.6620230513970058, "Def": 1.2379702183392163, "Ext": 0.28254382316219695}, "Corinthians / SP": {"Atk": 0.6802820775838156, "Def": 1.863684219762403, "Ext": 0.0}, "Vit\u00f3ria / BA": {"Atk": 0.8626465248222807, "Def": 1.0665112667297632, "Ext": 0.2964864775142173}, "Gr\u00eamio / RS": {"Atk": 1.0819284991854627, "Def": 1.2555577088937822, "Ext": 0.0}, "Ponte Preta / SP": {"Atk": 0.8268880907708742, "Def": 0.7663953161019637, "Ext": 0.0}, "Crici\u00fama / SC": {"Atk": 1.2078471261177763, "Def": 0.5910309328615876, "Ext": 0.0}, "Cruzeiro / MG": {"Atk": 1.7948998477326388, "Def": 1.2897933347218706, "Ext": 0.0}, "Coritiba / PR": {"Atk": 0.7636740210050067, "Def": 0.9884862643716648, "Ext": 0.23531484403427883}, "Santos / SP": {"Atk": 1.1338699308240934, "Def": 1.0080094856931583, "Ext": 0.0}, "Botafogo / RJ": {"Atk": 1.2979031381746176, "Def": 0.9054686521174418, "Ext": 0.0}, "Flamengo / RJ": {"Atk": 0.9224983609511376, "Def": 0.9668718186656868, "Ext": 0.0}, "S\u00e3o Paulo / SP": {"Atk": 0.8184647269073484, "Def": 1.1928833629500373, "Ext": 0.0}, "Bahia / BA": {"Atk": 0.9476627868359248, "Def": 0.7915040356564761, "Ext": 0.0}, "Internacional / RS": {"Atk": 0.7593412114426834, "Def": 1.3763646178755906, "Ext": 0.5534942945457945}, "Goi\u00e1s / GO": {"Atk": 1.063063579268434, "Def": 1.0162949708211158, "Ext": 0.025264584105692312}, "N\u00e1utico / PE": {"Atk": 0.6010016917430562, "Def": 0.5296523945873303, "Ext": 0.0}, "Atl\u00e9tico / MG": {"Atk": 1.0141767600616312, "Def": 1.1266203652814264, "Ext": 0.0}, "Athletico Paranaense / PR": {"Atk": 0.8922083261801044, "Def": 1.6159024607072714, "Ext": 0.5494579552048893}, "Portuguesa / SP": {"Atk": 1.3665664733037444, "Def": 0.7211347821121145, "Ext": 0.0}}