{"ABC / RN": {"Atk": 1.0, "Def": 0.7709344749291431, "Ext": 0.1}, "N\u00e1utico / PE": {"Atk": 0.8463259428485443, "Def": 0.6644441498658679, "Ext": 0.1}, "Crici\u00fama / SC": {"Atk": 1.1797033278745157, "Def": 1.2208630082998608, "Ext": 0.1}, "Goi\u00e1s / GO": {"Atk": 1.2524787283378047, "Def": 0.8480264967236922, "Ext": 0.0}, "Guarani / SP": {"Atk": 1.2921698943816344, "Def": 1.2237861742337284, "Ext": 0.1}, "Juventude / RS": {"Atk": 1.5606540716699382, "Def": 1.9065297945963076, "Ext": 0.0}, "Londrina / PR": {"Atk": 1.675300110462143, "Def": 0.863428914738699, "Ext": 0.0}, "Boa / MG": {"Atk": 0.8434820072734223, "Def": 1.0696256918050226, "Ext": 0.1}, "Paysandu / PA": {"Atk": 0.8671438027672976, "Def": 1.3784256080781017, "Ext": 0.0}, "CRB / AL": {"Atk": 0.8802588772932047, "Def": 1.1649262033243448, "Ext": 0.0}, "Cear\u00e1 / CE": {"Atk": 1.1069258400051953, "Def": 1.2493068522036817, "Ext": 0.0}, "Santa Cruz / PE": {"Atk": 1.3539941080440165, "Def": 0.9939763829995866, "Ext": 0.0}, "Figueirense / SC": {"Atk": 1.2536135900107024, "Def": 0.7481019461533951, "Ext": 0.0}, "Vila Nova / GO": {"Atk": 1.4347783599837924, "Def": 1.265149540649546, "Ext": 0.1}, "Oeste / SP": {"Atk": 0.8904600617183561, "Def": 1.204976255376444, "Ext": 0.0}, "Brasil / RS": {"Atk": 1.290774957577442, "Def": 0.802227793869639, "Ext": 0.0}, "Paran\u00e1 / PR": {"Atk": 0.9627872173424482, "Def": 1.4959355923373496, "Ext": 0.1}, "Am\u00e9rica / MG": {"Atk": 1.2946681022369118, "Def": 1.840599515010064, "Ext": 0.0}, "Luverdense / MT": {"Atk": 1.3672605800528956, "Def": 0.8443183175852276, "Ext": 0.0}, "Internacional / RS": {"Atk": 1.2405520277233688, "Def": 1.7073637825619759, "Ext": 0.1}}