{"Vasco da Gama / RJ": {"Home": {"Atk": 1.0, "Def": 0.6219103295793079}, "Away": {"Atk": 0.3735999743860506, "Def": 0.647476027481866}, "Ext": 0.0}, "Vila Nova / GO": {"Home": {"Atk": 0.2510645672211888, "Def": 0.7936914050326656}, "Away": {"Atk": 0.6133842147790012, "Def": 0.6190415166670052}, "Ext": 0.15767367044534963}, "Guarani / SP": {"Home": {"Atk": 0.6659434473121709, "Def": 0.7543206467516304}, "Away": {"Atk": 0.577052849230124, "Def": 0.6625723659953972}, "Ext": 0.5816705360255564}, "N\u00e1utico / PE": {"Home": {"Atk": 0.825459745512791, "Def": 0.6439382500394316}, "Away": {"Atk": 0.596220024789378, "Def": 0.682447646120539}, "Ext": 0.0}, "Brasil / RS": {"Home": {"Atk": 0.6985633765261945, "Def": 0.6210853675145397}, "Away": {"Atk": 0.23158420668582183, "Def": 0.5406850850281106}, "Ext": 0.12234206509709597}, "CRB / AL": {"Home": {"Atk": 0.5189185939290856, "Def": 0.8103065039727031}, "Away": {"Atk": 0.3978722953736334, "Def": 0.6371282995375518}, "Ext": 0.33036938298454316}, "Coritiba / PR": {"Home": {"Atk": 0.8245800582839702, "Def": 0.7866823238810727}, "Away": {"Atk": 0.35143823389315504, "Def": 1.0544118956611133}, "Ext": 0.14267541586368532}, "Brusque / SC": {"Home": {"Atk": 0.6096864708042036, "Def": 0.685325082968387}, "Away": {"Atk": 0.4224535712110304, "Def": 0.49375322698929713}, "Ext": 0.35276848015749285}, "Confian\u00e7a / SE": {"Home": {"Atk": 0.6546531163713251, "Def": 0.37932933039139366}, "Away": {"Atk": 0.4102862855858377, "Def": 0.35431403342211065}, "Ext": 0.0}, "Sampaio Corr\u00eaa / MA": {"Home": {"Atk": 0.6602923102693316, "Def": 0.47059292140021663}, "Away": {"Atk": 0.5080867555984078, "Def": 0.7753546983697372}, "Ext": 0.26617044679861784}, "Botafogo / RJ": {"Home": {"Atk": 0.7620178487245827, "Def": 0.6076695563633192}, "Away": {"Atk": 0.1696611475070431, "Def": 0.5763692720754298}, "Ext": 0.37669549765296617}, "Goi\u00e1s / GO": {"Home": {"Atk": 0.6737407825847723, "Def": 0.9258954263035838}, "Away": {"Atk": 0.34582113755681687, "Def": 0.6595112787152716}, "Ext": 0.0}, "Ponte Preta / SP": {"Home": {"Atk": 0.302356610521858, "Def": 0.6422548086847484}, "Away": {"Atk": 0.12536071671538154, "Def": 0.6816628494554158}, "Ext": 0.18612594049993994}, "Cruzeiro / MG": {"Home": {"Atk": 0.45654010518082233, "Def": 0.315882391914624}, "Away": {"Atk": 0.18618873228499386, "Def": 0.7251090490936575}, "Ext": 0.2507717805583318}, "Londrina / PR": {"Home": {"Atk": 0.02133100232798976, "Def": 0.5522016523460656}, "Away": {"Atk": 0.13586421727639694, "Def": 0.9093700069986269}, "Ext": 0.3996632042714474}, "CSA / AL": {"Home": {"Atk": 0.4712358005090846, "Def": 0.620845598693752}, "Away": {"Atk": 0.5667880220898989, "Def": 0.5333881669278843}, "Ext": 0.3450711160529872}, "Oper\u00e1rio / PR": {"Home": {"Atk": 0.35403687447464094, "Def": 0.712247850188315}, "Away": {"Atk": 0.40833841887439803, "Def": 0.5051437923751665}, "Ext": 0.14094581936911285}, "Ava\u00ed / SC": {"Home": {"Atk": 0.46509053384335447, "Def": 1.0036496523745941}, "Away": {"Atk": 0.5050468712731241, "Def": 0.5863169243574639}, "Ext": 0.029020983339431344}, "Vit\u00f3ria / BA": {"Home": {"Atk": 0.2936033095521223, "Def": 0.797509233006332}, "Away": {"Atk": 0.1968210636683895, "Def": 0.7982907270818553}, "Ext": 0.2135707372559591}, "Remo / PA": {"Home": {"Atk": 0.3155662423121962, "Def": 1.0035792726705353}, "Away": {"Atk": 0.19872842456959636, "Def": 0.5619409345744365}, "Ext": 0.27452995823556126}}