{"Red Bull Bragantino / SP": {"Atk": 1.0, "Def": 0.868657591428284, "Ext": 0.0}, "Ponte Preta / SP": {"Atk": 1.2922932510419554, "Def": 1.2150699201249304, "Ext": 0.1}, "Vasco da Gama / RJ": {"Atk": 1.4066118645196684, "Def": 1.2757551137441043, "Ext": 0.0}, "Santa Cruz / PE": {"Atk": 1.317856766282094, "Def": 1.2008739951712673, "Ext": 0.1}, "Sampaio Corr\u00eaa / MA": {"Atk": 1.4247989629247726, "Def": 1.1364777759444793, "Ext": 0.1}, "Cear\u00e1 / CE": {"Atk": 1.6948851867941492, "Def": 0.8193235210840997, "Ext": 0.0}, "Vila Nova / GO": {"Atk": 0.7066291814081657, "Def": 0.7622316097106192, "Ext": 0.0}, "Am\u00e9rica / RN": {"Atk": 1.3638101680542913, "Def": 0.8097498141640826, "Ext": 0.1}, "Boa / MG": {"Atk": 1.429763618688856, "Def": 0.9165304303317623, "Ext": 0.0}, "Oeste / SP": {"Atk": 1.1036293506674177, "Def": 0.8117388375147327, "Ext": 0.1}, "Portuguesa / SP": {"Atk": 1.0181449678948586, "Def": 0.8365851779538873, "Ext": 0.1}, "Paran\u00e1 / PR": {"Atk": 1.1293480622859189, "Def": 1.133074138832692, "Ext": 0.1}, "N\u00e1utico / PE": {"Atk": 1.0809813604644996, "Def": 0.951863096473243, "Ext": 0.0}, "Luverdense / MT": {"Atk": 1.337153899078148, "Def": 0.989822915538128, "Ext": 0.0}, "Icasa / CE": {"Atk": 0.7043306019757245, "Def": 1.066358720051154, "Ext": 0.0}, "Ava\u00ed / SC": {"Atk": 1.2047079695020428, "Def": 1.6091176925895283, "Ext": 0.0}, "Atl\u00e9tico / GO": {"Atk": 1.3421942477897524, "Def": 0.8227907243207929, "Ext": 0.0}, "ABC / RN": {"Atk": 0.959361391604587, "Def": 1.2368737830534156, "Ext": 0.0}, "Am\u00e9rica / MG": {"Atk": 1.4738991062837654, "Def": 1.2107652397035908, "Ext": 0.0}, "Joinville / SC": {"Atk": 1.228516320429568, "Def": 1.0853744648541088, "Ext": 0.1}}