{"Oeste / SP": {"Home": {"Atk": 1.0, "Def": 0.745834937293689}, "Away": {"Atk": 0.7304296982077807, "Def": 1.1056366495128556}}, "Boa / MG": {"Home": {"Atk": 1.0771900877576943, "Def": 0.6691955796665205}, "Away": {"Atk": 0.7397671409108033, "Def": 1.6031438920030778}}, "Figueirense / SC": {"Home": {"Atk": 2.7356836052072784, "Def": 0.6072658407610395}, "Away": {"Atk": 0.9554062549196173, "Def": 1.2358440978066332}}, "Joinville / SC": {"Home": {"Atk": 2.975894447146546, "Def": 0.6481310210979636}, "Away": {"Atk": 0.7218956978503321, "Def": 1.4375137873117871}}, "Icasa / CE": {"Home": {"Atk": 2.056464337845482, "Def": 0.45271520181463}, "Away": {"Atk": 0.4000958374277668, "Def": 0.806878117170219}}, "ABC / RN": {"Home": {"Atk": 0.8737220953826794, "Def": 0.7847977210231974}, "Away": {"Atk": 0.43464674843443535, "Def": 0.7655639748119203}}, "Palmeiras / SP": {"Home": {"Atk": 2.779992054390305, "Def": 1.0242297144145451}, "Away": {"Atk": 1.20349483073673, "Def": 2.011188139958809}}, "S\u00e3o Caetano / SP": {"Home": {"Atk": 1.2829134723727382, "Def": 0.8649406619134727}, "Away": {"Atk": 1.027437275172828, "Def": 1.2290168758616145}}, "Guaratinguet\u00e1 / SP": {"Home": {"Atk": 1.866281385991976, "Def": 0.5124612488597013}, "Away": {"Atk": 0.610290397436285, "Def": 0.8689307589864103}}, "Paysandu / PA": {"Home": {"Atk": 2.1573046132774136, "Def": 0.5351967287812531}, "Away": {"Atk": 0.19397339440734296, "Def": 0.878651925264025}}, "ASA / AL": {"Home": {"Atk": 1.711533273811562, "Def": 0.5049363650056323}, "Away": {"Atk": 0.6281014279978728, "Def": 1.0415692185040961}}, "Am\u00e9rica / MG": {"Home": {"Atk": 3.268181419577827, "Def": 0.3701071042520104}, "Away": {"Atk": 0.5758764112438113, "Def": 2.0145668459066823}}, "Ava\u00ed / SC": {"Home": {"Atk": 1.6838592188280368, "Def": 0.45601019331576714}, "Away": {"Atk": 1.128093373361215, "Def": 1.173068543903604}}, "Chapecoense / SC": {"Home": {"Atk": 2.782865852973475, "Def": 0.8202455056639558}, "Away": {"Atk": 1.413065142879694, "Def": 1.9367289135864456}}, "Cear\u00e1 / CE": {"Home": {"Atk": 2.3293225963493995, "Def": 0.7235429904755573}, "Away": {"Atk": 0.4253684010578317, "Def": 1.0538911015601207}}, "Am\u00e9rica / RN": {"Home": {"Atk": 1.0143279290922615, "Def": 0.5880649131593066}, "Away": {"Atk": 0.7064074542845697, "Def": 1.0944625960881025}}, "Paran\u00e1 / PR": {"Home": {"Atk": 1.9448964883126867, "Def": 4.463521563359826}, "Away": {"Atk": 0.6617715853317332, "Def": 1.5386502581067514}}, "Atl\u00e9tico / GO": {"Home": {"Atk": 0.9181251573550264, "Def": 0.36394630875707096}, "Away": {"Atk": 0.42823774210617177, "Def": 1.6134917823614636}}, "Red Bull Bragantino / SP": {"Home": {"Atk": 1.1665680210712697, "Def": 2.0093955667344914}, "Away": {"Atk": 0.7623955411953285, "Def": 1.3054819859894828}}, "Sport / PE": {"Home": {"Atk": 1.445444255480842, "Def": 1.4180304526064007}, "Away": {"Atk": 1.2761464149975055, "Def": 0.8900677638299858}}}