{"Palmeiras / SP": {"Atk": 1.180495458815232, "Def": 0.7590596041834753, "Ext": 0.0}, "Flamengo / RJ": {"Atk": 0.6829005240515418, "Def": 1.0367490130743344, "Ext": 0.13398201400880394}, "Atl\u00e9tico / MG": {"Atk": 0.9816045190104555, "Def": 0.6121813092640329, "Ext": 0.0355316892435235}, "Coritiba / PR": {"Atk": 0.7672464373938915, "Def": 0.6417718612625068, "Ext": 0.0}, "Botafogo / RJ": {"Atk": 0.6890837498773924, "Def": 0.7301062121805001, "Ext": 0.18524804155678753}, "Santa Cruz / PE": {"Atk": 0.6962777827822043, "Def": 0.507279440641449, "Ext": 0.0}, "Corinthians / SP": {"Atk": 0.8819907443010201, "Def": 0.8294614227536918, "Ext": 0.0}, "Figueirense / SC": {"Atk": 0.31528097577206404, "Def": 0.930621747887953, "Ext": 0.40117442819372573}, "Am\u00e9rica / MG": {"Atk": 0.34368111614354874, "Def": 0.5119061521425249, "Ext": 0.0}, "Internacional / RS": {"Atk": 0.37795337116669636, "Def": 1.0360747215561408, "Ext": 0.3778452162989688}, "Vit\u00f3ria / BA": {"Atk": 0.8692644954105806, "Def": 0.4863287980696612, "Ext": 0.0}, "Fluminense / RJ": {"Atk": 0.5431722314486787, "Def": 1.0437472369384555, "Ext": 0.24330720550179535}, "Cruzeiro / MG": {"Atk": 0.770032226249388, "Def": 0.5050666033455713, "Ext": 0.0}, "Santos / SP": {"Atk": 1.027141882822564, "Def": 0.875441038173308, "Ext": 0.0}, "Athletico Paranaense / PR": {"Atk": 0.5658835846131999, "Def": 0.8809685904366928, "Ext": 0.0}, "Chapecoense / SC": {"Atk": 0.6421995173284143, "Def": 0.6364177394830106, "Ext": 0.45428814915906146}, "S\u00e3o Paulo / SP": {"Atk": 0.5685301231028176, "Def": 0.9616376365604841, "Ext": 0.08774252685820838}, "Gr\u00eamio / RS": {"Atk": 0.7990718934106505, "Def": 0.6802043776668779, "Ext": 0.0}, "Ponte Preta / SP": {"Atk": 0.9119348097260691, "Def": 0.5201603416567563, "Ext": 0.0}, "Sport / PE": {"Atk": 0.9667017596796293, "Def": 0.468951558091229, "Ext": 0.0}}