{"Vasco da Gama / RJ": {"Atk": 1.0, "Def": 0.3935497709913358, "Home bonus": 0.20637346962280373, "Ext": 0.1}, "Fluminense / RJ": {"Atk": 0.6281455732578861, "Def": 0.5356546166021372, "Home bonus": 0.34277358340696795, "Ext": 0.1}, "Corinthians / SP": {"Atk": 0.4977017063353932, "Def": 2.695111902447156, "Home bonus": 0.5114741819079374, "Ext": 0.0}, "Vit\u00f3ria / BA": {"Atk": 0.5047518147655194, "Def": 0.574894063258869, "Home bonus": 0.8553939614463688, "Ext": 0.1}, "Gr\u00eamio / RS": {"Atk": 0.7092394466182768, "Def": 1.1415988870983884, "Home bonus": 0.30138493417050505, "Ext": 0.0}, "Ponte Preta / SP": {"Atk": 0.6635262021148647, "Def": 0.48524147262505907, "Home bonus": 0.0, "Ext": 0.1}, "Crici\u00fama / SC": {"Atk": 0.6187478800293453, "Def": 0.46876467701764274, "Home bonus": 0.7316123210118531, "Ext": 0.0}, "Cruzeiro / MG": {"Atk": 1.07946034632699, "Def": 0.7726358160063954, "Home bonus": 1.0302226143181408, "Ext": 0.1}, "Coritiba / PR": {"Atk": 0.6560926733445389, "Def": 0.743665720824006, "Home bonus": 0.11646339100588995, "Ext": 0.1}, "Santos / SP": {"Atk": 0.6058727203013565, "Def": 0.9348691630505725, "Home bonus": 0.4840502899370445, "Ext": 0.1}, "Botafogo / RJ": {"Atk": 0.9630628476840177, "Def": 0.7468344358497297, "Home bonus": 0.29368279482692916, "Ext": 0.1}, "Flamengo / RJ": {"Atk": 0.6627092488821755, "Def": 0.6342275876102841, "Home bonus": 0.0, "Ext": 0.0}, "S\u00e3o Paulo / SP": {"Atk": 0.5911530751642842, "Def": 0.7097412522218567, "Home bonus": 0.0, "Ext": 0.0}, "Bahia / BA": {"Atk": 0.569256606678554, "Def": 0.6944011538414182, "Home bonus": 0.21338048279137128, "Ext": 0.1}, "Internacional / RS": {"Atk": 0.9412216379087208, "Def": 0.564027294531983, "Home bonus": 0.22693913215282416, "Ext": 0.1}, "Goi\u00e1s / GO": {"Atk": 0.48695692197264756, "Def": 0.7321488470158835, "Home bonus": 0.5155459459449181, "Ext": 0.1}, "N\u00e1utico / PE": {"Atk": 0.24972542175573034, "Def": 0.4245593982093911, "Home bonus": 0.29108651343942377, "Ext": 0.0}, "Atl\u00e9tico / MG": {"Atk": 0.23068668232735665, "Def": 0.6771255102291807, "Home bonus": 1.6058777803632664, "Ext": 0.1}, "Athletico Paranaense / PR": {"Atk": 1.1006310229476357, "Def": 0.5740245365642216, "Home bonus": 0.40079489663976037, "Ext": 0.1}, "Portuguesa / SP": {"Atk": 0.5475400780363575, "Def": 0.5111150798846346, "Home bonus": 0.8615854984223593, "Ext": 0.1}}