{"Oeste / SP": {"Atk": 1.0, "Def": 1.021349244293397, "Ext": 0.0}, "Boa / MG": {"Atk": 0.9518340643592844, "Def": 1.2660805131150223, "Ext": 0.1}, "Figueirense / SC": {"Atk": 2.1765804353618265, "Def": 0.9071602321926425, "Ext": 0.0}, "Joinville / SC": {"Atk": 1.8417913457434556, "Def": 1.0671713953073085, "Ext": 0.0}, "Icasa / CE": {"Atk": 1.2618287149887033, "Def": 0.7054662433835915, "Ext": 0.0}, "ABC / RN": {"Atk": 0.743625806754721, "Def": 0.8531761342398907, "Ext": 0.1}, "Palmeiras / SP": {"Atk": 1.93918415350275, "Def": 1.8233195247880654, "Ext": 0.1}, "S\u00e3o Caetano / SP": {"Atk": 1.1577199460058918, "Def": 1.1030636733254457, "Ext": 0.1}, "Guaratinguet\u00e1 / SP": {"Atk": 1.304243462880475, "Def": 0.7795665933478269, "Ext": 0.020195831436887347}, "Paysandu / PA": {"Atk": 1.0650413723069336, "Def": 0.8244975531891209, "Ext": 0.0}, "ASA / AL": {"Atk": 1.0665851948154106, "Def": 0.7223180714541554, "Ext": 0.0}, "Am\u00e9rica / MG": {"Atk": 2.0298692880484612, "Def": 0.9790987219189647, "Ext": 0.1}, "Ava\u00ed / SC": {"Atk": 1.2936096532506105, "Def": 0.9872227201340983, "Ext": 0.1}, "Chapecoense / SC": {"Atk": 2.27204289026949, "Def": 1.456734685883437, "Ext": 0.1}, "Cear\u00e1 / CE": {"Atk": 1.2874895693379196, "Def": 1.0185839062412576, "Ext": 0.0}, "Am\u00e9rica / RN": {"Atk": 1.1064448470754313, "Def": 0.8061648796206451, "Ext": 0.1}, "Paran\u00e1 / PR": {"Atk": 1.3034365056027106, "Def": 2.089450184499924, "Ext": 0.0}, "Atl\u00e9tico / GO": {"Atk": 0.6999118562934594, "Def": 0.9503783771590256, "Ext": 0.1}, "Red Bull Bragantino / SP": {"Atk": 1.0109767402087892, "Def": 1.384664796142199, "Ext": 0.0}, "Sport / PE": {"Atk": 1.85342751402553, "Def": 0.8915955235969604, "Ext": 0.0}}