{"Cruzeiro / MG": {"Atk": 1.0, "Def": 1.8281851972352348, "Ext": 0.0}, "Athletico Paranaense / PR": {"Atk": 1.5915600003913697, "Def": 1.2654298569323161, "Ext": 0.0}, "Am\u00e9rica / MG": {"Atk": 1.1569189005848117, "Def": 1.1889359547382137, "Ext": 0.1}, "Vit\u00f3ria / BA": {"Atk": 1.2452860671708847, "Def": 0.789322053626017, "Ext": 0.1}, "Vasco da Gama / RJ": {"Atk": 1.395634467670102, "Def": 0.9494335289131034, "Ext": 0.0}, "Botafogo / RJ": {"Atk": 1.264268272880005, "Def": 0.9671216748383824, "Ext": 0.1}, "S\u00e3o Paulo / SP": {"Atk": 1.7102457986680324, "Def": 1.7048923012006507, "Ext": 0.1}, "Santos / SP": {"Atk": 1.4685827842597519, "Def": 1.313479244677376, "Ext": 0.1}, "Corinthians / SP": {"Atk": 1.3294528183472274, "Def": 1.519162034906227, "Ext": 0.04141687606491639}, "Internacional / RS": {"Atk": 1.6166767749685942, "Def": 2.221486469980708, "Ext": 0.1}, "Atl\u00e9tico / MG": {"Atk": 2.031366277727637, "Def": 1.158750601216201, "Ext": 0.1}, "Paran\u00e1 / PR": {"Atk": 0.5386791459888431, "Def": 1.0231822593843802, "Ext": 0.0}, "Chapecoense / SC": {"Atk": 1.3412802197558458, "Def": 0.9409593417012048, "Ext": 0.0}, "Bahia / BA": {"Atk": 1.2715485314355495, "Def": 1.1531295334961622, "Ext": 0.0}, "Fluminense / RJ": {"Atk": 1.216438438621901, "Def": 1.1307644293243877, "Ext": 0.1}, "Flamengo / RJ": {"Atk": 1.7638972008352383, "Def": 1.5973019734618874, "Ext": 0.0}, "Cear\u00e1 / CE": {"Atk": 0.9407041635966461, "Def": 1.3184216764990375, "Ext": 0.1}, "Sport / PE": {"Atk": 1.0232106090243192, "Def": 0.8749938031534372, "Ext": 0.0}, "Palmeiras / SP": {"Atk": 1.752433349479247, "Def": 2.0606891989595963, "Ext": 0.0}, "Gr\u00eamio / RS": {"Atk": 1.615709604717332, "Def": 2.4725943204196814, "Ext": 0.0003855280239065906}}