{"Cruzeiro / MG": {"Home": {"Atk": 1.0, "Def": 0.9098260881582818}, "Away": {"Atk": 0.5412677454179398, "Def": 2.2052737379858622}, "Ext": 0.2284677375077475}, "Ava\u00ed / SC": {"Home": {"Atk": 1.3302930368672006, "Def": 0.3703607670429985}, "Away": {"Atk": 0.7624696883952566, "Def": 0.9733044596666356}, "Ext": 0.0}, "CSA / AL": {"Home": {"Atk": 2.0962604786769954, "Def": 0.6128434058791653}, "Away": {"Atk": 0.3168894329619802, "Def": 1.3266593833419174}, "Ext": 0.0}, "Ponte Preta / SP": {"Home": {"Atk": 1.7191903255669632, "Def": 0.3697724156410289}, "Away": {"Atk": 0.6926438869937845, "Def": 1.2245515708502073}, "Ext": 0.0}, "Oeste / SP": {"Home": {"Atk": 0.5057853343310825, "Def": 0.46982369183703204}, "Away": {"Atk": 0.35778956561371633, "Def": 0.7767503658827707}, "Ext": 0.1889174605297741}, "Oper\u00e1rio / PR": {"Home": {"Atk": 1.6033754910570985, "Def": 0.5549673353443223}, "Away": {"Atk": 0.2205197800319023, "Def": 1.7199934759098108}, "Ext": 0.0}, "Juventude / RS": {"Home": {"Atk": 2.0045219306064053, "Def": 0.7519685068924862}, "Away": {"Atk": 0.8814598076176118, "Def": 1.027873969893685}, "Ext": 0.0}, "Vit\u00f3ria / BA": {"Home": {"Atk": 1.0106070171364931, "Def": 1.4285211327132332}, "Away": {"Atk": 0.4222061449008035, "Def": 1.9642978190091658}, "Ext": 0.43110483352653095}, "Confian\u00e7a / SE": {"Home": {"Atk": 1.5240315586674906, "Def": 0.6057789523677268}, "Away": {"Atk": 0.5194376784073508, "Def": 1.239450449664919}, "Ext": 0.0}, "Cuiab\u00e1 / MT": {"Home": {"Atk": 1.7235006287841064, "Def": 0.8867255392301644}, "Away": {"Atk": 0.5010313011059014, "Def": 0.9869183849776012}, "Ext": 0.0}, "Am\u00e9rica / MG": {"Home": {"Atk": 1.3355297625650802, "Def": 0.6449972473535063}, "Away": {"Atk": 0.3228356894797962, "Def": 7.257082931710246}, "Ext": 0.1554034100205555}, "Figueirense / SC": {"Home": {"Atk": 0.8289541848025292, "Def": 0.9395354547934508}, "Away": {"Atk": 0.26940042914179124, "Def": 1.0145496961527274}, "Ext": 0.0}, "CRB / AL": {"Home": {"Atk": 1.3870442289078566, "Def": 1.3300697056947226}, "Away": {"Atk": 0.45709938049579735, "Def": 0.9613041039086074}, "Ext": 0.18402388736366435}, "Guarani / SP": {"Home": {"Atk": 1.1163385882964807, "Def": 0.9900682318589733}, "Away": {"Atk": 0.2611574666578314, "Def": 1.6253552084526857}, "Ext": 0.4148653285367389}, "Botafogo / SP": {"Home": {"Atk": 0.7436714162946233, "Def": 0.5740394296768069}, "Away": {"Atk": 0.11293684518388421, "Def": 1.7070333432503835}, "Ext": 0.0}, "Paran\u00e1 / PR": {"Home": {"Atk": 1.4728035344392092, "Def": 0.7619524034787615}, "Away": {"Atk": 0.5493694211355832, "Def": 0.7157385758000138}, "Ext": 0.0}, "Brasil / RS": {"Home": {"Atk": 0.700740643049185, "Def": 2.758699389191763}, "Away": {"Atk": 0.2679342828716948, "Def": 2.0438809695279474}, "Ext": 0.29234714287292984}, "N\u00e1utico / PE": {"Home": {"Atk": 1.2178294447054645, "Def": 0.6951864213551439}, "Away": {"Atk": 0.24153679839519585, "Def": 1.169244963559882}, "Ext": 0.24060413117635182}, "Sampaio Corr\u00eaa / MA": {"Home": {"Atk": 1.8104685896809618, "Def": 0.4685952560813907}, "Away": {"Atk": 1.16615192107449, "Def": 1.2850829415399296}, "Ext": 0.0}, "Chapecoense / SC": {"Home": {"Atk": 0.92686122110328, "Def": 5.428568768907529}, "Away": {"Atk": 0.9080617070730415, "Def": 2.5436315096469104}, "Ext": 0.0}}