{"Red Bull Bragantino / SP": {"Atk": 1.0, "Def": 0.6718085609515846, "Ext": 0.0}, "Ponte Preta / SP": {"Atk": 1.2938635184984035, "Def": 0.9949027696475112, "Ext": 0.030735633338395733}, "Vasco da Gama / RJ": {"Atk": 1.191613958957572, "Def": 1.0727586146511034, "Ext": 0.0}, "Santa Cruz / PE": {"Atk": 1.0298624923004926, "Def": 1.0994367781146852, "Ext": 0.11482019972546989}, "Sampaio Corr\u00eaa / MA": {"Atk": 1.0126866194048214, "Def": 1.1667765045467757, "Ext": 0.27549198168852956}, "Cear\u00e1 / CE": {"Atk": 1.577179425814249, "Def": 0.6574641159145911, "Ext": 0.0}, "Vila Nova / GO": {"Atk": 0.5086615153517654, "Def": 0.6283376899739688, "Ext": 0.0}, "Am\u00e9rica / RN": {"Atk": 0.7565274686441358, "Def": 0.8249374879520274, "Ext": 0.10742760188810103}, "Boa / MG": {"Atk": 1.096551623318437, "Def": 0.7992025829845306, "Ext": 0.0}, "Oeste / SP": {"Atk": 0.9334582449773945, "Def": 0.6737270078331487, "Ext": 0.0}, "Portuguesa / SP": {"Atk": 0.2824298083193086, "Def": 1.1874671042042277, "Ext": 0.5121402561812196}, "Paran\u00e1 / PR": {"Atk": 0.6515222066357786, "Def": 1.143312067746096, "Ext": 0.31858400572129775}, "N\u00e1utico / PE": {"Atk": 0.9857412587955003, "Def": 0.8582841892559999, "Ext": 0.0}, "Luverdense / MT": {"Atk": 0.9361169386118479, "Def": 0.782313886112852, "Ext": 0.0}, "Icasa / CE": {"Atk": 0.6356683787684883, "Def": 0.8683509163231018, "Ext": 0.0}, "Ava\u00ed / SC": {"Atk": 1.1120948664669454, "Def": 1.2253593125313247, "Ext": 0.0}, "Atl\u00e9tico / GO": {"Atk": 1.1538621875267776, "Def": 0.6716571522667782, "Ext": 0.0}, "ABC / RN": {"Atk": 0.6690598567378649, "Def": 1.046490640939664, "Ext": 0.0}, "Am\u00e9rica / MG": {"Atk": 1.0655553363236758, "Def": 0.8771994098441211, "Ext": 0.0}, "Joinville / SC": {"Atk": 1.0219775965685438, "Def": 0.9896326480485836, "Ext": 0.0}}