{"Fluminense / RJ": {"Atk": 1.0, "Def": 0.711291237669543, "Home bonus": 0.2429604236887399, "Ext": 0.1}, "Flamengo / RJ": {"Atk": 0.784469614325718, "Def": 1.1725010767135553, "Home bonus": 0.6018252988489508, "Ext": 0.0}, "Palmeiras / SP": {"Atk": 1.29894197556622, "Def": 0.9531244217654199, "Home bonus": 0.0, "Ext": 0.024364886509335767}, "Corinthians / SP": {"Atk": 0.8445638321037121, "Def": 1.8790711529648159, "Home bonus": 0.5222667715510448, "Ext": 0.1}, "Cruzeiro / MG": {"Atk": 0.9095755048350137, "Def": 1.0514530553404502, "Home bonus": 0.34016090447205277, "Ext": 0.03637338494684069}, "Coritiba / PR": {"Atk": 0.8738312108108262, "Def": 0.8163470322197155, "Home bonus": 0.0, "Ext": 0.1}, "Gr\u00eamio / RS": {"Atk": 1.2292829203843907, "Def": 1.1365780456250236, "Home bonus": 0.0, "Ext": 0.1}, "Bahia / BA": {"Atk": 0.7182134816083379, "Def": 0.7757769694192423, "Home bonus": 0.9840085530555234, "Ext": 0.016046276213461604}, "Ponte Preta / SP": {"Atk": 0.5295396958346237, "Def": 0.7442257631964689, "Home bonus": 0.7837048762576303, "Ext": 0.0}, "Ava\u00ed / SC": {"Atk": 0.5489589346727606, "Def": 0.8116482054003926, "Home bonus": 0.07398059733910693, "Ext": 0.0}, "Botafogo / RJ": {"Atk": 0.6762708051220367, "Def": 0.9228203855404502, "Home bonus": 0.925725403184373, "Ext": 0.1}, "Vasco da Gama / RJ": {"Atk": 0.7980601885637023, "Def": 0.7986258421831883, "Home bonus": 0.1307810033099282, "Ext": 0.1}, "Santos / SP": {"Atk": 0.6282470959718777, "Def": 1.744508402451777, "Home bonus": 0.5460218956342296, "Ext": 0.1}, "S\u00e3o Paulo / SP": {"Atk": 0.7985909273220794, "Def": 0.7594366113807823, "Home bonus": 0.7715154411188975, "Ext": 0.1}, "Atl\u00e9tico / MG": {"Atk": 0.9673744298150674, "Def": 0.7966261176520868, "Home bonus": 0.0, "Ext": 0.0}, "Athletico Paranaense / PR": {"Atk": 0.9033857792067376, "Def": 0.8969865984425857, "Home bonus": 0.20723325398386003, "Ext": 0.0}, "Sport / PE": {"Atk": 0.8713996783679935, "Def": 0.6510205277970352, "Home bonus": 0.46585599569164216, "Ext": 0.0}, "Vit\u00f3ria / BA": {"Atk": 1.0692529764694831, "Def": 0.583645756694265, "Home bonus": 0.0, "Ext": 0.09762908491150077}, "Atl\u00e9tico / GO": {"Atk": 0.826509071336966, "Def": 0.6200020338030622, "Home bonus": 0.0033441256465671014, "Ext": 0.0}, "Chapecoense / SC": {"Atk": 1.0288303482459786, "Def": 0.7490055992049098, "Home bonus": 0.0, "Ext": 0.0427238345604155}}