{"Flamengo / RJ": {"Atk": 1.0, "Def": 1.5081338353495897, "Ext": 0.0}, "Fluminense / RJ": {"Atk": 2.2858612103337372, "Def": 2.091209392273766, "Ext": 0.0}, "S\u00e3o Paulo / SP": {"Atk": 2.7532371310535075, "Def": 1.7985557715142986, "Ext": 0.1}, "Santos / SP": {"Atk": 1.5295585120588737, "Def": 2.137223773974745, "Ext": 0.0}, "Athletico Paranaense / PR": {"Atk": 1.90810839326511, "Def": 1.3981809812098598, "Ext": 0.0}, "Atl\u00e9tico / MG": {"Atk": 1.6918656212348033, "Def": 2.3096436889660072, "Ext": 0.1}, "Bahia / BA": {"Atk": 0.9803387270048601, "Def": 2.2085678421768185, "Ext": 0.0}, "Internacional / RS": {"Atk": 1.7446823690142885, "Def": 2.018680498484305, "Ext": 0.0}, "Crici\u00fama / SC": {"Atk": 0.24474842607927164, "Def": 1.5798354183259418, "Ext": 0.0}, "Chapecoense / SC": {"Atk": 0.8633885111450804, "Def": 1.7175728752655604, "Ext": 0.1}, "Botafogo / RJ": {"Atk": 1.0637585706673327, "Def": 1.838019614758249, "Ext": 0.0}, "Sport / PE": {"Atk": 1.1232211643958296, "Def": 1.3742714224824257, "Ext": 0.06619577097905713}, "Corinthians / SP": {"Atk": 1.487231550260817, "Def": 3.3720548584143017, "Ext": 0.1}, "Palmeiras / SP": {"Atk": 1.064780385969805, "Def": 1.429166182722445, "Ext": 0.1}, "Coritiba / PR": {"Atk": 1.2322283507359486, "Def": 2.251680132259237, "Ext": 0.05951834033971528}, "Cruzeiro / MG": {"Atk": 3.181008799682543, "Def": 1.7809024983571244, "Ext": 0.1}, "Vit\u00f3ria / BA": {"Atk": 1.2913028376112523, "Def": 1.3098464898143503, "Ext": 0.1}, "Gr\u00eamio / RS": {"Atk": 0.8913672888275546, "Def": 3.1354752391103315, "Ext": 0.1}, "Figueirense / SC": {"Atk": 1.3023651703675978, "Def": 1.2475177571434715, "Ext": 0.0}, "Goi\u00e1s / GO": {"Atk": 0.6963822927645686, "Def": 2.2533517149218305, "Ext": 0.1}, "Home bonus": 0.533062778859995}