{"Gr\u00eamio / RS": {"Atk": 1.0, "Def": 0.6339415194416957}, "Atl\u00e9tico / MG": {"Atk": 0.6780496219001566, "Def": 0.584180887028536}, "Cear\u00e1 / CE": {"Atk": 0.524286874907159, "Def": 0.7881920535668367}, "Palmeiras / SP": {"Atk": 1.0119874230560453, "Def": 1.1367855999402205}, "S\u00e3o Paulo / SP": {"Atk": 0.5684948948793652, "Def": 1.3414024517808125}, "Flamengo / RJ": {"Atk": 1.3513247025164778, "Def": 0.8347890597159311}, "Fluminense / RJ": {"Atk": 0.6284258181943904, "Def": 0.5140634627679713}, "Chapecoense / SC": {"Atk": 0.4940153127076553, "Def": 0.5040650784390277}, "Bahia / BA": {"Atk": 0.6970869819785834, "Def": 1.0001115187779515}, "Athletico Paranaense / PR": {"Atk": 0.8270498445569615, "Def": 0.8059178295904953}, "Internacional / RS": {"Atk": 0.688306262003866, "Def": 0.9549842152119864}, "Cruzeiro / MG": {"Atk": 0.432645892681021, "Def": 0.5945081380320043}, "Fortaleza / CE": {"Atk": 0.6843941189457103, "Def": 0.5614560177853678}, "Corinthians / SP": {"Atk": 0.6079341033833796, "Def": 1.6070375383572901}, "Santos / SP": {"Atk": 0.845582725117868, "Def": 0.7237830127237544}, "Vasco da Gama / RJ": {"Atk": 0.5311081700986879, "Def": 0.5867525644342645}, "Botafogo / RJ": {"Atk": 0.48354573576918297, "Def": 0.7567898213295132}, "Ava\u00ed / SC": {"Atk": 0.28653002188971977, "Def": 0.5297378898420753}, "Goi\u00e1s / GO": {"Atk": 0.5186357545891176, "Def": 0.525647323779691}, "CSA / AL": {"Atk": 0.239779436280368, "Def": 0.5439445310899879}, "Home bonus": 0.41154840402554727}