{"Paran\u00e1 / PR": {"Atk": 1.0, "Def": 1.0520977586314169, "Ext": 0.1}, "Atl\u00e9tico / GO": {"Atk": 0.9313366663302975, "Def": 1.0111545652710656, "Ext": 0.1}, "Paysandu / PA": {"Atk": 1.2544623666382417, "Def": 1.1234786900929763, "Ext": 0.0}, "Mogi Mirim / SP": {"Atk": 0.8500001792027868, "Def": 0.6690235598273103, "Ext": 0.1}, "Vit\u00f3ria / BA": {"Atk": 1.491401292087454, "Def": 1.1252836359793983, "Ext": 0.001681841001843707}, "Maca\u00e9 / RJ": {"Atk": 1.1795694922492648, "Def": 0.8406949310862002, "Ext": 0.1}, "Am\u00e9rica / MG": {"Atk": 1.3977815473221058, "Def": 1.1467406682352788, "Ext": 0.0}, "N\u00e1utico / PE": {"Atk": 1.2660678316646197, "Def": 1.0707757940122198, "Ext": 0.0}, "ABC / RN": {"Atk": 1.0773367466482293, "Def": 0.7152523306536075, "Ext": 0.1}, "CRB / AL": {"Atk": 1.2172015741290705, "Def": 1.004805503709959, "Ext": 0.0007544106292392144}, "Bahia / BA": {"Atk": 1.2474017542703737, "Def": 1.0976320562596493, "Ext": 0.09749778694401642}, "Crici\u00fama / SC": {"Atk": 0.9235930806492644, "Def": 1.120832793902598, "Ext": 0.06500369137776642}, "Sampaio Corr\u00eaa / MA": {"Atk": 1.3055046516158793, "Def": 1.0487807475254438, "Ext": 0.0}, "Santa Cruz / PE": {"Atk": 1.6305275507732517, "Def": 1.0328650873008505, "Ext": 0.0}, "Botafogo / RJ": {"Atk": 1.5197654974621135, "Def": 1.4859705428099022, "Ext": 0.0}, "Red Bull Bragantino / SP": {"Atk": 1.4715973600816437, "Def": 0.8069274939006106, "Ext": 0.0}, "Boa / MG": {"Atk": 0.8878844782962458, "Def": 0.8529140932413084, "Ext": 0.0}, "Oeste / SP": {"Atk": 0.9342604850429186, "Def": 1.0168987838258146, "Ext": 0.1}, "Cear\u00e1 / CE": {"Atk": 1.0879601884270267, "Def": 0.9220928119789141, "Ext": 0.0}, "Luverdense / MT": {"Atk": 1.1852554043453032, "Def": 1.1291737461647273, "Ext": 0.0}}