{"Flamengo / RJ": {"Atk": 1.0, "Def": 0.5709121693907546, "Ext": 0.6677128570233732}, "Botafogo / RJ": {"Atk": 0.10860621688719409, "Def": 0.7165397051185243, "Ext": 0.5734197932720783}, "Palmeiras / SP": {"Atk": 0.3213616702943497, "Def": 0.9272488833532107, "Ext": 0.6758324350153336}, "Santos / SP": {"Atk": 0.3263658681622185, "Def": 0.5008708878241349, "Ext": 0.37617745145091747}, "Corinthians / SP": {"Atk": 0.048321037768395234, "Def": 0.5406444815401488, "Ext": 0.6220567663174748}, "Gr\u00eamio / RS": {"Atk": 0.17831456879896354, "Def": 0.6599952757461192, "Ext": 0.5233038079358178}, "Sport / PE": {"Atk": 0.2524194600836999, "Def": 0.503083542043922, "Ext": 0.0}, "Coritiba / PR": {"Atk": 0.23307172513579044, "Def": 0.49972421953094887, "Ext": 0.5209633361097749}, "Fortaleza / CE": {"Atk": 0.20445965162042012, "Def": 0.8504437925393448, "Ext": 0.2634714077310797}, "Goi\u00e1s / GO": {"Atk": 0.05645273504618437, "Def": 0.5056627599046681, "Ext": 0.8299638405776758}, "Fluminense / RJ": {"Atk": 0.3494170044800944, "Def": 0.6429395415846872, "Ext": 0.7381664415877952}, "Vasco da Gama / RJ": {"Atk": 0.26207494981365786, "Def": 0.6873574913078867, "Ext": 0.33933814638882065}, "S\u00e3o Paulo / SP": {"Atk": 0.5382794307617261, "Def": 0.5822945182121363, "Ext": 0.008463741658332996}, "Red Bull Bragantino / SP": {"Atk": 0.16063368589543003, "Def": 0.5015842147297925, "Ext": 0.2280379200338305}, "Atl\u00e9tico / MG": {"Atk": 0.5280603781775064, "Def": 0.5950808319639211, "Ext": 0.7046442336124494}, "Internacional / RS": {"Atk": 0.46217123656217435, "Def": 0.6683524694034019, "Ext": 0.25243028523197664}, "Bahia / BA": {"Atk": 0.22118771781664234, "Def": 0.48125766335176423, "Ext": 0.5303526526696605}, "Athletico Paranaense / PR": {"Atk": 0.24440787018269491, "Def": 0.6351518862892263, "Ext": 0.660099139163404}, "Cear\u00e1 / CE": {"Atk": 0.24142020642025028, "Def": 0.44262143764222805, "Ext": 0.22861475351209448}, "Atl\u00e9tico / GO": {"Atk": 0.2347244238099254, "Def": 0.3793573298337056, "Ext": 0.0}, "Home bonus": 0.20934102449660133}