{"Vasco da Gama / RJ": {"Atk": 1.0, "Def": 0.6617117630519777, "Ext": 0.1210384359211372}, "Fluminense / RJ": {"Atk": 0.5822361467829986, "Def": 1.2245116308012287, "Ext": 0.3553608346149539}, "Corinthians / SP": {"Atk": 0.6623525070102078, "Def": 1.7235821560013174, "Ext": 0.0}, "Vit\u00f3ria / BA": {"Atk": 0.8208117007694855, "Def": 1.0555390646907925, "Ext": 0.3414816326333137}, "Gr\u00eamio / RS": {"Atk": 1.003545969231691, "Def": 1.0516146370757313, "Ext": 0.0}, "Ponte Preta / SP": {"Atk": 0.8251916531510712, "Def": 0.7345555607027462, "Ext": 0.0}, "Crici\u00fama / SC": {"Atk": 1.2214690896025224, "Def": 0.5399260681676752, "Ext": 0.0}, "Cruzeiro / MG": {"Atk": 1.7878415015614384, "Def": 1.105556822511695, "Ext": 0.0}, "Coritiba / PR": {"Atk": 0.9339407471822502, "Def": 0.869807741008797, "Ext": 0.10696856931920479}, "Santos / SP": {"Atk": 1.0971575812962489, "Def": 0.9485777060231194, "Ext": 0.0}, "Botafogo / RJ": {"Atk": 1.2329921534351875, "Def": 0.8904666792606826, "Ext": 0.0}, "Flamengo / RJ": {"Atk": 0.835909072407631, "Def": 0.9809891634097473, "Ext": 0.0}, "S\u00e3o Paulo / SP": {"Atk": 0.7930533140656032, "Def": 1.1622896166972376, "Ext": 0.0}, "Bahia / BA": {"Atk": 0.9080745437527744, "Def": 0.7706799425885373, "Ext": 0.0}, "Internacional / RS": {"Atk": 0.7014156545729062, "Def": 1.2994405057668468, "Ext": 0.6081107395743006}, "Goi\u00e1s / GO": {"Atk": 1.0317385355479862, "Def": 0.973105925914842, "Ext": 0.0}, "N\u00e1utico / PE": {"Atk": 0.5486462697869526, "Def": 0.5124277686706398, "Ext": 0.0}, "Atl\u00e9tico / MG": {"Atk": 0.921393971933623, "Def": 1.1004784967097918, "Ext": 0.0}, "Athletico Paranaense / PR": {"Atk": 0.8089225194464221, "Def": 1.6180461959448988, "Ext": 0.5609408638777649}, "Portuguesa / SP": {"Atk": 1.2402886221247273, "Def": 0.7227871917194342, "Ext": 0.0}}