{"Palmeiras / SP": {"Atk": 1.0, "Def": 0.697802836174505}, "Flamengo / RJ": {"Atk": 0.7254539717063224, "Def": 0.7678721391686468}, "Atl\u00e9tico / MG": {"Atk": 0.8848491673907878, "Def": 0.531633086953751}, "Coritiba / PR": {"Atk": 0.663217232251805, "Def": 0.5850783005603206}, "Botafogo / RJ": {"Atk": 0.6906501623170215, "Def": 0.5870570021712894}, "Santa Cruz / PE": {"Atk": 0.6388754019899865, "Def": 0.40730334903199583}, "Corinthians / SP": {"Atk": 0.6645441840521702, "Def": 0.7124175830683583}, "Figueirense / SC": {"Atk": 0.5164990623549023, "Def": 0.5274303766219544}, "Am\u00e9rica / MG": {"Atk": 0.35815640771570095, "Def": 0.4513510615551689}, "Internacional / RS": {"Atk": 0.5439508868665575, "Def": 0.582460185947261}, "Vit\u00f3ria / BA": {"Atk": 0.7232054374792746, "Def": 0.4851154931628091}, "Fluminense / RJ": {"Atk": 0.669632121611792, "Def": 0.6772787022357373}, "Cruzeiro / MG": {"Atk": 0.7030004325611908, "Def": 0.4716617571330273}, "Santos / SP": {"Atk": 0.8924887930998663, "Def": 0.7177736525586064}, "Athletico Paranaense / PR": {"Atk": 0.5576747755743966, "Def": 0.7809261613109499}, "Chapecoense / SC": {"Atk": 0.7730122051205613, "Def": 0.3827087225726178}, "S\u00e3o Paulo / SP": {"Atk": 0.5352846203544638, "Def": 0.6907542326538763}, "Gr\u00eamio / RS": {"Atk": 0.6423469610031719, "Def": 0.6227395998903869}, "Ponte Preta / SP": {"Atk": 0.7151533776456672, "Def": 0.4395764794078855}, "Sport / PE": {"Atk": 0.7726029615714225, "Def": 0.4401592580087164}}