{"Gr\u00eamio / RS": {"Home": {"Atk": 1.0, "Def": 0.3628009845034312}, "Away": {"Atk": 0.559280234139408, "Def": 0.851124913813886}, "Ext": 0.1}, "Atl\u00e9tico / MG": {"Home": {"Atk": 0.9561987309124091, "Def": 0.4939154481496367}, "Away": {"Atk": 0.48848590675415043, "Def": 0.6972656901558296}, "Ext": 0.1}, "Cear\u00e1 / CE": {"Home": {"Atk": 1.0418470681060445, "Def": 0.5215425755991664}, "Away": {"Atk": 0.36387028264573945, "Def": 0.5945391911693032}, "Ext": 0.1}, "Palmeiras / SP": {"Home": {"Atk": 1.34040206458756, "Def": 1.3910575888353658}, "Away": {"Atk": 0.6359323561861505, "Def": 0.7544316365002665}, "Ext": 0.0}, "S\u00e3o Paulo / SP": {"Home": {"Atk": 0.8326291934816786, "Def": 1.0070984631778837}, "Away": {"Atk": 0.40840703380961385, "Def": 0.9456621834576897}, "Ext": 0.1}, "Flamengo / RJ": {"Home": {"Atk": 1.5230622907837779, "Def": 0.5617035717577887}, "Away": {"Atk": 0.9094913510435558, "Def": 0.712465623720009}, "Ext": 0.0}, "Fluminense / RJ": {"Home": {"Atk": 0.4718678631108867, "Def": 0.42154178812173}, "Away": {"Atk": 0.7207530691449323, "Def": 0.4191839235067836}, "Ext": 0.1}, "Chapecoense / SC": {"Home": {"Atk": 0.562800678349623, "Def": 0.4880599257357575}, "Away": {"Atk": 0.5126992303048762, "Def": 0.3650328458525877}, "Ext": 0.0}, "Bahia / BA": {"Home": {"Atk": 0.7329143531881565, "Def": 0.7449727769224938}, "Away": {"Atk": 0.5461087616971033, "Def": 0.9384594411129622}, "Ext": 0.1}, "Athletico Paranaense / PR": {"Home": {"Atk": 0.9381876768493606, "Def": 0.9081990899555543}, "Away": {"Atk": 0.7450505335863999, "Def": 0.6015058997667391}, "Ext": 0.0}, "Internacional / RS": {"Home": {"Atk": 1.1152268261442333, "Def": 0.786163200189727}, "Away": {"Atk": 0.25297228133593563, "Def": 0.6824041112336525}, "Ext": 0.1}, "Cruzeiro / MG": {"Home": {"Atk": 0.4897367489768346, "Def": 0.5117920192929379}, "Away": {"Atk": 0.4515129731933614, "Def": 0.3821226869745157}, "Ext": 0.07268707813847337}, "Fortaleza / CE": {"Home": {"Atk": 0.6044860528019889, "Def": 0.44481226199399926}, "Away": {"Atk": 0.6786169140545468, "Def": 0.5398594202875932}, "Ext": 0.1}, "Corinthians / SP": {"Home": {"Atk": 0.6626935034205336, "Def": 1.195073346064164}, "Away": {"Atk": 0.5778579222469207, "Def": 0.9188214474724777}, "Ext": 0.1}, "Santos / SP": {"Home": {"Atk": 1.285385353526238, "Def": 0.5468688390348352}, "Away": {"Atk": 0.5626362420401162, "Def": 0.7172444031722005}, "Ext": 0.1}, "Vasco da Gama / RJ": {"Home": {"Atk": 0.719827990698954, "Def": 0.3803938352922906}, "Away": {"Atk": 0.36287858576346854, "Def": 0.5353653655039853}, "Ext": 0.0}, "Botafogo / RJ": {"Home": {"Atk": 0.6193239419186986, "Def": 0.8004221357432948}, "Away": {"Atk": 0.5811862010000458, "Def": 0.5364441159032178}, "Ext": 0.1}, "Ava\u00ed / SC": {"Home": {"Atk": 0.31386938253525687, "Def": 0.399490273814223}, "Away": {"Atk": 0.24618775900219866, "Def": 0.5570038788647039}, "Ext": 0.1}, "Goi\u00e1s / GO": {"Home": {"Atk": 0.7789687248878625, "Def": 0.4824200219354921}, "Away": {"Atk": 0.31432281872827444, "Def": 0.3247624692295088}, "Ext": 0.1}, "CSA / AL": {"Home": {"Atk": 0.3180221427171175, "Def": 0.4959705937657077}, "Away": {"Atk": 0.06700967196276444, "Def": 0.49460882534561984}, "Ext": 0.0}}