{"Flamengo / RJ": {"Atk": 1.0, "Def": 0.894278472605224, "Home bonus": 0.0, "Ext": 0.0}, "Corinthians / SP": {"Atk": 0.6424877988821338, "Def": 0.6561910682602208, "Home bonus": 0.5338977688401836, "Ext": 0.6592624308938062}, "S\u00e3o Paulo / SP": {"Atk": 0.2680559323051434, "Def": 0.6419485323050872, "Home bonus": 0.06539308178801162, "Ext": 0.08491757984032795}, "Atl\u00e9tico Mineiro / MG": {"Atk": 0.7252624834020334, "Def": 0.67460678752384, "Home bonus": 0.33860398837672306, "Ext": 0.03340149250044257}, "Internacional / RS": {"Atk": 0.5975677752235026, "Def": 0.9177618340037731, "Home bonus": 0.16249943109210863, "Ext": 0.1405085678140029}, "Cear\u00e1 / CE": {"Atk": 0.549073099354426, "Def": 1.0159058299369572, "Home bonus": 0.1009326753002211, "Ext": 0.1578263818137557}, "Bahia / BA": {"Atk": 0.4175835764425322, "Def": 0.5303523171150956, "Home bonus": 0.6817420719762554, "Ext": 0.28845226992523726}, "Athletico Paranaense / PR": {"Atk": 0.5235234276893597, "Def": 0.9794425686358095, "Home bonus": 0.0501478829466721, "Ext": 0.6529638505808624}, "Chapecoense / SC": {"Atk": 0.47635178735890643, "Def": 0.43019877653575433, "Home bonus": 0.20455582337291164, "Ext": 0.26538088199295035}, "Cuiab\u00e1 / MT": {"Atk": 0.02704198148315592, "Def": 1.0174917595556578, "Home bonus": 0.4726183217091913, "Ext": 0.7936365992507153}, "Fluminense / RJ": {"Atk": 0.21850331389565994, "Def": 0.6856217018630141, "Home bonus": 0.25649317000815697, "Ext": 0.02245799927708594}, "Palmeiras / SP": {"Atk": 0.59636188368687, "Def": 0.9608384659929974, "Home bonus": 0.22170698252858034, "Ext": 0.39287202092538487}, "Santos / SP": {"Atk": 0.21072710776156495, "Def": 0.779825109558107, "Home bonus": 0.40712810762304497, "Ext": 0.20861375219508704}, "Am\u00e9rica / MG": {"Atk": 0.4384336262848597, "Def": 0.5360498197509487, "Home bonus": 0.09628790004898567, "Ext": 0.004678473263303874}, "Gr\u00eamio / RS": {"Atk": 0.15333880336975783, "Def": 0.6046689072803361, "Home bonus": 0.5816700685520986, "Ext": 0.36971729013310645}, "Fortaleza / CE": {"Atk": 0.4995329004845749, "Def": 0.8611168634021978, "Home bonus": 0.48837322349888057, "Ext": 0.45224463500190665}, "Sport / PE": {"Atk": 0.17439283902791583, "Def": 0.6530739021716971, "Home bonus": 0.5775066797761675, "Ext": 0.7230231271299056}, "Red Bull Bragantino / SP": {"Atk": 0.768056772701532, "Def": 0.6387910632734063, "Home bonus": 0.22096128297843415, "Ext": 0.6907951251671316}, "Juventude / RS": {"Atk": 0.47341535649485866, "Def": 0.5367817200166874, "Home bonus": 0.0, "Ext": 0.5233274238950878}, "Atl\u00e9tico / GO": {"Atk": 0.2516610447480352, "Def": 0.6664115093679255, "Home bonus": 0.24833584356659516, "Ext": 0.37200560813539923}}