{"Palmeiras / SP": {"Home": {"Atk": 0.6656031227367775, "Def": 0.5219618741508003}, "Away": {"Atk": 0.38218243664355095, "Def": 0.6836655400188603}, "Ext": 0.4136469069803119}, "Chapecoense / SC": {"Home": {"Atk": 0.7421702322234399, "Def": 0.9497825021952724}, "Away": {"Atk": 0.08689908624286653, "Def": 0.7465915468202454}, "Ext": 0.6428953065709871}, "Fluminense / RJ": {"Home": {"Atk": 0.43082189926601977, "Def": 0.7941658786376038}, "Away": {"Atk": 0.5932416205523379, "Def": 0.7596006260821666}, "Ext": 0.5341839739361254}, "S\u00e3o Paulo / SP": {"Home": {"Atk": 0.8124901892185135, "Def": 1.014774891760571}, "Away": {"Atk": 0.6427271350736534, "Def": 0.5397419631226129}, "Ext": 0.41688664790695273}, "Cruzeiro / MG": {"Home": {"Atk": 0.36048323386641856, "Def": 0.5575497792483398}, "Away": {"Atk": 0.5305046839229549, "Def": 0.4459670679836471}, "Ext": 0.19771636919155441}, "Athletico Paranaense / PR": {"Home": {"Atk": 0.4841897605303719, "Def": 0.9734302364065472}, "Away": {"Atk": 0.5683079605825128, "Def": 0.8711677988183792}, "Ext": 0.790658105175618}, "Sport / PE": {"Home": {"Atk": 0.6323651635314862, "Def": 0.7353574788488813}, "Away": {"Atk": 0.14935387305023087, "Def": 0.5641525286591456}, "Ext": 0.4086451233886059}, "Vasco da Gama / RJ": {"Home": {"Atk": 0.6070641182060383, "Def": 0.3311999751380566}, "Away": {"Atk": 0.10573693533854363, "Def": 0.5769769715590518}, "Ext": 0.0}, "Gr\u00eamio / RS": {"Home": {"Atk": 0.5170763499648192, "Def": 0.7631520374986805}, "Away": {"Atk": 0.6262226121350649, "Def": 0.4672247114629051}, "Ext": 0.0769111035754681}, "Ava\u00ed / SC": {"Home": {"Atk": 0.39944847059502353, "Def": 0.5970587556274172}, "Away": {"Atk": 0.23638749191559755, "Def": 0.5433793586055257}, "Ext": 0.11576766356375162}, "Coritiba / PR": {"Home": {"Atk": 0.39601742372041115, "Def": 0.5618488089573631}, "Away": {"Atk": 0.19765366004757753, "Def": 0.40432304168179656}, "Ext": 0.0}, "Goi\u00e1s / GO": {"Home": {"Atk": 0.8211058409449284, "Def": 0.5570220567513309}, "Away": {"Atk": 0.3503864297347078, "Def": 0.9027731876973414}, "Ext": 0.2359732402011242}, "Corinthians / SP": {"Home": {"Atk": 0.6806337179677965, "Def": 0.514027580618034}, "Away": {"Atk": 0.5224784051957628, "Def": 0.5171027347780276}, "Ext": 0.20515917865124006}, "Flamengo / RJ": {"Home": {"Atk": 0.25679699500971787, "Def": 0.7258515896730583}, "Away": {"Atk": 0.24603368749073648, "Def": 0.5862511966116964}, "Ext": 0.8010219460197976}, "Santos / SP": {"Home": {"Atk": 0.359907721355617, "Def": 0.6740999974703734}, "Away": {"Atk": 0.503231904403784, "Def": 0.6397911131546239}, "Ext": 0.4235580776473594}, "Atl\u00e9tico / MG": {"Home": {"Atk": 0.7553738822596532, "Def": 0.46743548818857317}, "Away": {"Atk": 1.0190116190655965, "Def": 0.9555951067435906}, "Ext": 0.0}, "Joinville / SC": {"Home": {"Atk": 0.13859349222644998, "Def": 0.47983090926102767}, "Away": {"Atk": 0.3078515806205631, "Def": 0.6842393503767501}, "Ext": 0.0}, "Ponte Preta / SP": {"Home": {"Atk": 0.8875832953083473, "Def": 0.8079543164986633}, "Away": {"Atk": 0.6259112021936796, "Def": 0.7115064052364034}, "Ext": 0.6486846998919573}, "Internacional / RS": {"Home": {"Atk": 0.8140636578198832, "Def": 0.7333103456832148}, "Away": {"Atk": 0.503169156998345, "Def": 0.7155228680131105}, "Ext": 0.30665346338482513}, "Figueirense / SC": {"Home": {"Atk": 0.4788019676246396, "Def": 0.6277323163359567}, "Away": {"Atk": 0.7617439966839185, "Def": 0.30922300132584407}, "Ext": 0.6646241883191155}}