{"Cruzeiro / MG": {"Atk": 1.0, "Def": 2.8946510787166377, "Ext": 0.18936700480231916}, "Ava\u00ed / SC": {"Atk": 1.5651336193394842, "Def": 1.266312924792417, "Ext": 0.0}, "CSA / AL": {"Atk": 1.77615150171432, "Def": 1.8731717385063855, "Ext": 0.0}, "Ponte Preta / SP": {"Atk": 2.1600374061665977, "Def": 1.1879250676486925, "Ext": 0.0}, "Oeste / SP": {"Atk": 0.9137694712379621, "Def": 1.0514476904325383, "Ext": 0.0}, "Oper\u00e1rio / PR": {"Atk": 1.17652796040184, "Def": 2.138631141472186, "Ext": 0.0}, "Juventude / RS": {"Atk": 1.6455565764990543, "Def": 2.0356734243137145, "Ext": 0.18325304233398834}, "Vit\u00f3ria / BA": {"Atk": 1.374795085010494, "Def": 1.8702026300792627, "Ext": 0.22513648560630198}, "Confian\u00e7a / SE": {"Atk": 1.246246593896199, "Def": 1.4408307544211574, "Ext": 0.07225470796512251}, "Cuiab\u00e1 / MT": {"Atk": 1.7473274862492592, "Def": 1.6770732678576177, "Ext": 0.0}, "Am\u00e9rica / MG": {"Atk": 0.9969307338082126, "Def": 6.383441420206341, "Ext": 0.28508316848156456}, "Figueirense / SC": {"Atk": 1.1989541024646049, "Def": 1.28406702709728, "Ext": 0.007448401225214118}, "CRB / AL": {"Atk": 1.4265779253654929, "Def": 1.7433252772393308, "Ext": 0.18693357045009815}, "Guarani / SP": {"Atk": 1.1645305570232454, "Def": 1.5262218541520636, "Ext": 0.12219080152182349}, "Botafogo / SP": {"Atk": 0.5087268506434606, "Def": 1.8084287472420386, "Ext": 0.0084334282493576}, "Paran\u00e1 / PR": {"Atk": 1.2346828874112974, "Def": 1.2488044664892315, "Ext": 0.0}, "Brasil / RS": {"Atk": 0.7642835913800404, "Def": 3.0620889287385378, "Ext": 0.11232347961023664}, "N\u00e1utico / PE": {"Atk": 0.6637407569731947, "Def": 2.331887466552364, "Ext": 0.2558235066611768}, "Sampaio Corr\u00eaa / MA": {"Atk": 1.9201182861285189, "Def": 1.6972234493849758, "Ext": 0.0}, "Chapecoense / SC": {"Atk": 1.4342309373913218, "Def": 6.837850652921666, "Ext": 0.02277151686766288}, "Home bonus": 0.3805065371074335}