{"Palmeiras / SP": {"Home": {"Atk": 0.8527589556003841, "Def": 0.37477219363598363}, "Away": {"Atk": 0.7567647135772966, "Def": 0.515075535545646}, "Ext": 0.09946754381417847}, "Chapecoense / SC": {"Home": {"Atk": 0.5445196596880099, "Def": 0.6013183968608867}, "Away": {"Atk": 0.1946206582574016, "Def": 0.6911961793182138}, "Ext": 0.15070500040697465}, "Fluminense / RJ": {"Home": {"Atk": 0.5794325081179247, "Def": 0.5115843086333244}, "Away": {"Atk": 0.39429129244298844, "Def": 0.46780458771135175}, "Ext": 0.047721334622820404}, "S\u00e3o Paulo / SP": {"Home": {"Atk": 0.8955982875228593, "Def": 0.5941283622165199}, "Away": {"Atk": 0.4859688391984672, "Def": 0.4526820766993543}, "Ext": 0.0}, "Cruzeiro / MG": {"Home": {"Atk": 0.7132687307127269, "Def": 0.7227492995330311}, "Away": {"Atk": 0.4648176866373353, "Def": 0.5479468809512849}, "Ext": 0.0}, "Athletico Paranaense / PR": {"Home": {"Atk": 0.7514823981591723, "Def": 0.3902218652091896}, "Away": {"Atk": 0.34312762049458545, "Def": 0.5002089740623915}, "Ext": 0.0}, "Sport / PE": {"Home": {"Atk": 0.7501343465269931, "Def": 2.1948225867558024}, "Away": {"Atk": 0.24640022831844619, "Def": 0.6638176685702468}, "Ext": 0.39427208827549576}, "Vasco da Gama / RJ": {"Home": {"Atk": 0.3064289869416637, "Def": 0.3562347203182799}, "Away": {"Atk": 0.4003830808994501, "Def": 0.4241815067908826}, "Ext": 0.0}, "Gr\u00eamio / RS": {"Home": {"Atk": 0.7760520791020741, "Def": 0.8479435415575722}, "Away": {"Atk": 0.3646791493334842, "Def": 0.8944274121329017}, "Ext": 0.17719633939388132}, "Ava\u00ed / SC": {"Home": {"Atk": 0.6663824310091403, "Def": 0.3137935055941026}, "Away": {"Atk": 0.25539089200741794, "Def": 0.41066260685186046}, "Ext": 0.0}, "Coritiba / PR": {"Home": {"Atk": 0.4209344270820493, "Def": 0.5336744159883663}, "Away": {"Atk": 0.4215414892508743, "Def": 0.4478987003400529}, "Ext": 0.0}, "Goi\u00e1s / GO": {"Home": {"Atk": 0.6027242893275593, "Def": 0.5160251064079897}, "Away": {"Atk": 0.34829357415467904, "Def": 0.417854579667985}, "Ext": 0.0}, "Corinthians / SP": {"Home": {"Atk": 0.949155243567032, "Def": 1.1737875782990281}, "Away": {"Atk": 0.7795855161904964, "Def": 0.7604545679041076}, "Ext": 0.051346764248524274}, "Flamengo / RJ": {"Home": {"Atk": 0.7258750914265097, "Def": 0.3096784802841574}, "Away": {"Atk": 0.5237432472202818, "Def": 0.522925499599709}, "Ext": 0.0}, "Santos / SP": {"Home": {"Atk": 0.9471260277452113, "Def": 1.5118665276299141}, "Away": {"Atk": 0.12342721039156344, "Def": 0.7533479117116073}, "Ext": 0.4217603389689967}, "Atl\u00e9tico / MG": {"Home": {"Atk": 0.8946355488836631, "Def": 0.42809850035979635}, "Away": {"Atk": 0.8080823059420204, "Def": 0.5001866515160678}, "Ext": 0.0}, "Joinville / SC": {"Home": {"Atk": 0.5275593619130752, "Def": 0.5956022606453896}, "Away": {"Atk": 0.14837455612855371, "Def": 0.4768087259059477}, "Ext": 0.0}, "Ponte Preta / SP": {"Home": {"Atk": 0.552020529083585, "Def": 0.6558434376616952}, "Away": {"Atk": 0.4982986632743194, "Def": 0.6029084780957752}, "Ext": 0.05541647416089294}, "Internacional / RS": {"Home": {"Atk": 0.7257576887076793, "Def": 0.8821154331420898}, "Away": {"Atk": 0.265792232080939, "Def": 0.4574543966677479}, "Ext": 0.0}, "Figueirense / SC": {"Home": {"Atk": 0.46267318162578164, "Def": 0.48092982989691935}, "Away": {"Atk": 0.3983118142755102, "Def": 0.4520418585083027}, "Ext": 0.07006687358822392}}