{"Vasco da Gama / RJ": {"Atk": 1.0, "Def": 0.4780568582649767, "Home bonus": 0.0, "Ext": 0.18785589574275074}, "Fluminense / RJ": {"Atk": 0.24237951829657764, "Def": 0.7544068144770462, "Home bonus": 0.8941302143204142, "Ext": 0.041202843991017084}, "Corinthians / SP": {"Atk": 0.48126891551462586, "Def": 1.353852466024314, "Home bonus": 0.22147091727888493, "Ext": 0.0}, "Vit\u00f3ria / BA": {"Atk": 0.7349104745307808, "Def": 0.975905471543381, "Home bonus": 0.4301984006093058, "Ext": 0.0}, "Gr\u00eamio / RS": {"Atk": 0.370000534155323, "Def": 1.072140640419263, "Home bonus": 0.5679449250425674, "Ext": 0.0}, "Ponte Preta / SP": {"Atk": 0.547135043985349, "Def": 0.3967398144588567, "Home bonus": 0.259773777727052, "Ext": 0.06747962118476461}, "Crici\u00fama / SC": {"Atk": 0.4469911068435732, "Def": 0.3417690917434886, "Home bonus": 0.5249539356202626, "Ext": 0.16240585418908657}, "Cruzeiro / MG": {"Atk": 1.0231094467825015, "Def": 1.225582402747916, "Home bonus": 0.9863235666549628, "Ext": 0.0}, "Coritiba / PR": {"Atk": 0.6667009760449111, "Def": 1.0663198800302662, "Home bonus": 0.2478161907818452, "Ext": 0.43926455392378444}, "Santos / SP": {"Atk": 0.46579838204840224, "Def": 0.9873001958651787, "Home bonus": 0.5663232685475176, "Ext": 0.11581786860812582}, "Botafogo / RJ": {"Atk": 0.7026294742005712, "Def": 1.3000895820267868, "Home bonus": 0.768571014839582, "Ext": 0.18157011944482965}, "Flamengo / RJ": {"Atk": 0.35325223436093633, "Def": 0.8827290904205528, "Home bonus": 0.7428744273992394, "Ext": 0.0}, "S\u00e3o Paulo / SP": {"Atk": 0.7160992036984573, "Def": 0.509142568220511, "Home bonus": 0.1439427922775276, "Ext": 0.0}, "Bahia / BA": {"Atk": 0.40690852460787363, "Def": 1.117583057458577, "Home bonus": 0.7429037789242238, "Ext": 0.06221825731235549}, "Internacional / RS": {"Atk": 0.8650413148735414, "Def": 0.5589924639574314, "Home bonus": 0.15668262902497312, "Ext": 0.3393854618488876}, "Goi\u00e1s / GO": {"Atk": 0.2714852077860102, "Def": 1.0213403752777899, "Home bonus": 0.3074583781212104, "Ext": 0.15259680130946232}, "N\u00e1utico / PE": {"Atk": 0.3121092955941241, "Def": 0.5414166209140656, "Home bonus": 0.3855089587227718, "Ext": 0.0}, "Atl\u00e9tico / MG": {"Atk": 0.3969816334755995, "Def": 0.7695203553774297, "Home bonus": 0.7059589329942481, "Ext": 0.043757810496803266}, "Athletico Paranaense / PR": {"Atk": 0.666231945321936, "Def": 0.9920065033311296, "Home bonus": 0.5664253771267671, "Ext": 0.7313787100732785}, "Portuguesa / SP": {"Atk": 0.0, "Def": 0.961682247546846, "Home bonus": 0.36010395752377383, "Ext": 0.6686712379821876}}