{"Vasco da Gama / RJ": {"Home": {"Atk": 1.0, "Def": 0.45174171491009923}, "Away": {"Atk": 0.7036296336768961, "Def": 0.3736607187986381}, "Ext": 0.0}, "Fluminense / RJ": {"Home": {"Atk": 1.054792098227962, "Def": 0.5166634136572417}, "Away": {"Atk": 0.3993515852702264, "Def": 0.7289729044349577}, "Ext": 0.1}, "Corinthians / SP": {"Home": {"Atk": 0.41517685744581057, "Def": 1.9588919169640755}, "Away": {"Atk": 0.6045021791295113, "Def": 2.6031382315857226}, "Ext": 0.0}, "Vit\u00f3ria / BA": {"Home": {"Atk": 1.2151750947044473, "Def": 0.6658810576617656}, "Away": {"Atk": 0.5763408306822662, "Def": 1.0957800360627903}, "Ext": 0.1}, "Gr\u00eamio / RS": {"Home": {"Atk": 1.3126726727053866, "Def": 1.274630583970036}, "Away": {"Atk": 0.3241917456904639, "Def": 0.7330334681226865}, "Ext": 0.0}, "Ponte Preta / SP": {"Home": {"Atk": 0.65258556227419, "Def": 0.4544541342070799}, "Away": {"Atk": 1.0603003713290116, "Def": 0.4024523243791268}, "Ext": 0.1}, "Crici\u00fama / SC": {"Home": {"Atk": 1.3888017686679077, "Def": 0.3053591048799804}, "Away": {"Atk": 0.5001785045898985, "Def": 0.4403998707549334}, "Ext": 0.0}, "Cruzeiro / MG": {"Home": {"Atk": 2.423958695549877, "Def": 0.9799209249526074}, "Away": {"Atk": 0.6207849926658043, "Def": 1.0204977525454273}, "Ext": 0.0}, "Coritiba / PR": {"Home": {"Atk": 1.2302184496948905, "Def": 0.6280013662043217}, "Away": {"Atk": 0.6008815779949236, "Def": 1.1576894311851682}, "Ext": 0.1}, "Santos / SP": {"Home": {"Atk": 1.1558057856054955, "Def": 0.5207025321155305}, "Away": {"Atk": 0.4763584935285393, "Def": 0.8380654721568175}, "Ext": 0.1}, "Botafogo / RJ": {"Home": {"Atk": 1.6173478002210142, "Def": 1.1192346258887134}, "Away": {"Atk": 1.0158376738763542, "Def": 0.7188573933565547}, "Ext": 0.1}, "Flamengo / RJ": {"Home": {"Atk": 0.8012514603506838, "Def": 0.5459699102450436}, "Away": {"Atk": 0.41850763552316106, "Def": 1.3709653249838158}, "Ext": 0.0}, "S\u00e3o Paulo / SP": {"Home": {"Atk": 0.8630084307056289, "Def": 0.25438532616470116}, "Away": {"Atk": 0.6551939570525847, "Def": 1.4276902674576024}, "Ext": 0.1}, "Bahia / BA": {"Home": {"Atk": 1.5082679643398205, "Def": 0.6961492501318742}, "Away": {"Atk": 0.37742117585799295, "Def": 1.0592333885422387}, "Ext": 0.0}, "Internacional / RS": {"Home": {"Atk": 1.272540138386399, "Def": 0.3511421146726581}, "Away": {"Atk": 0.9234578790135266, "Def": 0.7021691825893905}, "Ext": 0.0}, "Goi\u00e1s / GO": {"Home": {"Atk": 0.8871739126093656, "Def": 0.7841031057152347}, "Away": {"Atk": 0.22279137413669162, "Def": 0.8158801510125497}, "Ext": 0.1}, "N\u00e1utico / PE": {"Home": {"Atk": 0.7735625626133129, "Def": 0.4003312239263454}, "Away": {"Atk": 0.2509720257964475, "Def": 0.9469026067937899}, "Ext": 0.0}, "Atl\u00e9tico / MG": {"Home": {"Atk": 1.1564228063189086, "Def": 0.893337189208176}, "Away": {"Atk": 0.33493119174115316, "Def": 0.5864460035950991}, "Ext": 0.0}, "Athletico Paranaense / PR": {"Home": {"Atk": 1.7133226046007708, "Def": 0.36976051073097516}, "Away": {"Atk": 1.124574974892661, "Def": 0.5126569985530661}, "Ext": 0.1}, "Portuguesa / SP": {"Home": {"Atk": 0.8584097974154656, "Def": 0.5212170780379163}, "Away": {"Atk": 0.4987021306612739, "Def": 0.5061001436676654}, "Ext": 0.1}}