{"Palmeiras / SP": {"Atk": 0.9089800194649315, "Def": 0.8258134471519222}, "Flamengo / RJ": {"Atk": 0.673211944791256, "Def": 0.8504135306742319}, "Atl\u00e9tico / MG": {"Atk": 0.8635335067418582, "Def": 0.5686204126479226}, "Coritiba / PR": {"Atk": 0.508365482862165, "Def": 0.6496843623088258}, "Botafogo / RJ": {"Atk": 0.6160540932734142, "Def": 0.6530749086405419}, "Santa Cruz / PE": {"Atk": 0.5855695819705707, "Def": 0.39139425852227056}, "Corinthians / SP": {"Atk": 0.63255961359929, "Def": 0.8553003456834581}, "Figueirense / SC": {"Atk": 0.39311604534597977, "Def": 0.6109117047467113}, "Am\u00e9rica / MG": {"Atk": 0.2829312774932127, "Def": 0.4797822325128704}, "Internacional / RS": {"Atk": 0.4607978063604384, "Def": 0.6884669598979626}, "Vit\u00f3ria / BA": {"Atk": 0.5892254901700344, "Def": 0.5236328262359602}, "Fluminense / RJ": {"Atk": 0.5721088417056719, "Def": 0.6608848916462026}, "Cruzeiro / MG": {"Atk": 0.5923538880943509, "Def": 0.5409788591733303}, "Santos / SP": {"Atk": 0.8026652162740686, "Def": 0.9565614048817731}, "Athletico Paranaense / PR": {"Atk": 0.4214722753220195, "Def": 1.1345926395898664}, "Chapecoense / SC": {"Atk": 0.724147338389309, "Def": 0.427713957855288}, "S\u00e3o Paulo / SP": {"Atk": 0.47474899320021713, "Def": 0.8024102212658033}, "Gr\u00eamio / RS": {"Atk": 0.5753238639800798, "Def": 0.8539427738313102}, "Ponte Preta / SP": {"Atk": 0.6292619281115963, "Def": 0.5159617539234251}, "Sport / PE": {"Atk": 0.5928006610787417, "Def": 0.4702931385544325}, "Home bonus": 0.5458844596934614}