{"Fluminense / RJ": {"Atk": 1.0, "Def": 0.39534715264790055}, "Flamengo / RJ": {"Atk": 0.7453146036244608, "Def": 0.8220593798897403}, "Palmeiras / SP": {"Atk": 0.7152461454099426, "Def": 0.7365565997186835}, "Corinthians / SP": {"Atk": 0.9784124721313399, "Def": 1.35238222146141}, "Cruzeiro / MG": {"Atk": 0.5693082353254137, "Def": 0.8179215582752661}, "Coritiba / PR": {"Atk": 0.5573114995647913, "Def": 0.8849997433045954}, "Gr\u00eamio / RS": {"Atk": 1.2130316925739177, "Def": 0.6809658369447599}, "Bahia / BA": {"Atk": 0.8230516924806421, "Def": 0.5121663300997956}, "Ponte Preta / SP": {"Atk": 0.7026868037976446, "Def": 0.48157023449787306}, "Ava\u00ed / SC": {"Atk": 0.2378247962748429, "Def": 0.5141860896763742}, "Botafogo / RJ": {"Atk": 0.6490260472417957, "Def": 0.6907783656401296}, "Vasco da Gama / RJ": {"Atk": 0.6741298417794632, "Def": 0.38232587750086144}, "Santos / SP": {"Atk": 0.5149711448646836, "Def": 1.0100582591144402}, "S\u00e3o Paulo / SP": {"Atk": 0.5411880083492233, "Def": 0.7330395680461125}, "Atl\u00e9tico / MG": {"Atk": 0.4954280580657807, "Def": 0.6119153399970634}, "Athletico Paranaense / PR": {"Atk": 0.63891653030798, "Def": 0.4906656663690681}, "Sport / PE": {"Atk": 0.7098689219763326, "Def": 0.3901990601266112}, "Vit\u00f3ria / BA": {"Atk": 0.549422892283571, "Def": 0.4215270401755838}, "Atl\u00e9tico / GO": {"Atk": 0.42963883906609346, "Def": 0.3907178538383472}, "Chapecoense / SC": {"Atk": 0.8904004568049212, "Def": 0.3673933241476714}}