{"Vasco da Gama / RJ": {"Atk": 1.0, "Def": 0.5380384782302493, "Home bonus": 0.0}, "Fluminense / RJ": {"Atk": 0.6588170446643653, "Def": 0.757324077837516, "Home bonus": 0.45048215079054127}, "Corinthians / SP": {"Atk": 0.38590205658170684, "Def": 2.0975802797055, "Home bonus": 0.5134151462819814}, "Vit\u00f3ria / BA": {"Atk": 0.9959543264030987, "Def": 0.6495515430107225, "Home bonus": 0.2249972201830067}, "Gr\u00eamio / RS": {"Atk": 0.747187814855838, "Def": 1.0904654411949724, "Home bonus": 0.3769278904905139}, "Ponte Preta / SP": {"Atk": 0.7280660370925194, "Def": 0.6744641092233085, "Home bonus": 0.2212544595344017}, "Crici\u00fama / SC": {"Atk": 1.0292720911918725, "Def": 0.4903635470418029, "Home bonus": 0.07667921010244376}, "Cruzeiro / MG": {"Atk": 1.2536577028313298, "Def": 0.9992322756750793, "Home bonus": 0.7860686250226889}, "Coritiba / PR": {"Atk": 0.5133071118809558, "Def": 0.7682524929374914, "Home bonus": 1.0055506924152176}, "Santos / SP": {"Atk": 0.8078996811961746, "Def": 0.9813140205652168, "Home bonus": 0.4236318918459637}, "Botafogo / RJ": {"Atk": 1.0696516633320017, "Def": 0.8100207327116983, "Home bonus": 0.09534800951429095}, "Flamengo / RJ": {"Atk": 0.6278447268798671, "Def": 0.7899634579774601, "Home bonus": 0.59425553481503}, "S\u00e3o Paulo / SP": {"Atk": 0.8049645599064157, "Def": 0.9279442547794404, "Home bonus": 0.0}, "Bahia / BA": {"Atk": 0.7457036074658622, "Def": 0.8277556230294131, "Home bonus": 0.05198631548188663}, "Internacional / RS": {"Atk": 0.9528128060683075, "Def": 0.5961584699257418, "Home bonus": 0.4477399334919784}, "Goi\u00e1s / GO": {"Atk": 0.8165409224401595, "Def": 0.9062916004847458, "Home bonus": 0.36111261336026124}, "N\u00e1utico / PE": {"Atk": 0.396492876494508, "Def": 0.437782697098796, "Home bonus": 0.27632937183264894}, "Atl\u00e9tico / MG": {"Atk": 0.29622748430256524, "Def": 1.0512247834201163, "Home bonus": 1.4634805371978632}, "Athletico Paranaense / PR": {"Atk": 1.1230935699858022, "Def": 0.7174527916235507, "Home bonus": 0.27016328066117357}, "Portuguesa / SP": {"Atk": 0.6677820632760203, "Def": 0.7129958013573215, "Home bonus": 1.054131949306619}}