{"Guarani / SP": {"Home": {"Atk": 1.0, "Def": 0.5748158980271499}, "Away": {"Atk": 0.3107398107570412, "Def": 1.2826629350229304}}, "Botafogo / SP": {"Home": {"Atk": 1.036472257912299, "Def": 0.5568400891829823}, "Away": {"Atk": 0.549667714149193, "Def": 1.3503033120656325}}, "S\u00e3o Bento / SP": {"Home": {"Atk": 1.0050188451522304, "Def": 0.581966497034804}, "Away": {"Atk": 0.7703994496353226, "Def": 0.7311363110343656}}, "Vila Nova / GO": {"Home": {"Atk": 0.46097687822793254, "Def": 0.6585041636328335}, "Away": {"Atk": 0.6491508614402758, "Def": 1.421657952225091}}, "Coritiba / PR": {"Home": {"Atk": 1.8031398830265162, "Def": 0.5974195435173153}, "Away": {"Atk": 0.6958122974703715, "Def": 1.2329202535211503}}, "Oper\u00e1rio / PR": {"Home": {"Atk": 1.519164176361756, "Def": 1.047867905376442}, "Away": {"Atk": 0.4295511409118337, "Def": 0.7464804827322309}}, "Crici\u00fama / SC": {"Home": {"Atk": 1.1636811782865268, "Def": 0.7664307501157035}, "Away": {"Atk": 0.2504077490057523, "Def": 0.9874061232006239}}, "Brasil / RS": {"Home": {"Atk": 0.8103335317332779, "Def": 0.6868677206301506}, "Away": {"Atk": 0.43831382770038063, "Def": 1.0612095800838248}}, "Sport / PE": {"Home": {"Atk": 1.658206876178029, "Def": 0.6722273017630956}, "Away": {"Atk": 0.9115133941366822, "Def": 1.24463824261015}}, "CRB / AL": {"Home": {"Atk": 1.1787990854848327, "Def": 0.4113465068106911}, "Away": {"Atk": 0.9168980365467475, "Def": 1.5965073298580066}}, "Ponte Preta / SP": {"Home": {"Atk": 1.4324006641198583, "Def": 0.7591570801957375}, "Away": {"Atk": 0.6392745030386461, "Def": 1.2018946856610557}}, "Red Bull Bragantino / SP": {"Home": {"Atk": 2.241140477874667, "Def": 1.0844008380020944}, "Away": {"Atk": 0.8471496080915012, "Def": 1.851351481996731}}, "Oeste / SP": {"Home": {"Atk": 1.1854800736389424, "Def": 1.1031215802309169}, "Away": {"Atk": 0.5749806028063653, "Def": 0.7904375965048518}}, "Atl\u00e9tico / GO": {"Home": {"Atk": 1.561887545574903, "Def": 0.8185282296149419}, "Away": {"Atk": 0.5356576548081556, "Def": 2.0121395070187726}}, "Paran\u00e1 / PR": {"Home": {"Atk": 0.6143173321115416, "Def": 1.7962369538045917}, "Away": {"Atk": 0.6463611439546263, "Def": 0.8177458259304732}}, "Londrina / PR": {"Home": {"Atk": 1.4707875768703158, "Def": 0.5573123293073879}, "Away": {"Atk": 0.5661968189299287, "Def": 0.762979739769617}}, "Figueirense / SC": {"Home": {"Atk": 0.9941526600977172, "Def": 0.5110486571889079}, "Away": {"Atk": 0.40025004660017544, "Def": 1.5785206944975227}}, "Am\u00e9rica / MG": {"Home": {"Atk": 1.3718952187919207, "Def": 0.38679700468273}, "Away": {"Atk": 0.5955579888577399, "Def": 1.754266395650527}}, "Vit\u00f3ria / BA": {"Home": {"Atk": 0.865116792045868, "Def": 0.7499094084063344}, "Away": {"Atk": 0.5333959131912527, "Def": 0.7133210995649429}}, "Cuiab\u00e1 / MT": {"Home": {"Atk": 1.4767177980473212, "Def": 0.49552552495220054}, "Away": {"Atk": 0.5252535024004862, "Def": 1.2543556348312173}}}