{"Red Bull Bragantino / SP": {"Home": {"Atk": 1.0, "Def": 0.4224535154976363}, "Away": {"Atk": 0.536200280917525, "Def": 0.582658140959251}}, "Ponte Preta / SP": {"Home": {"Atk": 1.1933238787087583, "Def": 0.5936169754639414}, "Away": {"Atk": 0.8616339969992931, "Def": 0.8857682665253758}}, "Vasco da Gama / RJ": {"Home": {"Atk": 1.1839818361958094, "Def": 0.6693497025211121}, "Away": {"Atk": 0.6207651814826738, "Def": 1.0320832397296793}}, "Santa Cruz / PE": {"Home": {"Atk": 1.1721518191799616, "Def": 0.9121409499080034}, "Away": {"Atk": 0.5623265603431279, "Def": 0.6881228223372708}}, "Sampaio Corr\u00eaa / MA": {"Home": {"Atk": 1.0659616759104598, "Def": 0.5071394098011671}, "Away": {"Atk": 0.7743451024340612, "Def": 0.8578956746545084}}, "Cear\u00e1 / CE": {"Home": {"Atk": 1.5354838011480174, "Def": 0.4364902246415514}, "Away": {"Atk": 0.7281142808929134, "Def": 0.6102390966905998}}, "Vila Nova / GO": {"Home": {"Atk": 0.4296613340371279, "Def": 0.33426054642435193}, "Away": {"Atk": 0.41392513991867297, "Def": 0.6277347585753401}}, "Am\u00e9rica / RN": {"Home": {"Atk": 0.8770592985477228, "Def": 0.4328130711713939}, "Away": {"Atk": 0.4937385295659312, "Def": 0.6564180059318949}}, "Boa / MG": {"Home": {"Atk": 1.0214167303643598, "Def": 0.5598572455422158}, "Away": {"Atk": 0.6397915700676419, "Def": 0.7175836408559279}}, "Oeste / SP": {"Home": {"Atk": 1.0153490105154537, "Def": 0.5825458656166868}, "Away": {"Atk": 0.379149312378932, "Def": 0.5440645484189389}}, "Portuguesa / SP": {"Home": {"Atk": 0.6120552002844838, "Def": 0.4084388569285594}, "Away": {"Atk": 0.4203988531637827, "Def": 0.6887432714542945}}, "Paran\u00e1 / PR": {"Home": {"Atk": 0.7625922130241045, "Def": 0.7046312490805765}, "Away": {"Atk": 0.6343558197520593, "Def": 0.7007803313805879}}, "N\u00e1utico / PE": {"Home": {"Atk": 0.9929829066593281, "Def": 0.4598092102382722}, "Away": {"Atk": 0.5551578439980575, "Def": 0.7961363796855849}}, "Luverdense / MT": {"Home": {"Atk": 1.1077403670168366, "Def": 0.49236419955873967}, "Away": {"Atk": 0.369126089913703, "Def": 0.7321664942667242}}, "Icasa / CE": {"Home": {"Atk": 0.6164134129113703, "Def": 0.7007169705734809}, "Away": {"Atk": 0.2942723608091093, "Def": 0.757834745006522}}, "Ava\u00ed / SC": {"Home": {"Atk": 0.8424719097435313, "Def": 0.6517659191860207}, "Away": {"Atk": 0.8065199212447949, "Def": 0.9420609870053519}}, "Atl\u00e9tico / GO": {"Home": {"Atk": 1.1867742181686731, "Def": 0.5464504173236316}, "Away": {"Atk": 0.6355605818085615, "Def": 0.5642645674075671}}, "ABC / RN": {"Home": {"Atk": 0.7235552780359912, "Def": 0.6989016213082522}, "Away": {"Atk": 0.3675002414715387, "Def": 0.866305630850754}}, "Am\u00e9rica / MG": {"Home": {"Atk": 1.2038540054540057, "Def": 0.6372338446760755}, "Away": {"Atk": 0.6070971045063472, "Def": 0.6860196680313437}}, "Joinville / SC": {"Home": {"Atk": 1.107278585512884, "Def": 1.1632036863721529}, "Away": {"Atk": 0.560113375342104, "Def": 0.6951257607019591}}}