{"Red Bull Bragantino / SP": {"Atk": 1.0, "Def": 0.5784676872851983, "Ext": 0.0}, "Ponte Preta / SP": {"Atk": 0.9897111234414978, "Def": 0.8188111866717731, "Ext": 0.1}, "Vasco da Gama / RJ": {"Atk": 1.2041683783487231, "Def": 1.619591975082492, "Ext": 0.0}, "Santa Cruz / PE": {"Atk": 1.1071511151718394, "Def": 0.7899461569769545, "Ext": 0.0}, "Sampaio Corr\u00eaa / MA": {"Atk": 1.217978964001324, "Def": 1.098313252024285, "Ext": 0.0}, "Cear\u00e1 / CE": {"Atk": 1.374198212808714, "Def": 0.6992917682511434, "Ext": 0.1}, "Vila Nova / GO": {"Atk": 0.33802401213408123, "Def": 0.6214898022786711, "Ext": 0.04639691445027121}, "Am\u00e9rica / RN": {"Atk": 1.3594872431195215, "Def": 0.6575221542450336, "Ext": 0.0}, "Boa / MG": {"Atk": 0.9478376215648736, "Def": 0.7484671607409811, "Ext": 0.1}, "Oeste / SP": {"Atk": 0.7597448303327408, "Def": 0.6727661221429664, "Ext": 0.1}, "Portuguesa / SP": {"Atk": 0.9645771399888013, "Def": 0.7727386926109637, "Ext": 0.1}, "Paran\u00e1 / PR": {"Atk": 0.9028035186808442, "Def": 0.7858025702583572, "Ext": 0.1}, "N\u00e1utico / PE": {"Atk": 0.9926027056900915, "Def": 0.7993758236661482, "Ext": 0.0}, "Luverdense / MT": {"Atk": 1.0532491307429948, "Def": 1.1263817347369776, "Ext": 0.1}, "Icasa / CE": {"Atk": 0.6186703430321605, "Def": 0.7986438880302259, "Ext": 0.0}, "Ava\u00ed / SC": {"Atk": 0.832824892964629, "Def": 1.0017936543255819, "Ext": 0.0}, "Atl\u00e9tico / GO": {"Atk": 1.3402695426697049, "Def": 0.7483057839686866, "Ext": 0.0}, "ABC / RN": {"Atk": 0.9564620207648608, "Def": 1.1077339167243874, "Ext": 0.0}, "Am\u00e9rica / MG": {"Atk": 1.3732028346183454, "Def": 1.0096004582553069, "Ext": 0.0}, "Joinville / SC": {"Atk": 0.950395837484621, "Def": 1.086549532588505, "Ext": 0.1}}