{"Cear\u00e1 / CE": {"Atk": 0.7702863971577789, "Def": 0.7467550435470814, "Ext": 0.23163723384548457}, "Bahia / BA": {"Atk": 0.8549644364652663, "Def": 0.7747077103421971, "Ext": 0.0}, "Sampaio Corr\u00eaa / MA": {"Atk": 0.3351323604884101, "Def": 0.46675073577414705, "Ext": 0.0}, "Oeste / SP": {"Atk": 0.49659393155236864, "Def": 0.7146045270554904, "Ext": 0.05321162583770404}, "Vila Nova / GO": {"Atk": 0.6559323513297661, "Def": 0.6355648498894525, "Ext": 0.38501850619558675}, "Luverdense / MT": {"Atk": 0.43742597469063815, "Def": 1.1689423291424292, "Ext": 0.3187064055859808}, "Tupi / MG": {"Atk": 0.7146325538011725, "Def": 0.539759785589646, "Ext": 0.0}, "Brasil / RS": {"Atk": 0.7306682372257544, "Def": 0.7694509578079626, "Ext": 0.0}, "Londrina / PR": {"Atk": 0.4278702051288354, "Def": 1.5608627901482612, "Ext": 0.1801894593588189}, "Crici\u00fama / SC": {"Atk": 0.5730108507019589, "Def": 0.7847855914514366, "Ext": 0.3029557579568977}, "N\u00e1utico / PE": {"Atk": 0.9710501139229392, "Def": 0.5522538625346457, "Ext": 0.0}, "CRB / AL": {"Atk": 1.0251703344839211, "Def": 0.5018431360814607, "Ext": 0.0}, "Paysandu / PA": {"Atk": 0.5549009454529269, "Def": 0.6388606587388002, "Ext": 0.0}, "Red Bull Bragantino / SP": {"Atk": 0.48181865118382416, "Def": 0.5349861719219992, "Ext": 0.0}, "Goi\u00e1s / GO": {"Atk": 0.427444849898329, "Def": 0.8867587333188081, "Ext": 0.292657719484453}, "Vasco da Gama / RJ": {"Atk": 1.008930263869318, "Def": 0.6182616888211027, "Ext": 0.0}, "Atl\u00e9tico / GO": {"Atk": 0.5580368540867493, "Def": 1.7048764656124824, "Ext": 0.3000693574336849}, "Joinville / SC": {"Atk": 0.3760925667679095, "Def": 0.6777509447098489, "Ext": 0.0}, "Paran\u00e1 / PR": {"Atk": 0.46519596185617024, "Def": 0.6351220976432533, "Ext": 0.014706600135427192}, "Ava\u00ed / SC": {"Atk": 0.6745470056150769, "Def": 0.5333022302821739, "Ext": 0.0}}