{"Gr\u00eamio / RS": {"Atk": 1.0, "Def": 0.6493872765605725}, "Atl\u00e9tico / MG": {"Atk": 0.7031606841876663, "Def": 0.53218119668296}, "Cear\u00e1 / CE": {"Atk": 0.5264576522428313, "Def": 0.7300069515806683}, "Palmeiras / SP": {"Atk": 0.8783581761598076, "Def": 1.0926531509074398}, "S\u00e3o Paulo / SP": {"Atk": 0.5212785990258307, "Def": 1.4251263527434377}, "Flamengo / RJ": {"Atk": 1.2284764073099574, "Def": 0.9602189381127902}, "Fluminense / RJ": {"Atk": 0.567732222902104, "Def": 0.558724847534583}, "Chapecoense / SC": {"Atk": 0.4398005029073795, "Def": 0.5149599090994967}, "Bahia / BA": {"Atk": 0.6356663678717416, "Def": 0.772254347125291}, "Athletico Paranaense / PR": {"Atk": 0.9109075679221816, "Def": 0.733131258774036}, "Internacional / RS": {"Atk": 0.6750015380777147, "Def": 0.8964759635627855}, "Cruzeiro / MG": {"Atk": 0.4540187324652873, "Def": 0.6337213925443639}, "Fortaleza / CE": {"Atk": 0.6682670222973363, "Def": 0.5774262697694023}, "Corinthians / SP": {"Atk": 0.5758398029842706, "Def": 1.1970892663981225}, "Santos / SP": {"Atk": 0.7634856826120892, "Def": 0.8209489521178509}, "Vasco da Gama / RJ": {"Atk": 0.49505817172946376, "Def": 0.6455143944452529}, "Botafogo / RJ": {"Atk": 0.4783790012638254, "Def": 0.6567875271268707}, "Ava\u00ed / SC": {"Atk": 0.2593740389032235, "Def": 0.503248006488922}, "Goi\u00e1s / GO": {"Atk": 0.5890288285473805, "Def": 0.4631472960665695}, "CSA / AL": {"Atk": 0.3004913260334152, "Def": 0.5445369375631312}, "Home bonus": 0.3970097908870795}