{"Gr\u00eamio / RS": {"Atk": 1.0, "Def": 0.9915041915275443, "Home bonus": 0.69352579025705, "Ext": 0.1}, "Atl\u00e9tico / MG": {"Atk": 1.2799051025220614, "Def": 1.2930683822251512, "Home bonus": 0.6513203495539455, "Ext": 0.1}, "Cear\u00e1 / CE": {"Atk": 0.6365165093876914, "Def": 1.3457470553126953, "Home bonus": 1.2978011793946798, "Ext": 0.1}, "Palmeiras / SP": {"Atk": 1.5325433784123526, "Def": 2.713768460115176, "Home bonus": 0.8736266500735002, "Ext": 0.0}, "S\u00e3o Paulo / SP": {"Atk": 1.2780805031890277, "Def": 2.3961052078785614, "Home bonus": 0.5608941410267932, "Ext": 0.1}, "Flamengo / RJ": {"Atk": 1.6295479635126948, "Def": 1.1722539055007897, "Home bonus": 1.562153028295332, "Ext": 0.1}, "Fluminense / RJ": {"Atk": 1.5504007786452332, "Def": 0.7942429071956494, "Home bonus": 0.0, "Ext": 0.1}, "Chapecoense / SC": {"Atk": 1.2901594543432402, "Def": 0.859456267943794, "Home bonus": 0.15789598683880143, "Ext": 0.1}, "Bahia / BA": {"Atk": 0.8586728791421441, "Def": 1.657876338946661, "Home bonus": 0.81369801678757, "Ext": 0.1}, "Athletico Paranaense / PR": {"Atk": 1.834243413457898, "Def": 1.5056308523170312, "Home bonus": 0.0, "Ext": 0.0}, "Internacional / RS": {"Atk": 0.47477935455657383, "Def": 1.634799276120337, "Home bonus": 1.3243516161236977, "Ext": 0.1}, "Cruzeiro / MG": {"Atk": 1.0577258543263972, "Def": 0.9896548516809169, "Home bonus": 0.027957739106788757, "Ext": 0.09701432120039416}, "Fortaleza / CE": {"Atk": 1.2508234909996676, "Def": 1.0010839222138053, "Home bonus": 0.23927222582810467, "Ext": 0.0}, "Corinthians / SP": {"Atk": 1.1960136773802905, "Def": 4.707885392813897, "Home bonus": 0.28964780181981803, "Ext": 0.1}, "Santos / SP": {"Atk": 1.4089222365047362, "Def": 1.3707799720736575, "Home bonus": 1.2276446367105331, "Ext": 0.1}, "Vasco da Gama / RJ": {"Atk": 0.8601809404953934, "Def": 0.8329899651498179, "Home bonus": 0.4796741439264259, "Ext": 0.03563451016965693}, "Botafogo / RJ": {"Atk": 1.010725921137586, "Def": 1.5932234614026963, "Home bonus": 0.19235963400273223, "Ext": 0.1}, "Ava\u00ed / SC": {"Atk": 0.5518396082159439, "Def": 0.9994686099035238, "Home bonus": 0.03895189481997994, "Ext": 0.1}, "Goi\u00e1s / GO": {"Atk": 0.7017514857611489, "Def": 1.01480479198786, "Home bonus": 0.7557148283124656, "Ext": 0.1}, "CSA / AL": {"Atk": 0.14448094944253678, "Def": 1.0428955157176767, "Home bonus": 0.29084393890899524, "Ext": 0.0}}