{"Red Bull Bragantino / SP": {"Home": {"Atk": 0.6926703327152732, "Def": 0.43641480690808676}, "Away": {"Atk": 0.6020279213587674, "Def": 0.3810479148443205}, "Ext": 0.0}, "Ponte Preta / SP": {"Home": {"Atk": 0.8439575344193075, "Def": 0.6379227481742223}, "Away": {"Atk": 0.8331734151019332, "Def": 0.5930147162169563}, "Ext": 0.1}, "Vasco da Gama / RJ": {"Home": {"Atk": 0.8184797096698172, "Def": 0.6452867764214935}, "Away": {"Atk": 0.6792018522095644, "Def": 0.7143012509810164}, "Ext": 0.0}, "Santa Cruz / PE": {"Home": {"Atk": 0.8166736513209294, "Def": 0.8666188838869467}, "Away": {"Atk": 0.5861253802581936, "Def": 0.47349728639787547}, "Ext": 0.1}, "Sampaio Corr\u00eaa / MA": {"Home": {"Atk": 0.745563176374635, "Def": 0.5316304893043525}, "Away": {"Atk": 0.7735427481102148, "Def": 0.6324577623945403}, "Ext": 0.1}, "Cear\u00e1 / CE": {"Home": {"Atk": 1.1404074096918047, "Def": 0.4239540184273276}, "Away": {"Atk": 0.7885664370066879, "Def": 0.44527759034455733}, "Ext": 0.1}, "Vila Nova / GO": {"Home": {"Atk": 0.31319349496908105, "Def": 0.34412784663529233}, "Away": {"Atk": 0.4636439620846306, "Def": 0.4663668807298253}, "Ext": 0.0}, "Am\u00e9rica / RN": {"Home": {"Atk": 0.5720578932861592, "Def": 0.4462832124372395}, "Away": {"Atk": 0.5063571531698562, "Def": 0.4645667526868503}, "Ext": 0.1}, "Boa / MG": {"Home": {"Atk": 0.6564429663407665, "Def": 0.5454329068380642}, "Away": {"Atk": 0.7079164005933128, "Def": 0.5080742716124929}, "Ext": 0.0}, "Oeste / SP": {"Home": {"Atk": 0.7354306495130504, "Def": 0.664524970274644}, "Away": {"Atk": 0.4245257639730244, "Def": 0.36463541517028025}, "Ext": 0.1}, "Portuguesa / SP": {"Home": {"Atk": 0.4403228016813168, "Def": 0.4505598110395715}, "Away": {"Atk": 0.41826212304598726, "Def": 0.5204312922311479}, "Ext": 0.1}, "Paran\u00e1 / PR": {"Home": {"Atk": 0.5092485306878447, "Def": 0.7623647393130247}, "Away": {"Atk": 0.6213608912843528, "Def": 0.4544291909788625}, "Ext": 0.1}, "N\u00e1utico / PE": {"Home": {"Atk": 0.6643812721240774, "Def": 0.5028085424138636}, "Away": {"Atk": 0.5680382014556234, "Def": 0.5332856870888735}, "Ext": 0.0}, "Luverdense / MT": {"Home": {"Atk": 0.8322709227585757, "Def": 0.5335294065115389}, "Away": {"Atk": 0.3604427037767552, "Def": 0.487743295910794}, "Ext": 0.0}, "Icasa / CE": {"Home": {"Atk": 0.47224050107794396, "Def": 0.6769325609927898}, "Away": {"Atk": 0.3233497861359507, "Def": 0.539902971104664}, "Ext": 0.0}, "Ava\u00ed / SC": {"Home": {"Atk": 0.59023188278016, "Def": 0.6545240076542839}, "Away": {"Atk": 0.8840173743035854, "Def": 0.6826272721671263}, "Ext": 0.0}, "Atl\u00e9tico / GO": {"Home": {"Atk": 0.791832115307252, "Def": 0.5182849152406571}, "Away": {"Atk": 0.6118046188604677, "Def": 0.3867345407244877}, "Ext": 0.0}, "ABC / RN": {"Home": {"Atk": 0.5413789357739737, "Def": 0.7463007078889246}, "Away": {"Atk": 0.37196525892588306, "Def": 0.6434817666292159}, "Ext": 0.0}, "Am\u00e9rica / MG": {"Home": {"Atk": 0.8089176298806371, "Def": 0.7022602330345683}, "Away": {"Atk": 0.6065131364062105, "Def": 0.4715998442896978}, "Ext": 0.0}, "Joinville / SC": {"Home": {"Atk": 0.718430192585295, "Def": 1.1090751314184222}, "Away": {"Atk": 0.6101956091785373, "Def": 0.47857067454401675}, "Ext": 0.1}}