{"Flamengo / RJ": {"Atk": 1.0, "Def": 0.7604061881303806, "Ext": 0.0}, "Fluminense / RJ": {"Atk": 1.3197935353352084, "Def": 0.8977338397900357, "Ext": 0.0}, "S\u00e3o Paulo / SP": {"Atk": 1.424055840275184, "Def": 0.9122061706572351, "Ext": 0.1}, "Santos / SP": {"Atk": 0.9474786824345485, "Def": 1.0101013260213112, "Ext": 0.0}, "Athletico Paranaense / PR": {"Atk": 1.008872732921421, "Def": 0.8664747112716528, "Ext": 0.0}, "Atl\u00e9tico / MG": {"Atk": 1.2107110378532522, "Def": 0.9860971214194232, "Ext": 0.1}, "Bahia / BA": {"Atk": 0.6697107240983101, "Def": 0.9054539825458006, "Ext": 0.0}, "Internacional / RS": {"Atk": 1.179111039783302, "Def": 0.8930367944019625, "Ext": 0.0}, "Crici\u00fama / SC": {"Atk": 0.6120397321746085, "Def": 0.6941813762899864, "Ext": 0.0}, "Chapecoense / SC": {"Atk": 0.8732562895803422, "Def": 0.895699994721968, "Ext": 0.0}, "Botafogo / RJ": {"Atk": 0.7517972476857425, "Def": 0.7719290062043482, "Ext": 0.0}, "Sport / PE": {"Atk": 0.8088273061919938, "Def": 0.8036173655598376, "Ext": 0.0}, "Corinthians / SP": {"Atk": 1.0701869256443375, "Def": 1.4150445188547687, "Ext": 0.1}, "Palmeiras / SP": {"Atk": 0.8056938010458766, "Def": 0.6413785504139782, "Ext": 0.0}, "Coritiba / PR": {"Atk": 0.9044123665255662, "Def": 0.8673502755928033, "Ext": 0.0}, "Cruzeiro / MG": {"Atk": 1.5493227154915854, "Def": 0.9284516003641751, "Ext": 0.1}, "Vit\u00f3ria / BA": {"Atk": 0.9093364756144867, "Def": 0.7219717685641035, "Ext": 0.1}, "Gr\u00eamio / RS": {"Atk": 0.8216106278630357, "Def": 1.5988384351343983, "Ext": 0.1}, "Figueirense / SC": {"Atk": 0.8668079052142483, "Def": 0.7885167950764458, "Ext": 0.0}, "Goi\u00e1s / GO": {"Atk": 0.8130332873829721, "Def": 0.9710310926219479, "Ext": 0.0}}