{"Vasco da Gama / RJ": {"Atk": 1.0, "Def": 0.6181786150535648}, "Fluminense / RJ": {"Atk": 0.7280342285300652, "Def": 0.842637655273008}, "Corinthians / SP": {"Atk": 0.4724405828715879, "Def": 2.4177688871186045}, "Vit\u00f3ria / BA": {"Atk": 1.0587915657438878, "Def": 0.733594150514549}, "Gr\u00eamio / RS": {"Atk": 0.8031294056866448, "Def": 1.2229825899706082}, "Ponte Preta / SP": {"Atk": 0.743661205528803, "Def": 0.718688735772872}, "Crici\u00fama / SC": {"Atk": 1.0186680480541557, "Def": 0.5610387635939837}, "Cruzeiro / MG": {"Atk": 1.5434832218697907, "Def": 1.1982185788930078}, "Coritiba / PR": {"Atk": 0.7719230481955058, "Def": 0.8610106434891877}, "Santos / SP": {"Atk": 0.8897109144883103, "Def": 1.093115734925994}, "Botafogo / RJ": {"Atk": 1.0512125678688335, "Def": 0.940068656310904}, "Flamengo / RJ": {"Atk": 0.7507501793935915, "Def": 0.9444804929865763}, "S\u00e3o Paulo / SP": {"Atk": 0.7847690134583812, "Def": 1.0207407486308597}, "Bahia / BA": {"Atk": 0.6945529380835209, "Def": 0.9069272697503697}, "Internacional / RS": {"Atk": 1.0403777334290467, "Def": 0.7147210976233433}, "Goi\u00e1s / GO": {"Atk": 0.8917992683175008, "Def": 1.0490329608972493}, "N\u00e1utico / PE": {"Atk": 0.3856115006205522, "Def": 0.48197432748044805}, "Atl\u00e9tico / MG": {"Atk": 0.7604650390575743, "Def": 1.2093044944731104}, "Athletico Paranaense / PR": {"Atk": 1.1780869874012088, "Def": 0.8784371019976991}, "Portuguesa / SP": {"Atk": 0.9769108671834448, "Def": 0.760767468038333}, "Home bonus": 0.43788029519622007}