{"Flamengo / RJ": {"Atk": 1.0, "Def": 1.282271168001327, "Ext": 0.26800746300730127}, "Botafogo / RJ": {"Atk": 0.10968986538192471, "Def": 3.170975001671165, "Ext": 0.6966150752829441}, "Palmeiras / SP": {"Atk": 0.47903714742957104, "Def": 837.9893641804093, "Ext": 0.7680536200293143}, "Santos / SP": {"Atk": 1.4936506211965053, "Def": 0.9431360937160249, "Ext": 0.0}, "Corinthians / SP": {"Atk": 0.7340759070694132, "Def": 1.0582293706837849, "Ext": 0.3246868277704411}, "Gr\u00eamio / RS": {"Atk": 0.4161900386892625, "Def": 3.1669379794663493, "Ext": 0.4758237966497594}, "Sport / PE": {"Atk": 0.6947275243464902, "Def": 1.3737002106728884, "Ext": 0.14439842930834942}, "Coritiba / PR": {"Atk": 0.46629567433514785, "Def": 0.9365151777957105, "Ext": 0.0}, "Fortaleza / CE": {"Atk": 0.8426002501002541, "Def": 1.494220539618824, "Ext": 0.0}, "Goi\u00e1s / GO": {"Atk": 0.8245636071599037, "Def": 0.6859083275293931, "Ext": 0.535812979562767}, "Fluminense / RJ": {"Atk": 1.4661303460487174, "Def": 0.8421380023074735, "Ext": 0.0}, "Vasco da Gama / RJ": {"Atk": 1.3638029610559714, "Def": 0.9149384969473916, "Ext": 0.0}, "S\u00e3o Paulo / SP": {"Atk": 1.2951723883588782, "Def": 1.1018976773927618, "Ext": 0.0}, "Red Bull Bragantino / SP": {"Atk": 0.6940429459761135, "Def": 1.0353162447382365, "Ext": 0.3954726327959211}, "Atl\u00e9tico / MG": {"Atk": 1.9941492443738364, "Def": 0.8602629090150864, "Ext": 0.0}, "Internacional / RS": {"Atk": 1.1956442600174917, "Def": 1.8936974126677115, "Ext": 0.0}, "Bahia / BA": {"Atk": 0.7544254522218273, "Def": 0.6765495603987659, "Ext": 0.3147240004531916}, "Athletico Paranaense / PR": {"Atk": 0.7671576711680471, "Def": 1.2360902793102189, "Ext": 0.0}, "Cear\u00e1 / CE": {"Atk": 0.9093549215290887, "Def": 0.8257494580971044, "Ext": 0.005663067307660784}, "Atl\u00e9tico / GO": {"Atk": 0.9312649032874856, "Def": 0.8735448240258991, "Ext": 0.0}}