{"Ponte Preta / SP": {"Atk": 1.0, "Def": 1.1383722828104526, "Ext": 0.0}, "Oeste / SP": {"Atk": 0.8543595781781298, "Def": 1.0929683841543334, "Ext": 0.01880593273387756}, "Brasil / RS": {"Atk": 0.5918195596756811, "Def": 1.0606069262586515, "Ext": 0.0}, "Figueirense / SC": {"Atk": 0.9859547498640526, "Def": 0.9055381730875364, "Ext": 0.17176738936483987}, "Fortaleza / CE": {"Atk": 1.2074500777058192, "Def": 1.1882754200332666, "Ext": 0.0}, "Vila Nova / GO": {"Atk": 0.8382626422884926, "Def": 1.7381355608354925, "Ext": 0.0}, "Atl\u00e9tico / GO": {"Atk": 0.9609063193730923, "Def": 0.9736977664632541, "Ext": 0.3420411051820314}, "CSA / AL": {"Atk": 1.1220949704350547, "Def": 1.0085114250470022, "Ext": 0.0}, "Londrina / PR": {"Atk": 0.817852485777814, "Def": 1.088015562251933, "Ext": 0.127902092726434}, "Sampaio Corr\u00eaa / MA": {"Atk": 0.38007976192230025, "Def": 1.0874584408048817, "Ext": 0.2547136763536759}, "Guarani / SP": {"Atk": 0.8382542363743509, "Def": 1.194270249561748, "Ext": 0.2384943789523378}, "S\u00e3o Bento / SP": {"Atk": 0.4558194149058313, "Def": 1.8720217524495308, "Ext": 0.300428453171478}, "Juventude / RS": {"Atk": 0.40899047505610836, "Def": 1.1594998304448467, "Ext": 0.17167186361806577}, "Ava\u00ed / SC": {"Atk": 1.148905841857639, "Def": 1.538085852889939, "Ext": 0.09769236197770272}, "Crici\u00fama / SC": {"Atk": 0.6731706432495665, "Def": 1.082736573863786, "Ext": 0.13955539356236818}, "Goi\u00e1s / GO": {"Atk": 1.338780956522259, "Def": 0.7168781896078029, "Ext": 0.005726685361564992}, "Boa / MG": {"Atk": 0.5045333508416671, "Def": 0.7739876139792005, "Ext": 0.0}, "CRB / AL": {"Atk": 0.4727850335489864, "Def": 1.1435187765612094, "Ext": 0.0}, "Coritiba / PR": {"Atk": 0.5229636904757142, "Def": 1.7832123298454208, "Ext": 0.3557984841168958}, "Paysandu / PA": {"Atk": 0.43189547045544363, "Def": 1.0148431543517087, "Ext": 0.3042430488440103}, "Home bonus": 0.26679156802486387}