{"Gr\u00eamio / RS": {"Atk": 1.0, "Def": 0.7026555078553708, "Ext": 0.09799398783024688}, "Atl\u00e9tico / MG": {"Atk": 0.519786942109962, "Def": 0.6993333832179245, "Ext": 0.052312096127723515}, "Cear\u00e1 / CE": {"Atk": 0.42822819950595203, "Def": 0.8413322354224001, "Ext": 0.07578329342221271}, "Palmeiras / SP": {"Atk": 0.6332304458337021, "Def": 0.8731484640857403, "Ext": 0.0}, "S\u00e3o Paulo / SP": {"Atk": 0.5386527583894467, "Def": 0.7777491556277195, "Ext": 0.07223452622332378}, "Flamengo / RJ": {"Atk": 0.9091337513511738, "Def": 0.6935636495104129, "Ext": 0.0}, "Fluminense / RJ": {"Atk": 0.49460527918224384, "Def": 0.809789047909825, "Ext": 0.1}, "Chapecoense / SC": {"Atk": 0.3892862242835888, "Def": 0.4414362395198222, "Ext": 0.05951059356040482}, "Bahia / BA": {"Atk": 0.49484533929217916, "Def": 0.8538234288953146, "Ext": 0.1}, "Athletico Paranaense / PR": {"Atk": 0.8811506810854058, "Def": 0.8507649537505362, "Ext": 0.040909686159648316}, "Internacional / RS": {"Atk": 0.6913031263531376, "Def": 0.704684816387901, "Ext": 0.1}, "Cruzeiro / MG": {"Atk": 0.6130511697373728, "Def": 0.602634103580362, "Ext": 0.0004479480583136205}, "Fortaleza / CE": {"Atk": 0.511910408748384, "Def": 0.8041120206362818, "Ext": 0.018404628486712454}, "Corinthians / SP": {"Atk": 0.4960171781386198, "Def": 0.8335894859524068, "Ext": 0.1}, "Santos / SP": {"Atk": 0.5673274203711882, "Def": 0.873094158798347, "Ext": 0.1}, "Vasco da Gama / RJ": {"Atk": 0.5324289169758897, "Def": 0.5130977266872062, "Ext": 0.08205743459520619}, "Botafogo / RJ": {"Atk": 0.4279456405608973, "Def": 0.9192310847483357, "Ext": 0.08280245873519476}, "Ava\u00ed / SC": {"Atk": 0.5573390603320661, "Def": 0.5082733044476513, "Ext": 0.048878052790861326}, "Goi\u00e1s / GO": {"Atk": 0.3553193255862748, "Def": 0.5816370527856555, "Ext": 0.08137689120910373}, "CSA / AL": {"Atk": 0.4414151454482257, "Def": 0.5181568090729709, "Ext": 0.09208668893968072}, "Home bonus": 0.5380738711997708}