{"Gr\u00eamio / RS": {"Home": {"Atk": 1.0, "Def": 0.6564216778612786}, "Away": {"Atk": 0.13793602196171756, "Def": 0.7573009967471606}, "Ext": 0.2938341639890121}, "Atl\u00e9tico / MG": {"Home": {"Atk": 0.46591292567144355, "Def": 0.957868508826992}, "Away": {"Atk": 0.6760754733318295, "Def": 0.5015331921292685}, "Ext": 0.695110969055688}, "Cear\u00e1 / CE": {"Home": {"Atk": 0.40935063694988344, "Def": 0.9173925168867042}, "Away": {"Atk": 0.2752325423097487, "Def": 0.8067614165347323}, "Ext": 0.36096204934955534}, "Palmeiras / SP": {"Home": {"Atk": 0.7180014067591618, "Def": 0.7953748126892619}, "Away": {"Atk": 0.43788920833185985, "Def": 0.7044747542589603}, "Ext": 0.10228697898053962}, "S\u00e3o Paulo / SP": {"Home": {"Atk": 0.3024451629039484, "Def": 0.6648984613577796}, "Away": {"Atk": 0.2371883921039237, "Def": 0.8544043377581844}, "Ext": 0.3861642438943172}, "Flamengo / RJ": {"Home": {"Atk": 0.8060028630173288, "Def": 0.4880289679896407}, "Away": {"Atk": 0.5762871932346174, "Def": 0.5401344801659197}, "Ext": 0.34134902285593627}, "Fluminense / RJ": {"Home": {"Atk": 0.3453525450342276, "Def": 0.5694121684975957}, "Away": {"Atk": 0.5875975946283358, "Def": 0.3066581299171194}, "Ext": 0.5784038883130789}, "Chapecoense / SC": {"Home": {"Atk": 0.2698186936180689, "Def": 0.3500965083302224}, "Away": {"Atk": 0.2252239585979171, "Def": 0.5321626314751869}, "Ext": 0.4378410485714188}, "Bahia / BA": {"Home": {"Atk": 0.3644923990411465, "Def": 0.4941129037411772}, "Away": {"Atk": 0.48894153629993653, "Def": 0.39913631020228896}, "Ext": 0.30453577502001616}, "Athletico Paranaense / PR": {"Home": {"Atk": 0.5178747287585704, "Def": 0.6673005684744081}, "Away": {"Atk": 0.21480489342147666, "Def": 0.37724435860019934}, "Ext": 0.05959987326075065}, "Internacional / RS": {"Home": {"Atk": 0.5633711673229973, "Def": 0.5993252424415586}, "Away": {"Atk": 0.0, "Def": 0.4161265805341715}, "Ext": 0.5296041642181093}, "Cruzeiro / MG": {"Home": {"Atk": 0.2400011907818363, "Def": 0.6618000650003265}, "Away": {"Atk": 0.0, "Def": 0.2022735521264578}, "Ext": 0.4945282239200534}, "Fortaleza / CE": {"Home": {"Atk": 0.3028999872114079, "Def": 0.6653769476290216}, "Away": {"Atk": 0.2045077995045783, "Def": 0.9487382694702431}, "Ext": 0.06027184366296882}, "Corinthians / SP": {"Home": {"Atk": 0.7855428921989447, "Def": 0.6792999260518757}, "Away": {"Atk": 0.2929850106581079, "Def": 0.4662284065634168}, "Ext": 0.1320911025675367}, "Santos / SP": {"Home": {"Atk": 0.5454164824797443, "Def": 0.6555891298889783}, "Away": {"Atk": 0.3472443558952739, "Def": 0.526981502707139}, "Ext": 0.2742688336275154}, "Vasco da Gama / RJ": {"Home": {"Atk": 0.1922641691652165, "Def": 0.6140223751181337}, "Away": {"Atk": 0.12613237117350024, "Def": 0.31306846430207647}, "Ext": 0.5089170499914799}, "Botafogo / RJ": {"Home": {"Atk": 0.4271378182332105, "Def": 0.4485154294883582}, "Away": {"Atk": 0.6259647842642937, "Def": 0.4673324997005669}, "Ext": 0.24559411675930298}, "Ava\u00ed / SC": {"Home": {"Atk": 0.7572729955790515, "Def": 0.42292642584376805}, "Away": {"Atk": 0.1081120588242806, "Def": 0.39623723331474825}, "Ext": 0.44168564151249967}, "Goi\u00e1s / GO": {"Home": {"Atk": 0.4921747206065574, "Def": 0.5267674409344038}, "Away": {"Atk": 0.1912410833536925, "Def": 0.6337816256874513}, "Ext": 0.23951369509329418}, "CSA / AL": {"Home": {"Atk": 0.44424116607464603, "Def": 0.47110221590563606}, "Away": {"Atk": 0.18669165810125682, "Def": 0.1748790484399659}, "Ext": 0.0}}