{"Oeste / SP": {"Atk": 1.0, "Def": 0.951418883282156, "Ext": 0.0}, "Boa / MG": {"Atk": 0.7713827042542287, "Def": 1.1487631235178708, "Ext": 0.1}, "Figueirense / SC": {"Atk": 1.669398584526334, "Def": 0.8375074499345634, "Ext": 0.0}, "Joinville / SC": {"Atk": 1.3905145495298372, "Def": 1.0990825949637069, "Ext": 0.02467090064867221}, "Icasa / CE": {"Atk": 1.3557998818458088, "Def": 0.85994889813894, "Ext": 0.0}, "ABC / RN": {"Atk": 1.1148395954259407, "Def": 0.8454514824921092, "Ext": 0.0}, "Palmeiras / SP": {"Atk": 1.7633432111532505, "Def": 1.5557988912296807, "Ext": 0.1}, "S\u00e3o Caetano / SP": {"Atk": 1.2178098159329038, "Def": 0.8100594928649291, "Ext": 0.1}, "Guaratinguet\u00e1 / SP": {"Atk": 1.0675978746894947, "Def": 0.9426011093153687, "Ext": 0.002521714813889257}, "Paysandu / PA": {"Atk": 1.0164067432800044, "Def": 0.8718320380277325, "Ext": 0.07682864107886636}, "ASA / AL": {"Atk": 1.060783387544506, "Def": 0.6049623442410764, "Ext": 0.0}, "Am\u00e9rica / MG": {"Atk": 1.3931420574854918, "Def": 1.108290457821543, "Ext": 0.08937404999864695}, "Ava\u00ed / SC": {"Atk": 1.373063649981376, "Def": 1.0616690501935113, "Ext": 0.1}, "Chapecoense / SC": {"Atk": 1.7215155655859649, "Def": 1.3138866486331016, "Ext": 0.1}, "Cear\u00e1 / CE": {"Atk": 1.5096926830616337, "Def": 0.987653416592074, "Ext": 0.1}, "Am\u00e9rica / RN": {"Atk": 1.1377215786806407, "Def": 0.8832489840422528, "Ext": 0.0}, "Paran\u00e1 / PR": {"Atk": 1.3878154717200568, "Def": 1.4010493563050215, "Ext": 0.0}, "Atl\u00e9tico / GO": {"Atk": 1.0050634002358072, "Def": 0.9823846001364811, "Ext": 0.04116824183382795}, "Red Bull Bragantino / SP": {"Atk": 0.9779425647355405, "Def": 1.2117337809636557, "Ext": 0.0}, "Sport / PE": {"Atk": 1.6360526880464192, "Def": 0.8192140284412116, "Ext": 0.0}}