{"Palmeiras / SP": {"Home": {"Atk": 1.0, "Def": 0.673940995071228}, "Away": {"Atk": 0.8681139380511462, "Def": 0.6997081339380407}}, "Flamengo / RJ": {"Home": {"Atk": 0.7880156427443643, "Def": 0.6869779446932648}, "Away": {"Atk": 0.6323113382636292, "Def": 0.7085979118332114}}, "Atl\u00e9tico / MG": {"Home": {"Atk": 1.009923675827333, "Def": 0.5316048164608145}, "Away": {"Atk": 0.7454492063463424, "Def": 0.46702532350521786}}, "Coritiba / PR": {"Home": {"Atk": 0.8253883617115209, "Def": 0.5514050229998891}, "Away": {"Atk": 0.36033527026849493, "Def": 0.5499510309710862}}, "Botafogo / RJ": {"Home": {"Atk": 0.8262975456437309, "Def": 0.6381547913714257}, "Away": {"Atk": 0.5308075915177936, "Def": 0.5225916947071286}}, "Santa Cruz / PE": {"Home": {"Atk": 0.6279217980767685, "Def": 0.3731667628684211}, "Away": {"Atk": 0.6311156294959815, "Def": 0.35016794743498675}}, "Corinthians / SP": {"Home": {"Atk": 0.7785088587546863, "Def": 0.8939959507597933}, "Away": {"Atk": 0.6074010483090184, "Def": 0.5502118213420372}}, "Figueirense / SC": {"Home": {"Atk": 0.5761056500272481, "Def": 0.6000493929955864}, "Away": {"Atk": 0.37931797029442094, "Def": 0.453615696161023}}, "Am\u00e9rica / MG": {"Home": {"Atk": 0.2944048095656172, "Def": 0.525696010051899}, "Away": {"Atk": 0.35807594696056816, "Def": 0.37397020513941553}}, "Internacional / RS": {"Home": {"Atk": 0.5805165298158571, "Def": 0.6773096104718461}, "Away": {"Atk": 0.4759330710415959, "Def": 0.4815160157604068}}, "Vit\u00f3ria / BA": {"Home": {"Atk": 0.7086185067677131, "Def": 0.4353439846850098}, "Away": {"Atk": 0.5919316416761156, "Def": 0.48322471807381845}}, "Fluminense / RJ": {"Home": {"Atk": 0.7827825040625739, "Def": 0.46135504936955324}, "Away": {"Atk": 0.4874654774911985, "Def": 0.800834850416249}}, "Cruzeiro / MG": {"Home": {"Atk": 0.5924424584666479, "Def": 0.4304323838586117}, "Away": {"Atk": 0.6715238596808167, "Def": 0.5380888935260458}}, "Santos / SP": {"Home": {"Atk": 0.9535234086778955, "Def": 0.9505492510767787}, "Away": {"Atk": 0.7125716261603637, "Def": 0.5750449819096898}}, "Athletico Paranaense / PR": {"Home": {"Atk": 0.7286976554178193, "Def": 1.5198843537606093}, "Away": {"Atk": 0.3051286747957296, "Def": 0.5511705326934417}}, "Chapecoense / SC": {"Home": {"Atk": 0.728798730522397, "Def": 0.40018853951396954}, "Away": {"Atk": 0.7582480337034522, "Def": 0.3844539591078175}}, "S\u00e3o Paulo / SP": {"Home": {"Atk": 0.5781781866248591, "Def": 0.6870477382130168}, "Away": {"Atk": 0.488275732335031, "Def": 0.6450954481148637}}, "Gr\u00eamio / RS": {"Home": {"Atk": 0.6510421061564154, "Def": 1.2492556647988775}, "Away": {"Atk": 0.6124156297547655, "Def": 0.4605346028800058}}, "Ponte Preta / SP": {"Home": {"Atk": 0.8790332845004664, "Def": 0.5639640090805161}, "Away": {"Atk": 0.5039103538755814, "Def": 0.3809075195879155}}, "Sport / PE": {"Home": {"Atk": 0.9574608870819237, "Def": 0.4364548288092478}, "Away": {"Atk": 0.3672922681260824, "Def": 0.41616048073032696}}}