{"Red Bull Bragantino / SP": {"Atk": 1.0, "Def": 0.7026690396753565, "Ext": 0.0}, "Ponte Preta / SP": {"Atk": 0.9229925468374269, "Def": 1.4134739927001283, "Ext": 0.2930002769935452}, "Vasco da Gama / RJ": {"Atk": 1.2664885931654242, "Def": 1.2039043917907195, "Ext": 0.0}, "Santa Cruz / PE": {"Atk": 0.8256455482285628, "Def": 1.663916742735552, "Ext": 0.377953039372918}, "Sampaio Corr\u00eaa / MA": {"Atk": 1.1134044601820319, "Def": 1.288829805247378, "Ext": 0.1843176674222013}, "Cear\u00e1 / CE": {"Atk": 1.6588093527992398, "Def": 0.7076139168853874, "Ext": 0.0}, "Vila Nova / GO": {"Atk": 0.5286297524615635, "Def": 0.7007281379754469, "Ext": 0.0}, "Am\u00e9rica / RN": {"Atk": 1.1585301035253972, "Def": 0.7618647862364375, "Ext": 0.009578791637241077}, "Boa / MG": {"Atk": 1.3013299068681123, "Def": 0.8965387195244796, "Ext": 0.0}, "Oeste / SP": {"Atk": 0.573589203270579, "Def": 1.1008978778204364, "Ext": 0.36072267459033536}, "Portuguesa / SP": {"Atk": 0.572493675494199, "Def": 0.8791335481725023, "Ext": 0.31578963881188105}, "Paran\u00e1 / PR": {"Atk": 0.8256291469402467, "Def": 1.162567131585504, "Ext": 0.19992534826524452}, "N\u00e1utico / PE": {"Atk": 0.975194998067124, "Def": 0.920998903135034, "Ext": 0.0}, "Luverdense / MT": {"Atk": 1.1088029448634054, "Def": 0.8716207039741641, "Ext": 0.0}, "Icasa / CE": {"Atk": 0.6814612502620127, "Def": 0.9060701718560583, "Ext": 0.0}, "Ava\u00ed / SC": {"Atk": 1.233412652974825, "Def": 1.3696837660015606, "Ext": 0.0}, "Atl\u00e9tico / GO": {"Atk": 1.2704685142394545, "Def": 0.746586422906025, "Ext": 0.0}, "ABC / RN": {"Atk": 0.7339902533734742, "Def": 1.2727209631012915, "Ext": 0.0}, "Am\u00e9rica / MG": {"Atk": 1.3121603884992636, "Def": 0.8841969196431079, "Ext": 0.0}, "Joinville / SC": {"Atk": 1.1060995922949286, "Def": 1.13566587771036, "Ext": 0.09104317426112299}}