{"Flamengo / RJ": {"Atk": 1.0, "Def": 0.8459828301158822, "Home bonus": 0.12125615309495158, "Ext": 0.0}, "Fluminense / RJ": {"Atk": 1.0883666899424582, "Def": 1.4366275975402634, "Home bonus": 0.925881940439469, "Ext": 0.0}, "S\u00e3o Paulo / SP": {"Atk": 1.3985054311768494, "Def": 1.407910124471138, "Home bonus": 0.20267968708426695, "Ext": 0.3395168902312757}, "Santos / SP": {"Atk": 0.9967562249458933, "Def": 1.408710739352967, "Home bonus": 0.5871763281941138, "Ext": 0.0}, "Athletico Paranaense / PR": {"Atk": 1.0521734316569342, "Def": 0.7908020735652845, "Home bonus": 0.44365542384021805, "Ext": 0.0}, "Atl\u00e9tico / MG": {"Atk": 1.3962185150828088, "Def": 1.4199959209231932, "Home bonus": 0.0, "Ext": 0.22317514998546106}, "Bahia / BA": {"Atk": 0.8748145860736526, "Def": 1.207370979199655, "Home bonus": 0.0, "Ext": 0.0}, "Internacional / RS": {"Atk": 0.7047648933152373, "Def": 1.373162162594351, "Home bonus": 1.2715491119989262, "Ext": 0.0}, "Crici\u00fama / SC": {"Atk": 0.0, "Def": 1.4398756133010135, "Home bonus": 0.5810083932697516, "Ext": 0.1915710174618333}, "Chapecoense / SC": {"Atk": 0.5328070004659821, "Def": 1.6787843188848877, "Home bonus": 0.3569651654793582, "Ext": 0.11978378015664308}, "Botafogo / RJ": {"Atk": 0.23520779836767866, "Def": 0.8179718132979394, "Home bonus": 1.391182817345161, "Ext": 0.0}, "Sport / PE": {"Atk": 0.47887637615224454, "Def": 0.9293297704412476, "Home bonus": 0.74492874162894, "Ext": 0.0}, "Corinthians / SP": {"Atk": 0.4722304305560494, "Def": 3.072262130073094, "Home bonus": 0.7594384968974391, "Ext": 0.26018626594456407}, "Palmeiras / SP": {"Atk": 0.7476949832616872, "Def": 0.657249703608314, "Home bonus": 0.3040569592117915, "Ext": 0.0}, "Coritiba / PR": {"Atk": 0.2868687017135995, "Def": 1.9000424936758589, "Home bonus": 0.7185224301904708, "Ext": 0.26475585861883455}, "Cruzeiro / MG": {"Atk": 1.3872609419174553, "Def": 1.561873535177441, "Home bonus": 0.9599869251663662, "Ext": 0.2055842580045033}, "Vit\u00f3ria / BA": {"Atk": 0.5869430282447218, "Def": 0.8262437711847781, "Home bonus": 0.6143276949594246, "Ext": 0.07391875626988399}, "Gr\u00eamio / RS": {"Atk": 0.433628303730903, "Def": 7.5305625212178, "Home bonus": 0.4643668693472901, "Ext": 0.10507146089552508}, "Figueirense / SC": {"Atk": 1.1053109126834573, "Def": 0.6843189605762147, "Home bonus": 0.0, "Ext": 0.0}, "Goi\u00e1s / GO": {"Atk": 0.2488338258745959, "Def": 1.3450538897658884, "Home bonus": 1.2261904692120662, "Ext": 0.0}}