{"Guarani / SP": {"Atk": 1.0, "Def": 0.8961447180448299, "Ext": 0.059382506852233556}, "Vila Nova / GO": {"Atk": 0.9841349397878512, "Def": 2.6431127996687818, "Ext": 0.00248467215066198}, "Crici\u00fama / SC": {"Atk": 0.8030209730340618, "Def": 1.1872468500432984, "Ext": 0.0}, "Ituano / SP": {"Atk": 0.773210757307355, "Def": 0.5870247853157667, "Ext": 0.0}, "Mirassol / SP": {"Atk": 0.8067551370073849, "Def": 0.7794056214696037, "Ext": 0.0}, "Vit\u00f3ria / BA": {"Atk": 1.054259719877775, "Def": 0.8277635861979535, "Ext": 0.0}, "Sampaio Corr\u00eaa / MA": {"Atk": 0.5908072318022752, "Def": 0.6182288525342684, "Ext": 0.1}, "Juventude / RS": {"Atk": 0.8528705740984832, "Def": 0.6660912826329638, "Ext": 0.0}, "Londrina / PR": {"Atk": 0.59455529691455, "Def": 0.455581355535603, "Ext": 0.0}, "CRB / AL": {"Atk": 0.7865472665697568, "Def": 0.7014258973035843, "Ext": 0.0}, "Ponte Preta / SP": {"Atk": 0.3844962199660231, "Def": 0.8473438852925441, "Ext": 0.0}, "Atl\u00e9tico / GO": {"Atk": 0.7485785615624957, "Def": 0.45072343931183584, "Ext": 0.0}, "Ava\u00ed / SC": {"Atk": 0.4719027927434236, "Def": 0.5535140670175519, "Ext": 0.1}, "Botafogo / SP": {"Atk": 0.5532961153906664, "Def": 0.6131899962865319, "Ext": 0.0}, "Novorizontino / SP": {"Atk": 0.8271605696448306, "Def": 1.7868249014141582, "Ext": 0.1}, "Sport / PE": {"Atk": 1.1506638507934597, "Def": 0.8975223235239894, "Ext": 0.0}, "Cear\u00e1 / CE": {"Atk": 0.7375796209208301, "Def": 0.5681029562096087, "Ext": 0.0}, "Chapecoense / SC": {"Atk": 0.8058814160793634, "Def": 0.5853028422885818, "Ext": 0.0}, "Tombense / MG": {"Atk": 0.5440882741548234, "Def": 0.5771471870495006, "Ext": 0.0}, "ABC / RN": {"Atk": 0.4264153485669626, "Def": 0.4516412586146775, "Ext": 0.1}}