{"Flamengo / RJ": {"Home": {"Atk": 1.0, "Def": 0.6814265076222117}, "Away": {"Atk": 1.1906820524257438, "Def": 0.6831701300756737}, "Ext": 0.0}, "Corinthians / SP": {"Home": {"Atk": 0.7961072541895087, "Def": 0.5652747983225822}, "Away": {"Atk": 0.4325963541170723, "Def": 0.8215595330352187}, "Ext": 0.1}, "S\u00e3o Paulo / SP": {"Home": {"Atk": 0.43657886585190137, "Def": 0.7087794323368228}, "Away": {"Atk": 0.4254325983613115, "Def": 0.6437273406242348}, "Ext": 0.1}, "Atl\u00e9tico Mineiro / MG": {"Home": {"Atk": 1.218376422208118, "Def": 1.0084820097134297}, "Away": {"Atk": 0.6665149127807178, "Def": 0.7592551402369687}, "Ext": 0.1}, "Internacional / RS": {"Home": {"Atk": 0.8970040191008601, "Def": 0.5065300685547747}, "Away": {"Atk": 0.5111482888624216, "Def": 0.6494612497691326}, "Ext": 0.1}, "Cear\u00e1 / CE": {"Home": {"Atk": 0.723630114681584, "Def": 0.7380963038634932}, "Away": {"Atk": 0.4687348183080144, "Def": 0.5552625350774293}, "Ext": 0.1}, "Bahia / BA": {"Home": {"Atk": 0.7718406942778777, "Def": 0.4604554639035088}, "Away": {"Atk": 0.4453366216238755, "Def": 0.4789302640140769}, "Ext": 0.1}, "Athletico Paranaense / PR": {"Home": {"Atk": 0.7150899085270369, "Def": 0.43303444149629466}, "Away": {"Atk": 0.5710468796981868, "Def": 0.5549869918009603}, "Ext": 0.0}, "Chapecoense / SC": {"Home": {"Atk": 0.4422322750031993, "Def": 0.3272934034298903}, "Away": {"Atk": 0.469090442312708, "Def": 0.42939576593387035}, "Ext": 0.1}, "Cuiab\u00e1 / MT": {"Home": {"Atk": 0.49559478109140875, "Def": 0.5326691663499964}, "Away": {"Atk": 0.4557462270192939, "Def": 0.8636966878008075}, "Ext": 0.1}, "Fluminense / RJ": {"Home": {"Atk": 0.6985172731748723, "Def": 0.6894346056467653}, "Away": {"Atk": 0.41266356601642123, "Def": 0.5906566501195861}, "Ext": 0.1}, "Palmeiras / SP": {"Home": {"Atk": 0.9985893155797771, "Def": 0.37072210136224537}, "Away": {"Atk": 0.7764022541520871, "Def": 0.7511373487025519}, "Ext": 0.0}, "Santos / SP": {"Home": {"Atk": 0.6156210467371628, "Def": 0.7327029353797265}, "Away": {"Atk": 0.39212661130721893, "Def": 0.46585037342973223}, "Ext": 0.0}, "Am\u00e9rica / MG": {"Home": {"Atk": 0.5914289539963364, "Def": 0.8436832658712056}, "Away": {"Atk": 0.5876560753988093, "Def": 0.4933214048903593}, "Ext": 0.05799806857446866}, "Gr\u00eamio / RS": {"Home": {"Atk": 0.7375638426152185, "Def": 0.5265307742379923}, "Away": {"Atk": 0.43449575930512974, "Def": 0.4634350060804429}, "Ext": 0.1}, "Fortaleza / CE": {"Home": {"Atk": 0.8054582689375741, "Def": 0.5212060418436898}, "Away": {"Atk": 0.6028205556206676, "Def": 0.5389293866288566}, "Ext": 0.0}, "Sport / PE": {"Home": {"Atk": 0.35984050295634357, "Def": 0.8056455646078603}, "Away": {"Atk": 0.34230122030036175, "Def": 0.5940895440560439}, "Ext": 0.1}, "Red Bull Bragantino / SP": {"Home": {"Atk": 0.8714624243554584, "Def": 0.4746149374182297}, "Away": {"Atk": 0.7903160189416009, "Def": 0.5463862758756649}, "Ext": 0.0}, "Juventude / RS": {"Home": {"Atk": 0.5835009969384383, "Def": 0.6129324436782746}, "Away": {"Atk": 0.522120601250866, "Def": 0.5012430690726986}, "Ext": 0.1}, "Atl\u00e9tico / GO": {"Home": {"Atk": 0.4510246303416053, "Def": 0.7078564781325886}, "Away": {"Atk": 0.4468372565377427, "Def": 0.5948678633969551}, "Ext": 0.0}}