{"Cruzeiro / MG": {"Atk": 1.0, "Def": 1.6202792260578094, "Ext": 0.0}, "Athletico Paranaense / PR": {"Atk": 1.4021650797590262, "Def": 1.3225250100740336, "Ext": 0.0}, "Am\u00e9rica / MG": {"Atk": 1.1319333710651824, "Def": 1.0772385784528715, "Ext": 0.1}, "Vit\u00f3ria / BA": {"Atk": 1.2147273910765832, "Def": 0.7468090034815688, "Ext": 0.1}, "Vasco da Gama / RJ": {"Atk": 1.3859878194552808, "Def": 0.8941004187062029, "Ext": 0.0}, "Botafogo / RJ": {"Atk": 1.107628387653899, "Def": 0.9373009352305353, "Ext": 0.005725850225631019}, "S\u00e3o Paulo / SP": {"Atk": 1.8536434701531064, "Def": 1.495061438321094, "Ext": 0.1}, "Santos / SP": {"Atk": 1.4223724849490345, "Def": 1.1597860933067357, "Ext": 0.1}, "Corinthians / SP": {"Atk": 1.238897841207393, "Def": 1.5757548359031235, "Ext": 8.520570699920413e-05}, "Internacional / RS": {"Atk": 1.4709494307675086, "Def": 2.3422722022720963, "Ext": 0.1}, "Atl\u00e9tico / MG": {"Atk": 1.934624331080299, "Def": 1.0090937287679966, "Ext": 0.1}, "Paran\u00e1 / PR": {"Atk": 0.5387994223363863, "Def": 1.0583888184969446, "Ext": 0.0}, "Chapecoense / SC": {"Atk": 1.2735008203107345, "Def": 0.91717032285772, "Ext": 0.03440346227076474}, "Bahia / BA": {"Atk": 1.2356114787371628, "Def": 1.048212144738993, "Ext": 0.0}, "Fluminense / RJ": {"Atk": 1.2163038823490844, "Def": 1.0687893566584628, "Ext": 0.0}, "Flamengo / RJ": {"Atk": 1.6544854248110523, "Def": 1.5113851131469909, "Ext": 0.0}, "Cear\u00e1 / CE": {"Atk": 0.6998256461459987, "Def": 1.2688941318549498, "Ext": 0.09496769981994167}, "Sport / PE": {"Atk": 1.0637760632702338, "Def": 0.805691150918315, "Ext": 0.0}, "Palmeiras / SP": {"Atk": 1.7308708827669863, "Def": 1.7806422812708258, "Ext": 0.0}, "Gr\u00eamio / RS": {"Atk": 1.5308738342742383, "Def": 2.6135215312783524, "Ext": 0.0}}