{"Guarani / SP": {"Atk": 1.0, "Def": 2.0362864451814033, "Home bonus": 0.3954207023888642, "Ext": 0.1}, "Botafogo / SP": {"Atk": 1.7475477906112338, "Def": 1.880397482501316, "Home bonus": 0.0, "Ext": 0.1}, "S\u00e3o Bento / SP": {"Atk": 1.9995865587657082, "Def": 1.2398560126975866, "Home bonus": 0.0933821110451729, "Ext": 0.1}, "Vila Nova / GO": {"Atk": 1.2308177839545889, "Def": 1.7047975784382443, "Home bonus": 0.0, "Ext": 0.0}, "Coritiba / PR": {"Atk": 2.0981832487390815, "Def": 2.0655240926370397, "Home bonus": 0.1667201608672782, "Ext": 0.1}, "Oper\u00e1rio / PR": {"Atk": 0.995678532718141, "Def": 1.9080502822373813, "Home bonus": 0.5840405665414423, "Ext": 0.1}, "Crici\u00fama / SC": {"Atk": 0.9321840977507667, "Def": 1.902832725860359, "Home bonus": 0.4857099173601804, "Ext": 0.1}, "Brasil / RS": {"Atk": 1.4673735308892382, "Def": 1.637054143084036, "Home bonus": 0.0, "Ext": 0.016044253274577574}, "Sport / PE": {"Atk": 1.9644396450606154, "Def": 2.6225071253812726, "Home bonus": 0.3336423621936771, "Ext": 0.1}, "CRB / AL": {"Atk": 2.2369931107055243, "Def": 1.5538335461850104, "Home bonus": 0.001156163374136959, "Ext": 0.0}, "Ponte Preta / SP": {"Atk": 1.277544353571483, "Def": 1.7443192380262202, "Home bonus": 0.5702204005841316, "Ext": 0.1}, "Red Bull Bragantino / SP": {"Atk": 2.3680104278286334, "Def": 2.489846764920676, "Home bonus": 0.8134493863131869, "Ext": 0.0}, "Oeste / SP": {"Atk": 2.0080677898174697, "Def": 1.4695871975954797, "Home bonus": 0.0, "Ext": 0.1}, "Atl\u00e9tico / GO": {"Atk": 1.747894825060763, "Def": 2.615289501381956, "Home bonus": 0.3728955568873696, "Ext": 0.1}, "Paran\u00e1 / PR": {"Atk": 1.4813594967187436, "Def": 2.81623041763335, "Home bonus": 0.0, "Ext": 0.024285244491472884}, "Londrina / PR": {"Atk": 1.413152977995976, "Def": 1.3758919347949503, "Home bonus": 0.31363974778276793, "Ext": 0.1}, "Figueirense / SC": {"Atk": 1.4706240734255083, "Def": 1.8731465058381909, "Home bonus": 0.061612615548071153, "Ext": 0.1}, "Am\u00e9rica / MG": {"Atk": 1.9398706166397393, "Def": 1.929213649010318, "Home bonus": 0.06083952000439378, "Ext": 0.1}, "Vit\u00f3ria / BA": {"Atk": 1.7538278798542901, "Def": 1.4574056588725492, "Home bonus": 0.2292230537455552, "Ext": 0.0}, "Cuiab\u00e1 / MT": {"Atk": 1.3491198065180634, "Def": 1.7179980051978088, "Home bonus": 0.745649743907513, "Ext": 0.0}}