{"Palmeiras / SP": {"Home": {"Atk": 1.0, "Def": 0.3462632003218985}, "Away": {"Atk": 0.6994585796542856, "Def": 0.6039219129259519}, "Ext": 0.09931302224721926}, "Chapecoense / SC": {"Home": {"Atk": 0.6386025882659079, "Def": 0.5555951806271239}, "Away": {"Atk": 0.17979697777972903, "Def": 0.8105299852663642}, "Ext": 0.15063825623286284}, "Fluminense / RJ": {"Home": {"Atk": 0.6796697555549526, "Def": 0.47250831811431376}, "Away": {"Atk": 0.3644442560457855, "Def": 0.5484933860545868}, "Ext": 0.04754352455746716}, "S\u00e3o Paulo / SP": {"Home": {"Atk": 1.050343689264834, "Def": 0.5488425978193259}, "Away": {"Atk": 0.44894188821919395, "Def": 0.5309095532979701}, "Ext": 0.0}, "Cruzeiro / MG": {"Home": {"Atk": 0.8365873152896379, "Def": 0.6676389723671646}, "Away": {"Atk": 0.4294999244757889, "Def": 0.6425929121528572}, "Ext": 0.0}, "Athletico Paranaense / PR": {"Home": {"Atk": 0.881142376247679, "Def": 0.3605527010490865}, "Away": {"Atk": 0.3169969008977511, "Def": 0.5866498458169961}, "Ext": 0.0}, "Sport / PE": {"Home": {"Atk": 0.8797501082961795, "Def": 2.0280753255700232}, "Away": {"Atk": 0.22743320583465096, "Def": 0.7788590707376895}, "Ext": 0.39440845224615334}, "Vasco da Gama / RJ": {"Home": {"Atk": 0.35937686928125506, "Def": 0.32909865159511636}, "Away": {"Atk": 0.369971362800855, "Def": 0.49741536213033766}, "Ext": 0.0}, "Gr\u00eamio / RS": {"Home": {"Atk": 0.909284381107556, "Def": 0.7861417628096135}, "Away": {"Atk": 0.33662135678313126, "Def": 1.049958030115238}, "Ext": 0.17818096914260725}, "Ava\u00ed / SC": {"Home": {"Atk": 0.7814390923493373, "Def": 0.28992359910559307}, "Away": {"Atk": 0.23591395206641166, "Def": 0.48161189655840436}, "Ext": 0.0}, "Coritiba / PR": {"Home": {"Atk": 0.49369341760980284, "Def": 0.4930377490656515}, "Away": {"Atk": 0.3894534618621482, "Def": 0.5252759642228484}, "Ext": 0.0}, "Goi\u00e1s / GO": {"Home": {"Atk": 0.7067955938608766, "Def": 0.4767655506150156}, "Away": {"Atk": 0.32177277108031255, "Def": 0.4900326721248604}, "Ext": 0.0}, "Corinthians / SP": {"Home": {"Atk": 1.1126771812098666, "Def": 1.0879592126457813}, "Away": {"Atk": 0.71981490440826, "Def": 0.8926766166029433}, "Ext": 0.05215860430199032}, "Flamengo / RJ": {"Home": {"Atk": 0.8513253830963307, "Def": 0.28605099860938493}, "Away": {"Atk": 0.483993525781815, "Def": 0.6132105624899553}, "Ext": 0.0}, "Santos / SP": {"Home": {"Atk": 1.1109621260580587, "Def": 1.3932945027750683}, "Away": {"Atk": 0.11417356681485615, "Def": 0.8832256880973842}, "Ext": 0.42147203669006117}, "Atl\u00e9tico / MG": {"Home": {"Atk": 1.049318339636418, "Def": 0.39546187635074753}, "Away": {"Atk": 0.7466071754290765, "Def": 0.5865752494845522}, "Ext": 0.0}, "Joinville / SC": {"Home": {"Atk": 0.6187334930849631, "Def": 0.5502554148199772}, "Away": {"Atk": 0.13703267877231987, "Def": 0.5591839374883923}, "Ext": 0.0}, "Ponte Preta / SP": {"Home": {"Atk": 0.6473474426809159, "Def": 0.6060053965709834}, "Away": {"Atk": 0.46030802511560237, "Def": 0.7071714225827301}, "Ext": 0.05543033893615376}, "Internacional / RS": {"Home": {"Atk": 0.851144856621587, "Def": 0.8146667147628497}, "Away": {"Atk": 0.24554410572398386, "Def": 0.536483137804255}, "Ext": 0.0}, "Figueirense / SC": {"Home": {"Atk": 0.5425225023867977, "Def": 0.44439157103180915}, "Away": {"Atk": 0.3679557467941736, "Def": 0.5301553508387307}, "Ext": 0.07014472883857807}}