{"Guarani / SP": {"Atk": 1.0, "Def": 1.0835375708744437}, "Vila Nova / GO": {"Atk": 1.0528363040064268, "Def": 5.348672586298814}, "Crici\u00fama / SC": {"Atk": 0.8166195001201706, "Def": 1.893223322084004}, "Ituano / SP": {"Atk": 0.8218185421218206, "Def": 0.8143936986026347}, "Mirassol / SP": {"Atk": 0.7628478827568745, "Def": 1.4683232951057354}, "Vit\u00f3ria / BA": {"Atk": 1.2595290917200537, "Def": 1.2244484517036802}, "Sampaio Corr\u00eaa / MA": {"Atk": 0.5491437469903474, "Def": 0.7263258869202003}, "Juventude / RS": {"Atk": 1.0717074092607304, "Def": 0.8920858983747711}, "Londrina / PR": {"Atk": 0.6227026188618418, "Def": 0.5107934270274318}, "CRB / AL": {"Atk": 0.7947601467681539, "Def": 1.0419142741822895}, "Ponte Preta / SP": {"Atk": 0.2261034790185453, "Def": 1.0306313720219256}, "Atl\u00e9tico / GO": {"Atk": 0.8704478423136709, "Def": 0.5411230550042769}, "Ava\u00ed / SC": {"Atk": 0.675085339059313, "Def": 0.5738457136563637}, "Botafogo / SP": {"Atk": 0.5707161495339449, "Def": 0.8081771037134867}, "Novorizontino / SP": {"Atk": 0.9897109169772123, "Def": 4.62104407174554}, "Sport / PE": {"Atk": 1.2283638846534892, "Def": 1.070082909859616}, "Cear\u00e1 / CE": {"Atk": 0.9869541132814923, "Def": 0.6141564933809347}, "Chapecoense / SC": {"Atk": 0.8695141078082324, "Def": 0.6587036873123766}, "Tombense / MG": {"Atk": 0.4946426962147042, "Def": 0.7280527501536566}, "ABC / RN": {"Atk": 0.3001060159839194, "Def": 0.5439436598236959}, "Home bonus": 0.3283904460899406}