{"Palmeiras / SP": {"Atk": 1.0, "Def": 0.5864790295014043, "Ext": 0.5224007548903601}, "Flamengo / RJ": {"Atk": 0.3997513499651183, "Def": 0.9354559209427573, "Ext": 0.5404023808507212}, "Atl\u00e9tico / MG": {"Atk": 0.4904107434084628, "Def": 0.6242771526010727, "Ext": 0.6145555940012788}, "Coritiba / PR": {"Atk": 0.4500527627263469, "Def": 0.5658760879482124, "Ext": 0.7208732121005971}, "Botafogo / RJ": {"Atk": 0.5152011532219832, "Def": 0.5838094669060075, "Ext": 0.3457529782514466}, "Santa Cruz / PE": {"Atk": 0.43255703096193815, "Def": 0.4495607907784143, "Ext": 0.4901323217209755}, "Corinthians / SP": {"Atk": 0.6359298728584055, "Def": 0.8125709546154517, "Ext": 0.03659520479981547}, "Figueirense / SC": {"Atk": 0.5281301803260938, "Def": 0.8024330211436236, "Ext": 0.183801587879901}, "Am\u00e9rica / MG": {"Atk": 0.27481574413123155, "Def": 0.5343241497726144, "Ext": 0.47932655992796347}, "Internacional / RS": {"Atk": 0.5026383809424444, "Def": 0.6170546179778779, "Ext": 0.7509819449441085}, "Vit\u00f3ria / BA": {"Atk": 0.5290666118651856, "Def": 0.7693437124067695, "Ext": 0.11987659784145835}, "Fluminense / RJ": {"Atk": 0.7024544978646237, "Def": 0.6083710422233474, "Ext": 0.23567483861364238}, "Cruzeiro / MG": {"Atk": 0.3332194161673123, "Def": 0.4543080129512477, "Ext": 0.4946468953090418}, "Santos / SP": {"Atk": 0.6447847030210488, "Def": 1.0820254894028691, "Ext": 0.5195802090662475}, "Athletico Paranaense / PR": {"Atk": 0.4109999145905507, "Def": 0.8185586540016535, "Ext": 0.24955050678052348}, "Chapecoense / SC": {"Atk": 0.38166271140339497, "Def": 0.5238788630506463, "Ext": 0.7249395892953888}, "S\u00e3o Paulo / SP": {"Atk": 0.6458276638197838, "Def": 0.9287560675677208, "Ext": 0.4901076327830949}, "Gr\u00eamio / RS": {"Atk": 0.4122003384081481, "Def": 0.5622563693532314, "Ext": 0.8098567236319497}, "Ponte Preta / SP": {"Atk": 0.6911921345818738, "Def": 0.6796614503748889, "Ext": 0.7053079272978158}, "Sport / PE": {"Atk": 0.38218124518279123, "Def": 0.6918112193325804, "Ext": 0.4286230756250356}}