{"Oeste / SP": {"Home": {"Atk": 1.0, "Def": 0.548296638328584}, "Away": {"Atk": 0.5410424594063066, "Def": 0.6988799355858655}, "Ext": 0.0}, "Boa / MG": {"Home": {"Atk": 0.5859989351919006, "Def": 0.7982851990214046}, "Away": {"Atk": 0.43581464581641255, "Def": 1.2118345075203634}, "Ext": 0.17380184936119888}, "Figueirense / SC": {"Home": {"Atk": 1.8363147230257972, "Def": 0.5173946813061862}, "Away": {"Atk": 0.6889618265511683, "Def": 0.7460916598731092}, "Ext": 0.0}, "Joinville / SC": {"Home": {"Atk": 1.194436154526955, "Def": 0.7422186942137492}, "Away": {"Atk": 0.56731614201895, "Def": 2.6910744348378897}, "Ext": 0.3537642070086849}, "Icasa / CE": {"Home": {"Atk": 1.4977059508656396, "Def": 0.34749585440426256}, "Away": {"Atk": 0.637606461708784, "Def": 0.7463566781426249}, "Ext": 0.0}, "ABC / RN": {"Home": {"Atk": 1.1767539219973595, "Def": 0.8172822122671146}, "Away": {"Atk": 0.0, "Def": 0.6333114433816857}, "Ext": 0.31281162286039144}, "Palmeiras / SP": {"Home": {"Atk": 1.6154852098640882, "Def": 1.514709015037631}, "Away": {"Atk": 0.9314575677823862, "Def": 1.3844142425333186}, "Ext": 0.09301329213173577}, "S\u00e3o Caetano / SP": {"Home": {"Atk": 0.6967599097943729, "Def": 0.9811088388695448}, "Away": {"Atk": 0.5316938687280544, "Def": 0.7463324956785569}, "Ext": 0.27273319983345506}, "Guaratinguet\u00e1 / SP": {"Home": {"Atk": 1.1908724408527969, "Def": 0.7841586381947776}, "Away": {"Atk": 0.2536775143395429, "Def": 0.6963133006272779}, "Ext": 0.0}, "Paysandu / PA": {"Home": {"Atk": 0.8190426771282312, "Def": 0.9567778837871083}, "Away": {"Atk": 0.0, "Def": 0.9244745134564164}, "Ext": 0.4936934063487383}, "ASA / AL": {"Home": {"Atk": 1.2805139641404955, "Def": 0.4296954599370409}, "Away": {"Atk": 0.44846564769186203, "Def": 0.5385966063673292}, "Ext": 0.0}, "Am\u00e9rica / MG": {"Home": {"Atk": 1.6074312517414944, "Def": 0.3651707954740681}, "Away": {"Atk": 0.5798256479184328, "Def": 1.2577884945917246}, "Ext": 0.0}, "Ava\u00ed / SC": {"Home": {"Atk": 1.4607362398881467, "Def": 0.35938206561223485}, "Away": {"Atk": 0.8852168708769423, "Def": 0.8544409527640007}, "Ext": 0.0}, "Chapecoense / SC": {"Home": {"Atk": 1.7576723533736156, "Def": 0.7131413730778348}, "Away": {"Atk": 0.7376259947064855, "Def": 1.5726913109359422}, "Ext": 0.055266494457865606}, "Cear\u00e1 / CE": {"Home": {"Atk": 1.6986841094044676, "Def": 0.5477879827553722}, "Away": {"Atk": 0.42062313709825927, "Def": 0.8257026219357142}, "Ext": 0.0}, "Am\u00e9rica / RN": {"Home": {"Atk": 1.037762591416873, "Def": 0.5112425671175882}, "Away": {"Atk": 0.490161569237764, "Def": 0.6989312261824995}, "Ext": 0.0}, "Paran\u00e1 / PR": {"Home": {"Atk": 1.3277459314303512, "Def": 2.072797729831039}, "Away": {"Atk": 0.6809733491825232, "Def": 1.1728189967585076}, "Ext": 0.0}, "Atl\u00e9tico / GO": {"Home": {"Atk": 1.092044284393192, "Def": 0.41748198196628794}, "Away": {"Atk": 0.24695649560034122, "Def": 1.1717007875095553}, "Ext": 0.0}, "Red Bull Bragantino / SP": {"Home": {"Atk": 0.7590918298608492, "Def": 1.337516246340293}, "Away": {"Atk": 0.5181024702195274, "Def": 0.8910407058178841}, "Ext": 0.0}, "Sport / PE": {"Home": {"Atk": 0.9237612418067735, "Def": 0.8258976374514193}, "Away": {"Atk": 0.9761819850359373, "Def": 0.625360747388401}, "Ext": 0.20727673445356548}}