{"ABC / RN": {"Atk": 1.0, "Def": 1.0252089474657895, "Ext": 0.1}, "N\u00e1utico / PE": {"Atk": 0.8649174806535884, "Def": 0.8893293113094409, "Ext": 0.1}, "Crici\u00fama / SC": {"Atk": 1.1300021142878958, "Def": 1.6262800678958325, "Ext": 0.1}, "Goi\u00e1s / GO": {"Atk": 1.3141962469758628, "Def": 1.0835949253825161, "Ext": 0.0}, "Guarani / SP": {"Atk": 1.4028575326606192, "Def": 2.037766969229555, "Ext": 0.1}, "Juventude / RS": {"Atk": 1.658498241350017, "Def": 2.345038974649296, "Ext": 0.0}, "Londrina / PR": {"Atk": 2.064765861057037, "Def": 0.9924496491966275, "Ext": 0.0}, "Boa / MG": {"Atk": 1.0876910757029299, "Def": 1.35798498605796, "Ext": 0.1}, "Paysandu / PA": {"Atk": 1.1265161493178457, "Def": 2.075679780833304, "Ext": 0.0}, "CRB / AL": {"Atk": 1.0220019276258576, "Def": 1.6436398373642076, "Ext": 0.0}, "Cear\u00e1 / CE": {"Atk": 1.3666480170715163, "Def": 1.879318072756986, "Ext": 0.0}, "Santa Cruz / PE": {"Atk": 1.4165918460296854, "Def": 1.3969294236117464, "Ext": 0.0}, "Figueirense / SC": {"Atk": 1.4772561701331182, "Def": 0.9381487101844441, "Ext": 0.0}, "Vila Nova / GO": {"Atk": 1.6790600592346252, "Def": 1.5736250364971676, "Ext": 0.1}, "Oeste / SP": {"Atk": 1.0127886686810232, "Def": 2.0737533689409835, "Ext": 0.0}, "Brasil / RS": {"Atk": 1.3132811307634218, "Def": 1.0136585687487019, "Ext": 0.0}, "Paran\u00e1 / PR": {"Atk": 1.0443264872839209, "Def": 2.1132992572788822, "Ext": 0.1}, "Am\u00e9rica / MG": {"Atk": 1.4296582294041156, "Def": 2.7809566471657527, "Ext": 0.0}, "Luverdense / MT": {"Atk": 1.546541042446187, "Def": 1.135950095813569, "Ext": 0.0}, "Internacional / RS": {"Atk": 1.3959343032549245, "Def": 1.9308522801060437, "Ext": 0.0}, "Home bonus": 0.3383176482157449}