{"Flamengo / RJ": {"Atk": 1.0, "Def": 0.7304775876600731, "Ext": 0.09985298185321577}, "Botafogo / RJ": {"Atk": 1.0902386292111446, "Def": 2.9060769585371586, "Ext": 0.15816797806841573}, "Palmeiras / SP": {"Atk": 1.2139895828034044, "Def": 0.9868152350591592, "Ext": 0.0}, "Corinthians / SP": {"Atk": 0.6766090416373381, "Def": 0.7785026924295245, "Ext": 0.11002190811759828}, "Red Bull Bragantino / SP": {"Atk": 0.9800094228953097, "Def": 0.7839682948320186, "Ext": 0.0}, "Atl\u00e9tico Mineiro / MG": {"Atk": 0.7797059937810628, "Def": 0.9281476136712193, "Ext": 0.0}, "Gr\u00eamio / RS": {"Atk": 1.131185895779444, "Def": 0.6282463722658077, "Ext": 0.0}, "Athletico Paranaense / PR": {"Atk": 0.9985176652161383, "Def": 0.7105696273860798, "Ext": 0.06044614065403349}, "Fortaleza / CE": {"Atk": 0.821299619343591, "Def": 0.8218628074474248, "Ext": 0.0}, "Am\u00e9rica / MG": {"Atk": 0.82049957765133, "Def": 0.36855945945743374, "Ext": 0.0}, "Fluminense / RJ": {"Atk": 0.9652607490147569, "Def": 0.7770683828659942, "Ext": 0.0}, "Vasco da Gama / RJ": {"Atk": 0.39831575362624516, "Def": 0.6593303311860018, "Ext": 0.1740302526394535}, "S\u00e3o Paulo / SP": {"Atk": 0.6729699831143737, "Def": 1.0624843248733886, "Ext": 0.1297488512743544}, "Santos / SP": {"Atk": 0.524735955584708, "Def": 0.6130537090576033, "Ext": 0.2063596343101243}, "Goi\u00e1s / GO": {"Atk": 0.5577431261727185, "Def": 0.674504438947535, "Ext": 0.06802171285043397}, "Cruzeiro / MG": {"Atk": 0.6325920123882658, "Def": 0.9119646168176823, "Ext": 0.0}, "Internacional / RS": {"Atk": 0.46472827693142743, "Def": 0.8375280311545564, "Ext": 0.07922486232439997}, "Coritiba / PR": {"Atk": 0.6264413044305936, "Def": 0.4415172383410247, "Ext": 0.10270576548008734}, "Bahia / BA": {"Atk": 0.7600104106895677, "Def": 0.6328953261148731, "Ext": 0.0}, "Cuiab\u00e1 / MT": {"Atk": 0.710623273095958, "Def": 0.7121206507065729, "Ext": 0.0}}