{"Ponte Preta / SP": {"Atk": 1.0, "Def": 0.949258842841049}, "Oeste / SP": {"Atk": 0.8032189014017311, "Def": 0.7152480378058129}, "Brasil / RS": {"Atk": 0.7223116975679859, "Def": 0.84847337586262}, "Figueirense / SC": {"Atk": 1.0255721668295745, "Def": 0.7275423190051321}, "Fortaleza / CE": {"Atk": 1.2063861486842484, "Def": 1.1296428840668764}, "Vila Nova / GO": {"Atk": 0.6359465298084569, "Def": 1.3235608171157656}, "Atl\u00e9tico / GO": {"Atk": 1.225983033095526, "Def": 0.6376280360866593}, "CSA / AL": {"Atk": 1.0077729873040573, "Def": 0.9187553750793088}, "Londrina / PR": {"Atk": 0.7794650634621435, "Def": 0.7232872026504348}, "Sampaio Corr\u00eaa / MA": {"Atk": 0.6861342868777605, "Def": 0.6477236108494958}, "Guarani / SP": {"Atk": 1.1823930662586997, "Def": 0.6995722403232115}, "S\u00e3o Bento / SP": {"Atk": 0.8004416103762257, "Def": 0.8003554182478136}, "Juventude / RS": {"Atk": 0.6315071105072787, "Def": 0.9337777284608214}, "Ava\u00ed / SC": {"Atk": 1.109540644686798, "Def": 0.984881670912059}, "Crici\u00fama / SC": {"Atk": 0.7919069989364353, "Def": 0.7565089707808448}, "Goi\u00e1s / GO": {"Atk": 1.1039898028247395, "Def": 0.7079963335026511}, "Boa / MG": {"Atk": 0.6179051675763759, "Def": 0.6282411054493292}, "CRB / AL": {"Atk": 0.5743208987028561, "Def": 0.7975451192440581}, "Coritiba / PR": {"Atk": 0.8088208800801246, "Def": 0.8848353324322237}, "Paysandu / PA": {"Atk": 0.7651109461242703, "Def": 0.6604613016146809}}