{"Flamengo / RJ": {"Home": {"Atk": 1.0, "Def": 0.9382372682639424}, "Away": {"Atk": 0.5521114518769901, "Def": 0.5191967690851924}, "Ext": 0.11240493825107287}, "Botafogo / RJ": {"Home": {"Atk": 0.8774761329120153, "Def": 0.7864242728777995}, "Away": {"Atk": 0.6655705017079392, "Def": 0.6015339468053348}, "Ext": 0.0}, "Palmeiras / SP": {"Home": {"Atk": 0.5742976974454654, "Def": 0.5996506024341262}, "Away": {"Atk": 0.7162913116798421, "Def": 0.799434534961149}, "Ext": 0.1798823134153623}, "Corinthians / SP": {"Home": {"Atk": 0.6343938258694662, "Def": 0.4631640589087023}, "Away": {"Atk": 0.41385688233970475, "Def": 0.4430100069406403}, "Ext": 0.0}, "Red Bull Bragantino / SP": {"Home": {"Atk": 0.7166237621839389, "Def": 0.5750641914740823}, "Away": {"Atk": 0.23351273904845646, "Def": 0.6731348378738019}, "Ext": 0.37472836992964154}, "Atl\u00e9tico Mineiro / MG": {"Home": {"Atk": 0.7129752111578354, "Def": 0.7327565626386618}, "Away": {"Atk": 0.7950975489550133, "Def": 0.618647548767071}, "Ext": 0.0027253954413981613}, "Gr\u00eamio / RS": {"Home": {"Atk": 0.6206639981909793, "Def": 0.6615179480920829}, "Away": {"Atk": 0.7016853237513747, "Def": 0.4131943458620622}, "Ext": 0.6275076217860951}, "Athletico Paranaense / PR": {"Home": {"Atk": 0.5554758745025358, "Def": 0.7227596694755561}, "Away": {"Atk": 0.30298850612597494, "Def": 0.5281225557864526}, "Ext": 0.3757937319286791}, "Fortaleza / CE": {"Home": {"Atk": 0.5050402184271542, "Def": 1.0216018247372487}, "Away": {"Atk": 0.38675356768890734, "Def": 0.6350499966832864}, "Ext": 0.0}, "Am\u00e9rica / MG": {"Home": {"Atk": 0.6490986024078685, "Def": 0.2572369088664619}, "Away": {"Atk": 0.04712712801092232, "Def": 0.450276792788959}, "Ext": 0.607717508273459}, "Fluminense / RJ": {"Home": {"Atk": 0.5872380662287053, "Def": 0.946961534509577}, "Away": {"Atk": 0.41628410048737224, "Def": 0.5736585518552686}, "Ext": 0.22334714021514207}, "Vasco da Gama / RJ": {"Home": {"Atk": 0.3535829793268896, "Def": 0.5474566502713677}, "Away": {"Atk": 0.49212722059549596, "Def": 0.6021946573080081}, "Ext": 0.11080208511510062}, "S\u00e3o Paulo / SP": {"Home": {"Atk": 1.020530609028099, "Def": 0.6401902471647907}, "Away": {"Atk": 0.0, "Def": 0.99048483852037}, "Ext": 0.5341171790878475}, "Santos / SP": {"Home": {"Atk": 0.4360797505907757, "Def": 0.9326257373140674}, "Away": {"Atk": 0.4650670044450524, "Def": 0.43742521532793177}, "Ext": 0.14580326029663274}, "Goi\u00e1s / GO": {"Home": {"Atk": 0.2954485752885106, "Def": 0.4562793821127543}, "Away": {"Atk": 0.2403932841783185, "Def": 0.6966094708596663}, "Ext": 0.5926087031485276}, "Cruzeiro / MG": {"Home": {"Atk": 0.4337700104070973, "Def": 0.6015985867819266}, "Away": {"Atk": 0.595441822838039, "Def": 0.7558548947854988}, "Ext": 0.08615733331649868}, "Internacional / RS": {"Home": {"Atk": 0.8143199604308979, "Def": 0.6657065489681405}, "Away": {"Atk": 0.33260725511882444, "Def": 0.7250497290900076}, "Ext": 0.24479219548520445}, "Coritiba / PR": {"Home": {"Atk": 0.5185069002218778, "Def": 0.5340362994178242}, "Away": {"Atk": 0.16010765571126337, "Def": 0.38416449163063865}, "Ext": 0.5713602929499245}, "Bahia / BA": {"Home": {"Atk": 0.3272888454157497, "Def": 0.7832596363419567}, "Away": {"Atk": 0.09121723419984763, "Def": 0.5694322810960968}, "Ext": 0.4515030635926394}, "Cuiab\u00e1 / MT": {"Home": {"Atk": 0.37397555442780034, "Def": 0.48629187355626835}, "Away": {"Atk": 0.36524326313619465, "Def": 0.6971942269056199}, "Ext": 0.0}}