{"Fluminense / RJ": {"Atk": 1.0, "Def": 0.45371172857983366, "Home bonus": 0.0805869594757454, "Ext": 0.1}, "Flamengo / RJ": {"Atk": 0.8318485674236026, "Def": 1.0611313280210444, "Home bonus": 0.0, "Ext": 0.0}, "Palmeiras / SP": {"Atk": 0.7476047457292133, "Def": 1.1023794917256653, "Home bonus": 0.0, "Ext": 0.0}, "Corinthians / SP": {"Atk": 0.8823969847561456, "Def": 2.1940744824895164, "Home bonus": 0.4608683654865961, "Ext": 0.1}, "Cruzeiro / MG": {"Atk": 0.4741127634267253, "Def": 1.0036410772816688, "Home bonus": 1.173720738610235, "Ext": 0.1}, "Coritiba / PR": {"Atk": 0.7847761178807375, "Def": 0.6789420985550664, "Home bonus": 0.0, "Ext": 0.1}, "Gr\u00eamio / RS": {"Atk": 1.2700298848439815, "Def": 0.9208085519169485, "Home bonus": 0.0, "Ext": 0.1}, "Bahia / BA": {"Atk": 0.4014009330399772, "Def": 0.6833807209768207, "Home bonus": 1.4855749024707252, "Ext": 0.1}, "Ponte Preta / SP": {"Atk": 0.2212713992405663, "Def": 0.5083778866946393, "Home bonus": 1.3386375720864037, "Ext": 0.0}, "Ava\u00ed / SC": {"Atk": 0.3013608312257664, "Def": 0.6341104898810719, "Home bonus": 0.11502958469849207, "Ext": 0.0}, "Botafogo / RJ": {"Atk": 0.4956042922154564, "Def": 0.7823868906041033, "Home bonus": 0.5535432557240707, "Ext": 0.0}, "Vasco da Gama / RJ": {"Atk": 0.7778536959283554, "Def": 0.41065868859561844, "Home bonus": 0.5037499395210164, "Ext": 0.1}, "Santos / SP": {"Atk": 0.682022385855578, "Def": 0.8937067640455952, "Home bonus": 0.0, "Ext": 0.09047399252447605}, "S\u00e3o Paulo / SP": {"Atk": 0.4331579323420384, "Def": 0.5924702645941273, "Home bonus": 0.9282286366142112, "Ext": 0.1}, "Atl\u00e9tico / MG": {"Atk": 0.47378166318037046, "Def": 0.6014282931517279, "Home bonus": 0.6124362575787914, "Ext": 0.0}, "Athletico Paranaense / PR": {"Atk": 0.5502911492127257, "Def": 0.6467795065540527, "Home bonus": 0.0, "Ext": 0.1}, "Sport / PE": {"Atk": 0.620612260744826, "Def": 0.794027861187493, "Home bonus": 0.8086522801795472, "Ext": 0.0}, "Vit\u00f3ria / BA": {"Atk": 0.5727266734873272, "Def": 0.4176768736750856, "Home bonus": 0.0, "Ext": 0.039408756808062606}, "Atl\u00e9tico / GO": {"Atk": 0.41883622797288506, "Def": 0.4181361890606784, "Home bonus": 0.4410879908400399, "Ext": 0.1}, "Chapecoense / SC": {"Atk": 0.9865691313866303, "Def": 0.3888924837260389, "Home bonus": 0.0, "Ext": 0.0}}