{"Palmeiras / SP": {"Atk": 1.0, "Def": 0.5703598460130962, "Ext": 0.016173660551562257}, "Chapecoense / SC": {"Atk": 0.4637379292413336, "Def": 0.6340665665290984, "Ext": 0.1}, "Fluminense / RJ": {"Atk": 0.6361278699823752, "Def": 0.5697029472279486, "Ext": 0.04542479635483469}, "S\u00e3o Paulo / SP": {"Atk": 0.7662075090065441, "Def": 0.6227161158682817, "Ext": 0.0}, "Cruzeiro / MG": {"Atk": 0.5364074461288205, "Def": 0.656035376082909, "Ext": 0.0}, "Athletico Paranaense / PR": {"Atk": 0.6784672308973622, "Def": 0.6298346603100344, "Ext": 0.0}, "Sport / PE": {"Atk": 0.7840884382895238, "Def": 0.5933290382372267, "Ext": 0.1}, "Vasco da Gama / RJ": {"Atk": 0.23071392005189104, "Def": 0.35209254278346025, "Ext": 0.0}, "Gr\u00eamio / RS": {"Atk": 0.8003220691940459, "Def": 0.7883834184153805, "Ext": 0.0}, "Ava\u00ed / SC": {"Atk": 0.5752530797569094, "Def": 0.39261074704277416, "Ext": 0.0}, "Coritiba / PR": {"Atk": 0.3924174411422529, "Def": 0.6509276917432438, "Ext": 0.0}, "Goi\u00e1s / GO": {"Atk": 0.5074365334194944, "Def": 0.7177085947373868, "Ext": 0.0}, "Corinthians / SP": {"Atk": 0.9276425073191049, "Def": 0.8149148221121892, "Ext": 0.1}, "Flamengo / RJ": {"Atk": 0.7345177520671071, "Def": 0.49682873672771216, "Ext": 0.0}, "Santos / SP": {"Atk": 0.86393654097652, "Def": 0.5178237371059593, "Ext": 0.1}, "Atl\u00e9tico / MG": {"Atk": 0.9369875127392167, "Def": 0.6581309932044312, "Ext": 0.0}, "Joinville / SC": {"Atk": 0.4202907634775339, "Def": 0.618288359357833, "Ext": 0.0}, "Ponte Preta / SP": {"Atk": 0.5536830237058111, "Def": 0.5727836340869212, "Ext": 0.1}, "Internacional / RS": {"Atk": 0.5282776177005801, "Def": 0.5565659420985951, "Ext": 0.0}, "Figueirense / SC": {"Atk": 0.5433243249252723, "Def": 0.4370186253038251, "Ext": 0.06880008413268074}}