{"Palmeiras / SP": {"Atk": 1.0, "Def": 1.031205328709983, "Home bonus": 1.0493128617692036}, "Flamengo / RJ": {"Atk": 0.8298463652725927, "Def": 1.101362077211721, "Home bonus": 0.49703987795962357}, "Atl\u00e9tico / MG": {"Atk": 0.9788168148034438, "Def": 0.7309655328293645, "Home bonus": 0.6870159636812453}, "Coritiba / PR": {"Atk": 0.522260442036211, "Def": 0.759779475121043, "Home bonus": 1.0527038137558118}, "Botafogo / RJ": {"Atk": 0.7265944950632243, "Def": 0.7940976308055285, "Home bonus": 0.6979257910156901}, "Santa Cruz / PE": {"Atk": 0.8998536376179083, "Def": 0.6321372124195173, "Home bonus": 0.0}, "Corinthians / SP": {"Atk": 0.7299049955830534, "Def": 1.1235948092939445, "Home bonus": 0.8095965012527176}, "Figueirense / SC": {"Atk": 0.551095068606458, "Def": 0.7660319181827069, "Home bonus": 0.4686833507478958}, "Am\u00e9rica / MG": {"Atk": 0.5259096097613303, "Def": 0.6175455623151633, "Home bonus": 0.0}, "Internacional / RS": {"Atk": 0.6555818035886644, "Def": 0.778318427217183, "Home bonus": 0.31580829856875325}, "Vit\u00f3ria / BA": {"Atk": 0.7475164164192767, "Def": 0.5894544847803145, "Home bonus": 0.5835678547913978}, "Fluminense / RJ": {"Atk": 0.6080877466252954, "Def": 0.9770287027769523, "Home bonus": 0.797401218740349}, "Cruzeiro / MG": {"Atk": 0.9981592445024272, "Def": 0.5391069056594853, "Home bonus": 0.0}, "Santos / SP": {"Atk": 1.080606266817131, "Def": 1.1562705318132294, "Home bonus": 0.5159264224312864}, "Athletico Paranaense / PR": {"Atk": 0.43829613064402634, "Def": 1.6630016270664096, "Home bonus": 0.7122397453996497}, "Chapecoense / SC": {"Atk": 1.1545794573324362, "Def": 0.5711060690589548, "Home bonus": 0.0}, "S\u00e3o Paulo / SP": {"Atk": 0.6396137628492161, "Def": 0.9803148170808518, "Home bonus": 0.45245674752510245}, "Gr\u00eamio / RS": {"Atk": 0.8570980736519003, "Def": 1.0403621521563948, "Home bonus": 0.3224399500769601}, "Ponte Preta / SP": {"Atk": 0.721340825607556, "Def": 0.6733169637449313, "Home bonus": 0.9734123897492598}, "Sport / PE": {"Atk": 0.567910914430753, "Def": 0.5939236037808936, "Home bonus": 1.3550996359404457}}