{"Guarani / SP": {"Atk": 1.0, "Def": 1.7947710955732652}, "Botafogo / SP": {"Atk": 1.442944171412624, "Def": 1.7561660966241095}, "S\u00e3o Bento / SP": {"Atk": 1.6100190792619729, "Def": 1.1424754001470399}, "Vila Nova / GO": {"Atk": 0.9884604190054797, "Def": 1.528396093358541}, "Coritiba / PR": {"Atk": 1.8291843029670347, "Def": 1.7147821831101748}, "Oper\u00e1rio / PR": {"Atk": 1.215341271732968, "Def": 1.6614809501844974}, "Crici\u00fama / SC": {"Atk": 0.9357871707460851, "Def": 1.6503639496891156}, "Brasil / RS": {"Atk": 1.213465855659107, "Def": 1.6201061037168907}, "Sport / PE": {"Atk": 1.9207217044739153, "Def": 2.107228060692434}, "CRB / AL": {"Atk": 1.7718833201918565, "Def": 1.3934187573565513}, "Ponte Preta / SP": {"Atk": 1.4537395129179762, "Def": 1.7847043926827202}, "Red Bull Bragantino / SP": {"Atk": 2.5807349852587347, "Def": 2.289049122708526}, "Oeste / SP": {"Atk": 1.72963832346902, "Def": 1.418210663114931}, "Atl\u00e9tico / GO": {"Atk": 1.5208116515968684, "Def": 2.1444524820435547}, "Paran\u00e1 / PR": {"Atk": 1.2128291435964311, "Def": 2.4323589144876774}, "Londrina / PR": {"Atk": 1.4404749446684026, "Def": 1.2340820448519652}, "Figueirense / SC": {"Atk": 1.1472194721935283, "Def": 1.6174527819060487}, "Am\u00e9rica / MG": {"Atk": 1.570086352153944, "Def": 1.8008256706899777}, "Vit\u00f3ria / BA": {"Atk": 1.5717645887567302, "Def": 1.3775360826812935}, "Cuiab\u00e1 / MT": {"Atk": 1.71020427571789, "Def": 1.5143104564425283}, "Home bonus": 0.22935713722293374}