{"Vasco da Gama / RJ": {"Atk": 1.0, "Def": 0.5438622334744841}, "Fluminense / RJ": {"Atk": 0.7364836114885754, "Def": 0.7474290985914365}, "Corinthians / SP": {"Atk": 0.6098632755547969, "Def": 3.5019424104789976}, "Vit\u00f3ria / BA": {"Atk": 0.8800387193313041, "Def": 0.7013300026740629}, "Gr\u00eamio / RS": {"Atk": 0.964295306650774, "Def": 1.2352600281708734}, "Ponte Preta / SP": {"Atk": 0.8332635579148933, "Def": 0.5372821104421455}, "Crici\u00fama / SC": {"Atk": 0.8504145135650176, "Def": 0.5439797713801268}, "Cruzeiro / MG": {"Atk": 1.4214584621504662, "Def": 1.2575066475500372}, "Coritiba / PR": {"Atk": 0.8452533481303379, "Def": 0.9275035403401597}, "Santos / SP": {"Atk": 0.7318982378783926, "Def": 1.1596103156925088}, "Botafogo / RJ": {"Atk": 1.225198385686142, "Def": 0.8960095995187242}, "Flamengo / RJ": {"Atk": 0.6806395713304947, "Def": 0.9578139892705894}, "S\u00e3o Paulo / SP": {"Atk": 0.6805854962479659, "Def": 0.8232239779290087}, "Bahia / BA": {"Atk": 0.5739356750394968, "Def": 1.0333135495904813}, "Internacional / RS": {"Atk": 1.2503455848685983, "Def": 0.5980805643866551}, "Goi\u00e1s / GO": {"Atk": 0.6637876678289254, "Def": 0.7962625078033485}, "N\u00e1utico / PE": {"Atk": 0.32106272435924677, "Def": 0.6143845538850055}, "Atl\u00e9tico / MG": {"Atk": 0.718935543676205, "Def": 0.8946922829796398}, "Athletico Paranaense / PR": {"Atk": 1.277104764494549, "Def": 0.7626841997947711}, "Portuguesa / SP": {"Atk": 0.758892901071822, "Def": 0.6372665134869678}, "Home bonus": 0.4062424580852757}