{"Paran\u00e1 / PR": {"Atk": 1.0, "Def": 1.3846819848017775, "Ext": 0.1}, "Atl\u00e9tico / GO": {"Atk": 0.36742167138094683, "Def": 1.6499642476548781, "Ext": 0.0}, "Paysandu / PA": {"Atk": 1.5469703257182075, "Def": 2.463075529388689, "Ext": 0.0}, "Mogi Mirim / SP": {"Atk": 0.930874557837005, "Def": 0.9888616237393762, "Ext": 0.1}, "Vit\u00f3ria / BA": {"Atk": 2.0074213535324854, "Def": 1.6765501602124473, "Ext": 0.1}, "Maca\u00e9 / RJ": {"Atk": 2.7285974652111373, "Def": 1.088440453882845, "Ext": 0.02021820509081186}, "Am\u00e9rica / MG": {"Atk": 1.5984691014554897, "Def": 2.8456117432754247, "Ext": 0.1}, "N\u00e1utico / PE": {"Atk": 1.7898949271155036, "Def": 1.9346525005111763, "Ext": 0.1}, "ABC / RN": {"Atk": 1.2902138696612682, "Def": 1.5606098425599144, "Ext": 0.014012676090756597}, "CRB / AL": {"Atk": 1.4300127410261618, "Def": 1.4448009553640226, "Ext": 0.0}, "Bahia / BA": {"Atk": 1.3862129555239917, "Def": 3.9764436233213516, "Ext": 0.1}, "Crici\u00fama / SC": {"Atk": 0.9461018070023239, "Def": 1.3137983310510313, "Ext": 0.0}, "Sampaio Corr\u00eaa / MA": {"Atk": 1.8997560815247412, "Def": 1.7203112192348442, "Ext": 0.0}, "Santa Cruz / PE": {"Atk": 1.9170826426912657, "Def": 1.345612959130586, "Ext": 0.1}, "Botafogo / RJ": {"Atk": 2.271146043184916, "Def": 3.1610955783089767, "Ext": 0.1}, "Red Bull Bragantino / SP": {"Atk": 1.7296433060892864, "Def": 1.339896136206149, "Ext": 0.0}, "Boa / MG": {"Atk": 1.0651767378211228, "Def": 2.8468777558907843, "Ext": 0.0}, "Oeste / SP": {"Atk": 1.3010038053365143, "Def": 1.3668529704101182, "Ext": 0.1}, "Cear\u00e1 / CE": {"Atk": 0.6757124982892759, "Def": 1.1389096338255629, "Ext": 0.1}, "Luverdense / MT": {"Atk": 1.0115623973766519, "Def": 1.66355644982493, "Ext": 0.0}, "Home bonus": 0.555647137276055}