{"Gr\u00eamio / RS": {"Atk": 1.0, "Def": 0.691982532167307}, "Atl\u00e9tico / MG": {"Atk": 0.9210739505218569, "Def": 0.7564911821526005}, "Cear\u00e1 / CE": {"Atk": 0.846390309612857, "Def": 0.7680023542943378}, "Palmeiras / SP": {"Atk": 1.1770448918332985, "Def": 1.0789665527736587}, "S\u00e3o Paulo / SP": {"Atk": 0.7974516658541385, "Def": 1.321279655362101}, "Flamengo / RJ": {"Atk": 1.653820075257887, "Def": 0.7815611615305097}, "Fluminense / RJ": {"Atk": 0.8086775430370226, "Def": 0.5266582804344704}, "Chapecoense / SC": {"Atk": 0.6716393338054039, "Def": 0.5196426802541031}, "Bahia / BA": {"Atk": 0.8493575902456726, "Def": 1.0155375928573458}, "Athletico Paranaense / PR": {"Atk": 1.01688263616164, "Def": 0.8638422252583424}, "Internacional / RS": {"Atk": 0.8810309020961535, "Def": 0.9456042543530946}, "Cruzeiro / MG": {"Atk": 0.649445616556083, "Def": 0.5594785706032248}, "Fortaleza / CE": {"Atk": 0.8493560681202951, "Def": 0.6093380676714886}, "Corinthians / SP": {"Atk": 0.8491146257613327, "Def": 1.38845931377095}, "Santos / SP": {"Atk": 1.2100615305975284, "Def": 0.7815652416300023}, "Vasco da Gama / RJ": {"Atk": 0.6716369256942442, "Def": 0.6235408463360638}, "Botafogo / RJ": {"Atk": 0.7254689282904762, "Def": 0.808423129470697}, "Ava\u00ed / SC": {"Atk": 0.36606494618099317, "Def": 0.6219583168166831}, "Goi\u00e1s / GO": {"Atk": 0.7083155847286587, "Def": 0.5249210416418757}, "CSA / AL": {"Atk": 0.27910792448174665, "Def": 0.6606295155856752}}