{"Vasco da Gama / RJ": {"Home": {"Atk": 1.0, "Def": 0.39836736508362697}, "Away": {"Atk": 0.8603663771642344, "Def": 0.46421983125012306}, "Ext": 0.1}, "Fluminense / RJ": {"Home": {"Atk": 1.0223939143395213, "Def": 0.4395484771283574}, "Away": {"Atk": 0.4214331577587631, "Def": 0.672980420728712}, "Ext": 0.1}, "Corinthians / SP": {"Home": {"Atk": 0.8412765553774443, "Def": 2.420743101097068}, "Away": {"Atk": 0.44829861504812957, "Def": 1.7338882692965318}, "Ext": 0.0}, "Vit\u00f3ria / BA": {"Home": {"Atk": 1.0561311286697252, "Def": 0.5621274317036232}, "Away": {"Atk": 0.4178343617244763, "Def": 0.5591554907813361}, "Ext": 0.1}, "Gr\u00eamio / RS": {"Home": {"Atk": 1.0115255893979749, "Def": 1.0277458281646934}, "Away": {"Atk": 0.6585417305572755, "Def": 0.767905420539512}, "Ext": 0.0}, "Ponte Preta / SP": {"Home": {"Atk": 0.6655042933128394, "Def": 0.4001519573442199}, "Away": {"Atk": 0.6291679297121564, "Def": 0.4627026743958065}, "Ext": 0.1}, "Crici\u00fama / SC": {"Home": {"Atk": 1.3159519530021984, "Def": 0.42873578370890475}, "Away": {"Atk": 0.5000722636158331, "Def": 0.5258469738994637}, "Ext": 0.0}, "Cruzeiro / MG": {"Home": {"Atk": 2.080035774298453, "Def": 0.593267843251654}, "Away": {"Atk": 0.847581115381607, "Def": 0.8804277084218098}, "Ext": 0.1}, "Coritiba / PR": {"Home": {"Atk": 0.7920028654937913, "Def": 0.6099869643777805}, "Away": {"Atk": 0.5622708325631486, "Def": 0.8529800881991664}, "Ext": 0.1}, "Santos / SP": {"Home": {"Atk": 0.9726552544278471, "Def": 0.6418504296017195}, "Away": {"Atk": 0.49625684673032394, "Def": 1.2274022464452712}, "Ext": 0.1}, "Botafogo / RJ": {"Home": {"Atk": 1.375101551241965, "Def": 0.6560944595172423}, "Away": {"Atk": 0.8767072204005486, "Def": 0.6880428212347613}, "Ext": 0.1}, "Flamengo / RJ": {"Home": {"Atk": 0.6829305486298114, "Def": 0.4967345865588335}, "Away": {"Atk": 0.6140444707558644, "Def": 0.7238587011624424}, "Ext": 0.0}, "S\u00e3o Paulo / SP": {"Home": {"Atk": 0.7505820977491906, "Def": 0.38485413911617217}, "Away": {"Atk": 0.3902107437560129, "Def": 1.5214501539235803}, "Ext": 0.1}, "Bahia / BA": {"Home": {"Atk": 0.9524100028447677, "Def": 0.5036006882577797}, "Away": {"Atk": 0.39722306702638205, "Def": 0.7664367027007335}, "Ext": 0.1}, "Internacional / RS": {"Home": {"Atk": 1.192809864235229, "Def": 0.40851670458201667}, "Away": {"Atk": 0.7117204369915975, "Def": 0.7345150089942537}, "Ext": 0.1}, "Goi\u00e1s / GO": {"Home": {"Atk": 0.827331911810807, "Def": 0.740354653627963}, "Away": {"Atk": 0.4387755938194752, "Def": 0.7217129038944959}, "Ext": 0.1}, "N\u00e1utico / PE": {"Home": {"Atk": 0.46939910472768515, "Def": 0.2873377777714578}, "Away": {"Atk": 0.2009457582513279, "Def": 0.6263161319754519}, "Ext": 0.0}, "Atl\u00e9tico / MG": {"Home": {"Atk": 1.2819665563263831, "Def": 0.5656755812278993}, "Away": {"Atk": 0.1751664901739933, "Def": 0.7592025492599459}, "Ext": 0.08318140988029071}, "Athletico Paranaense / PR": {"Home": {"Atk": 1.3427751508288608, "Def": 0.6716445638947516}, "Away": {"Atk": 0.8930736939341221, "Def": 0.5251177609047533}, "Ext": 0.1}, "Portuguesa / SP": {"Home": {"Atk": 1.1760666313081618, "Def": 0.40965411655718764}, "Away": {"Atk": 0.47569918331531386, "Def": 0.5342814360843322}, "Ext": 0.1}}