{"Paran\u00e1 / PR": {"Atk": 0.4565310771467149, "Def": 0.8720176163958743, "Ext": 0.1}, "Atl\u00e9tico / GO": {"Atk": 0.2343876876208781, "Def": 0.8507764344518021, "Ext": 0.0}, "Paysandu / PA": {"Atk": 0.4499998861984088, "Def": 0.8612580901573881, "Ext": 0.0}, "Mogi Mirim / SP": {"Atk": 0.6331074313968871, "Def": 0.3804831194986937, "Ext": 0.1}, "Vit\u00f3ria / BA": {"Atk": 0.7813279750908643, "Def": 0.8008674451668631, "Ext": 0.1}, "Maca\u00e9 / RJ": {"Atk": 0.7326631308819623, "Def": 0.46230633973110846, "Ext": 0.014953608716801119}, "Am\u00e9rica / MG": {"Atk": 0.6903392839874072, "Def": 0.9175213442736899, "Ext": 0.1}, "N\u00e1utico / PE": {"Atk": 0.6048947251207766, "Def": 0.7927856446116781, "Ext": 0.1}, "ABC / RN": {"Atk": 0.5847694275368841, "Def": 0.3890927513329315, "Ext": 0.0}, "CRB / AL": {"Atk": 0.4783885804649237, "Def": 0.7651238206685808, "Ext": 0.0}, "Bahia / BA": {"Atk": 0.7071340799424128, "Def": 0.9974000852035956, "Ext": 0.1}, "Crici\u00fama / SC": {"Atk": 0.450855040741674, "Def": 0.6220377108182301, "Ext": 0.1}, "Sampaio Corr\u00eaa / MA": {"Atk": 0.7136282306812541, "Def": 0.7513238560996183, "Ext": 0.036651653421254524}, "Santa Cruz / PE": {"Atk": 0.6793794874068151, "Def": 0.7122592439561014, "Ext": 0.1}, "Botafogo / RJ": {"Atk": 0.7304859907628468, "Def": 1.6566750111449924, "Ext": 0.1}, "Red Bull Bragantino / SP": {"Atk": 0.7033098203865747, "Def": 0.5376052047600488, "Ext": 0.0}, "Boa / MG": {"Atk": 0.4098085539818372, "Def": 0.7499968811028775, "Ext": 0.0}, "Oeste / SP": {"Atk": 0.5497252098393768, "Def": 0.6837820659953997, "Ext": 0.1}, "Cear\u00e1 / CE": {"Atk": 0.3077966724087506, "Def": 0.44347886203783893, "Ext": 0.1}, "Luverdense / MT": {"Atk": 0.36576599111884395, "Def": 0.745796984472104, "Ext": 0.0}, "Home bonus": 0.6377079249329503}