{"Flamengo / RJ": {"Home": {"Atk": 1.0, "Def": 0.9823448978374059}, "Away": {"Atk": 0.9763158269324953, "Def": 0.4786031999305968}}, "Botafogo / RJ": {"Home": {"Atk": 1.182767580518566, "Def": 2.6400806202871654}, "Away": {"Atk": 0.7489389331102653, "Def": 0.9355537900304882}}, "Palmeiras / SP": {"Home": {"Atk": 1.1528476753015022, "Def": 0.6437830576732732}, "Away": {"Atk": 0.8005942004614336, "Def": 0.9771443507189214}}, "Corinthians / SP": {"Home": {"Atk": 0.8629904251281326, "Def": 0.7822035041218262}, "Away": {"Atk": 0.280876816996475, "Def": 0.6936410337163786}}, "Red Bull Bragantino / SP": {"Home": {"Atk": 0.809165772550302, "Def": 0.8197624115625817}, "Away": {"Atk": 0.9246630854005651, "Def": 0.710067991235618}}, "Atl\u00e9tico Mineiro / MG": {"Home": {"Atk": 0.6797211234159011, "Def": 0.5331895920768519}, "Away": {"Atk": 0.5521632257841952, "Def": 0.9834609332276983}}, "Gr\u00eamio / RS": {"Home": {"Atk": 1.126366910999776, "Def": 0.5536333466141227}, "Away": {"Atk": 0.6030615320219975, "Def": 0.4644044333500678}}, "Athletico Paranaense / PR": {"Home": {"Atk": 1.0746639778058504, "Def": 0.5719498577541201}, "Away": {"Atk": 0.5492443689140574, "Def": 0.5036855514373161}}, "Fortaleza / CE": {"Home": {"Atk": 0.658022585248025, "Def": 0.6089808259829569}, "Away": {"Atk": 0.5094137319933296, "Def": 0.682514334222217}}, "Am\u00e9rica / MG": {"Home": {"Atk": 0.7363900478294056, "Def": 0.2560547404339741}, "Away": {"Atk": 0.717100771359092, "Def": 0.38667315196963453}}, "Fluminense / RJ": {"Home": {"Atk": 0.8045049867746892, "Def": 1.2693944207977887}, "Away": {"Atk": 0.5888540544596799, "Def": 0.49135592217553603}}, "Vasco da Gama / RJ": {"Home": {"Atk": 0.2866843351817847, "Def": 0.3991048260507624}, "Away": {"Atk": 0.7400027736136293, "Def": 0.39259577652450156}}, "S\u00e3o Paulo / SP": {"Home": {"Atk": 0.9988741232163448, "Def": 0.6664015114746659}, "Away": {"Atk": 0.39368435194486756, "Def": 0.6708126460268186}}, "Santos / SP": {"Home": {"Atk": 1.0223063582874032, "Def": 0.3949177711681651}, "Away": {"Atk": 0.21132827942926796, "Def": 0.41719891428440975}}, "Goi\u00e1s / GO": {"Home": {"Atk": 0.6927887139958602, "Def": 0.36010742100013726}, "Away": {"Atk": 0.4590929596848321, "Def": 0.4841340949530836}}, "Cruzeiro / MG": {"Home": {"Atk": 0.23702784640003563, "Def": 0.6320643667926835}, "Away": {"Atk": 1.0123196347813095, "Def": 0.7648613720446215}}, "Internacional / RS": {"Home": {"Atk": 0.5672276558560467, "Def": 0.8862678386899379}, "Away": {"Atk": 0.3430777454154806, "Def": 0.6135752399102765}}, "Coritiba / PR": {"Home": {"Atk": 0.5274005010354885, "Def": 0.4506333934685107}, "Away": {"Atk": 0.5824852269375375, "Def": 0.3427011069211003}}, "Bahia / BA": {"Home": {"Atk": 0.7819600647832983, "Def": 0.49671320092486804}, "Away": {"Atk": 0.25576222716097313, "Def": 0.5712400949034488}}, "Cuiab\u00e1 / MT": {"Home": {"Atk": 0.6335795801519155, "Def": 0.38837418481847175}, "Away": {"Atk": 0.5245352613914515, "Def": 0.7497674925636713}}}