{"Guarani / SP": {"Atk": 1.0, "Def": 2.433418434503826, "Home bonus": 0.5481423663257917}, "Botafogo / SP": {"Atk": 2.0416878062062316, "Def": 2.443497510736705, "Home bonus": 0.21884730392221763}, "S\u00e3o Bento / SP": {"Atk": 2.4928978497930667, "Def": 1.5748067153192133, "Home bonus": 0.0}, "Vila Nova / GO": {"Atk": 1.5356031754605013, "Def": 2.140583005337146, "Home bonus": 0.0}, "Coritiba / PR": {"Atk": 2.3345657529783517, "Def": 2.1877491538369, "Home bonus": 0.5123024433299447}, "Oper\u00e1rio / PR": {"Atk": 1.5536022902972915, "Def": 2.1681841123621277, "Home bonus": 0.4275652324536619}, "Crici\u00fama / SC": {"Atk": 0.9696248179880285, "Def": 2.246684163041281, "Home bonus": 0.5687110243005238}, "Brasil / RS": {"Atk": 1.8943724486334295, "Def": 2.1747301395444274, "Home bonus": 0.0}, "Sport / PE": {"Atk": 2.9205684512018424, "Def": 2.6634867012466, "Home bonus": 0.20803272235974862}, "CRB / AL": {"Atk": 2.460188383486784, "Def": 2.0574577128428055, "Home bonus": 0.0}, "Ponte Preta / SP": {"Atk": 1.914825982498025, "Def": 2.2989279808128305, "Home bonus": 0.5268000332321531}, "Red Bull Bragantino / SP": {"Atk": 2.8163572257636402, "Def": 3.8073073656216057, "Home bonus": 0.7950185258136011}, "Oeste / SP": {"Atk": 2.496424424673285, "Def": 2.230716619888679, "Home bonus": 0.0}, "Atl\u00e9tico / GO": {"Atk": 1.7067692613231922, "Def": 3.3308118357190164, "Home bonus": 0.5668922510262511}, "Paran\u00e1 / PR": {"Atk": 1.8522957026330797, "Def": 3.1441638175216626, "Home bonus": 0.0}, "Londrina / PR": {"Atk": 2.087086632799584, "Def": 1.663415676125401, "Home bonus": 0.31103310485368574}, "Figueirense / SC": {"Atk": 1.2107878749951075, "Def": 2.3410880958543294, "Home bonus": 0.43792712270914824}, "Am\u00e9rica / MG": {"Atk": 2.000923804474493, "Def": 2.3552344163744885, "Home bonus": 0.4381188716113164}, "Vit\u00f3ria / BA": {"Atk": 2.244338908255351, "Def": 1.803881081147401, "Home bonus": 0.0538446290717114}, "Cuiab\u00e1 / MT": {"Atk": 1.7431689183056929, "Def": 1.9837942808751554, "Home bonus": 0.4983123038570234}}