{"Cruzeiro / MG": {"Atk": 1.0, "Def": 0.9627741818693344, "Home bonus": 0.7903395966219031, "Ext": 0.5064107135980122}, "Athletico Paranaense / PR": {"Atk": 0.24419023982597174, "Def": 0.635163320488698, "Home bonus": 0.628755686502437, "Ext": 0.21373500580463045}, "Am\u00e9rica / MG": {"Atk": 0.5786795976068142, "Def": 0.8096346355210732, "Home bonus": 0.07786206249871169, "Ext": 0.0}, "Vit\u00f3ria / BA": {"Atk": 0.08704104937932847, "Def": 0.44274383288692337, "Home bonus": 0.7471211324192333, "Ext": 0.591519009339535}, "Vasco da Gama / RJ": {"Atk": 0.011037950824587892, "Def": 0.7512562713550008, "Home bonus": 0.8967730111383238, "Ext": 0.4835443443618219}, "Botafogo / RJ": {"Atk": 0.3310940279503252, "Def": 0.47701507144383754, "Home bonus": 0.9052630447514057, "Ext": 0.0}, "S\u00e3o Paulo / SP": {"Atk": 0.48407570259403665, "Def": 0.680873024788568, "Home bonus": 0.8544972260131319, "Ext": 0.4085592109099121}, "Santos / SP": {"Atk": 0.4600924359558718, "Def": 0.501562609352197, "Home bonus": 0.41707973325963704, "Ext": 0.0}, "Corinthians / SP": {"Atk": 0.554415907857269, "Def": 0.5671460402775139, "Home bonus": 0.04261600301493122, "Ext": 0.46918214093534316}, "Internacional / RS": {"Atk": 0.4042630246717902, "Def": 0.7041718275796354, "Home bonus": 0.5072174042565624, "Ext": 0.7409048114101479}, "Atl\u00e9tico / MG": {"Atk": 0.6388515127636814, "Def": 0.6274695449463841, "Home bonus": 0.16413092087885628, "Ext": 0.34288685745851694}, "Paran\u00e1 / PR": {"Atk": 0.4033353742980617, "Def": 0.4457671043216753, "Home bonus": 0.42345139938342446, "Ext": 0.05898951995917964}, "Chapecoense / SC": {"Atk": 0.2755516677286264, "Def": 0.5847417687125684, "Home bonus": 0.5612080062040024, "Ext": 0.48430398390429685}, "Bahia / BA": {"Atk": 0.5087182672748936, "Def": 0.8131991981140735, "Home bonus": 0.6747639226599091, "Ext": 0.5189257402993411}, "Fluminense / RJ": {"Atk": 0.4341546625800677, "Def": 0.840590807461734, "Home bonus": 0.45413028267349187, "Ext": 0.024191587010348757}, "Flamengo / RJ": {"Atk": 0.47372397205998357, "Def": 0.5502784763167851, "Home bonus": 0.6027566662546565, "Ext": 0.1764179245840864}, "Cear\u00e1 / CE": {"Atk": 0.06970377716688436, "Def": 1.0256121266281695, "Home bonus": 0.27403526401504424, "Ext": 0.7597892127651368}, "Sport / PE": {"Atk": 0.2083644294461502, "Def": 0.7304139864045366, "Home bonus": 0.24472392585478436, "Ext": 0.07335111074381667}, "Palmeiras / SP": {"Atk": 0.6592043127549556, "Def": 0.7045057355593369, "Home bonus": 0.28397258233856987, "Ext": 0.5348610327853619}, "Gr\u00eamio / RS": {"Atk": 0.4717467017464675, "Def": 0.704741974077598, "Home bonus": 0.23971285600259679, "Ext": 0.669328313264932}}