{"Oeste / SP": {"Atk": 1.0, "Def": 0.7076887876853422}, "Boa / MG": {"Atk": 0.5940825164260624, "Def": 0.9118921667613386}, "Figueirense / SC": {"Atk": 2.0472370830888162, "Def": 0.6760981499381987}, "Joinville / SC": {"Atk": 1.401977576431303, "Def": 0.9434140516611977}, "Icasa / CE": {"Atk": 1.0099387250697112, "Def": 0.5866209049692414}, "ABC / RN": {"Atk": 0.6611810309345288, "Def": 0.6864937745719002}, "Palmeiras / SP": {"Atk": 1.3885577812196581, "Def": 1.5860812858143916}, "S\u00e3o Caetano / SP": {"Atk": 0.7874318908604789, "Def": 1.1342962225800253}, "Guaratinguet\u00e1 / SP": {"Atk": 1.107783470720656, "Def": 0.6224824986007972}, "Paysandu / PA": {"Atk": 0.9739923377717904, "Def": 0.5726118577575773}, "ASA / AL": {"Atk": 0.8006001507841626, "Def": 0.6183615428718647}, "Am\u00e9rica / MG": {"Atk": 1.3536359662057074, "Def": 0.7013652602411343}, "Ava\u00ed / SC": {"Atk": 1.0717450103363588, "Def": 0.6890360951638145}, "Chapecoense / SC": {"Atk": 1.8344792463581439, "Def": 1.3365117485583746}, "Cear\u00e1 / CE": {"Atk": 0.7641725491450284, "Def": 0.7495095307163626}, "Am\u00e9rica / RN": {"Atk": 0.9017858332310058, "Def": 0.597811868142026}, "Paran\u00e1 / PR": {"Atk": 1.0359936561063954, "Def": 1.4800643695301254}, "Atl\u00e9tico / GO": {"Atk": 0.6743569139617472, "Def": 0.8128305727578943}, "Red Bull Bragantino / SP": {"Atk": 0.8331847470867848, "Def": 0.9855866733860048}, "Sport / PE": {"Atk": 1.4827115251184837, "Def": 0.9519702181282512}}