{"Flamengo / RJ": {"Atk": 1.0, "Def": 0.42775807583814257, "Home bonus": 0.0811866629266857, "Ext": 0.0}, "Botafogo / RJ": {"Atk": 0.5046248537893193, "Def": 0.4631761500724185, "Home bonus": 0.0, "Ext": 0.1}, "Palmeiras / SP": {"Atk": 0.6110009837890749, "Def": 0.6554558426779099, "Home bonus": 0.47651808955218394, "Ext": 0.0}, "Santos / SP": {"Atk": 0.47196014350562954, "Def": 0.47985657230514633, "Home bonus": 1.0844979639587615, "Ext": 0.1}, "Corinthians / SP": {"Atk": 0.5592430395768277, "Def": 0.5311247357543241, "Home bonus": 0.05275343139062603, "Ext": 0.1}, "Gr\u00eamio / RS": {"Atk": 0.44902981433475186, "Def": 0.7056541779838212, "Home bonus": 0.8647410774168548, "Ext": 0.1}, "Sport / PE": {"Atk": 0.3722638518855075, "Def": 0.4944566711686367, "Home bonus": 0.37831459947740653, "Ext": 0.1}, "Coritiba / PR": {"Atk": 0.41664742460213905, "Def": 0.4931411027366255, "Home bonus": 0.0, "Ext": 0.1}, "Fortaleza / CE": {"Atk": 0.42036615464098454, "Def": 0.6646674176292059, "Home bonus": 0.26093981703036684, "Ext": 0.1}, "Goi\u00e1s / GO": {"Atk": 0.5106413357706224, "Def": 0.3821063680748372, "Home bonus": 0.1306394313909947, "Ext": 0.1}, "Fluminense / RJ": {"Atk": 0.6052577036666924, "Def": 0.5768874253900259, "Home bonus": 0.5558753921399116, "Ext": 0.1}, "Vasco da Gama / RJ": {"Atk": 0.5659824642887905, "Def": 0.49368433613799395, "Home bonus": 0.0, "Ext": 0.0}, "S\u00e3o Paulo / SP": {"Atk": 0.8355274037419342, "Def": 0.8522903897177756, "Home bonus": 0.15914091208565428, "Ext": 0.0}, "Red Bull Bragantino / SP": {"Atk": 0.4883160746916517, "Def": 0.5555029125385713, "Home bonus": 0.5076669289922647, "Ext": 0.0}, "Atl\u00e9tico / MG": {"Atk": 0.5933634609648026, "Def": 0.53911076751949, "Home bonus": 1.1683121371620675, "Ext": 0.1}, "Internacional / RS": {"Atk": 0.5981646098544625, "Def": 0.7328040642958453, "Home bonus": 0.6836304696992574, "Ext": 0.1}, "Bahia / BA": {"Atk": 0.5852711516041034, "Def": 0.3617045779901587, "Home bonus": 0.30569842449281626, "Ext": 0.0}, "Athletico Paranaense / PR": {"Atk": 0.426602963466782, "Def": 0.6542461498920128, "Home bonus": 0.0, "Ext": 0.0}, "Cear\u00e1 / CE": {"Atk": 0.7398922721807626, "Def": 0.47132690238348596, "Home bonus": 0.0, "Ext": 0.0974080087338771}, "Atl\u00e9tico / GO": {"Atk": 0.3595580002058038, "Def": 0.5375909232299751, "Home bonus": 0.43669068359816526, "Ext": 0.0}}