{"Ponte Preta / SP": {"Atk": 1.0, "Def": 2.152674051380724, "Ext": 0.1}, "CSA / AL": {"Atk": 0.6587635430957477, "Def": 1.584799611029815, "Ext": 0.0}, "Sport / PE": {"Atk": 0.7193872962295551, "Def": 2.7442066514803223, "Ext": 0.1}, "Brusque / SC": {"Atk": 0.7148066673575882, "Def": 1.7195666672296328, "Ext": 0.0}, "Novorizontino / SP": {"Atk": 1.17907813433882, "Def": 1.0684069031477403, "Ext": 0.0}, "Londrina / PR": {"Atk": 1.0520623927400414, "Def": 1.5259791782314185, "Ext": 0.04544917436847036}, "Vasco da Gama / RJ": {"Atk": 1.1701311806494985, "Def": 2.505453230325503, "Ext": 0.1}, "Bahia / BA": {"Atk": 1.2839270655765613, "Def": 2.5381723900884943, "Ext": 0.0}, "Tombense / MG": {"Atk": 1.099247112860376, "Def": 1.5120414225067578, "Ext": 0.1}, "Chapecoense / SC": {"Atk": 1.1637684774776644, "Def": 1.3059622001714601, "Ext": 0.0}, "Guarani / SP": {"Atk": 0.9007715660221971, "Def": 1.2746538224979223, "Ext": 0.1}, "CRB / AL": {"Atk": 1.1254425971997029, "Def": 1.264900761946037, "Ext": 0.0}, "N\u00e1utico / PE": {"Atk": 0.8112681463750123, "Def": 0.9094538371190211, "Ext": 0.0}, "Crici\u00fama / SC": {"Atk": 1.2526710597220052, "Def": 1.7011116372938089, "Ext": 0.0}, "Ituano / SP": {"Atk": 1.2026278883221164, "Def": 1.619808867868262, "Ext": 0.1}, "Oper\u00e1rio / PR": {"Atk": 0.8524784723794977, "Def": 1.1590081432143275, "Ext": 0.1}, "Gr\u00eamio / RS": {"Atk": 1.2090515932253898, "Def": 2.678852819635786, "Ext": 0.1}, "Sampaio Corr\u00eaa / MA": {"Atk": 1.0558624640749414, "Def": 1.2787067989299028, "Ext": 0.0}, "Cruzeiro / MG": {"Atk": 1.619531492497364, "Def": 3.5706726398358954, "Ext": 0.1}, "Vila Nova / GO": {"Atk": 0.8052799540877805, "Def": 1.6713097756786393, "Ext": 0.1}, "Home bonus": 0.567324706284978}