{"Cruzeiro / MG": {"Atk": 1.0, "Def": 1.1785465646381403, "Home bonus": 0.25578408336038094, "Ext": 0.1}, "Ava\u00ed / SC": {"Atk": 0.9953437347155712, "Def": 0.7838923974749755, "Home bonus": 0.09426342642363557, "Ext": 0.0}, "CSA / AL": {"Atk": 1.0279611753774416, "Def": 1.1544703302116786, "Home bonus": 0.6758435643467361, "Ext": 0.0}, "Ponte Preta / SP": {"Atk": 1.1296976683864772, "Def": 0.7758894831698011, "Home bonus": 0.21041493533445652, "Ext": 0.0}, "Oeste / SP": {"Atk": 0.8552777771614113, "Def": 0.6191255173179308, "Home bonus": 0.0, "Ext": 0.0}, "Oper\u00e1rio / PR": {"Atk": 0.40008088786163143, "Def": 1.2232504215542999, "Home bonus": 0.9801250421867145, "Ext": 0.0}, "Juventude / RS": {"Atk": 1.2502820440037552, "Def": 1.0976498707553524, "Home bonus": 0.2691972873085351, "Ext": 0.1}, "Vit\u00f3ria / BA": {"Atk": 1.1792443121858192, "Def": 0.8966707545932561, "Home bonus": 0.0, "Ext": 0.1}, "Confian\u00e7a / SE": {"Atk": 1.0511669042512357, "Def": 0.8725105033149483, "Home bonus": 0.1420792896637727, "Ext": 0.012008753942205862}, "Cuiab\u00e1 / MT": {"Atk": 0.7929833119521458, "Def": 1.071402212496959, "Home bonus": 0.7576647487374649, "Ext": 0.06533756032162766}, "Am\u00e9rica / MG": {"Atk": 0.8208250542764296, "Def": 1.526671549634887, "Home bonus": 0.5744756642109019, "Ext": 0.1}, "Figueirense / SC": {"Atk": 0.7561657178303016, "Def": 1.0418244225526927, "Home bonus": 0.16395697491895714, "Ext": 0.0}, "CRB / AL": {"Atk": 0.8919032709031083, "Def": 0.9023641241125142, "Home bonus": 0.2860914592494485, "Ext": 0.1}, "Guarani / SP": {"Atk": 0.8587728275433443, "Def": 0.8837788720423617, "Home bonus": 0.6974965088720593, "Ext": 0.1}, "Botafogo / SP": {"Atk": 0.3674190614234199, "Def": 1.1066439251744233, "Home bonus": 0.41940995155474414, "Ext": 0.1}, "Paran\u00e1 / PR": {"Atk": 0.8984031524235895, "Def": 0.7711262760586576, "Home bonus": 0.1452594284890418, "Ext": 0.0}, "Brasil / RS": {"Atk": 0.7261566733043032, "Def": 1.4399802435509768, "Home bonus": 0.2872711706395657, "Ext": 0.1}, "N\u00e1utico / PE": {"Atk": 0.5697974112275795, "Def": 1.0294271995515663, "Home bonus": 0.6954347513287235, "Ext": 0.1}, "Sampaio Corr\u00eaa / MA": {"Atk": 1.3233879965064466, "Def": 1.0173868623860671, "Home bonus": 0.11257546334199911, "Ext": 0.07280490798024378}, "Chapecoense / SC": {"Atk": 1.0845085804309615, "Def": 4.0128410459182735, "Home bonus": 0.0, "Ext": 0.1}}