{"Cear\u00e1 / CE": {"Atk": 0.47234787794211575, "Def": 1.3152333199145074, "Home bonus": 0.4067752188725183, "Ext": 0.48528907349283096}, "Bahia / BA": {"Atk": 0.29046954801288666, "Def": 0.9110465748578227, "Home bonus": 0.7728680486384718, "Ext": 0.16739853101184868}, "Sampaio Corr\u00eaa / MA": {"Atk": 0.0, "Def": 0.37387096899065875, "Home bonus": 0.5157516046876028, "Ext": 0.1638486730842256}, "Oeste / SP": {"Atk": 0.43557043614402075, "Def": 0.40483409147440447, "Home bonus": 0.18984219263205093, "Ext": 0.0}, "Vila Nova / GO": {"Atk": 0.6491522177692376, "Def": 0.41702738879059204, "Home bonus": 0.0, "Ext": 0.17899939081045818}, "Luverdense / MT": {"Atk": 0.1513899129080072, "Def": 0.9623046960817881, "Home bonus": 0.49655249641653876, "Ext": 0.3561338975511488}, "Tupi / MG": {"Atk": 0.0, "Def": 0.5081911810333105, "Home bonus": 1.013134353573943, "Ext": 0.2245563295687869}, "Brasil / RS": {"Atk": 0.2557710010489851, "Def": 0.6063888193105947, "Home bonus": 0.9263020538855423, "Ext": 0.0}, "Londrina / PR": {"Atk": 0.25890330264099415, "Def": 1.7291161014943364, "Home bonus": 0.0, "Ext": 0.2521510666978595}, "Crici\u00fama / SC": {"Atk": 0.07635749570449822, "Def": 1.4573757456261585, "Home bonus": 0.9863147053619012, "Ext": 0.6325166507631577}, "N\u00e1utico / PE": {"Atk": 0.5022672495197937, "Def": 0.33485294878953936, "Home bonus": 1.532013323597298, "Ext": 0.0}, "CRB / AL": {"Atk": 0.8001415962452195, "Def": 0.37121570780489194, "Home bonus": 0.0, "Ext": 0.1367928048194444}, "Paysandu / PA": {"Atk": 0.1834191978543825, "Def": 0.9056192791381049, "Home bonus": 0.38640590857642954, "Ext": 0.11912855697642064}, "Red Bull Bragantino / SP": {"Atk": 0.3840078426233619, "Def": 0.5053445358925325, "Home bonus": 0.0, "Ext": 0.0}, "Goi\u00e1s / GO": {"Atk": 0.4123610564814652, "Def": 0.35506269717145467, "Home bonus": 0.49137879523636874, "Ext": 0.0}, "Vasco da Gama / RJ": {"Atk": 0.8048553013377218, "Def": 0.5141919256670098, "Home bonus": 0.14996229728534055, "Ext": 0.0768648359275345}, "Atl\u00e9tico / GO": {"Atk": 0.3946451201149882, "Def": 1.1185227830615032, "Home bonus": 0.6325355797766745, "Ext": 0.09072583479891014}, "Joinville / SC": {"Atk": 0.2681287998713862, "Def": 0.4437932288413422, "Home bonus": 0.05580687536736691, "Ext": 0.0}, "Paran\u00e1 / PR": {"Atk": 0.29097597371012096, "Def": 2.286013288890915, "Home bonus": 0.0, "Ext": 0.22335637699829516}, "Ava\u00ed / SC": {"Atk": 0.1524060332390238, "Def": 0.5919943091470047, "Home bonus": 1.318166943158351, "Ext": 0.0}}