{"Cruzeiro / MG": {"Atk": 1.0, "Def": 1.3651937935240084}, "Athletico Paranaense / PR": {"Atk": 1.5539800713926915, "Def": 1.2601960320437484}, "Am\u00e9rica / MG": {"Atk": 0.9357670182575754, "Def": 1.0426128663532392}, "Vit\u00f3ria / BA": {"Atk": 1.10363505375693, "Def": 0.7571896554302827}, "Vasco da Gama / RJ": {"Atk": 1.2560560451939577, "Def": 0.9125712418282277}, "Botafogo / RJ": {"Atk": 1.149098484347067, "Def": 1.0203401684679656}, "S\u00e3o Paulo / SP": {"Atk": 1.5106181155556562, "Def": 1.3975048156103118}, "Santos / SP": {"Atk": 1.3412195979561732, "Def": 1.232786321942183}, "Corinthians / SP": {"Atk": 1.0856898927094984, "Def": 1.3162685430076575}, "Internacional / RS": {"Atk": 1.5122411139812342, "Def": 1.6726214770166217}, "Atl\u00e9tico / MG": {"Atk": 1.639907456412336, "Def": 1.0870214258289543}, "Paran\u00e1 / PR": {"Atk": 0.5231683824546346, "Def": 0.8494609802384155}, "Chapecoense / SC": {"Atk": 1.020157790557372, "Def": 0.8975486763664366}, "Bahia / BA": {"Atk": 1.1982701804694038, "Def": 1.1085870548362171}, "Fluminense / RJ": {"Atk": 1.0012761010011992, "Def": 1.0483044869948506}, "Flamengo / RJ": {"Atk": 1.690697372784074, "Def": 1.5646665771705464}, "Cear\u00e1 / CE": {"Atk": 0.9464501520441722, "Def": 1.2347596609923204}, "Sport / PE": {"Atk": 1.0590532953013496, "Def": 0.8090244821589471}, "Palmeiras / SP": {"Atk": 1.8164905467867094, "Def": 1.7805148790759489}, "Gr\u00eamio / RS": {"Atk": 1.4948791478877188, "Def": 1.7122607179904645}}