{"Palmeiras / SP": {"Atk": 1.0, "Def": 1.3808639218480965, "Home bonus": 1.945014361127679}, "Flamengo / RJ": {"Atk": 0.7711539174128998, "Def": 1.1745245715462567, "Home bonus": 0.6989715741703499}, "Atl\u00e9tico / MG": {"Atk": 1.487273886467478, "Def": 0.9992998565376505, "Home bonus": 0.34352516663773086}, "Coritiba / PR": {"Atk": 0.8204312643294309, "Def": 0.7424172694891431, "Home bonus": 1.1413532499124777}, "Botafogo / RJ": {"Atk": 1.2596575697727066, "Def": 0.8560983225596336, "Home bonus": 0.0}, "Santa Cruz / PE": {"Atk": 1.6573719247315832, "Def": 1.0524980796030001, "Home bonus": 0.0}, "Corinthians / SP": {"Atk": 1.2591419190698232, "Def": 2.2501450460739854, "Home bonus": 0.48380761175586146}, "Figueirense / SC": {"Atk": 0.4026672756768738, "Def": 1.3775599010926416, "Home bonus": 0.9547965722671629}, "Am\u00e9rica / MG": {"Atk": 0.8342780475056779, "Def": 0.6725862915852036, "Home bonus": 0.0}, "Internacional / RS": {"Atk": 1.4506093871169412, "Def": 2.0831772462805738, "Home bonus": 0.013529097091488342}, "Vit\u00f3ria / BA": {"Atk": 0.7427302459110864, "Def": 0.8909669427989926, "Home bonus": 0.8990231321979485}, "Fluminense / RJ": {"Atk": 0.801495150282705, "Def": 1.5776923931799336, "Home bonus": 0.881974403118544}, "Cruzeiro / MG": {"Atk": 1.2589551848527354, "Def": 0.7927205218752881, "Home bonus": 0.0}, "Santos / SP": {"Atk": 1.9943015461582183, "Def": 2.799350146349724, "Home bonus": 0.022221758395202226}, "Athletico Paranaense / PR": {"Atk": 0.8854854395599738, "Def": 2.050096483661199, "Home bonus": 0.7832882661456857}, "Chapecoense / SC": {"Atk": 1.6256204113605295, "Def": 1.1675525600888093, "Home bonus": 0.0}, "S\u00e3o Paulo / SP": {"Atk": 0.8481927139660812, "Def": 1.333000395342411, "Home bonus": 0.3871248624856366}, "Gr\u00eamio / RS": {"Atk": 1.6670691120561654, "Def": 1.5429453427402526, "Home bonus": 0.0}, "Ponte Preta / SP": {"Atk": 0.48184862894827557, "Def": 0.6812853828527202, "Home bonus": 1.2738453728022645}, "Sport / PE": {"Atk": 0.681303785066873, "Def": 1.0178855863799805, "Home bonus": 1.7953433463106236}}