{"Vasco da Gama / RJ": {"Atk": 1.0, "Def": 0.7874220701572046, "Home bonus": 0.39923088953541014, "Ext": 0.0}, "Vila Nova / GO": {"Atk": 0.7828886836744091, "Def": 1.2099987126943539, "Home bonus": 0.0, "Ext": 0.0}, "Guarani / SP": {"Atk": 1.6543234503115787, "Def": 0.7405330816791884, "Home bonus": 0.0, "Ext": 0.0}, "N\u00e1utico / PE": {"Atk": 1.1528034597999197, "Def": 0.9760867625519327, "Home bonus": 0.1286807332878937, "Ext": 0.0}, "Brasil / RS": {"Atk": 0.0, "Def": 1.4222529863577902, "Home bonus": 0.25607377243962964, "Ext": 0.39673121176643533}, "CRB / AL": {"Atk": 0.9649210809612965, "Def": 1.7214501361539367, "Home bonus": 0.0, "Ext": 0.39443573539613025}, "Coritiba / PR": {"Atk": 0.9662621545488188, "Def": 2.244669197504804, "Home bonus": 0.5631332221941501, "Ext": 0.1220301755046546}, "Brusque / SC": {"Atk": 1.0356943659988695, "Def": 0.6809034379928419, "Home bonus": 0.0, "Ext": 0.0}, "Confian\u00e7a / SE": {"Atk": 0.6391603642245476, "Def": 0.7072828666850197, "Home bonus": 0.013568367751632327, "Ext": 0.16754561134640075}, "Sampaio Corr\u00eaa / MA": {"Atk": 0.6875160149168884, "Def": 2.5962387509545075, "Home bonus": 0.3814547913590335, "Ext": 0.19902868048516664}, "Botafogo / RJ": {"Atk": 0.8831626546500653, "Def": 0.9770450950508955, "Home bonus": 1.2980717624097329, "Ext": 0.0}, "Goi\u00e1s / GO": {"Atk": 0.7704067132496752, "Def": 7.185334633332578, "Home bonus": 0.1902835615038109, "Ext": 0.17753874126406682}, "Ponte Preta / SP": {"Atk": 0.0, "Def": 1.4493459699953704, "Home bonus": 1.1361924504642296, "Ext": 0.28604207127116055}, "Cruzeiro / MG": {"Atk": 0.6277941152382306, "Def": 1.3475590276104894, "Home bonus": 0.0, "Ext": 0.5062595366485351}, "Londrina / PR": {"Atk": 0.33060668576592916, "Def": 1.3986368281313093, "Home bonus": 0.0, "Ext": 0.2906823249491428}, "CSA / AL": {"Atk": 0.7488428846967853, "Def": 1.2081530638347526, "Home bonus": 0.36180950424081626, "Ext": 0.0}, "Oper\u00e1rio / PR": {"Atk": 0.5160697087857157, "Def": 0.8577061123707969, "Home bonus": 0.482789176852537, "Ext": 0.0}, "Ava\u00ed / SC": {"Atk": 1.1192145492654655, "Def": 1.3726856807986887, "Home bonus": 0.0, "Ext": 0.0}, "Vit\u00f3ria / BA": {"Atk": 0.24177873719937326, "Def": 2.9211591139686646, "Home bonus": 0.1298881794877647, "Ext": 0.3500136949545251}, "Remo / PA": {"Atk": 0.7967435167535332, "Def": 1.0623240257368836, "Home bonus": 0.0, "Ext": 0.010143539622527675}}