{"Flamengo / RJ": {"Atk": 1.0, "Def": 0.7207242057379246}, "Corinthians / SP": {"Atk": 0.4926932489990778, "Def": 1.1289465984496592}, "S\u00e3o Paulo / SP": {"Atk": 0.4986401385746464, "Def": 0.7858579478924854}, "Atl\u00e9tico Mineiro / MG": {"Atk": 0.836966528537092, "Def": 0.86903950125243}, "Internacional / RS": {"Atk": 0.6467867846862807, "Def": 0.5094733240518176}, "Cear\u00e1 / CE": {"Atk": 0.783222003536685, "Def": 0.6741930942217447}, "Bahia / BA": {"Atk": 1.086904709594809, "Def": 0.6348496823365682}, "Athletico Paranaense / PR": {"Atk": 1.3071156875796504, "Def": 0.6914295016673299}, "Chapecoense / SC": {"Atk": 0.5880751383373926, "Def": 0.5271398623195233}, "Cuiab\u00e1 / MT": {"Atk": 0.5958826354984398, "Def": 0.5976782976841787}, "Fluminense / RJ": {"Atk": 0.6662148051926507, "Def": 0.923234733064685}, "Palmeiras / SP": {"Atk": 1.2591028740458152, "Def": 0.662301194461339}, "Santos / SP": {"Atk": 0.8398883173654028, "Def": 0.6396172716927783}, "Am\u00e9rica / MG": {"Atk": 0.5700812077160543, "Def": 0.6103873422523259}, "Gr\u00eamio / RS": {"Atk": 0.4287281856830329, "Def": 0.6583193792839286}, "Fortaleza / CE": {"Atk": 1.2149305754862583, "Def": 0.8467274034718428}, "Sport / PE": {"Atk": 0.39214496119535536, "Def": 0.7416930945523155}, "Red Bull Bragantino / SP": {"Atk": 1.416379447005689, "Def": 0.6899470715713093}, "Juventude / RS": {"Atk": 0.4859118750806431, "Def": 0.688811453658387}, "Atl\u00e9tico / GO": {"Atk": 0.6915209150745827, "Def": 0.7577814106614599}}