{"Cruzeiro / MG": {"Atk": 1.0, "Def": 0.9802138551059865, "Home bonus": 0.7676273169179766, "Ext": 0.1420419314136953}, "Athletico Paranaense / PR": {"Atk": 0.509780449743157, "Def": 1.027459530315798, "Home bonus": 0.6814426460926607, "Ext": 0.05472920840903982}, "Am\u00e9rica / MG": {"Atk": 0.5431512517771071, "Def": 0.7545559763939189, "Home bonus": 0.03662175405309487, "Ext": 0.5415185272312993}, "Vit\u00f3ria / BA": {"Atk": 0.24646376192576555, "Def": 0.5252954992146402, "Home bonus": 0.7665581217285176, "Ext": 0.10904821731933047}, "Vasco da Gama / RJ": {"Atk": 0.5340226599395292, "Def": 0.8680923158700583, "Home bonus": 0.5200086372048239, "Ext": 0.20813608584320553}, "Botafogo / RJ": {"Atk": 0.283111515132733, "Def": 0.7607353747118581, "Home bonus": 0.6537419341756047, "Ext": 0.3235921897186932}, "S\u00e3o Paulo / SP": {"Atk": 0.5475850007781842, "Def": 0.9535959206190725, "Home bonus": 0.42038686058001384, "Ext": 0.32041471731282095}, "Santos / SP": {"Atk": 0.6931145702301198, "Def": 0.7878115039628736, "Home bonus": 0.6596359860606689, "Ext": 0.12491550729872847}, "Corinthians / SP": {"Atk": 0.6161391791054249, "Def": 1.0195471875726603, "Home bonus": 0.7457689077469797, "Ext": 0.0031609031495070613}, "Internacional / RS": {"Atk": 0.7259404786555369, "Def": 1.0981429862913354, "Home bonus": 0.5720589504811816, "Ext": 0.10245332581215814}, "Atl\u00e9tico / MG": {"Atk": 0.3712183344385423, "Def": 0.8677542234252663, "Home bonus": 0.9706560739570688, "Ext": 0.5161685723613453}, "Paran\u00e1 / PR": {"Atk": 0.2227465544087714, "Def": 0.47489337543232996, "Home bonus": 0.7329710930064224, "Ext": 0.0}, "Chapecoense / SC": {"Atk": 0.3654662718103692, "Def": 0.6544061891779707, "Home bonus": 0.41086578610054986, "Ext": 0.04578172203151671}, "Bahia / BA": {"Atk": 0.4296476279719639, "Def": 0.9145051462439971, "Home bonus": 0.4010557102760068, "Ext": 0.05751982538839938}, "Fluminense / RJ": {"Atk": 0.37230455102107707, "Def": 0.9004369496581854, "Home bonus": 0.42535188816304664, "Ext": 0.12081826276623829}, "Flamengo / RJ": {"Atk": 0.7619363506862136, "Def": 0.8917778048887064, "Home bonus": 0.5244034556390514, "Ext": 0.3350607787407042}, "Cear\u00e1 / CE": {"Atk": 0.49712468241833513, "Def": 0.7471046332263261, "Home bonus": 0.267242653974474, "Ext": 0.05258475202827206}, "Sport / PE": {"Atk": 0.3185832608917677, "Def": 0.8618018815940431, "Home bonus": 0.49718423100500314, "Ext": 0.08260922567699688}, "Palmeiras / SP": {"Atk": 0.765213454730416, "Def": 1.0398315597389587, "Home bonus": 0.48518119746068994, "Ext": 0.24115974203896318}, "Gr\u00eamio / RS": {"Atk": 0.5319402419143594, "Def": 0.8161346619640832, "Home bonus": 0.5809370759561642, "Ext": 0.10901343376819046}}