{"Ponte Preta / SP": {"Home": {"Atk": 1.0, "Def": 1.0531079193263744}, "Away": {"Atk": 0.1660021457604695, "Def": 0.7378288762593842}, "Ext": 0.34539972963527865}, "CSA / AL": {"Home": {"Atk": 0.6459513987725838, "Def": 0.7183237208692794}, "Away": {"Atk": 0.30516946348061325, "Def": 0.6663153381568765}, "Ext": 0.1333792546032341}, "Sport / PE": {"Home": {"Atk": 0.6395785553267992, "Def": 0.6172579464842645}, "Away": {"Atk": 0.08051945427904691, "Def": 0.9187176505855256}, "Ext": 0.0}, "Brusque / SC": {"Home": {"Atk": 0.6880789456343724, "Def": 0.5671500164270483}, "Away": {"Atk": 0.5547614261443031, "Def": 0.38579227230684454}, "Ext": 0.0}, "Novorizontino / SP": {"Home": {"Atk": 0.3938628005117125, "Def": 0.5556997427241172}, "Away": {"Atk": 0.4653897532621782, "Def": 0.6661209574841342}, "Ext": 0.30974178540069797}, "Londrina / PR": {"Home": {"Atk": 0.670597387158616, "Def": 0.73536125190839}, "Away": {"Atk": 0.2927660086524065, "Def": 0.6181560842340612}, "Ext": 0.0627723807470536}, "Vasco da Gama / RJ": {"Home": {"Atk": 0.5541643933586907, "Def": 0.8373447662679617}, "Away": {"Atk": 0.13777468902843573, "Def": 0.7791323125238538}, "Ext": 0.32135441682314847}, "Bahia / BA": {"Home": {"Atk": 0.9178428167836805, "Def": 0.8838468288013613}, "Away": {"Atk": 0.465788851131427, "Def": 0.6480048199547646}, "Ext": 0.06121870815962893}, "Tombense / MG": {"Home": {"Atk": 0.46349237731562254, "Def": 0.9388311285591331}, "Away": {"Atk": 0.0, "Def": 0.6343230090799413}, "Ext": 0.5743601482511045}, "Chapecoense / SC": {"Home": {"Atk": 0.5108791161611248, "Def": 0.07246891811453599}, "Away": {"Atk": 0.6372012060099126, "Def": 1.0768701653759878}, "Ext": 0.036846532821556977}, "Guarani / SP": {"Home": {"Atk": 0.2278925429771144, "Def": 0.5194977435858411}, "Away": {"Atk": 0.07012945287672298, "Def": 0.6954688862241607}, "Ext": 0.3806209810823193}, "CRB / AL": {"Home": {"Atk": 0.5598614002116911, "Def": 0.5205711165765692}, "Away": {"Atk": 0.4977173264170107, "Def": 0.5764417181824022}, "Ext": 0.06298383420301959}, "N\u00e1utico / PE": {"Home": {"Atk": 0.2725278532356053, "Def": 0.7846009846654878}, "Away": {"Atk": 0.3574849608462426, "Def": 0.590132850426056}, "Ext": 0.03991445267942238}, "Crici\u00fama / SC": {"Home": {"Atk": 0.776765196089097, "Def": 0.6571359862873073}, "Away": {"Atk": 0.014256648017727282, "Def": 0.629160982314541}, "Ext": 0.03437572693707329}, "Ituano / SP": {"Home": {"Atk": 0.9371689842722091, "Def": 0.7122228331728182}, "Away": {"Atk": 0.057146015346684925, "Def": 0.5718275981687555}, "Ext": 0.24764020911318507}, "Oper\u00e1rio / PR": {"Home": {"Atk": 0.577198907578001, "Def": 0.7482141366243441}, "Away": {"Atk": 0.45988780464468715, "Def": 0.6843050927541497}, "Ext": 0.5337141796778844}, "Gr\u00eamio / RS": {"Home": {"Atk": 0.6389158393633508, "Def": 1.0327560924092838}, "Away": {"Atk": 0.5400677886769781, "Def": 0.8816523426105168}, "Ext": 0.4555911182597755}, "Sampaio Corr\u00eaa / MA": {"Home": {"Atk": 0.5703325496983601, "Def": 0.6658281114200154}, "Away": {"Atk": 0.10564053194106884, "Def": 0.5273032809905079}, "Ext": 0.14925021067806765}, "Cruzeiro / MG": {"Home": {"Atk": 0.807967583209511, "Def": 1.0401947783244}, "Away": {"Atk": 0.4870921096457167, "Def": 0.7678113149882273}, "Ext": 0.0}, "Vila Nova / GO": {"Home": {"Atk": 0.2171966791888584, "Def": 0.7737149475528308}, "Away": {"Atk": 0.7280660770220763, "Def": 0.4081518352534607}, "Ext": 0.0}}