{"Cruzeiro / MG": {"Atk": 1.0, "Def": 0.7520991074435238, "Ext": 0.3783179961852809}, "Athletico Paranaense / PR": {"Atk": 0.39799928567238985, "Def": 0.6216237270240578, "Ext": 0.0}, "Am\u00e9rica / MG": {"Atk": 0.2879475913612966, "Def": 0.6434970235359236, "Ext": 0.14256621019012947}, "Vit\u00f3ria / BA": {"Atk": 0.3105381173269927, "Def": 0.47739506009016824, "Ext": 0.40769111581208994}, "Vasco da Gama / RJ": {"Atk": 0.24045028859313802, "Def": 0.5572965861935626, "Ext": 0.2745140346734406}, "Botafogo / RJ": {"Atk": 0.3364781591407986, "Def": 0.6384486872276114, "Ext": 0.1730390016484179}, "S\u00e3o Paulo / SP": {"Atk": 0.5840711770741854, "Def": 0.8386309567588609, "Ext": 0.0}, "Santos / SP": {"Atk": 0.5312130645707734, "Def": 0.5748571375094598, "Ext": 0.0}, "Corinthians / SP": {"Atk": 0.4744179421107133, "Def": 0.7130515557538517, "Ext": 0.46599350383903193}, "Internacional / RS": {"Atk": 0.5590460436531266, "Def": 0.9095230980286163, "Ext": 0.1417408750804479}, "Atl\u00e9tico / MG": {"Atk": 0.46499796833482965, "Def": 0.8681117830058613, "Ext": 0.6170498058610085}, "Paran\u00e1 / PR": {"Atk": 0.4056129210584471, "Def": 1.0412832459539638, "Ext": 0.14364534656175684}, "Chapecoense / SC": {"Atk": 0.1786626944775072, "Def": 0.6323649159875936, "Ext": 0.385672461371375}, "Bahia / BA": {"Atk": 0.32339252037045085, "Def": 0.594776931384391, "Ext": 0.4606280578977575}, "Fluminense / RJ": {"Atk": 0.4244635159604643, "Def": 0.7523546262801217, "Ext": 0.5536871010757352}, "Flamengo / RJ": {"Atk": 0.7651407152522869, "Def": 0.7895479031883672, "Ext": 0.6368494173242321}, "Cear\u00e1 / CE": {"Atk": 0.11993421878275673, "Def": 0.8382622708638732, "Ext": 0.5166627007200476}, "Sport / PE": {"Atk": 0.4762647864957425, "Def": 0.5216083561824155, "Ext": 0.3373829879732637}, "Palmeiras / SP": {"Atk": 0.7812999599155405, "Def": 0.7597692793023396, "Ext": 0.2280160432958483}, "Gr\u00eamio / RS": {"Atk": 0.7126023693676856, "Def": 0.9509213071667408, "Ext": 0.18971517426044102}, "Home bonus": 0.3589184712336401}