{"Flamengo / RJ": {"Atk": 1.0, "Def": 1.3337363947432554}, "Fluminense / RJ": {"Atk": 1.9556105557242722, "Def": 1.6809308830066394}, "S\u00e3o Paulo / SP": {"Atk": 2.383723192874774, "Def": 1.5077848696234075}, "Santos / SP": {"Atk": 1.3189037140390243, "Def": 2.0170963273364357}, "Athletico Paranaense / PR": {"Atk": 1.6046314732895657, "Def": 1.2925492047098646}, "Atl\u00e9tico / MG": {"Atk": 1.723400965501555, "Def": 1.9476249537045087}, "Bahia / BA": {"Atk": 1.0656359378908977, "Def": 1.894557151310462}, "Internacional / RS": {"Atk": 1.3886934899879304, "Def": 1.9537445597099001}, "Crici\u00fama / SC": {"Atk": 0.3205646662273766, "Def": 1.4351406191330907}, "Chapecoense / SC": {"Atk": 0.8433342838076289, "Def": 1.553594439468475}, "Botafogo / RJ": {"Atk": 0.9933412068993833, "Def": 1.40168192029805}, "Sport / PE": {"Atk": 0.9381011285217311, "Def": 1.3362580912862803}, "Corinthians / SP": {"Atk": 1.2874844624425321, "Def": 2.628727273819684}, "Palmeiras / SP": {"Atk": 0.9681171094897617, "Def": 1.1983691726005767}, "Coritiba / PR": {"Atk": 1.1495928861629905, "Def": 1.9900103489330285}, "Cruzeiro / MG": {"Atk": 2.7347480849478996, "Def": 1.77027025136283}, "Vit\u00f3ria / BA": {"Atk": 1.2184179752921775, "Def": 1.1904228599065187}, "Gr\u00eamio / RS": {"Atk": 0.7685056879956104, "Def": 2.9740677185851525}, "Figueirense / SC": {"Atk": 1.089769399984465, "Def": 1.0931028227440687}, "Goi\u00e1s / GO": {"Atk": 0.7179991112017978, "Def": 1.6459446071971922}, "Home bonus": 0.5383874562668324}