{"Vasco da Gama / RJ": {"Atk": 1.0, "Def": 0.5440753053613241, "Ext": 0.03308392122653443}, "Fluminense / RJ": {"Atk": 0.3844015373701935, "Def": 1.225090656132296, "Ext": 0.2947873723944759}, "Corinthians / SP": {"Atk": 0.40586899131656295, "Def": 3.106053735827136, "Ext": 0.0}, "Vit\u00f3ria / BA": {"Atk": 0.7189445540321064, "Def": 1.2395070155350096, "Ext": 0.35737196277855776}, "Gr\u00eamio / RS": {"Atk": 0.77992647056981, "Def": 1.1547589566137415, "Ext": 0.0}, "Ponte Preta / SP": {"Atk": 0.6010801839244242, "Def": 0.672783380057064, "Ext": 0.0}, "Crici\u00fama / SC": {"Atk": 1.0516820670929798, "Def": 0.49013329683634105, "Ext": 0.0}, "Cruzeiro / MG": {"Atk": 1.6749511776540351, "Def": 1.1947234351873866, "Ext": 0.0}, "Coritiba / PR": {"Atk": 0.30836810213795646, "Def": 1.6392504629523803, "Ext": 0.39831441639222376}, "Santos / SP": {"Atk": 0.7629412369913353, "Def": 1.3056420757875675, "Ext": 0.16063714636789816}, "Botafogo / RJ": {"Atk": 0.9513003744471521, "Def": 0.9969322246787437, "Ext": 0.08259024591111165}, "Flamengo / RJ": {"Atk": 0.6296223151665181, "Def": 1.0073610517334135, "Ext": 0.0}, "S\u00e3o Paulo / SP": {"Atk": 0.7096720900115544, "Def": 0.9964778998369048, "Ext": 0.0}, "Bahia / BA": {"Atk": 0.6140436112620623, "Def": 0.8761829664770684, "Ext": 0.0}, "Internacional / RS": {"Atk": 0.5555179680654199, "Def": 1.385413705931029, "Ext": 0.5580694885620138}, "Goi\u00e1s / GO": {"Atk": 0.6280723549226352, "Def": 1.5375754735541063, "Ext": 0.22409821797291257}, "N\u00e1utico / PE": {"Atk": 0.257552634960556, "Def": 0.4322566216411952, "Ext": 0.0}, "Atl\u00e9tico / MG": {"Atk": 0.6764641621309624, "Def": 1.3088230496618762, "Ext": 0.0}, "Athletico Paranaense / PR": {"Atk": 0.8039495365688417, "Def": 1.8545057567615337, "Ext": 0.4341275880802171}, "Portuguesa / SP": {"Atk": 0.7359525400798462, "Def": 0.9175870247242061, "Ext": 0.22056544291018731}, "Home bonus": 0.45881632879533746}