{"Red Bull Bragantino / SP": {"Atk": 1.0, "Def": 0.8507929603859673, "Ext": 0.0}, "Ponte Preta / SP": {"Atk": 1.254716202843106, "Def": 1.1913803519648358, "Ext": 0.1}, "Vasco da Gama / RJ": {"Atk": 1.2212181522429832, "Def": 1.4321017287486426, "Ext": 0.0}, "Santa Cruz / PE": {"Atk": 1.1280869674036356, "Def": 1.2248531646934708, "Ext": 0.1}, "Sampaio Corr\u00eaa / MA": {"Atk": 1.3547020191443635, "Def": 1.0288809858859318, "Ext": 0.1}, "Cear\u00e1 / CE": {"Atk": 1.5840279910191364, "Def": 0.7980876195491899, "Ext": 0.1}, "Vila Nova / GO": {"Atk": 0.5732940254231387, "Def": 0.7594540304763422, "Ext": 0.0}, "Am\u00e9rica / RN": {"Atk": 1.0355882393398452, "Def": 0.8274316263897786, "Ext": 0.1}, "Boa / MG": {"Atk": 1.2519822730273031, "Def": 1.007381159781911, "Ext": 0.0}, "Oeste / SP": {"Atk": 0.883779113951479, "Def": 0.9386292248628376, "Ext": 0.1}, "Portuguesa / SP": {"Atk": 0.7898901397003056, "Def": 0.7886074409263425, "Ext": 0.1}, "Paran\u00e1 / PR": {"Atk": 0.9478068111089923, "Def": 1.117972186165587, "Ext": 0.1}, "N\u00e1utico / PE": {"Atk": 0.9498959378005029, "Def": 1.0048365551416758, "Ext": 0.0}, "Luverdense / MT": {"Atk": 1.054570459407148, "Def": 0.9805327358542201, "Ext": 0.010564775039182368}, "Icasa / CE": {"Atk": 0.5772545756468921, "Def": 1.0365530952739885, "Ext": 0.0}, "Ava\u00ed / SC": {"Atk": 1.297142921834281, "Def": 1.4237223850617966, "Ext": 0.0}, "Atl\u00e9tico / GO": {"Atk": 1.3133222342851798, "Def": 0.8286466818901872, "Ext": 0.0}, "ABC / RN": {"Atk": 0.6568072636886616, "Def": 1.3459639870572315, "Ext": 0.0}, "Am\u00e9rica / MG": {"Atk": 1.1614680009172114, "Def": 1.0303946663243377, "Ext": 0.0}, "Joinville / SC": {"Atk": 1.1962035702532003, "Def": 1.2699279726188397, "Ext": 0.1}, "Home bonus": 0.32362923604412247}