{"Atl\u00e9tico Mineiro / MG": {"Home": {"Atk": 1.0, "Def": 0.6137487300445191}, "Away": {"Atk": 0.543081057380475, "Def": 0.4724831973684698}, "Ext": 0.1}, "Fluminense / RJ": {"Home": {"Atk": 0.852050844795448, "Def": 0.35435702859158663}, "Away": {"Atk": 0.7437010441444649, "Def": 0.8059960818151282}, "Ext": 0.1}, "S\u00e3o Paulo / SP": {"Home": {"Atk": 0.8307944854875418, "Def": 0.8611956632036996}, "Away": {"Atk": 0.39454881456427904, "Def": 0.5783620147708648}, "Ext": 0.1}, "Palmeiras / SP": {"Home": {"Atk": 0.88792913065307, "Def": 0.6157863449909744}, "Away": {"Atk": 0.8388083031459143, "Def": 0.8807406136742899}, "Ext": 0.0}, "Botafogo / RJ": {"Home": {"Atk": 0.5059675055581688, "Def": 0.40029600216774364}, "Away": {"Atk": 0.5209201596169863, "Def": 0.2858517015905651}, "Ext": 0.030466647492588067}, "Juventude / RS": {"Home": {"Atk": 0.7409162743257698, "Def": 0.35056561154216404}, "Away": {"Atk": 0.6236130731713446, "Def": 0.2954670658270088}, "Ext": 0.029328317673708547}, "Fortaleza / CE": {"Home": {"Atk": 0.26115880611305925, "Def": 0.8669877045859653}, "Away": {"Atk": 0.4869993829338993, "Def": 0.708136262946324}, "Ext": 0.1}, "Atl\u00e9tico / GO": {"Home": {"Atk": 0.3978031502340819, "Def": 0.8954221963918639}, "Away": {"Atk": 0.4911254887677741, "Def": 0.5942902511130984}, "Ext": 0.052337263310847}, "Ava\u00ed / SC": {"Home": {"Atk": 0.5063426957485013, "Def": 0.7642017294324133}, "Away": {"Atk": 0.3772945892820538, "Def": 0.497303730784604}, "Ext": 0.1}, "Coritiba / PR": {"Home": {"Atk": 0.5937285294236156, "Def": 0.7168702625554664}, "Away": {"Atk": 0.8732539137921921, "Def": 0.21153638780874198}, "Ext": 0.03868392317824084}, "Am\u00e9rica / MG": {"Home": {"Atk": 0.603861762656323, "Def": 0.5915436348702696}, "Away": {"Atk": 0.37044549803723953, "Def": 0.4915389124279064}, "Ext": 0.0}, "Flamengo / RJ": {"Home": {"Atk": 0.5027941558560995, "Def": 0.6135635346198864}, "Away": {"Atk": 0.5905102170833154, "Def": 0.7360959050966883}, "Ext": 0.051573355580551566}, "Red Bull Bragantino / SP": {"Home": {"Atk": 0.7336139445755294, "Def": 0.6364340102663355}, "Away": {"Atk": 0.4505475068288527, "Def": 0.6820752061885738}, "Ext": 0.0}, "Corinthians / SP": {"Home": {"Atk": 0.6819394497504093, "Def": 0.7040267924520435}, "Away": {"Atk": 0.8571395180785294, "Def": 0.8355192395666234}, "Ext": 0.0}, "Santos / SP": {"Home": {"Atk": 0.8474019660113947, "Def": 0.7265650728772793}, "Away": {"Atk": 0.6870025630385516, "Def": 0.7760909376068279}, "Ext": 0.1}, "Internacional / RS": {"Home": {"Atk": 0.7093327818262241, "Def": 0.7136601944034839}, "Away": {"Atk": 0.554330700004131, "Def": 0.7146675806143752}, "Ext": 0.1}, "Cear\u00e1 / CE": {"Home": {"Atk": 0.3459852425873357, "Def": 0.4511535225558064}, "Away": {"Atk": 0.7045801980134315, "Def": 0.6032802004615935}, "Ext": 0.1}, "Goi\u00e1s / GO": {"Home": {"Atk": 0.6750894508273352, "Def": 0.4975603314859128}, "Away": {"Atk": 0.6009955808185968, "Def": 0.23704064900809257}, "Ext": 0.05207421325531476}, "Cuiab\u00e1 / MT": {"Home": {"Atk": 0.41005201589913465, "Def": 0.7432497116362495}, "Away": {"Atk": 0.5170779935879531, "Def": 0.6611739006649261}, "Ext": 0.03931646427841874}, "Athletico Paranaense / PR": {"Home": {"Atk": 0.5790438852939395, "Def": 0.6373639625882545}, "Away": {"Atk": 0.4477553335384764, "Def": 0.6002659059032547}, "Ext": 0.0}}