{"Palmeiras / SP": {"Atk": 1.0, "Def": 0.9239475982585088, "Home bonus": 0.16704091791903197, "Ext": 0.446121401534599}, "Chapecoense / SC": {"Atk": 0.43776972568111755, "Def": 0.5850024706957502, "Home bonus": 0.12683165266154625, "Ext": 0.0}, "Fluminense / RJ": {"Atk": 0.41367799786567305, "Def": 0.9214041912507359, "Home bonus": 0.17802775489555805, "Ext": 0.09061823008668532}, "S\u00e3o Paulo / SP": {"Atk": 0.5868354588321175, "Def": 0.6338205514933135, "Home bonus": 0.5909644570878033, "Ext": 0.5492556661039495}, "Cruzeiro / MG": {"Atk": 0.5144082676889047, "Def": 0.6927969488815318, "Home bonus": 0.2817956359089789, "Ext": 0.6360932613711597}, "Athletico Paranaense / PR": {"Atk": 0.3195351034914151, "Def": 0.640851717886828, "Home bonus": 0.27017791219087356, "Ext": 0.3468923595257755}, "Sport / PE": {"Atk": 0.527848371371123, "Def": 0.710130722706116, "Home bonus": 0.5960228693683154, "Ext": 0.526505086629563}, "Vasco da Gama / RJ": {"Atk": 0.30105449675139306, "Def": 1.0379530822714533, "Home bonus": 0.340214234890025, "Ext": 0.6577397496101566}, "Gr\u00eamio / RS": {"Atk": 0.33934671515064246, "Def": 0.7893936000349963, "Home bonus": 0.8306440884064067, "Ext": 0.7106256334712335}, "Ava\u00ed / SC": {"Atk": 0.5235036553111447, "Def": 0.49900694824189573, "Home bonus": 0.3037567141126236, "Ext": 0.4227357333616354}, "Coritiba / PR": {"Atk": 0.2641670446196408, "Def": 0.5960791868264655, "Home bonus": 0.3484090874804933, "Ext": 0.37441068014884793}, "Goi\u00e1s / GO": {"Atk": 0.24895500483655583, "Def": 0.6744646632125012, "Home bonus": 0.7660066168543416, "Ext": 0.0}, "Corinthians / SP": {"Atk": 0.6866847671299339, "Def": 0.9013428429872186, "Home bonus": 0.8575406567959004, "Ext": 0.5436836711634356}, "Flamengo / RJ": {"Atk": 0.7024160222598481, "Def": 0.5947820340314728, "Home bonus": 0.12175598485157338, "Ext": 0.4867617357895215}, "Santos / SP": {"Atk": 0.6458563214382236, "Def": 0.6269440740291824, "Home bonus": 0.30970277327527457, "Ext": 0.048667913177126605}, "Atl\u00e9tico / MG": {"Atk": 0.6708635477725994, "Def": 0.8355535803119207, "Home bonus": 0.25030690001221617, "Ext": 0.10217779706354724}, "Joinville / SC": {"Atk": 0.11004012141681978, "Def": 0.6560306727515572, "Home bonus": 0.6292626278060713, "Ext": 0.5099129916624079}, "Ponte Preta / SP": {"Atk": 0.5198918423313176, "Def": 0.6476036681087904, "Home bonus": 0.39611166528963987, "Ext": 0.009382017216976783}, "Internacional / RS": {"Atk": 0.3691209037469404, "Def": 0.7417067348072661, "Home bonus": 0.4487100714879512, "Ext": 0.11819481837677585}, "Figueirense / SC": {"Atk": 0.2856980511960876, "Def": 0.5843148694243794, "Home bonus": 0.20374765502085665, "Ext": 0.7365943977731657}}