{"Cruzeiro / MG": {"Atk": 1.0, "Def": 1.4985224012136502, "Ext": 0.0}, "Athletico Paranaense / PR": {"Atk": 1.3321788402900392, "Def": 1.23071375752596, "Ext": 0.0}, "Am\u00e9rica / MG": {"Atk": 1.1795174394257204, "Def": 1.0438672417660717, "Ext": 0.1}, "Vit\u00f3ria / BA": {"Atk": 1.1884924691947913, "Def": 0.7048208682348327, "Ext": 0.1}, "Vasco da Gama / RJ": {"Atk": 1.412220557075949, "Def": 0.9199238132671231, "Ext": 0.02123381525396584}, "Botafogo / RJ": {"Atk": 1.0980419892394773, "Def": 0.9958274322908838, "Ext": 0.06555991873512904}, "S\u00e3o Paulo / SP": {"Atk": 1.8297566350952892, "Def": 1.4829642857641736, "Ext": 0.1}, "Santos / SP": {"Atk": 1.3042656880220815, "Def": 1.078734743128733, "Ext": 0.1}, "Corinthians / SP": {"Atk": 1.2188227080802538, "Def": 1.5283882981765606, "Ext": 0.0}, "Internacional / RS": {"Atk": 1.4912390105894413, "Def": 2.2097887543387795, "Ext": 0.1}, "Atl\u00e9tico / MG": {"Atk": 1.9001506061106985, "Def": 0.9790941901057605, "Ext": 0.1}, "Paran\u00e1 / PR": {"Atk": 0.5614512048614746, "Def": 1.034623501522365, "Ext": 0.0}, "Chapecoense / SC": {"Atk": 1.2235814871708468, "Def": 0.8996761137704695, "Ext": 0.04205055780817806}, "Bahia / BA": {"Atk": 1.2338092467995971, "Def": 1.0501821799049351, "Ext": 0.0}, "Fluminense / RJ": {"Atk": 1.1738246111534496, "Def": 1.0214629067441314, "Ext": 0.0}, "Flamengo / RJ": {"Atk": 1.6721566401305115, "Def": 1.5275496924059084, "Ext": 0.0}, "Cear\u00e1 / CE": {"Atk": 0.6573626273355248, "Def": 1.174219087463392, "Ext": 0.1}, "Sport / PE": {"Atk": 1.0419698376695, "Def": 0.7750303628577693, "Ext": 0.0}, "Palmeiras / SP": {"Atk": 1.6844729065069226, "Def": 1.776587121365069, "Ext": 0.0}, "Gr\u00eamio / RS": {"Atk": 1.3529841606484252, "Def": 2.4717379454550583, "Ext": 0.0}}