{"Vasco da Gama / RJ": {"Atk": 1.0, "Def": 0.8044057426677206, "Ext": 0.0}, "Vila Nova / GO": {"Atk": 0.5171502851179512, "Def": 2.0244848038557084, "Ext": 0.23957129909070998}, "Guarani / SP": {"Atk": 1.1903883637701305, "Def": 0.9714424403602819, "Ext": 0.0}, "N\u00e1utico / PE": {"Atk": 1.195903776529528, "Def": 0.7316820140170898, "Ext": 0.03382740864131394}, "Brasil / RS": {"Atk": 0.09705975176196673, "Def": 1.0999632047534222, "Ext": 0.3072162771251566}, "CRB / AL": {"Atk": 0.8848817854833003, "Def": 1.3960049773984573, "Ext": 0.21942048399628597}, "Coritiba / PR": {"Atk": 1.1503993568339848, "Def": 1.250694932787707, "Ext": 0.0}, "Brusque / SC": {"Atk": 1.054941774613197, "Def": 0.6272231615045735, "Ext": 0.0}, "Confian\u00e7a / SE": {"Atk": 0.8384189562637184, "Def": 0.718526751707447, "Ext": 0.004330814433272998}, "Sampaio Corr\u00eaa / MA": {"Atk": 0.6327346316986723, "Def": 1.245050607579588, "Ext": 0.15463999139512913}, "Botafogo / RJ": {"Atk": 1.3014075538000438, "Def": 1.4712443479177617, "Ext": 0.0}, "Goi\u00e1s / GO": {"Atk": 0.7141375364409083, "Def": 2.6488101475525876, "Ext": 0.2473951488325205}, "Ponte Preta / SP": {"Atk": 0.49075109353388785, "Def": 1.5358509162280507, "Ext": 0.3067149223037042}, "Cruzeiro / MG": {"Atk": 0.6227102180836369, "Def": 1.3367615026820192, "Ext": 0.41217468661800444}, "Londrina / PR": {"Atk": 0.5456700351029613, "Def": 0.9408513204166365, "Ext": 0.020285418528386296}, "CSA / AL": {"Atk": 1.0738938598171779, "Def": 1.146067446871342, "Ext": 0.0}, "Oper\u00e1rio / PR": {"Atk": 0.6218577584010189, "Def": 0.929812771251915, "Ext": 0.0895234854880488}, "Ava\u00ed / SC": {"Atk": 1.0527135568752077, "Def": 1.2464645778615924, "Ext": 0.0}, "Vit\u00f3ria / BA": {"Atk": 0.40051947914724734, "Def": 1.6820105835352186, "Ext": 0.11071551978213323}, "Remo / PA": {"Atk": 0.6856295335738858, "Def": 0.9923483755311262, "Ext": 0.0}, "Home bonus": 0.2648477637098937}