{"Palmeiras / SP": {"Home": {"Atk": 1.0349689788668062, "Def": 0.5194684468737903}, "Away": {"Atk": 0.7795926497748488, "Def": 0.714933191996143}, "Ext": 0.0}, "Flamengo / RJ": {"Home": {"Atk": 0.853241428572174, "Def": 0.48344581148889876}, "Away": {"Atk": 0.5715481713409575, "Def": 0.706998606551614}, "Ext": 0.0}, "Atl\u00e9tico / MG": {"Home": {"Atk": 0.9658703866925802, "Def": 0.6109523624827047}, "Away": {"Atk": 0.4637241710805652, "Def": 0.6019615195234812}, "Ext": 0.293725697154789}, "Coritiba / PR": {"Home": {"Atk": 0.6734136255765768, "Def": 0.6872831565273464}, "Away": {"Atk": 0.14913569676508362, "Def": 0.685904018247026}, "Ext": 0.28516720453485467}, "Botafogo / RJ": {"Home": {"Atk": 0.8960979765324169, "Def": 0.48642819190202796}, "Away": {"Atk": 0.41429112169613697, "Def": 0.5799665451629247}, "Ext": 0.0}, "Santa Cruz / PE": {"Home": {"Atk": 0.638695904727883, "Def": 0.27648701732998066}, "Away": {"Atk": 0.5143695446221792, "Def": 0.35389355039424203}, "Ext": 0.0}, "Corinthians / SP": {"Home": {"Atk": 0.7944631420555424, "Def": 0.8071068544480594}, "Away": {"Atk": 0.5521879720914722, "Def": 0.5450476825433251}, "Ext": 0.0}, "Figueirense / SC": {"Home": {"Atk": 0.3066543236816584, "Def": 1.2692024185035373}, "Away": {"Atk": 0.07154065737602232, "Def": 0.5665675758632044}, "Ext": 0.43977205668147984}, "Am\u00e9rica / MG": {"Home": {"Atk": 0.29738666016715803, "Def": 0.4184359829453886}, "Away": {"Atk": 0.24395025885827057, "Def": 0.3781306751687604}, "Ext": 0.0}, "Internacional / RS": {"Home": {"Atk": 0.43737287391169094, "Def": 0.8826680899754845}, "Away": {"Atk": 0.14684885074870968, "Def": 0.7563429335565167}, "Ext": 0.36272678871453884}, "Vit\u00f3ria / BA": {"Home": {"Atk": 0.47982056464662254, "Def": 0.5299084220713013}, "Away": {"Atk": 0.346558917840395, "Def": 0.6080663786787106}, "Ext": 0.3599961428020161}, "Fluminense / RJ": {"Home": {"Atk": 0.6347656868144727, "Def": 0.5140724592294034}, "Away": {"Atk": 0.26353427498130144, "Def": 1.213215563610658}, "Ext": 0.20566575720246963}, "Cruzeiro / MG": {"Home": {"Atk": 0.4280437569766322, "Def": 0.4652185577608112}, "Away": {"Atk": 0.548240980482483, "Def": 0.593171328870423}, "Ext": 0.03619514326635281}, "Santos / SP": {"Home": {"Atk": 0.9446567044701412, "Def": 1.0230621278388274}, "Away": {"Atk": 0.3936437457033694, "Def": 0.9649665423294512}, "Ext": 0.19453648203982712}, "Athletico Paranaense / PR": {"Home": {"Atk": 0.6909988944020093, "Def": 2.884729628724876}, "Away": {"Atk": 0.26986119070536835, "Def": 0.5029964614743598}, "Ext": 0.0}, "Chapecoense / SC": {"Home": {"Atk": 0.6770316082084306, "Def": 0.3421084913246349}, "Away": {"Atk": 0.5949964439521636, "Def": 0.41023639448895394}, "Ext": 0.14162304922035795}, "S\u00e3o Paulo / SP": {"Home": {"Atk": 0.5640435437449532, "Def": 0.671250886276592}, "Away": {"Atk": 0.44265784800087427, "Def": 0.6275645856148538}, "Ext": 0.0}, "Gr\u00eamio / RS": {"Home": {"Atk": 0.5403349021226755, "Def": 2.1902029107495538}, "Away": {"Atk": 0.556222524532065, "Def": 0.4472965967510497}, "Ext": 0.0}, "Ponte Preta / SP": {"Home": {"Atk": 0.8982778819766073, "Def": 0.47248387721987517}, "Away": {"Atk": 0.4322577247468567, "Def": 0.35320753718076386}, "Ext": 0.0}, "Sport / PE": {"Home": {"Atk": 0.9098078322214919, "Def": 0.40587762743262407}, "Away": {"Atk": 0.17900259887722134, "Def": 0.4826124577314224}, "Ext": 0.161290941693606}}