{"Red Bull Bragantino / SP": {"Atk": 1.0, "Def": 0.8276693848980631, "Ext": 0.0}, "Ponte Preta / SP": {"Atk": 1.2539593642723939, "Def": 1.4541572930526558, "Ext": 0.1}, "Vasco da Gama / RJ": {"Atk": 1.2174085026118613, "Def": 2.5692160998510714, "Ext": 0.1}, "Santa Cruz / PE": {"Atk": 1.1848634113680534, "Def": 1.3325812613846768, "Ext": 0.1}, "Sampaio Corr\u00eaa / MA": {"Atk": 1.3393267841114782, "Def": 1.0830379571414976, "Ext": 0.0344790398369098}, "Cear\u00e1 / CE": {"Atk": 1.650336485518547, "Def": 0.8493834069965013, "Ext": 0.0}, "Vila Nova / GO": {"Atk": 0.4689713737088785, "Def": 0.7757562287994906, "Ext": 0.0}, "Am\u00e9rica / RN": {"Atk": 1.346236338471367, "Def": 0.8573106152474551, "Ext": 0.0}, "Boa / MG": {"Atk": 1.326317027276629, "Def": 0.8738399005601799, "Ext": 0.1}, "Oeste / SP": {"Atk": 0.8384402615522817, "Def": 0.8198970717334738, "Ext": 0.1}, "Portuguesa / SP": {"Atk": 0.8335475115622675, "Def": 0.8492831810804256, "Ext": 0.005692897034576646}, "Paran\u00e1 / PR": {"Atk": 1.0224728521163498, "Def": 1.0946924834682066, "Ext": 0.1}, "N\u00e1utico / PE": {"Atk": 1.1115056377786445, "Def": 0.9597817954457879, "Ext": 0.0}, "Luverdense / MT": {"Atk": 1.1129665836422347, "Def": 1.1429556666629612, "Ext": 0.0}, "Icasa / CE": {"Atk": 0.5751117351873983, "Def": 1.1974167170023866, "Ext": 0.0}, "Ava\u00ed / SC": {"Atk": 1.017512301169171, "Def": 1.4215604745591068, "Ext": 0.0}, "Atl\u00e9tico / GO": {"Atk": 1.3094562540939807, "Def": 1.0603137595421812, "Ext": 0.0}, "ABC / RN": {"Atk": 0.8888569706098669, "Def": 1.6068598823639373, "Ext": 0.0}, "Am\u00e9rica / MG": {"Atk": 1.2450970916045911, "Def": 1.5229953066139992, "Ext": 0.0}, "Joinville / SC": {"Atk": 1.0364882956924328, "Def": 1.4541791698682465, "Ext": 0.1}, "Home bonus": 0.4116608335904365}