{"Cear\u00e1 / CE": {"Atk": 1.0, "Def": 0.56231139772392, "Ext": 0.0}, "Bahia / BA": {"Atk": 0.9842347332520947, "Def": 0.7254370553062978, "Ext": 0.1}, "Sampaio Corr\u00eaa / MA": {"Atk": 0.24040177284900113, "Def": 0.43895925134004715, "Ext": 0.1}, "Oeste / SP": {"Atk": 0.4072905107527485, "Def": 0.7277542495686834, "Ext": 0.1}, "Vila Nova / GO": {"Atk": 0.8207535741395284, "Def": 0.45908923129965556, "Ext": 0.1}, "Luverdense / MT": {"Atk": 0.5166251632385721, "Def": 0.7273595807462869, "Ext": 0.1}, "Tupi / MG": {"Atk": 0.5274250800479116, "Def": 0.5157124906078352, "Ext": 0.016526263824015876}, "Brasil / RS": {"Atk": 0.3779432368596067, "Def": 1.0002365213875823, "Ext": 0.0}, "Londrina / PR": {"Atk": 0.4520646285550411, "Def": 1.474423485598284, "Ext": 0.1}, "Crici\u00fama / SC": {"Atk": 0.6753095992917223, "Def": 0.7189538088693213, "Ext": 0.1}, "N\u00e1utico / PE": {"Atk": 1.034727863099137, "Def": 0.8331255533485679, "Ext": 0.1}, "CRB / AL": {"Atk": 0.8591304491339454, "Def": 0.485644551325, "Ext": 0.0}, "Paysandu / PA": {"Atk": 0.4706836156663721, "Def": 0.6197569204240254, "Ext": 0.1}, "Red Bull Bragantino / SP": {"Atk": 0.3084729186246828, "Def": 0.7442690016859776, "Ext": 0.02676190004062812}, "Goi\u00e1s / GO": {"Atk": 0.3905950822929301, "Def": 0.7117858312415265, "Ext": 0.0}, "Vasco da Gama / RJ": {"Atk": 1.0750932074094293, "Def": 0.6630952905201144, "Ext": 0.0}, "Atl\u00e9tico / GO": {"Atk": 0.5131305397840229, "Def": 1.4001362677047304, "Ext": 0.1}, "Joinville / SC": {"Atk": 0.29840538571923875, "Def": 0.7769278101129601, "Ext": 0.1}, "Paran\u00e1 / PR": {"Atk": 0.5855145876253559, "Def": 0.7742781440288831, "Ext": 0.1}, "Ava\u00ed / SC": {"Atk": 0.5539657651976434, "Def": 0.641693780114129, "Ext": 0.0}, "Home bonus": 0.43812765449759083}