{"Palmeiras / SP": {"Atk": 1.0, "Def": 1.2614021206751922, "Home bonus": 0.7207495023701621, "Ext": 0.08161515150419478}, "Flamengo / RJ": {"Atk": 0.7655314425078337, "Def": 1.847444406700069, "Home bonus": 0.20927986384492128, "Ext": 0.2959002882774171}, "Atl\u00e9tico / MG": {"Atk": 1.056681722635761, "Def": 0.6823948885606227, "Home bonus": 0.7751798362257278, "Ext": 0.03270989985933364}, "Coritiba / PR": {"Atk": 0.2569671492366461, "Def": 1.4376648443891824, "Home bonus": 0.9193952901894897, "Ext": 0.29139585523767053}, "Botafogo / RJ": {"Atk": 0.6155634526188937, "Def": 0.9859978368619464, "Home bonus": 0.5860217183340514, "Ext": 0.07988236776638183}, "Santa Cruz / PE": {"Atk": 0.8666913065806008, "Def": 0.4601995648602211, "Home bonus": 0.19822734993225227, "Ext": 0.0}, "Corinthians / SP": {"Atk": 0.7822960347163139, "Def": 1.0196233382127056, "Home bonus": 0.5444262038157207, "Ext": 0.0}, "Figueirense / SC": {"Atk": 0.1399090109816005, "Def": 1.0453140106351382, "Home bonus": 0.5308798553226785, "Ext": 0.30876162053008377}, "Am\u00e9rica / MG": {"Atk": 0.24683417387795145, "Def": 0.6182936139970786, "Home bonus": 0.3212764715895632, "Ext": 0.0}, "Internacional / RS": {"Atk": 0.2721478806331292, "Def": 1.315107477179171, "Home bonus": 0.4729092179200526, "Ext": 0.2889578841008247}, "Vit\u00f3ria / BA": {"Atk": 0.6184213098197779, "Def": 0.7755824121870591, "Home bonus": 0.6057508623484211, "Ext": 0.29242980523442647}, "Fluminense / RJ": {"Atk": 0.5420685393137236, "Def": 1.1404673281669535, "Home bonus": 0.39037386718483924, "Ext": 0.2884297225110281}, "Cruzeiro / MG": {"Atk": 0.8101394437198315, "Def": 0.7221853044736624, "Home bonus": 0.24302867092774244, "Ext": 0.03509189891080329}, "Santos / SP": {"Atk": 0.7779250751415868, "Def": 2.2074136065739687, "Home bonus": 0.7556731596274652, "Ext": 0.20680350316612534}, "Athletico Paranaense / PR": {"Atk": 0.4376168668876841, "Def": 1.9261336740858281, "Home bonus": 0.86205906607163, "Ext": 0.0}, "Chapecoense / SC": {"Atk": 0.9745421570913295, "Def": 0.6898100490149758, "Home bonus": 0.041225497070484604, "Ext": 0.19195103712616687}, "S\u00e3o Paulo / SP": {"Atk": 0.5668348001841927, "Def": 1.0734009686607606, "Home bonus": 0.5509094454842218, "Ext": 0.0}, "Gr\u00eamio / RS": {"Atk": 0.6413575305445582, "Def": 1.2587945997775911, "Home bonus": 0.4556353981144464, "Ext": 0.041966839274077315}, "Ponte Preta / SP": {"Atk": 0.5385788830508998, "Def": 0.65525076755073, "Home bonus": 1.072607143986665, "Ext": 0.0}, "Sport / PE": {"Atk": 0.652735256432079, "Def": 0.6045254982302061, "Home bonus": 0.8910606397068944, "Ext": 0.0}}