{"Paran\u00e1 / PR": {"Atk": 1.0, "Def": 0.998374345314277, "Ext": 0.1}, "Atl\u00e9tico / GO": {"Atk": 0.8103867312018682, "Def": 1.0309324450014803, "Ext": 0.042375754977756315}, "Paysandu / PA": {"Atk": 1.2088950308112199, "Def": 1.0649691578439624, "Ext": 0.0}, "Mogi Mirim / SP": {"Atk": 0.8522609268497696, "Def": 0.6508334447283398, "Ext": 0.1}, "Vit\u00f3ria / BA": {"Atk": 1.4317449729810359, "Def": 1.1543395090718613, "Ext": 0.1}, "Maca\u00e9 / RJ": {"Atk": 1.128408299660086, "Def": 0.817281152927272, "Ext": 0.057306378833719196}, "Am\u00e9rica / MG": {"Atk": 1.3465744297942435, "Def": 1.0229981535709718, "Ext": 0.0}, "N\u00e1utico / PE": {"Atk": 1.2341129510304618, "Def": 0.9552447092147518, "Ext": 0.0}, "ABC / RN": {"Atk": 0.9902841762420738, "Def": 0.6787237226456014, "Ext": 0.1}, "CRB / AL": {"Atk": 1.1160866713242532, "Def": 0.9472060298711804, "Ext": 0.06597785724926762}, "Bahia / BA": {"Atk": 1.2335280098233234, "Def": 1.1090275175373399, "Ext": 0.1}, "Crici\u00fama / SC": {"Atk": 0.8148865001860018, "Def": 1.0593031458677562, "Ext": 0.1}, "Sampaio Corr\u00eaa / MA": {"Atk": 1.2882470042551746, "Def": 1.034213185710834, "Ext": 0.0}, "Santa Cruz / PE": {"Atk": 1.3902144689057594, "Def": 0.9280461648727896, "Ext": 0.09935642590616758}, "Botafogo / RJ": {"Atk": 1.5449776691017747, "Def": 1.4268833068767162, "Ext": 0.0}, "Red Bull Bragantino / SP": {"Atk": 1.4315410020455126, "Def": 0.7467287024558845, "Ext": 0.0}, "Boa / MG": {"Atk": 0.7919914296534731, "Def": 0.8005714646248644, "Ext": 0.1}, "Oeste / SP": {"Atk": 0.8997552816792542, "Def": 1.024982389126799, "Ext": 0.1}, "Cear\u00e1 / CE": {"Atk": 1.026688411861363, "Def": 0.8005370246396368, "Ext": 0.07006590918817948}, "Luverdense / MT": {"Atk": 1.140977151121527, "Def": 1.1399130911908146, "Ext": 0.0}}