{"Red Bull Bragantino / SP": {"Atk": 1.0, "Def": 0.7968538368559366}, "Ponte Preta / SP": {"Atk": 1.4048609194192139, "Def": 1.163627925232616}, "Vasco da Gama / RJ": {"Atk": 1.2256623368375232, "Def": 1.3949220952812003}, "Santa Cruz / PE": {"Atk": 1.0811610036050459, "Def": 1.2192678212716546}, "Sampaio Corr\u00eaa / MA": {"Atk": 1.337586891006407, "Def": 1.0044430301625724}, "Cear\u00e1 / CE": {"Atk": 1.4992966152969665, "Def": 0.7771903196670583}, "Vila Nova / GO": {"Atk": 0.5261798367717241, "Def": 0.7470022050884798}, "Am\u00e9rica / RN": {"Atk": 0.8633929357491417, "Def": 0.8223121217055172}, "Boa / MG": {"Atk": 1.175902029942104, "Def": 1.0107093440728223}, "Oeste / SP": {"Atk": 0.9055011192427674, "Def": 0.7905868172068954}, "Portuguesa / SP": {"Atk": 0.7232007415641138, "Def": 0.8176839504077462}, "Paran\u00e1 / PR": {"Atk": 0.9013562340285909, "Def": 1.0629383361153608}, "N\u00e1utico / PE": {"Atk": 0.940771765919174, "Def": 1.0007511247823107}, "Luverdense / MT": {"Atk": 0.8971206292761781, "Def": 0.9571052016009954}, "Icasa / CE": {"Atk": 0.5856911132129576, "Def": 1.0438111065746092}, "Ava\u00ed / SC": {"Atk": 1.2774266586598915, "Def": 1.449789344651266}, "Atl\u00e9tico / GO": {"Atk": 1.2039223000651693, "Def": 0.7810252510388322}, "ABC / RN": {"Atk": 0.6341326744776049, "Def": 1.3596178523577034}, "Am\u00e9rica / MG": {"Atk": 1.0578699870764405, "Def": 1.0892611198622137}, "Joinville / SC": {"Atk": 1.1313296111388338, "Def": 1.3073363303858907}, "Home bonus": 0.3778688441415624}