{"Cear\u00e1 / CE": {"Atk": 1.0, "Def": 6.235605478906017, "Home bonus": 0.3124341174502133, "Ext": 0.4468367569669182}, "Bahia / BA": {"Atk": 1.935831690529757, "Def": 2.4779199881924514, "Home bonus": 0.6227675357074626, "Ext": 0.009973425502548781}, "Sampaio Corr\u00eaa / MA": {"Atk": 0.6319446646234864, "Def": 1.3439697343507069, "Home bonus": 0.49957351305789827, "Ext": 0.10770455786114409}, "Oeste / SP": {"Atk": 1.3703144115331454, "Def": 1.3315561436928642, "Home bonus": 0.11073248563034117, "Ext": 0.0}, "Vila Nova / GO": {"Atk": 1.919273276593722, "Def": 1.8308706066688554, "Home bonus": 0.0, "Ext": 0.2576275290741573}, "Luverdense / MT": {"Atk": 0.425190193641614, "Def": 5.3345654315267605, "Home bonus": 0.8209961406061614, "Ext": 0.42402063306818055}, "Tupi / MG": {"Atk": 0.8720794633725591, "Def": 1.3289119615477551, "Home bonus": 0.7164441778422687, "Ext": 0.0197453354379006}, "Brasil / RS": {"Atk": 1.2961608685511996, "Def": 2.0912719666638253, "Home bonus": 0.5548692894650885, "Ext": 0.0}, "Londrina / PR": {"Atk": 1.4721532945190552, "Def": 4.550637344307486, "Home bonus": 0.0, "Ext": 0.09209851809905532}, "Crici\u00fama / SC": {"Atk": 1.2449004902072776, "Def": 1.6157280144184065, "Home bonus": 0.7839571818064901, "Ext": 0.049797611858225635}, "N\u00e1utico / PE": {"Atk": 1.6209022623936773, "Def": 2.139955676582379, "Home bonus": 0.9154175706845455, "Ext": 0.0890931744092424}, "CRB / AL": {"Atk": 2.860516639346347, "Def": 1.0733727360310326, "Home bonus": 0.0, "Ext": 0.0}, "Paysandu / PA": {"Atk": 0.9501101372299093, "Def": 1.7893622392512114, "Home bonus": 0.7857042759872221, "Ext": 0.0}, "Red Bull Bragantino / SP": {"Atk": 1.1832977058833536, "Def": 1.356565360665446, "Home bonus": 0.16655094081282543, "Ext": 0.0}, "Goi\u00e1s / GO": {"Atk": 1.0009389735743361, "Def": 1.8374046276467897, "Home bonus": 0.7940763963584813, "Ext": 0.21683968040358115}, "Vasco da Gama / RJ": {"Atk": 2.1953502476237685, "Def": 1.6715782475770748, "Home bonus": 0.5164262636402627, "Ext": 0.0}, "Atl\u00e9tico / GO": {"Atk": 1.1901581488963293, "Def": 3.9935147028959523, "Home bonus": 0.9042087488170133, "Ext": 0.15819931510354998}, "Joinville / SC": {"Atk": 0.831486077989351, "Def": 1.8818754161075728, "Home bonus": 0.08633335432232861, "Ext": 0.0}, "Paran\u00e1 / PR": {"Atk": 1.267394385874801, "Def": 1.7314678750966832, "Home bonus": 0.07567342219652527, "Ext": 0.19034154343895554}, "Ava\u00ed / SC": {"Atk": 1.0683018629593786, "Def": 2.2104633707210324, "Home bonus": 1.0182775861011206, "Ext": 0.0}}