{"Oeste / SP": {"Atk": 1.0, "Def": 1.0823879537560577, "Home bonus": 0.0}, "Boa / MG": {"Atk": 1.0655923160857788, "Def": 1.4334354882634752, "Home bonus": 0.0}, "Figueirense / SC": {"Atk": 1.7270312003528046, "Def": 0.8281249785339263, "Home bonus": 0.7625622582983711}, "Joinville / SC": {"Atk": 1.3348473842785773, "Def": 1.2569094560627474, "Home bonus": 1.0524948552331252}, "Icasa / CE": {"Atk": 0.641395485588176, "Def": 0.7186482197102867, "Home bonus": 1.5128347688126542}, "ABC / RN": {"Atk": 0.8102363312676596, "Def": 0.9735862882185756, "Home bonus": 0.2076394743005657}, "Palmeiras / SP": {"Atk": 1.6321722643642318, "Def": 1.7016623444002268, "Home bonus": 0.990161079395909}, "S\u00e3o Caetano / SP": {"Atk": 1.2412173867866283, "Def": 1.401806990116077, "Home bonus": 0.0}, "Guaratinguet\u00e1 / SP": {"Atk": 1.1468213367677047, "Def": 0.8924299363465005, "Home bonus": 0.40350603518229955}, "Paysandu / PA": {"Atk": 0.5665156720820297, "Def": 0.8363018449769208, "Home bonus": 1.2456837632062956}, "ASA / AL": {"Atk": 0.9116390488376356, "Def": 0.8103003248184084, "Home bonus": 0.46278556662247516}, "Am\u00e9rica / MG": {"Atk": 1.0482333419700518, "Def": 0.9432146384896872, "Home bonus": 1.6412081462136618}, "Ava\u00ed / SC": {"Atk": 1.4146539116244825, "Def": 1.157263839940075, "Home bonus": 0.15832935865570585}, "Chapecoense / SC": {"Atk": 1.9164340322556452, "Def": 1.7246475605078269, "Home bonus": 0.7281151863173324}, "Cear\u00e1 / CE": {"Atk": 0.7231297088976564, "Def": 1.0610411479119797, "Home bonus": 1.1923135388204278}, "Am\u00e9rica / RN": {"Atk": 1.0174039099694054, "Def": 1.069544028495693, "Home bonus": 0.0}, "Paran\u00e1 / PR": {"Atk": 1.3754356438704969, "Def": 2.627531603217819, "Home bonus": 0.6242293485512315}, "Atl\u00e9tico / GO": {"Atk": 0.8593715379555468, "Def": 0.8998184337203077, "Home bonus": 0.0}, "Red Bull Bragantino / SP": {"Atk": 1.1486309906199594, "Def": 2.5209338846052756, "Home bonus": 0.0}, "Sport / PE": {"Atk": 2.081683266529658, "Def": 0.9846858272806255, "Home bonus": 0.0}}