{"Oeste / SP": {"Atk": 1.0, "Def": 0.7236752864995197, "Home bonus": 0.0}, "Boa / MG": {"Atk": 0.5904420623557239, "Def": 0.9496943965376508, "Home bonus": 0.40406656120620266}, "Figueirense / SC": {"Atk": 1.207214540100972, "Def": 0.8224156324114723, "Home bonus": 0.5449536876347812}, "Joinville / SC": {"Atk": 1.1001532496509214, "Def": 0.901051458308117, "Home bonus": 0.42153646090819163}, "Icasa / CE": {"Atk": 0.8336656221514278, "Def": 0.7891990866582033, "Home bonus": 0.7576719324110323}, "ABC / RN": {"Atk": 0.4862517851104923, "Def": 0.7519844912030588, "Home bonus": 1.2822867309545194}, "Palmeiras / SP": {"Atk": 1.3553580886221548, "Def": 1.9585258080521541, "Home bonus": 0.5719459291197503}, "S\u00e3o Caetano / SP": {"Atk": 0.9652949744050616, "Def": 0.7538221314486536, "Home bonus": 0.2526330162745556}, "Guaratinguet\u00e1 / SP": {"Atk": 0.7907509241402302, "Def": 0.8382729815194693, "Home bonus": 0.4465411110553724}, "Paysandu / PA": {"Atk": 0.6769991705817571, "Def": 0.753490084813238, "Home bonus": 0.6031811713306372}, "ASA / AL": {"Atk": 0.6573425868397947, "Def": 0.5604205194782343, "Home bonus": 0.7180063369866225}, "Am\u00e9rica / MG": {"Atk": 1.0348009808542038, "Def": 1.0166001451902014, "Home bonus": 0.37363044265429757}, "Ava\u00ed / SC": {"Atk": 0.9054193680362748, "Def": 0.9153484559298083, "Home bonus": 0.5115031739683515}, "Chapecoense / SC": {"Atk": 1.0084838470905082, "Def": 1.4402722378763961, "Home bonus": 0.8023562381166879}, "Cear\u00e1 / CE": {"Atk": 0.891859849316932, "Def": 0.8692888838529564, "Home bonus": 1.2189841499886842}, "Am\u00e9rica / RN": {"Atk": 0.9502420477917423, "Def": 0.7525671406169715, "Home bonus": 0.3359708601684278}, "Paran\u00e1 / PR": {"Atk": 1.2116068615648543, "Def": 1.1894113273367362, "Home bonus": 0.041061636491760346}, "Atl\u00e9tico / GO": {"Atk": 0.7516310921987795, "Def": 0.7623980980476687, "Home bonus": 0.4573003579115898}, "Red Bull Bragantino / SP": {"Atk": 0.8347059285250072, "Def": 1.149619311951409, "Home bonus": 0.0}, "Sport / PE": {"Atk": 1.489676708999683, "Def": 0.786076389123432, "Home bonus": 0.06214871005358859}}