{"ABC / RN": {"Atk": 1.0, "Def": 1.1816592355734201, "Home bonus": 0.0, "Ext": 0.0}, "N\u00e1utico / PE": {"Atk": 0.826850257688621, "Def": 1.3309452866842886, "Home bonus": 0.3820785460367305, "Ext": 0.1}, "Crici\u00fama / SC": {"Atk": 1.301434996165681, "Def": 1.3540633862960867, "Home bonus": 0.4891534541734227, "Ext": 0.1}, "Goi\u00e1s / GO": {"Atk": 1.0858392331389748, "Def": 1.3576925423605075, "Home bonus": 0.5907505868770723, "Ext": 0.0}, "Guarani / SP": {"Atk": 1.2188268047396633, "Def": 1.3073417755464152, "Home bonus": 0.35066314115188424, "Ext": 0.0}, "Juventude / RS": {"Atk": 1.010326227649304, "Def": 1.80204921310363, "Home bonus": 0.7424745883644668, "Ext": 0.0}, "Londrina / PR": {"Atk": 2.3706732939282182, "Def": 1.098629168578132, "Home bonus": 0.0686070190422137, "Ext": 0.1}, "Boa / MG": {"Atk": 0.8947836140436575, "Def": 1.5676590164984079, "Home bonus": 0.7742932254614464, "Ext": 0.1}, "Paysandu / PA": {"Atk": 1.49153772652673, "Def": 1.776962987271929, "Home bonus": 0.0, "Ext": 0.0}, "CRB / AL": {"Atk": 0.932655652896385, "Def": 1.1665415234497207, "Home bonus": 0.5965667024156809, "Ext": 0.0}, "Cear\u00e1 / CE": {"Atk": 1.6390005994247108, "Def": 1.7893921442146092, "Home bonus": 0.3025584233319995, "Ext": 0.0}, "Santa Cruz / PE": {"Atk": 1.1893985183659237, "Def": 1.2794198362105174, "Home bonus": 0.3925211704169743, "Ext": 0.1}, "Figueirense / SC": {"Atk": 1.3850244037155182, "Def": 1.051001450127593, "Home bonus": 0.4431220054633585, "Ext": 0.0}, "Vila Nova / GO": {"Atk": 0.9835012919453561, "Def": 2.3043469472256577, "Home bonus": 0.7091774100839722, "Ext": 0.0}, "Oeste / SP": {"Atk": 1.1152432562133885, "Def": 2.0745488061161153, "Home bonus": 1.0174650562772831, "Ext": 0.1}, "Brasil / RS": {"Atk": 0.9479989344241179, "Def": 1.167428983026392, "Home bonus": 0.7359028893206836, "Ext": 0.0}, "Paran\u00e1 / PR": {"Atk": 1.445721484281281, "Def": 3.0093304481705663, "Home bonus": 0.7980731561999037, "Ext": 0.1}, "Am\u00e9rica / MG": {"Atk": 1.7260052470656428, "Def": 2.401759982139622, "Home bonus": 0.13781483685128046, "Ext": 0.1}, "Luverdense / MT": {"Atk": 1.4957152986498763, "Def": 1.4387899817665784, "Home bonus": 0.054504502781144076, "Ext": 0.1}, "Internacional / RS": {"Atk": 1.9034255436441188, "Def": 2.537183186021464, "Home bonus": 0.4366616010308441, "Ext": 0.1}}