{"Guarani / SP": {"Home": {"Atk": 1.0, "Def": 0.483300283512006}, "Away": {"Atk": 0.1763690096088627, "Def": 0.6499069219167559}, "Ext": 0.0}, "Botafogo / SP": {"Home": {"Atk": 0.4147773714943373, "Def": 0.4253071829306551}, "Away": {"Atk": 0.7518427733700226, "Def": 0.7572698064427568}, "Ext": 0.1}, "S\u00e3o Bento / SP": {"Home": {"Atk": 0.7817082506064512, "Def": 0.5190221980288691}, "Away": {"Atk": 0.5064146221786904, "Def": 0.37586717708097195}, "Ext": 0.1}, "Vila Nova / GO": {"Home": {"Atk": 0.26711255115760396, "Def": 0.533841928555987}, "Away": {"Atk": 0.26829711343198903, "Def": 0.7343506941246056}, "Ext": 0.08013795244144734}, "Coritiba / PR": {"Home": {"Atk": 0.7550692541654329, "Def": 0.4778232145695246}, "Away": {"Atk": 0.41547730738430916, "Def": 0.6348797161328253}, "Ext": 0.0834103475952162}, "Oper\u00e1rio / PR": {"Home": {"Atk": 0.7061466740023057, "Def": 0.6967208431360615}, "Away": {"Atk": 0.5369823657230518, "Def": 0.5304719821851298}, "Ext": 0.1}, "Crici\u00fama / SC": {"Home": {"Atk": 0.4576289085735277, "Def": 0.5216001803892415}, "Away": {"Atk": 0.2106221024217187, "Def": 0.388753917135749}, "Ext": 0.1}, "Brasil / RS": {"Home": {"Atk": 0.5115843956387964, "Def": 0.5859774837479867}, "Away": {"Atk": 0.5045244642256744, "Def": 0.6092388608388775}, "Ext": 0.0}, "Sport / PE": {"Home": {"Atk": 0.5336462609635891, "Def": 0.6995015860986884}, "Away": {"Atk": 0.7602568604861417, "Def": 0.7192521362460849}, "Ext": 0.1}, "CRB / AL": {"Home": {"Atk": 0.6132153324339376, "Def": 0.565930319032579}, "Away": {"Atk": 0.7626631601521219, "Def": 0.6528353512993627}, "Ext": 0.1}, "Ponte Preta / SP": {"Home": {"Atk": 0.6788275398499538, "Def": 0.7123090130140387}, "Away": {"Atk": 0.5581655242899668, "Def": 0.4177154732094782}, "Ext": 0.1}, "Red Bull Bragantino / SP": {"Home": {"Atk": 0.8811920573359113, "Def": 0.7510773417298526}, "Away": {"Atk": 0.4411997586760339, "Def": 0.8791181161129585}, "Ext": 0.0}, "Oeste / SP": {"Home": {"Atk": 0.5423006447078573, "Def": 1.0441104886632824}, "Away": {"Atk": 0.4963388464025478, "Def": 0.6208395244341933}, "Ext": 0.1}, "Atl\u00e9tico / GO": {"Home": {"Atk": 0.6175866476535989, "Def": 0.5470492897465288}, "Away": {"Atk": 0.5283120069378648, "Def": 0.8334715146606345}, "Ext": 0.023516304637839082}, "Paran\u00e1 / PR": {"Home": {"Atk": 0.5377139877346234, "Def": 0.9120976150061528}, "Away": {"Atk": 0.6410176104990739, "Def": 0.5454449948931267}, "Ext": 0.1}, "Londrina / PR": {"Home": {"Atk": 0.5205675889083697, "Def": 0.7427327951356426}, "Away": {"Atk": 0.4692408998739417, "Def": 0.5597850541396213}, "Ext": 0.1}, "Figueirense / SC": {"Home": {"Atk": 0.8076688577994441, "Def": 0.5730017192572883}, "Away": {"Atk": 0.46886473576857957, "Def": 0.7249621486481256}, "Ext": 0.0}, "Am\u00e9rica / MG": {"Home": {"Atk": 0.43154084503864987, "Def": 0.4172407554184495}, "Away": {"Atk": 0.4583032279480603, "Def": 0.48934556179968425}, "Ext": 0.06365161178327174}, "Vit\u00f3ria / BA": {"Home": {"Atk": 0.5470620295482094, "Def": 0.26134254276377866}, "Away": {"Atk": 0.5899583278881627, "Def": 0.26662400919329166}, "Ext": 0.06474397061055177}, "Cuiab\u00e1 / MT": {"Home": {"Atk": 0.6466428286575651, "Def": 0.4675807344279788}, "Away": {"Atk": 0.38717744107527946, "Def": 0.6657807355754065}, "Ext": 0.012268620757695813}}