{"Gr\u00eamio / RS": {"Atk": 1.0, "Def": 0.6043838493364386, "Ext": 0.33199596955308214}, "Atl\u00e9tico / MG": {"Atk": 0.38916540860757554, "Def": 0.6847849999649078, "Ext": 0.47402322019085696}, "Cear\u00e1 / CE": {"Atk": 0.7755298161783346, "Def": 0.6420575628833024, "Ext": 0.7125461749329364}, "Palmeiras / SP": {"Atk": 0.7631166134740197, "Def": 1.0530603576318944, "Ext": 0.0}, "S\u00e3o Paulo / SP": {"Atk": 0.48791366567357425, "Def": 0.9177465759206732, "Ext": 0.6171459086649103}, "Flamengo / RJ": {"Atk": 0.7908511666477764, "Def": 0.6488563716331448, "Ext": 0.6147495966092921}, "Fluminense / RJ": {"Atk": 0.5694783858172686, "Def": 0.6849808181798746, "Ext": 0.12269408671469662}, "Chapecoense / SC": {"Atk": 0.24313282368272393, "Def": 0.8354670885643694, "Ext": 0.30184174556117804}, "Bahia / BA": {"Atk": 0.2574192838487127, "Def": 0.7722396137653469, "Ext": 0.2928855853357001}, "Athletico Paranaense / PR": {"Atk": 0.49945170564327934, "Def": 0.7025508526445715, "Ext": 0.5335488844151416}, "Internacional / RS": {"Atk": 0.439257342045701, "Def": 0.8968807727758707, "Ext": 0.5452569690218921}, "Cruzeiro / MG": {"Atk": 0.05585651988795304, "Def": 0.9224760172694486, "Ext": 0.30965265257746094}, "Fortaleza / CE": {"Atk": 0.6337534887342827, "Def": 0.5659077921260904, "Ext": 0.6045276456735255}, "Corinthians / SP": {"Atk": 0.6305843312302681, "Def": 0.7248077035716548, "Ext": 0.06424392479526621}, "Santos / SP": {"Atk": 0.8619776415535675, "Def": 0.6994802421598907, "Ext": 0.5725701568004745}, "Vasco da Gama / RJ": {"Atk": 0.22299221572465988, "Def": 0.5253585467386956, "Ext": 0.4074109903423202}, "Botafogo / RJ": {"Atk": 0.3045696561995856, "Def": 0.7361140339962731, "Ext": 0.7691847635511468}, "Ava\u00ed / SC": {"Atk": 0.0, "Def": 0.5853857892578147, "Ext": 0.3554727569847196}, "Goi\u00e1s / GO": {"Atk": 0.6487186107181752, "Def": 0.7834281005504797, "Ext": 0.19601732873846883}, "CSA / AL": {"Atk": 0.42909016004188727, "Def": 0.5931235581844452, "Ext": 0.3097203813655256}, "Home bonus": 0.32706946321634983}