{"Palmeiras / SP": {"Atk": 1.0180327885283926, "Def": 0.7088368274609158, "Ext": 0.0}, "Flamengo / RJ": {"Atk": 0.6913554365746526, "Def": 0.8677361801058714, "Ext": 0.14764889620080418}, "Atl\u00e9tico / MG": {"Atk": 0.9524682082397937, "Def": 0.5487531370556084, "Ext": 0.02667343979409268}, "Coritiba / PR": {"Atk": 0.6579513369653495, "Def": 0.5757192363718059, "Ext": 0.0}, "Botafogo / RJ": {"Atk": 0.6760547909671694, "Def": 0.6667510188041641, "Ext": 0.07605466770001008}, "Santa Cruz / PE": {"Atk": 0.6412511836156054, "Def": 0.3758047325516308, "Ext": 0.0}, "Corinthians / SP": {"Atk": 0.7737934013418182, "Def": 0.6621223873095593, "Ext": 0.0}, "Figueirense / SC": {"Atk": 0.3127856642843603, "Def": 0.6926806642271324, "Ext": 0.28941466917489267}, "Am\u00e9rica / MG": {"Atk": 0.3167019277187686, "Def": 0.4518862321617165, "Ext": 0.0}, "Internacional / RS": {"Atk": 0.35485374511960716, "Def": 0.8658075620779011, "Ext": 0.3132583056461536}, "Vit\u00f3ria / BA": {"Atk": 0.6836705305576524, "Def": 0.47697426428081, "Ext": 0.0}, "Fluminense / RJ": {"Atk": 0.5096528294142216, "Def": 0.9095881281433087, "Ext": 0.2720411436601717}, "Cruzeiro / MG": {"Atk": 0.6269318259998975, "Def": 0.5590799408151271, "Ext": 0.0}, "Santos / SP": {"Atk": 0.8850768796266657, "Def": 0.8031386560650139, "Ext": 0.0}, "Athletico Paranaense / PR": {"Atk": 0.555724633850322, "Def": 0.7949134645156879, "Ext": 0.0}, "Chapecoense / SC": {"Atk": 0.5569744037174701, "Def": 0.537938840188321, "Ext": 0.37452491026445833}, "S\u00e3o Paulo / SP": {"Atk": 0.5225640589101606, "Def": 0.7923888669782772, "Ext": 0.0}, "Gr\u00eamio / RS": {"Atk": 0.6226023902131153, "Def": 0.6998640204244317, "Ext": 0.02462822382182083}, "Ponte Preta / SP": {"Atk": 0.7568473736694381, "Def": 0.4532310567472865, "Ext": 0.0}, "Sport / PE": {"Atk": 0.7250758123861618, "Def": 0.4549888906139049, "Ext": 0.050174460634521356}}