{"Cruzeiro / MG": {"Atk": 1.0, "Def": 1.4216474967168848}, "Ava\u00ed / SC": {"Atk": 1.200460171526959, "Def": 0.8982312854800465}, "CSA / AL": {"Atk": 1.3201256512822062, "Def": 1.2361978284984716}, "Ponte Preta / SP": {"Atk": 1.4684179509285153, "Def": 0.8666201168566338}, "Oeste / SP": {"Atk": 0.66612574397809, "Def": 0.6680136700871723}, "Oper\u00e1rio / PR": {"Atk": 0.9553136493032225, "Def": 1.3218304099128892}, "Juventude / RS": {"Atk": 1.6889983454843034, "Def": 1.3137123976034861}, "Vit\u00f3ria / BA": {"Atk": 1.2702405234062286, "Def": 1.1488934208674615}, "Confian\u00e7a / SE": {"Atk": 1.2330282500971146, "Def": 1.2158491922894499}, "Cuiab\u00e1 / MT": {"Atk": 1.352341364270026, "Def": 1.4782960521188915}, "Am\u00e9rica / MG": {"Atk": 1.2011034709712722, "Def": 2.169046580225759}, "Figueirense / SC": {"Atk": 0.6537285236678494, "Def": 1.4956017343205728}, "CRB / AL": {"Atk": 1.3221662914025174, "Def": 1.2320395924006264}, "Guarani / SP": {"Atk": 1.043448701915005, "Def": 1.0792135662170255}, "Botafogo / SP": {"Atk": 0.6009108881088719, "Def": 1.3043348622902224}, "Paran\u00e1 / PR": {"Atk": 1.3155653076209324, "Def": 1.5743854088735463}, "Brasil / RS": {"Atk": 0.8308218290227057, "Def": 1.5929044714952745}, "N\u00e1utico / PE": {"Atk": 0.8661906258212102, "Def": 1.1184175660644504}, "Sampaio Corr\u00eaa / MA": {"Atk": 1.5324294775106013, "Def": 1.5047629128236815}, "Chapecoense / SC": {"Atk": 1.143128396705246, "Def": 9.750362128712585}, "Home bonus": 0.33586659802331814}