{"Cear\u00e1 / CE": {"Atk": 1.0, "Def": 0.6195032606815807, "Ext": 0.0975513700317083}, "Bahia / BA": {"Atk": 0.7227600841911482, "Def": 1.4331859238916556, "Ext": 0.37471565714785526}, "Sampaio Corr\u00eaa / MA": {"Atk": 0.0, "Def": 0.40792752225224627, "Ext": 0.0}, "Oeste / SP": {"Atk": 0.41915312727918363, "Def": 0.6566309303056896, "Ext": 0.0}, "Vila Nova / GO": {"Atk": 0.6909712440790792, "Def": 0.5549662040932001, "Ext": 0.2195458624122669}, "Luverdense / MT": {"Atk": 0.31014391004355296, "Def": 1.18012730913744, "Ext": 0.4440819005193526}, "Tupi / MG": {"Atk": 0.19084674950932837, "Def": 0.8530182588306248, "Ext": 0.33166767705576017}, "Brasil / RS": {"Atk": 0.41019161093359546, "Def": 1.3397071922231465, "Ext": 0.0}, "Londrina / PR": {"Atk": 0.2702139454609542, "Def": 1.9864517664752492, "Ext": 0.20276795763446456}, "Crici\u00fama / SC": {"Atk": 0.258782516283677, "Def": 219.4212517340347, "Ext": 0.5090567910710841}, "N\u00e1utico / PE": {"Atk": 1.3091171903390226, "Def": 0.6561566412237935, "Ext": 0.0}, "CRB / AL": {"Atk": 0.4877273561424483, "Def": 0.5546284089958884, "Ext": 0.3655321106498888}, "Paysandu / PA": {"Atk": 0.5107918473383585, "Def": 0.6627010224468686, "Ext": 0.0}, "Red Bull Bragantino / SP": {"Atk": 0.15011097046252425, "Def": 0.7929386902906101, "Ext": 0.0}, "Goi\u00e1s / GO": {"Atk": 0.45866278223882967, "Def": 0.6353028460428848, "Ext": 0.0}, "Vasco da Gama / RJ": {"Atk": 1.1294575465821841, "Def": 0.7610791310614033, "Ext": 0.0}, "Atl\u00e9tico / GO": {"Atk": 0.3500167689875113, "Def": 2.1334900924928974, "Ext": 0.09051429431108385}, "Joinville / SC": {"Atk": 0.23141294354204794, "Def": 1.06545294063579, "Ext": 0.0}, "Paran\u00e1 / PR": {"Atk": 0.38778539814448193, "Def": 0.8036806366435721, "Ext": 0.1423452274567038}, "Ava\u00ed / SC": {"Atk": 0.4529483917519104, "Def": 0.542663857087583, "Ext": 0.0}, "Home bonus": 0.44493535657529887}