{"Flamengo / RJ": {"Atk": 1.0, "Def": 0.7092986648602004}, "Botafogo / RJ": {"Atk": 1.0784799684343112, "Def": 1.981716057770578}, "Palmeiras / SP": {"Atk": 1.1050337024981722, "Def": 0.9556781064929895}, "Corinthians / SP": {"Atk": 0.6215166646758966, "Def": 0.7443460482206363}, "Red Bull Bragantino / SP": {"Atk": 0.8602767000806526, "Def": 0.9559108810793071}, "Atl\u00e9tico Mineiro / MG": {"Atk": 0.688023610453676, "Def": 0.9167373787852879}, "Gr\u00eamio / RS": {"Atk": 0.9175234105911622, "Def": 0.6383993378331064}, "Athletico Paranaense / PR": {"Atk": 0.8424433081192001, "Def": 0.7215471655980782}, "Fortaleza / CE": {"Atk": 0.6019359763333003, "Def": 0.8556066429394134}, "Am\u00e9rica / MG": {"Atk": 0.6760822188684151, "Def": 0.34980796748273996}, "Fluminense / RJ": {"Atk": 0.7500049086578913, "Def": 0.9698931409490363}, "Vasco da Gama / RJ": {"Atk": 0.5048697902422405, "Def": 0.5200526179755334}, "S\u00e3o Paulo / SP": {"Atk": 0.7202648985559018, "Def": 0.8422494885992665}, "Santos / SP": {"Atk": 0.5047056549996004, "Def": 0.5042122731135109}, "Goi\u00e1s / GO": {"Atk": 0.5145823343999983, "Def": 0.585764811693984}, "Cruzeiro / MG": {"Atk": 0.6438966404204071, "Def": 1.0683737942021758}, "Internacional / RS": {"Atk": 0.49802528447843675, "Def": 0.7220733826601701}, "Coritiba / PR": {"Atk": 0.5928144414354819, "Def": 0.4333296851937069}, "Bahia / BA": {"Atk": 0.4867767649609985, "Def": 0.6430597669458545}, "Cuiab\u00e1 / MT": {"Atk": 0.6416174499310086, "Def": 0.7489006006861515}, "Home bonus": 0.3860080957577931}