{"Cruzeiro / MG": {"Atk": 1.0, "Def": 0.7426527160949444, "Ext": 0.0751949801985552}, "Ava\u00ed / SC": {"Atk": 1.0505321351753134, "Def": 0.6826516120883508, "Ext": 0.1}, "CSA / AL": {"Atk": 1.0168052657121447, "Def": 0.7089887329379344, "Ext": 0.0}, "Ponte Preta / SP": {"Atk": 1.2192389562443864, "Def": 0.6960843166880445, "Ext": 0.06395362564356251}, "Oeste / SP": {"Atk": 0.6276288875466604, "Def": 0.46358515432070774, "Ext": 0.1}, "Oper\u00e1rio / PR": {"Atk": 0.9431549091919635, "Def": 1.1202698316380482, "Ext": 0.1}, "Juventude / RS": {"Atk": 1.3824406518886234, "Def": 0.793880458968572, "Ext": 0.1}, "Vit\u00f3ria / BA": {"Atk": 1.0015047477415595, "Def": 0.9285838753646418, "Ext": 0.1}, "Confian\u00e7a / SE": {"Atk": 0.7958696655727893, "Def": 0.9010887860489963, "Ext": 0.1}, "Cuiab\u00e1 / MT": {"Atk": 1.1206420971130038, "Def": 1.3582238897099812, "Ext": 0.1}, "Am\u00e9rica / MG": {"Atk": 0.643034942004017, "Def": 1.6431301099953437, "Ext": 0.1}, "Figueirense / SC": {"Atk": 0.5475498132341584, "Def": 0.7825640215919437, "Ext": 0.1}, "CRB / AL": {"Atk": 1.0272196609977902, "Def": 0.8984278720436264, "Ext": 0.1}, "Guarani / SP": {"Atk": 0.6935594382589128, "Def": 0.6642008628840625, "Ext": 0.1}, "Botafogo / SP": {"Atk": 0.5459667246300154, "Def": 0.9748382386306121, "Ext": 0.0}, "Paran\u00e1 / PR": {"Atk": 0.9886324638964037, "Def": 1.2477726311202215, "Ext": 0.1}, "Brasil / RS": {"Atk": 0.5991731882251259, "Def": 1.1969001557798682, "Ext": 0.1}, "N\u00e1utico / PE": {"Atk": 0.9630157842361751, "Def": 0.8084914442723314, "Ext": 0.1}, "Sampaio Corr\u00eaa / MA": {"Atk": 1.1324260352050415, "Def": 0.9691583708534139, "Ext": 0.1}, "Chapecoense / SC": {"Atk": 0.7109801173931801, "Def": 3.225164034582896, "Ext": 0.1}}