{"Red Bull Bragantino / SP": {"Home": {"Atk": 1.0, "Def": 0.39710281787553686}, "Away": {"Atk": 0.4744225256603394, "Def": 0.5419477912169915}, "Ext": 0.029048313813543527}, "Ponte Preta / SP": {"Home": {"Atk": 1.127065513511174, "Def": 0.6255893684865759}, "Away": {"Atk": 0.832028353569132, "Def": 0.8298740633577908}, "Ext": 0.1}, "Vasco da Gama / RJ": {"Home": {"Atk": 1.0736974209499068, "Def": 0.6687849483068388}, "Away": {"Atk": 0.5370932143244854, "Def": 0.8891116392078607}, "Ext": 0.0}, "Santa Cruz / PE": {"Home": {"Atk": 1.152804185237115, "Def": 0.7900418550318015}, "Away": {"Atk": 0.5221496897132585, "Def": 0.751202845367851}, "Ext": 0.1}, "Sampaio Corr\u00eaa / MA": {"Home": {"Atk": 1.0378530778067492, "Def": 0.5185081532533472}, "Away": {"Atk": 0.6883395804078228, "Def": 0.6986504233665859}, "Ext": 0.1}, "Cear\u00e1 / CE": {"Home": {"Atk": 1.2488128315565015, "Def": 0.45124857086062375}, "Away": {"Atk": 0.6974333048256219, "Def": 0.5370228955788116}, "Ext": 0.0}, "Vila Nova / GO": {"Home": {"Atk": 0.5491929066250597, "Def": 0.3554512227997667}, "Away": {"Atk": 0.42674418189313795, "Def": 0.512809184979842}, "Ext": 0.0}, "Am\u00e9rica / RN": {"Home": {"Atk": 0.858481569213257, "Def": 0.41329371746893584}, "Away": {"Atk": 0.49591434629092623, "Def": 0.6551256229738125}, "Ext": 0.04998403151331212}, "Boa / MG": {"Home": {"Atk": 0.9692318278419468, "Def": 0.5572085497230057}, "Away": {"Atk": 0.6498568867330022, "Def": 0.5785828892460995}, "Ext": 0.0}, "Oeste / SP": {"Home": {"Atk": 0.9601252651398442, "Def": 0.505165260913726}, "Away": {"Atk": 0.32846253292541844, "Def": 0.5874213905691812}, "Ext": 0.1}, "Portuguesa / SP": {"Home": {"Atk": 0.5510618037194093, "Def": 0.39152900270099983}, "Away": {"Atk": 0.3688668000075708, "Def": 0.6237996380476735}, "Ext": 0.1}, "Paran\u00e1 / PR": {"Home": {"Atk": 0.7028041040942236, "Def": 0.7455693174928436}, "Away": {"Atk": 0.56574093048815, "Def": 0.6044250691000911}, "Ext": 0.1}, "N\u00e1utico / PE": {"Home": {"Atk": 0.8178431165867414, "Def": 0.4688195909425734}, "Away": {"Atk": 0.5179774305074323, "Def": 0.670380076087421}, "Ext": 0.09434982488839705}, "Luverdense / MT": {"Home": {"Atk": 1.0461687326253564, "Def": 0.4905541742839025}, "Away": {"Atk": 0.2930492495762397, "Def": 0.656885917049364}, "Ext": 0.0}, "Icasa / CE": {"Home": {"Atk": 0.6924008197404167, "Def": 0.6376119854895339}, "Away": {"Atk": 0.32172454324624994, "Def": 0.7127620962246785}, "Ext": 0.0}, "Ava\u00ed / SC": {"Home": {"Atk": 0.677137901933881, "Def": 0.5572769950447805}, "Away": {"Atk": 0.7331864047837905, "Def": 0.6934559104404077}, "Ext": 0.0}, "Atl\u00e9tico / GO": {"Home": {"Atk": 1.1445526850809262, "Def": 0.5350537961219999}, "Away": {"Atk": 0.566192103466859, "Def": 0.5925553067536891}, "Ext": 0.0}, "ABC / RN": {"Home": {"Atk": 0.6971465922550204, "Def": 0.6996826577822536}, "Away": {"Atk": 0.3017727025889668, "Def": 0.7880747002010213}, "Ext": 0.0}, "Am\u00e9rica / MG": {"Home": {"Atk": 1.1647123233701753, "Def": 0.6270991192494103}, "Away": {"Atk": 0.6353765315878621, "Def": 0.6726861742280356}, "Ext": 0.0}, "Joinville / SC": {"Home": {"Atk": 1.1042632929716687, "Def": 1.1772796934664913}, "Away": {"Atk": 0.6467232625646008, "Def": 0.712455241194591}, "Ext": 0.1}}