{"Oeste / SP": {"Home": {"Atk": 1.0, "Def": 0.8359795736649154}, "Away": {"Atk": 0.8195209397625315, "Def": 1.289522120295509}}, "Boa / MG": {"Home": {"Atk": 1.1877930496029832, "Def": 0.7981089251166149}, "Away": {"Atk": 0.9903135082952, "Def": 1.5789451809847614}}, "Figueirense / SC": {"Home": {"Atk": 3.129588571772916, "Def": 0.6835283155241564}, "Away": {"Atk": 1.205408409858885, "Def": 1.1865054250086968}}, "Joinville / SC": {"Home": {"Atk": 2.964028789967395, "Def": 0.7973530687077286}, "Away": {"Atk": 1.0098061047012865, "Def": 1.8235298435935248}}, "Icasa / CE": {"Home": {"Atk": 2.606566763818538, "Def": 0.5454116137567282}, "Away": {"Atk": 0.48633764468199325, "Def": 0.8801484241279567}}, "ABC / RN": {"Home": {"Atk": 1.3276444086418804, "Def": 0.9048848738795187}, "Away": {"Atk": 0.49577673123625415, "Def": 0.9185169214611684}}, "Palmeiras / SP": {"Home": {"Atk": 3.046053772740635, "Def": 0.9156059929611522}, "Away": {"Atk": 1.309416583138692, "Def": 2.8989264612901655}}, "S\u00e3o Caetano / SP": {"Home": {"Atk": 1.3224661835495983, "Def": 1.0062601249433891}, "Away": {"Atk": 1.0293883905463252, "Def": 1.468626384625291}}, "Guaratinguet\u00e1 / SP": {"Home": {"Atk": 2.042576693248997, "Def": 0.6750974558292633}, "Away": {"Atk": 0.7511636721436461, "Def": 0.9461866291392853}}, "Paysandu / PA": {"Home": {"Atk": 2.3990570531685833, "Def": 0.6406626754264736}, "Away": {"Atk": 0.38592785610521824, "Def": 0.9928230050559403}}, "ASA / AL": {"Home": {"Atk": 1.8612597169084653, "Def": 0.5803245285115148}, "Away": {"Atk": 0.6414559779660849, "Def": 1.091426416349321}}, "Am\u00e9rica / MG": {"Home": {"Atk": 3.1831181420255943, "Def": 0.513471878765043}, "Away": {"Atk": 0.6928939793725004, "Def": 2.2633418651303576}}, "Ava\u00ed / SC": {"Home": {"Atk": 1.8198213483288286, "Def": 0.7047539824445381}, "Away": {"Atk": 1.2032606236821222, "Def": 1.3619132073769529}}, "Chapecoense / SC": {"Home": {"Atk": 3.1416811412508263, "Def": 0.8452906006635391}, "Away": {"Atk": 1.4889543472247833, "Def": 2.3055569545298638}}, "Cear\u00e1 / CE": {"Home": {"Atk": 2.4859091542713596, "Def": 0.878492441762338}, "Away": {"Atk": 0.5885175642916868, "Def": 1.2307192874038384}}, "Am\u00e9rica / RN": {"Home": {"Atk": 1.0516528343841511, "Def": 0.7748398206483383}, "Away": {"Atk": 0.7933601908044826, "Def": 1.3486604924194594}}, "Paran\u00e1 / PR": {"Home": {"Atk": 2.5117973223868755, "Def": 3.1291670752609115}, "Away": {"Atk": 0.9240600685872167, "Def": 1.647715142068676}}, "Atl\u00e9tico / GO": {"Home": {"Atk": 0.8832885469995996, "Def": 0.5056157640552009}, "Away": {"Atk": 0.6442372735519658, "Def": 1.5273252696561475}}, "Red Bull Bragantino / SP": {"Home": {"Atk": 1.3241458688482832, "Def": 2.366538418831938}, "Away": {"Atk": 0.7568476031726237, "Def": 1.2861763160741548}}, "Sport / PE": {"Home": {"Atk": 2.134438926008443, "Def": 1.0438078335482601}, "Away": {"Atk": 1.5851239804174124, "Def": 0.9558534984160063}}}