{"Vasco da Gama / RJ": {"Atk": 1.0, "Def": 0.6163111579044014}, "Fluminense / RJ": {"Atk": 0.7269297722683576, "Def": 0.8565965104106015}, "Corinthians / SP": {"Atk": 0.4925722878665875, "Def": 2.640995602524796}, "Vit\u00f3ria / BA": {"Atk": 1.1105665657660237, "Def": 0.7328657181066173}, "Gr\u00eamio / RS": {"Atk": 0.7750032257684033, "Def": 1.2253754882429795}, "Ponte Preta / SP": {"Atk": 0.7010900104520801, "Def": 0.6876919809677489}, "Crici\u00fama / SC": {"Atk": 1.0040026174387835, "Def": 0.5849834789327649}, "Cruzeiro / MG": {"Atk": 1.6193897405104725, "Def": 1.261244229075804}, "Coritiba / PR": {"Atk": 0.7350802582538551, "Def": 0.8897392461965087}, "Santos / SP": {"Atk": 0.9470589884922663, "Def": 1.1046818094530975}, "Botafogo / RJ": {"Atk": 1.0078221405086372, "Def": 0.9746065980325153}, "Flamengo / RJ": {"Atk": 0.7332124897884742, "Def": 0.9237948078180465}, "S\u00e3o Paulo / SP": {"Atk": 0.7806467371573178, "Def": 1.0121461837699604}, "Bahia / BA": {"Atk": 0.6636158323938453, "Def": 0.9047529802718021}, "Internacional / RS": {"Atk": 1.0670625481750626, "Def": 0.7191610634870933}, "Goi\u00e1s / GO": {"Atk": 0.9096926403513397, "Def": 1.0839117413794574}, "N\u00e1utico / PE": {"Atk": 0.34724036790392654, "Def": 0.4921348404070883}, "Atl\u00e9tico / MG": {"Atk": 0.74606032806227, "Def": 1.240709151556034}, "Athletico Paranaense / PR": {"Atk": 1.1889590905199992, "Def": 0.9025170830932661}, "Portuguesa / SP": {"Atk": 0.9179830823137085, "Def": 0.8274110663122424}, "Home bonus": 0.45458978261148886}