{"Paran\u00e1 / PR": {"Atk": 1.0, "Def": 1.187293500321617, "Ext": 0.1}, "Atl\u00e9tico / GO": {"Atk": 0.6012629268575309, "Def": 1.2083521698664423, "Ext": 0.1}, "Paysandu / PA": {"Atk": 1.0342178672808109, "Def": 1.4595245421526546, "Ext": 0.0}, "Mogi Mirim / SP": {"Atk": 0.9250665230495142, "Def": 0.6605384641016185, "Ext": 0.1}, "Vit\u00f3ria / BA": {"Atk": 1.2187569505672895, "Def": 1.2951334025856531, "Ext": 0.1}, "Maca\u00e9 / RJ": {"Atk": 1.1280501739227577, "Def": 0.8529145355023019, "Ext": 0.1}, "Am\u00e9rica / MG": {"Atk": 1.1807045217233125, "Def": 1.297437845779182, "Ext": 0.0}, "N\u00e1utico / PE": {"Atk": 0.9174105238285698, "Def": 1.1719633339162376, "Ext": 0.1}, "ABC / RN": {"Atk": 0.9706011832644654, "Def": 0.7185078158553475, "Ext": 0.1}, "CRB / AL": {"Atk": 0.7780635451462574, "Def": 1.2982349815127647, "Ext": 0.1}, "Bahia / BA": {"Atk": 1.1819749717776704, "Def": 1.3212154971813552, "Ext": 0.1}, "Crici\u00fama / SC": {"Atk": 0.7230171941797489, "Def": 1.1082687503863573, "Ext": 0.1}, "Sampaio Corr\u00eaa / MA": {"Atk": 1.10601667396425, "Def": 1.3146129896579517, "Ext": 0.0}, "Santa Cruz / PE": {"Atk": 1.2876117663788489, "Def": 1.091537355226062, "Ext": 0.1}, "Botafogo / RJ": {"Atk": 1.4230517295480307, "Def": 1.7605275055758929, "Ext": 0.1}, "Red Bull Bragantino / SP": {"Atk": 1.3202081844763474, "Def": 0.8906486960594656, "Ext": 0.0}, "Boa / MG": {"Atk": 0.6062180358214414, "Def": 0.9450057130084457, "Ext": 0.0047103813725146255}, "Oeste / SP": {"Atk": 0.819642879072376, "Def": 1.180104597360751, "Ext": 0.1}, "Cear\u00e1 / CE": {"Atk": 0.8879995126983167, "Def": 0.7905473428861843, "Ext": 0.1}, "Luverdense / MT": {"Atk": 0.9440641084021901, "Def": 1.3133081853145963, "Ext": 0.0}, "Home bonus": 0.5060887928762324}