Points,Position,Probability,Cumulative
19,20,0.765098,0.765098
20,20,0.199515,0.9646129999999999
22,20,0.035387,1.0
31,19,0.391874,0.391874
32,18,0.332856,0.332856
32,19,0.445329,0.8372029999999999
33,18,0.216492,0.549348
33,19,0.101024,0.9382269999999999
34,18,0.256544,0.8058919999999999
34,19,0.061773,1.0
35,18,0.194108,1.0
36,17,0.36399,0.36399
37,17,0.47575,0.8397399999999999
38,16,0.38776,0.38776
38,17,0.073795,0.913535
39,17,0.086465,1.0
39,16,0.439701,0.827461
41,16,0.172539,1.0
42,15,0.172539,0.172539
43,14,0.321234,0.321234
43,15,0.640635,0.813174
44,14,0.183601,0.504835
44,15,0.157794,0.9709679999999999
45,15,0.029032,0.9999999999999999
45,14,0.432523,0.937358
46,14,0.062642,1.0
48,12,0.171111,0.171111
48,13,0.684923,0.684923
49,12,0.639169,0.81028
49,13,0.295066,0.979989
49,10,0.09079,0.09079
49,11,0.419515,0.419515
50,13,0.020011,1.0
50,12,0.175265,0.985545
50,11,0.418242,0.8377570000000001
50,10,0.300003,0.390793
51,9,0.293353,0.293353
51,10,0.461647,0.85244
51,11,0.162243,1.0
51,12,0.014455,1.0
52,9,0.336801,0.630154
52,10,0.14756,1.0
53,9,0.369846,1.0
54,8,0.153837,0.153837
55,8,0.308446,0.462283
56,7,0.028768,0.028768
56,8,0.033874,0.496157
57,7,0.375269,0.40403700000000004
57,8,0.503843,1.0
59,7,0.595963,1.0
60,6,0.194108,0.194108
61,6,0.317516,0.5116240000000001
63,5,0.035387,0.035387
63,6,0.488376,1.0
64,5,0.199515,0.234902
65,4,0.056202,0.056202
65,5,0.183992,0.418894
66,4,0.467359,0.523561
66,5,0.581106,1.0
68,4,0.476439,1.0
71,2,0.07532,0.07532
71,3,0.555823,0.555823
72,2,0.388198,0.463518
72,3,0.34587,0.901693
74,2,0.536482,1.0
74,3,0.098307,1.0
90,1,0.270799,0.270799
91,1,0.258318,0.5291170000000001
93,1,0.470883,1.0
