Points,Position,Probability,Cumulative
25,20,0.201998,0.201998
26,20,0.26121,0.463208
27,20,0.053567,0.516775
28,20,0.348365,0.86514
29,19,0.412993,0.412993
29,20,0.13486,1.0
30,19,0.283527,0.69652
31,19,0.030983,0.727503
32,19,0.272497,1.0
40,18,0.400576,0.400576
41,18,0.287301,0.687877
43,16,0.251198,0.251198
43,17,0.753052,0.753052
43,18,0.312123,1.0
44,16,0.366021,0.617219
44,17,0.202901,0.955953
45,15,0.215518,0.215518
45,16,0.11883,0.736049
45,17,0.015326,0.971279
46,17,0.028721,1.0
46,15,0.409528,0.625046
46,16,0.263951,1.0
47,14,0.181863,0.181863
47,15,0.109334,0.73438
48,12,0.023418,0.023418
48,13,0.223135,0.223135
48,14,0.527779,0.709642
48,15,0.26562,1.0
49,13,0.464349,0.687484
49,11,0.062279,0.062279
49,12,0.289394,0.312812
49,14,0.228186,0.937828
50,11,0.117169,0.179448
50,12,0.298683,0.6114949999999999
50,13,0.243723,0.931207
50,14,0.062172,1.0
51,12,0.388505,1.0
51,13,0.068793,1.0
51,11,0.546952,0.7263999999999999
52,11,0.2736,1.0
52,10,0.443557,0.443557
53,9,0.384413,0.384413
53,10,0.423447,0.867004
54,9,0.160077,0.54449
54,10,0.065983,0.932987
55,9,0.224101,0.768591
55,10,0.067013,1.0
56,9,0.231409,1.0
57,8,0.470633,0.470633
58,8,0.23817,0.7088030000000001
59,5,0.020766,0.020766
59,6,0.168563,0.168563
59,7,0.540029,0.540029
59,8,0.194533,0.903336
60,5,0.195603,0.216369
60,6,0.482848,0.651411
60,7,0.398016,0.938045
60,8,0.096664,1.0
62,7,0.061955,1.0
62,6,0.348589,1.0
62,5,0.783631,1.0
63,4,0.350042,0.350042
64,3,0.157479,0.157479
64,4,0.403234,0.7532760000000001
65,3,0.153394,0.310873
65,4,0.072666,0.825942
66,3,0.146596,0.457469
66,4,0.174058,1.0
67,3,0.542531,1.0
67,2,0.026471,0.026471
68,1,0.031734,0.031734
68,2,0.331421,0.35789200000000004
69,1,0.05636,0.088094
69,2,0.246854,0.604746
70,1,0.15878,0.246874
70,2,0.143909,0.7486550000000001
71,2,0.251345,1.0
71,1,0.494252,0.7411260000000001
73,1,0.258874,1.0
