Points,Position,Probability,Cumulative
32,20,0.251122,0.251122
33,20,0.228853,0.47997500000000004
35,20,0.520025,1.0
36,19,0.520025,0.520025
37,19,0.228853,0.7488779999999999
39,18,0.725027,0.725027
39,19,0.251122,1.0
40,18,0.178501,0.903528
41,17,0.65749,0.65749
41,18,0.070166,0.973694
42,16,0.272344,0.272344
42,17,0.34251,1.0
42,18,0.026306,1.0
44,16,0.727656,1.0
45,15,0.837915,0.837915
45,14,0.316197,0.316197
46,13,0.297119,0.297119
46,14,0.617992,0.9341889999999999
46,15,0.162085,1.0
47,12,0.145548,0.145548
47,13,0.377457,0.6745760000000001
47,14,0.039227,0.9734160000000001
48,12,0.207342,0.35289000000000004
48,13,0.163761,0.838337
48,14,0.026584,1.0
49,12,0.64711,1.0
49,13,0.161663,1.0
50,11,0.401895,0.401895
51,11,0.338869,0.740764
53,11,0.259236,1.0
53,10,0.259236,0.259236
54,9,0.079739,0.079739
54,10,0.392042,0.651278
55,9,0.169676,0.249415
55,10,0.114505,0.765783
56,7,0.020501,0.020501
56,8,0.256978,0.256978
56,9,0.486421,0.7358359999999999
56,10,0.234217,1.0
57,7,0.202798,0.223299
57,8,0.572463,0.8294410000000001
57,9,0.264164,1.0
59,7,0.776701,1.0
59,8,0.170559,1.0
59,6,0.797961,0.797961
59,5,0.335944,0.335944
59,4,0.050923,0.050923
60,4,0.240893,0.291816
60,5,0.433542,0.769486
60,6,0.180295,0.978256
62,3,0.096472,0.096472
62,4,0.708184,1.0
62,5,0.230514,1.0
62,6,0.021744,1.0
63,3,0.178501,0.274973
65,3,0.725027,1.0
69,2,0.330033,0.330033
70,2,0.309965,0.6399980000000001
72,2,0.360002,1.0
79,1,0.360002,0.360002
80,1,0.309965,0.669967
82,1,0.330033,1.0
