Points,Position,Probability,Cumulative
29,20,0.379705,0.379705
30,20,0.370992,0.750697
32,20,0.249303,1.0
34,19,1.0,1.0
37,18,1.0,1.0
39,17,1.0,1.0
44,16,1.0,1.0
46,15,1.0,1.0
48,13,1.0,1.0
48,14,1.0,1.0
49,12,1.0,1.0
52,11,1.0,1.0
54,10,0.249303,0.249303
55,8,0.620295,0.620295
55,9,1.0,1.0
55,10,0.750697,1.0
57,6,1.0,1.0
57,7,1.0,1.0
57,8,0.379705,1.0
58,5,1.0,1.0
61,3,1.0,1.0
61,4,1.0,1.0
73,1,1.0,1.0
73,2,1.0,1.0
