Points,Position,Probability,Cumulative
28,20,0.724864,0.724864
29,20,0.191648,0.916512
31,19,0.492219,0.492219
31,20,0.083488,1.0
32,19,0.25898,0.751199
34,19,0.248801,1.0
37,18,0.451552,0.451552
38,18,0.272035,0.723587
40,18,0.276413,1.0
42,17,0.383922,0.383922
43,17,0.313336,0.6972579999999999
44,16,0.192821,0.192821
44,17,0.083592,0.78085
45,15,0.321355,0.321355
45,16,0.620014,0.812835
45,17,0.21915,1.0
46,16,0.129017,0.9418519999999999
46,14,0.142267,0.142267
46,15,0.273709,0.595064
47,14,0.339633,0.4819
47,15,0.328321,0.9233849999999999
47,16,0.058148,1.0
48,13,0.250839,0.250839
48,14,0.283709,0.765609
48,15,0.076615,1.0
49,11,0.052434,0.052434
49,12,0.354686,0.354686
49,13,0.590541,0.84138
49,14,0.234391,1.0
50,13,0.124384,0.9657640000000001
50,10,0.087964,0.087964
50,11,0.344631,0.397065
50,12,0.419702,0.7743880000000001
51,12,0.164891,0.939279
51,13,0.034236,1.0
51,10,0.124181,0.212145
51,11,0.254285,0.65135
52,9,0.331687,0.331687
52,10,0.623935,0.83608
52,11,0.34865,1.0
52,12,0.060721,1.0
53,8,0.26686,0.26686
53,9,0.484771,0.816458
53,10,0.16392,1.0
54,9,0.089959,0.906417
54,8,0.21424,0.48109999999999997
55,7,0.20714,0.20714
55,8,0.298892,0.779992
55,9,0.093583,1.0
56,5,0.071175,0.071175
56,6,0.388242,0.388242
56,7,0.616639,0.823779
56,8,0.220008,1.0
57,7,0.13125,0.955029
57,6,0.315346,0.703588
57,5,0.186859,0.258034
58,5,0.186888,0.444922
58,6,0.188954,0.892542
58,7,0.044971,1.0
59,5,0.555078,1.0
59,6,0.107458,1.0
62,4,0.296572,0.296572
63,4,0.214576,0.5111479999999999
65,4,0.488852,1.0
68,3,0.083488,0.083488
69,3,0.191648,0.27513600000000005
70,2,0.077453,0.077453
70,3,0.205193,0.480329
71,2,0.534449,0.611902
71,3,0.519671,1.0
73,2,0.388098,1.0
77,1,0.19035,0.19035
78,1,0.223908,0.414258
80,1,0.585742,1.0
