Points,Position,Probability,Cumulative
32,20,0.413382,0.413382
33,20,0.229101,0.642483
35,20,0.357517,1.0
36,19,0.357517,0.357517
37,19,0.229101,0.586618
39,18,0.648299,0.648299
39,19,0.413382,1.0
40,18,0.202877,0.8511759999999999
41,17,0.618191,0.618191
41,18,0.108384,0.95956
42,16,0.273425,0.273425
42,17,0.381809,1.0
42,18,0.04044,1.0
44,16,0.726575,1.0
45,15,0.827493,0.827493
45,14,0.3085,0.3085
46,13,0.323251,0.323251
46,14,0.6302,0.9387
46,15,0.172507,1.0
47,12,0.143725,0.143725
47,13,0.363443,0.686694
47,14,0.036513,0.975213
48,12,0.219632,0.363357
48,13,0.160843,0.847537
48,14,0.024787,1.0
49,12,0.636643,1.0
49,13,0.152463,1.0
50,11,0.570558,0.570558
51,11,0.265749,0.836307
53,11,0.163693,1.0
53,10,0.163693,0.163693
54,9,0.071,0.071
54,10,0.35934,0.523033
55,9,0.107743,0.17874299999999999
55,10,0.143398,0.666431
56,7,0.023306,0.023306
56,8,0.293362,0.293362
56,9,0.603096,0.781839
56,10,0.333569,1.0
57,7,0.224091,0.247397
57,8,0.561162,0.8545240000000001
57,9,0.218161,1.0
59,7,0.752603,1.0
59,8,0.145476,1.0
59,6,0.783639,0.783639
59,5,0.309957,0.309957
59,4,0.041864,0.041864
60,4,0.179712,0.221576
60,5,0.393741,0.7036979999999999
60,6,0.18177,0.965409
62,3,0.148824,0.148824
62,4,0.778424,1.0
62,5,0.296302,1.0
62,6,0.034591,1.0
63,3,0.202877,0.35170100000000004
65,3,0.648299,1.0
69,2,0.266613,0.266613
70,2,0.280765,0.5473779999999999
72,2,0.452622,1.0
79,1,0.452622,0.452622
80,1,0.280765,0.733387
82,1,0.266613,1.0
