Points,Position,Probability,Cumulative
19,20,0.66584,0.66584
20,20,0.21571,0.8815500000000001
22,20,0.11845,1.0
31,19,0.540158,0.540158
32,18,0.362308,0.362308
32,19,0.355234,0.895392
33,18,0.269592,0.6319
33,19,0.062582,0.957974
34,18,0.146524,0.778424
34,19,0.042026,1.0
35,18,0.221576,1.0
36,17,0.49654,0.49654
37,17,0.281801,0.778341
38,16,0.298984,0.298984
38,17,0.085369,0.86371
39,17,0.13629,1.0
39,16,0.424917,0.723901
41,16,0.276099,1.0
42,15,0.276099,0.276099
43,14,0.344759,0.344759
43,15,0.554389,0.830488
44,14,0.176531,0.52129
44,15,0.110566,0.9410540000000001
45,15,0.058946,1.0
45,14,0.325407,0.846697
46,14,0.153303,1.0
48,12,0.095713,0.095713
48,13,0.602994,0.602994
49,12,0.710883,0.8065960000000001
49,13,0.372581,0.9755750000000001
49,10,0.10169,0.10169
49,11,0.431987,0.431987
50,13,0.024425,1.0
50,12,0.170805,0.9774010000000001
50,11,0.349262,0.7812490000000001
50,10,0.187903,0.289593
51,9,0.208919,0.208919
51,10,0.568682,0.858275
51,11,0.218751,1.0
51,12,0.022599,1.0
52,9,0.331875,0.540794
52,10,0.141725,1.0
53,9,0.459206,1.0
54,8,0.221187,0.221187
55,8,0.268656,0.48984300000000003
56,7,0.07501,0.07501
56,8,0.078293,0.568136
57,7,0.36539,0.4404
57,8,0.431864,1.0
59,7,0.5596,1.0
60,6,0.221576,0.221576
61,6,0.332174,0.55375
63,5,0.11845,0.11845
63,6,0.44625,1.0
64,5,0.21571,0.33416
65,4,0.063653,0.063653
65,5,0.126759,0.460919
66,4,0.31836,0.382013
66,5,0.539081,1.0
68,4,0.617987,1.0
71,2,0.094297,0.094297
71,3,0.553009,0.553009
72,2,0.239139,0.333436
72,3,0.279204,0.832213
74,2,0.666564,1.0
74,3,0.167787,1.0
90,1,0.337811,0.337811
91,1,0.236542,0.574353
93,1,0.425647,1.0
