Points,Position,Probability,Cumulative
32,20,0.304183,0.304183
33,20,0.274446,0.5786290000000001
35,20,0.421371,1.0
36,19,0.421371,0.421371
37,19,0.274446,0.695817
39,18,0.700403,0.700403
39,19,0.304183,1.0
40,18,0.262171,0.962574
41,17,0.670469,0.670469
41,18,0.025948,0.988522
42,16,0.303583,0.303583
42,17,0.329531,1.0
42,18,0.011478,1.0
44,16,0.696417,1.0
45,15,0.855828,0.855828
45,14,0.34591,0.34591
46,13,0.362795,0.362795
46,14,0.624013,0.9699230000000001
46,15,0.144172,1.0
47,12,0.14602,0.14602
47,13,0.352492,0.715287
47,14,0.017778,0.9877009999999999
48,12,0.202793,0.34881300000000004
48,13,0.126092,0.841379
48,14,0.012299,1.0
49,12,0.651187,1.0
49,13,0.158621,1.0
50,11,0.585268,0.585268
51,11,0.277469,0.8627370000000001
53,11,0.137263,1.0
53,10,0.137263,0.137263
54,9,0.056205,0.056205
54,10,0.356704,0.49396700000000004
55,9,0.110102,0.166307
55,10,0.155958,0.6499250000000001
56,7,0.011371,0.011371
56,8,0.258111,0.258111
56,9,0.59486,0.761167
56,10,0.350075,1.0
57,7,0.2166,0.22797099999999998
57,8,0.614954,0.873065
57,9,0.238833,1.0
59,7,0.772029,1.0
59,8,0.126935,1.0
59,6,0.77926,0.77926
59,5,0.291708,0.291708
59,4,0.034566,0.034566
60,4,0.189169,0.22373500000000002
60,5,0.41705,0.708758
60,6,0.19094,0.9702
62,3,0.037426,0.037426
62,4,0.776265,1.0
62,5,0.291242,1.0
62,6,0.0298,1.0
63,3,0.262171,0.299597
65,3,0.700403,1.0
69,2,0.170484,0.170484
70,2,0.417789,0.588273
72,2,0.411727,1.0
79,1,0.411727,0.411727
80,1,0.417789,0.829516
82,1,0.170484,1.0
