Points,Position,Probability,Cumulative
17,20,0.437783,0.437783
18,20,0.359961,0.797744
20,20,0.202256,1.0
36,19,0.498528,0.498528
37,19,0.323255,0.821783
39,19,0.178217,1.0
43,18,0.415032,0.415032
44,18,0.514605,0.929637
44,17,0.512491,0.512491
45,16,0.300921,0.300921
45,17,0.292511,0.805002
45,18,0.052526,0.982163
46,15,0.479788,0.479788
46,16,0.606222,0.907143
46,17,0.190728,0.99573
46,18,0.017837,1.0
47,17,0.00427,1.0
47,16,0.084515,0.991658
47,13,0.028192,0.028192
47,14,0.273173,0.273173
47,15,0.356085,0.835873
48,11,0.017806,0.017806
48,12,0.153575,0.153575
48,13,0.45443,0.482622
48,14,0.552117,0.82529
48,15,0.143024,0.978897
48,16,0.008342,1.0
49,11,0.084322,0.102128
49,12,0.272049,0.425624
49,13,0.310433,0.7930550000000001
49,14,0.144692,0.9699819999999999
49,15,0.021103,1.0
50,14,0.030018,1.0
50,13,0.206945,1.0
50,12,0.487604,0.9132279999999999
50,11,0.439086,0.541214
50,10,0.114297,0.114297
50,9,0.005667,0.005667
51,9,0.303947,0.309614
51,10,0.689849,0.804146
51,11,0.458786,1.0
51,12,0.086772,1.0
53,10,0.195854,1.0
53,9,0.690386,1.0
54,8,0.484482,0.484482
55,8,0.342827,0.8273090000000001
56,7,0.099814,0.099814
56,8,0.020735,0.848044
57,7,0.22791,0.327724
57,8,0.151956,1.0
58,6,0.192889,0.192889
58,7,0.672276,1.0
59,6,0.745516,0.9384049999999999
59,4,0.058176,0.058176
59,5,0.43734,0.43734
60,4,0.115063,0.173239
60,5,0.202395,0.6397349999999999
60,6,0.025369,0.9637739999999999
61,3,0.087135,0.087135
61,4,0.424159,0.597398
61,5,0.360265,1.0
61,6,0.036226,0.9999999999999999
62,3,0.279381,0.366516
62,4,0.402602,1.0
64,2,0.516288,0.516288
64,3,0.633484,1.0
65,2,0.273599,0.789887
67,2,0.210113,1.0
75,1,0.279363,0.279363
76,1,0.246098,0.525461
78,1,0.474539,1.0
