Points,Position,Probability,Cumulative
28,20,1.0,1.0
31,19,1.0,1.0
37,18,1.0,1.0
43,17,1.0,1.0
45,16,1.0,1.0
46,15,1.0,1.0
47,14,1.0,1.0
50,13,1.0,1.0
51,12,1.0,1.0
52,10,0.354275,0.354275
52,11,1.0,1.0
53,10,0.645725,1.0
53,8,0.601625,0.601625
53,9,1.0,1.0
55,7,1.0,1.0
55,8,0.398375,1.0
57,6,1.0,1.0
59,5,1.0,1.0
62,4,0.398375,0.398375
63,4,0.24735,0.645725
65,4,0.354275,1.0
71,3,1.0,1.0
71,2,1.0,1.0
80,1,1.0,1.0
