Points,Position,Probability,Cumulative
31,20,0.264735,0.264735
32,20,0.362024,0.6267590000000001
34,20,0.373241,1.0
38,19,0.2557,0.2557
39,19,0.284334,0.5400339999999999
40,17,0.078357,0.078357
40,18,0.413086,0.413086
40,19,0.29528,0.8353139999999999
41,16,0.442059,0.442059
41,17,0.799589,0.877946
41,18,0.578783,0.9918690000000001
41,19,0.164686,1.0
42,16,0.043677,0.485736
42,17,0.037862,0.915808
42,18,0.007005,0.9988740000000002
43,18,0.001126,1.0000000000000002
43,17,0.084192,1.0
43,15,0.200187,0.200187
43,16,0.502722,0.9884580000000001
44,15,0.308011,0.5081979999999999
44,16,0.011542,1.0
46,15,0.491802,1.0
47,13,0.240397,0.240397
47,14,0.77028,0.77028
48,13,0.385612,0.626009
48,14,0.196383,0.9666629999999999
49,12,0.304262,0.304262
49,13,0.165318,0.791327
49,14,0.016198,0.982861
50,12,0.695738,1.0
50,13,0.208673,1.0
50,14,0.017139,1.0
51,10,0.257994,0.257994
51,11,0.836641,0.836641
51,9,0.024327,0.024327
52,11,0.151869,0.98851
52,9,0.273483,0.29780999999999996
52,10,0.525712,0.783706
53,9,0.281548,0.579358
53,10,0.19274,0.976446
53,11,0.01149,1.0
54,9,0.420642,1.0
54,10,0.023554,1.0
55,7,0.032684,0.032684
55,8,0.560662,0.560662
56,6,0.077121,0.077121
56,7,0.424857,0.457541
56,8,0.359094,0.919756
57,6,0.128428,0.20554899999999998
57,7,0.423065,0.880606
57,8,0.080244,1.0
58,7,0.119394,1.0
58,6,0.710545,0.916094
58,5,0.394487,0.394487
59,4,0.215146,0.215146
59,5,0.318689,0.713176
59,6,0.083906,1.0
60,4,0.529154,0.7443
60,5,0.286824,1.0
62,4,0.2557,1.0
65,3,0.373241,0.373241
66,2,0.082793,0.082793
66,3,0.391638,0.764879
67,2,0.190593,0.273386
67,3,0.06848,0.833359
68,2,0.098094,0.37148000000000003
68,3,0.166641,1.0
69,2,0.62852,1.0
80,1,0.01439,0.01439
81,1,0.088544,0.102934
83,1,0.897066,1.0
