Points,Position,Probability,Cumulative
28,20,0.814858,0.814858
29,20,0.140355,0.955213
31,19,0.606174,0.606174
31,20,0.044787,1.0
32,19,0.22996,0.8361339999999999
34,19,0.163866,1.0
37,18,0.634223,0.634223
38,18,0.22932,0.863543
40,18,0.136457,1.0
42,17,0.538114,0.538114
43,17,0.271312,0.809426
44,16,0.110471,0.110471
44,17,0.025986,0.8354119999999999
45,15,0.160032,0.160032
45,16,0.533039,0.64351
45,17,0.164588,1.0
46,16,0.273593,0.917103
46,14,0.147565,0.147565
46,15,0.414263,0.574295
47,14,0.417705,0.5652699999999999
47,15,0.371134,0.9454290000000001
47,16,0.082897,1.0
48,13,0.318288,0.318288
48,14,0.329933,0.895203
48,15,0.054571,1.0
49,11,0.020046,0.020046
49,12,0.22188,0.22188
49,13,0.44654,0.7648280000000001
49,14,0.104797,1.0
50,13,0.141399,0.906227
50,10,0.020079,0.020079
50,11,0.163879,0.183925
50,12,0.345887,0.567767
51,12,0.239054,0.806821
51,13,0.093773,1.0
51,10,0.054103,0.074182
51,11,0.198269,0.38219400000000003
52,9,0.156485,0.156485
52,10,0.559689,0.633871
52,11,0.617806,1.0
52,12,0.193179,1.0
53,8,0.127677,0.127677
53,9,0.540548,0.697033
53,10,0.366129,1.0
54,9,0.117043,0.814076
54,8,0.189691,0.317368
55,7,0.178328,0.178328
55,8,0.365451,0.6828190000000001
55,9,0.185924,1.0
56,5,0.04421,0.04421
56,6,0.375217,0.375217
56,7,0.653342,0.8316699999999999
56,8,0.317181,1.0
57,7,0.123036,0.954706
57,6,0.298677,0.673894
57,5,0.165082,0.209292
58,5,0.130226,0.339518
58,6,0.207943,0.881837
58,7,0.045294,1.0
59,5,0.660482,1.0
59,6,0.118163,1.0
62,4,0.382017,0.382017
63,4,0.235112,0.617129
65,4,0.382871,1.0
68,3,0.044787,0.044787
69,3,0.140355,0.185142
70,2,0.105901,0.105901
70,3,0.466017,0.651159
71,2,0.746078,0.851979
71,3,0.348841,1.0
73,2,0.148021,1.0
77,1,0.319329,0.319329
78,1,0.242906,0.562235
80,1,0.437765,1.0
