Points,Position,Probability,Cumulative
17,20,0.407181,0.407181
18,20,0.363134,0.7703150000000001
20,20,0.229685,1.0
36,19,0.601641,0.601641
37,19,0.215714,0.8173549999999999
39,19,0.182645,1.0
43,18,0.498008,0.498008
44,18,0.422738,0.9207460000000001
44,17,0.494254,0.494254
45,16,0.328023,0.328023
45,17,0.310915,0.805169
45,18,0.060179,0.980925
46,15,0.420856,0.420856
46,16,0.526094,0.854117
46,17,0.181755,0.986924
46,18,0.019075,1.0
47,17,0.013076,1.0
47,16,0.126788,0.9809049999999999
47,13,0.033037,0.033037
47,14,0.28642,0.28642
47,15,0.372401,0.793257
48,11,0.020398,0.020398
48,12,0.165777,0.165777
48,13,0.474313,0.50735
48,14,0.559504,0.845924
48,15,0.1905,0.983757
48,16,0.019095,0.9999999999999999
49,11,0.063015,0.083413
49,12,0.221447,0.387224
49,13,0.262777,0.770127
49,14,0.120564,0.966488
49,15,0.016243,1.0
50,14,0.033512,1.0
50,13,0.229873,1.0
50,12,0.533078,0.9203020000000001
50,11,0.485167,0.56858
50,10,0.165465,0.165465
50,9,0.017018,0.017018
51,9,0.27326,0.290278
51,10,0.627052,0.792517
51,11,0.43142,1.0
51,12,0.079698,1.0
53,10,0.207483,1.0
53,9,0.709722,1.0
54,8,0.459685,0.459685
55,8,0.284566,0.744251
56,7,0.178258,0.178258
56,8,0.060861,0.805112
57,7,0.317523,0.495781
57,8,0.194888,1.0
58,6,0.160427,0.160427
58,7,0.504219,1.0
59,6,0.724815,0.885242
59,4,0.069575,0.069575
59,5,0.418292,0.418292
60,4,0.07714,0.14671499999999998
60,5,0.163564,0.5818559999999999
60,6,0.043862,0.9291039999999999
61,3,0.098774,0.098774
61,4,0.477422,0.6241369999999999
61,5,0.418144,1.0
61,6,0.070896,1.0
62,3,0.272915,0.37168900000000005
62,4,0.375863,1.0
64,2,0.433759,0.433759
64,3,0.628311,1.0
65,2,0.295812,0.729571
67,2,0.270429,1.0
75,1,0.25934,0.25934
76,1,0.234938,0.494278
78,1,0.505722,1.0
