Points,Position,Probability,Cumulative
32,20,0.777466,0.777466
33,19,0.296023,0.296023
33,20,0.179922,0.957388
34,19,0.296132,0.592155
34,20,0.019726,0.977114
35,19,0.039644,0.631799
35,20,0.022886,1.0
36,19,0.368201,1.0
37,18,0.460117,0.460117
38,17,0.244897,0.244897
38,18,0.436936,0.897053
39,16,0.176561,0.176561
39,17,0.434267,0.679164
39,18,0.068057,0.96511
40,17,0.216672,0.8958360000000001
40,18,0.03489,1.0
40,16,0.279261,0.45582199999999995
41,16,0.250895,0.7067169999999999
41,17,0.104164,1.0
42,16,0.293283,1.0
43,15,0.501157,0.501157
44,14,0.144199,0.144199
44,15,0.498843,1.0
45,14,0.532093,0.676292
45,13,0.159626,0.159626
46,13,0.109936,0.26956199999999997
46,14,0.092872,0.769164
47,12,0.238448,0.238448
47,13,0.730438,1.0
47,14,0.230836,1.0
48,12,0.335924,0.574372
49,12,0.164507,0.738879
49,11,0.222106,0.222106
50,11,0.647037,0.869143
50,12,0.261121,1.0
50,10,0.28297,0.28297
51,9,0.332049,0.332049
51,10,0.504085,0.7870550000000001
51,11,0.106887,0.97603
52,9,0.272809,0.604858
52,10,0.169746,0.956801
52,11,0.02397,1.0
53,9,0.287738,0.892596
53,10,0.043199,1.0
53,8,0.248495,0.248495
54,8,0.431412,0.679907
54,9,0.107404,1.0
56,8,0.320093,1.0
60,7,0.152192,0.152192
61,5,0.06564,0.06564
61,6,0.358406,0.358406
61,7,0.637023,0.789215
62,7,0.171931,0.9611460000000001
62,6,0.344958,0.703364
62,5,0.158975,0.224615
63,5,0.31517,0.539785
63,6,0.230205,0.933569
63,7,0.038854,1.0
64,5,0.460215,1.0
64,6,0.066431,1.0
66,3,0.026701,0.026701
66,4,0.461457,0.461457
67,3,0.142902,0.169603
67,4,0.353026,0.8144830000000001
69,3,0.830397,1.0
69,4,0.185517,1.0
70,2,0.202946,0.202946
71,2,0.410441,0.613387
73,2,0.386613,1.0
77,1,0.210705,0.210705
78,1,0.360006,0.570711
80,1,0.429289,1.0
