Points,Position,Probability,Cumulative
32,20,0.517659,0.517659
33,20,0.319033,0.836692
34,18,0.163451,0.163451
34,19,0.667679,0.667679
34,20,0.124164,0.9608559999999999
35,18,0.431309,0.59476
35,19,0.29622,0.9638990000000001
35,20,0.039144,1.0
37,19,0.036101,1.0
37,18,0.40524,1.0
41,17,0.163308,0.163308
42,17,0.319033,0.482341
44,15,0.427163,0.427163
44,16,0.880424,0.880424
44,17,0.517659,1.0
45,16,0.117534,0.997958
45,15,0.529654,0.956817
45,13,0.216376,0.216376
45,14,0.700624,0.700624
46,13,0.253888,0.470264
46,14,0.189526,0.89015
46,15,0.03378,0.990597
46,16,0.00176,0.999718
47,13,0.116702,0.586966
47,14,0.083269,0.973419
47,15,0.009403,0.9999999999999999
47,16,0.000282,1.0
48,14,0.026581,1.0
48,11,0.271011,0.271011
48,12,0.834104,0.834104
48,13,0.413034,1.0
49,11,0.657107,0.928118
49,12,0.165896,1.0
49,9,0.119219,0.119219
49,10,0.573726,0.573726
50,9,0.032495,0.15171400000000002
50,10,0.112595,0.686321
50,11,0.058862,0.98698
51,8,0.317714,0.317714
51,9,0.818226,0.96994
51,10,0.313679,1.0
51,11,0.01302,1.0
52,8,0.384789,0.702503
52,9,0.03006,1.0
54,8,0.297497,1.0
58,6,0.024352,0.024352
58,7,0.312959,0.312959
59,6,0.317185,0.341537
59,7,0.687041,1.0
60,6,0.183362,0.524899
60,5,0.095704,0.095704
61,5,0.673989,0.769693
61,6,0.475101,1.0
62,5,0.230307,1.0
63,4,0.04503,0.04503
64,3,0.027208,0.027208
64,4,0.285401,0.33043100000000003
65,3,0.057898,0.085106
65,4,0.175648,0.5060790000000001
66,3,0.257097,0.34220300000000003
66,4,0.493921,1.0
67,3,0.657797,1.0
68,2,0.102652,0.102652
69,2,0.248224,0.35087599999999997
70,1,0.02566,0.02566
70,2,0.047398,0.398274
71,2,0.601726,1.0
71,1,0.284306,0.309966
73,1,0.690034,1.0
