Points,Position,Probability,Cumulative
28,20,0.863882,0.863882
29,20,0.104581,0.9684630000000001
31,19,0.624763,0.624763
31,20,0.031537,1.0
32,19,0.220628,0.845391
34,19,0.154609,1.0
37,18,0.7118,0.7118
38,18,0.185899,0.897699
40,18,0.102301,1.0
42,17,0.480657,0.480657
43,17,0.26405,0.744707
44,16,0.076334,0.076334
44,17,0.025967,0.770674
45,15,0.164343,0.164343
45,16,0.617538,0.693872
45,17,0.229326,1.0
46,16,0.241138,0.93501
46,14,0.128524,0.128524
46,15,0.414821,0.579164
47,14,0.524027,0.652551
47,15,0.384144,0.963308
47,16,0.06499,1.0
48,13,0.323767,0.323767
48,14,0.241391,0.893942
48,15,0.036692,1.0
49,11,0.025017,0.025017
49,12,0.248614,0.248614
49,13,0.444812,0.768579
49,14,0.106058,1.0
50,13,0.140444,0.909023
50,10,0.021426,0.021426
50,11,0.16612,0.191137
50,12,0.330923,0.579537
51,12,0.250841,0.8303780000000001
51,13,0.090977,1.0
51,10,0.063599,0.085025
51,11,0.223636,0.414773
52,9,0.171078,0.171078
52,10,0.57178,0.656805
52,11,0.585227,1.0
52,12,0.169622,1.0
53,8,0.110893,0.110893
53,9,0.519938,0.6910160000000001
53,10,0.343195,1.0
54,9,0.132029,0.823045
54,8,0.219763,0.330656
55,7,0.194902,0.194902
55,8,0.371214,0.70187
55,9,0.176955,1.0
56,5,0.039714,0.039714
56,6,0.35659,0.35659
56,7,0.626895,0.821797
56,8,0.29813,1.0
57,7,0.14243,0.964227
57,6,0.35141,0.708
57,5,0.20162,0.241334
58,5,0.155758,0.397092
58,6,0.200413,0.908413
58,7,0.035773,1.0
59,5,0.602908,1.0
59,6,0.091587,1.0
62,4,0.375379,0.375379
63,4,0.232334,0.6077130000000001
65,4,0.392287,1.0
68,3,0.031537,0.031537
69,3,0.104581,0.136118
70,2,0.070325,0.070325
70,3,0.446882,0.583
71,2,0.79055,0.860875
71,3,0.417,1.0
73,2,0.139125,1.0
77,1,0.209906,0.209906
78,1,0.220079,0.429985
80,1,0.570015,1.0
