Points,Position,Probability,Cumulative
25,20,0.219151,0.219151
26,20,0.267323,0.48647399999999996
27,20,0.067117,0.5535909999999999
28,20,0.280098,0.8336889999999999
29,19,0.326424,0.326424
29,20,0.166311,1.0
30,19,0.290785,0.617209
31,19,0.044824,0.662033
32,19,0.337967,1.0
40,18,0.444199,0.444199
41,18,0.298146,0.742345
43,16,0.149788,0.149788
43,17,0.62419,0.62419
43,18,0.257655,1.0
44,16,0.309142,0.45892999999999995
44,17,0.271986,0.8961760000000001
45,15,0.254087,0.254087
45,16,0.241592,0.700522
45,17,0.057472,0.953648
46,17,0.046352,1.0
46,15,0.559921,0.8140080000000001
46,16,0.299478,1.0
47,14,0.377322,0.377322
47,15,0.086293,0.9003009999999999
48,12,0.073222,0.073222
48,13,0.412627,0.412627
48,14,0.488042,0.865364
48,15,0.099699,1.0
49,13,0.434881,0.847508
49,11,0.147794,0.147794
49,12,0.441111,0.5143329999999999
49,14,0.115251,0.980615
50,11,0.15322,0.301014
50,12,0.241513,0.755846
50,13,0.122603,0.9701110000000001
50,14,0.019385,1.0
51,12,0.244154,1.0
51,13,0.029889,1.0
51,11,0.499935,0.800949
52,11,0.199051,1.0
52,10,0.317493,0.317493
53,9,0.233997,0.233997
53,10,0.434258,0.7517510000000001
54,9,0.150657,0.38465400000000005
54,10,0.106063,0.857814
55,9,0.271005,0.655659
55,10,0.142186,1.0
56,9,0.344341,1.0
57,8,0.293681,0.293681
58,8,0.242704,0.536385
59,5,0.023394,0.023394
59,6,0.178589,0.178589
59,7,0.536054,0.536054
59,8,0.344912,0.881297
60,5,0.243671,0.267065
60,6,0.537772,0.716361
60,7,0.422284,0.958338
60,8,0.118703,1.0
62,7,0.041662,1.0
62,6,0.283639,1.0
62,5,0.732935,1.0
63,4,0.296544,0.296544
64,3,0.20229,0.20229
64,4,0.433404,0.729948
65,3,0.151291,0.35358100000000003
65,4,0.105429,0.835377
66,3,0.24748,0.6010610000000001
66,4,0.164623,1.0
67,3,0.398939,1.0
67,2,0.022215,0.022215
68,1,0.019535,0.019535
68,2,0.253969,0.276184
69,1,0.050123,0.069658
69,2,0.253552,0.529736
70,1,0.082724,0.15238200000000002
70,2,0.10437,0.634106
71,2,0.365894,1.0
71,1,0.489408,0.6417900000000001
73,1,0.35821,1.0
