Points,Position,Probability,Cumulative
25,20,0.196586,0.196586
26,20,0.276701,0.473287
27,20,0.056536,0.529823
28,20,0.344004,0.873827
29,19,0.409774,0.409774
29,20,0.126173,1.0
30,19,0.302303,0.7120770000000001
31,19,0.026361,0.738438
32,19,0.261562,1.0
40,18,0.398005,0.398005
41,18,0.287864,0.6858690000000001
43,16,0.255541,0.255541
43,17,0.757396,0.757396
43,18,0.314131,1.0
44,16,0.39335,0.648891
44,17,0.205822,0.9632179999999999
45,15,0.209072,0.209072
45,16,0.100983,0.749874
45,17,0.011643,0.974861
46,17,0.025139,1.0
46,15,0.412083,0.621155
46,16,0.250126,1.0
47,14,0.177801,0.177801
47,15,0.108232,0.729387
48,12,0.019884,0.019884
48,13,0.20533,0.20533
48,14,0.520642,0.698443
48,15,0.270613,1.0
49,13,0.485461,0.6907909999999999
49,11,0.063139,0.063139
49,12,0.294069,0.31395300000000004
49,14,0.240484,0.9389270000000001
50,11,0.120633,0.183772
50,12,0.309199,0.623152
50,13,0.24751,0.938301
50,14,0.061073,1.0
51,12,0.376848,1.0
51,13,0.061699,1.0
51,11,0.57439,0.758162
52,11,0.241838,1.0
52,10,0.444297,0.444297
53,9,0.390372,0.390372
53,10,0.427992,0.872289
54,9,0.168072,0.5584439999999999
54,10,0.064772,0.9370609999999999
55,9,0.215459,0.773903
55,10,0.062939,1.0
56,9,0.226097,1.0
57,8,0.464234,0.464234
58,8,0.249733,0.713967
59,5,0.019986,0.019986
59,6,0.167107,0.167107
59,7,0.538971,0.538971
59,8,0.190341,0.904308
60,5,0.197094,0.21708
60,6,0.485127,0.652234
60,7,0.399376,0.938347
60,8,0.095692,1.0
62,7,0.061653,1.0
62,6,0.347766,1.0
62,5,0.78292,1.0
63,4,0.350037,0.350037
64,3,0.152757,0.152757
64,4,0.399427,0.7494639999999999
65,3,0.15739,0.310147
65,4,0.075454,0.8249179999999999
66,3,0.148794,0.45894100000000004
66,4,0.175082,1.0
67,3,0.541059,1.0
67,2,0.022942,0.022942
68,1,0.027183,0.027183
68,2,0.303698,0.32664000000000004
69,1,0.0597,0.086883
69,2,0.27063,0.59727
70,1,0.156666,0.24354900000000002
70,2,0.147655,0.7449250000000001
71,2,0.255075,1.0
71,1,0.514304,0.757853
73,1,0.242147,1.0
