Points,Position,Probability,Cumulative
32,20,0.403117,0.403117
33,20,0.237297,0.640414
35,20,0.359586,1.0
36,19,0.359586,0.359586
37,19,0.237297,0.596883
39,18,0.672328,0.672328
39,19,0.403117,1.0
40,18,0.185085,0.857413
41,17,0.620756,0.620756
41,18,0.103353,0.960766
42,16,0.275891,0.275891
42,17,0.379244,1.0
42,18,0.039234,1.0
44,16,0.724109,1.0
45,15,0.822774,0.822774
45,14,0.32793,0.32793
46,13,0.26912,0.26912
46,14,0.569636,0.8975660000000001
46,15,0.177226,1.0
47,12,0.120758,0.120758
47,13,0.336488,0.605608
47,14,0.055657,0.953223
48,12,0.160669,0.281427
48,13,0.179957,0.7855650000000001
48,14,0.046777,1.0
49,12,0.718573,1.0
49,13,0.214435,1.0
50,11,0.575977,0.575977
51,11,0.265663,0.8416399999999999
53,11,0.15836,1.0
53,10,0.15836,0.15836
54,9,0.061908,0.061908
54,10,0.348938,0.507298
55,9,0.093273,0.15518099999999999
55,10,0.127075,0.6343730000000001
56,7,0.027272,0.027272
56,8,0.256368,0.256368
56,9,0.573226,0.728407
56,10,0.365627,1.0
57,7,0.244624,0.271896
57,8,0.576902,0.83327
57,9,0.271593,1.0
59,7,0.728104,1.0
59,8,0.16673,1.0
59,6,0.841758,0.841758
59,5,0.400401,0.400401
59,4,0.069448,0.069448
60,4,0.22465,0.29409799999999997
60,5,0.369913,0.7703139999999999
60,6,0.135445,0.977203
62,3,0.142587,0.142587
62,4,0.705902,1.0
62,5,0.229686,1.0
62,6,0.022797,1.0
63,3,0.185085,0.32767199999999996
65,3,0.672328,1.0
69,2,0.323587,0.323587
70,2,0.301929,0.625516
72,2,0.374484,1.0
79,1,0.374484,0.374484
80,1,0.301929,0.6764129999999999
82,1,0.323587,1.0
