Points,Position,Probability,Cumulative
19,20,0.627958,0.627958
20,20,0.248836,0.8767940000000001
22,20,0.123206,1.0
31,19,0.281766,0.281766
32,18,0.341051,0.341051
32,19,0.614938,0.896704
33,18,0.256164,0.597215
33,19,0.054983,0.951687
34,18,0.12836,0.725575
34,19,0.048313,1.0
35,18,0.274425,1.0
36,17,0.549247,0.549247
37,17,0.379482,0.928729
38,16,0.173599,0.173599
38,17,0.013531,0.94226
39,17,0.05774,1.0
39,16,0.464677,0.6382760000000001
41,16,0.361724,1.0
42,15,0.361724,0.361724
43,14,0.23441,0.23441
43,15,0.504926,0.8666499999999999
44,14,0.3909,0.62531
44,15,0.089643,0.956293
45,15,0.043707,0.9999999999999999
45,14,0.143423,0.768733
46,14,0.231267,1.0
48,12,0.039616,0.039616
48,13,0.360754,0.360754
49,12,0.821232,0.860848
49,13,0.624479,0.985233
49,10,0.108916,0.108916
49,11,0.503211,0.503211
50,13,0.014767,1.0
50,12,0.130003,0.9908509999999999
50,11,0.364301,0.867512
50,10,0.330823,0.439739
51,9,0.338526,0.338526
51,10,0.4958,0.935539
51,11,0.132488,1.0
51,12,0.009149,1.0
52,9,0.372647,0.711173
52,10,0.064461,1.0
53,9,0.288827,1.0
54,8,0.316725,0.316725
55,8,0.459578,0.776303
56,7,0.179571,0.179571
56,8,0.051696,0.8279989999999999
57,7,0.532239,0.71181
57,8,0.172001,1.0
59,7,0.28819,1.0
60,6,0.274425,0.274425
61,6,0.311147,0.585572
63,5,0.123206,0.123206
63,6,0.414428,1.0
64,5,0.248836,0.372042
65,4,0.038358,0.038358
65,5,0.065049,0.437091
66,4,0.19377,0.232128
66,5,0.562909,1.0
68,4,0.767872,1.0
71,2,0.040627,0.040627
71,3,0.600785,0.600785
72,2,0.342939,0.383566
72,3,0.317211,0.917996
74,2,0.616434,1.0
74,3,0.082004,1.0
90,1,0.149191,0.149191
91,1,0.280668,0.429859
93,1,0.570141,1.0
