Points,Position,Probability,Cumulative
28,20,0.826891,0.826891
29,20,0.135237,0.9621280000000001
31,19,0.456252,0.456252
31,20,0.037872,1.0
32,19,0.434638,0.89089
34,19,0.10911,1.0
37,18,0.547331,0.547331
38,18,0.420176,0.967507
40,18,0.032493,1.0
42,17,0.370744,0.370744
43,17,0.388153,0.758897
44,16,0.024706,0.024706
44,17,0.007787,0.766684
45,15,0.113681,0.113681
45,16,0.565286,0.589992
45,17,0.233316,1.0
46,16,0.309228,0.8992199999999999
46,14,0.148104,0.148104
46,15,0.434405,0.548086
47,14,0.378739,0.526843
47,15,0.418709,0.9667950000000001
47,16,0.10078,1.0
48,13,0.239368,0.239368
48,14,0.41607,0.942913
48,15,0.033205,1.0
49,11,0.014862,0.014862
49,12,0.195798,0.195798
49,13,0.470171,0.709539
49,14,0.057087,1.0
50,13,0.223111,0.93265
50,10,0.014943,0.014943
50,11,0.212796,0.22765800000000003
50,12,0.448879,0.644677
51,12,0.258356,0.903033
51,13,0.06735,1.0
51,10,0.131333,0.14627600000000002
51,11,0.323872,0.55153
52,9,0.144827,0.144827
52,10,0.475589,0.621865
52,11,0.44847,1.0
52,12,0.096967,1.0
53,8,0.105015,0.105015
53,9,0.584689,0.729516
53,10,0.378135,1.0
54,9,0.095195,0.8247110000000001
54,8,0.202243,0.30725800000000003
55,7,0.193921,0.193921
55,8,0.380731,0.687989
55,9,0.175289,1.0
56,5,0.079671,0.079671
56,6,0.499185,0.499185
56,7,0.711818,0.905739
56,8,0.312011,1.0
57,7,0.076736,0.982475
57,6,0.314617,0.8138019999999999
57,5,0.272764,0.352435
58,5,0.123162,0.475597
58,6,0.118532,0.932334
58,7,0.017525,1.0
59,5,0.524403,1.0
59,6,0.067666,1.0
62,4,0.319927,0.319927
63,4,0.341216,0.661143
65,4,0.338857,1.0
68,3,0.037872,0.037872
69,3,0.135237,0.173109
70,2,0.075933,0.075933
70,3,0.361678,0.534787
71,2,0.728357,0.8042900000000001
71,3,0.465213,1.0
73,2,0.19571,1.0
77,1,0.429424,0.429424
78,1,0.319572,0.748996
80,1,0.251004,1.0
