Points,Position,Probability,Cumulative
32,20,0.392238,0.392238
33,20,0.245638,0.637876
35,20,0.362124,1.0
36,19,0.362124,0.362124
37,19,0.245638,0.607762
39,18,0.662549,0.662549
39,19,0.392238,1.0
40,18,0.206951,0.8695
41,17,0.605585,0.605585
41,18,0.090757,0.960257
42,16,0.303658,0.303658
42,17,0.394415,1.0
42,18,0.039743,1.0
44,16,0.696342,1.0
45,15,0.826274,0.826274
45,14,0.305215,0.305215
46,13,0.331802,0.331802
46,14,0.638544,0.943759
46,15,0.173726,1.0
47,12,0.153229,0.153229
47,13,0.364335,0.696137
47,14,0.033783,0.977542
48,12,0.213935,0.367164
48,13,0.153446,0.849583
48,14,0.022458,1.0
49,12,0.632836,1.0
49,13,0.150417,1.0
50,11,0.557719,0.557719
51,11,0.290032,0.8477509999999999
53,11,0.152249,1.0
53,10,0.152249,0.152249
54,9,0.071456,0.071456
54,10,0.380615,0.532864
55,9,0.110287,0.181743
55,10,0.138266,0.67113
56,7,0.021218,0.021218
56,8,0.287849,0.287849
56,9,0.597141,0.778884
56,10,0.32887,1.0
57,7,0.231149,0.252367
57,8,0.579522,0.867371
57,9,0.221116,1.0
59,7,0.747633,1.0
59,8,0.132629,1.0
59,6,0.78132,0.78132
59,5,0.301456,0.301456
59,4,0.038658,0.038658
60,4,0.180364,0.219022
60,5,0.399297,0.700753
60,6,0.183946,0.965266
62,3,0.1305,0.1305
62,4,0.780978,1.0
62,5,0.299247,1.0
62,6,0.034734,1.0
63,3,0.206951,0.337451
65,3,0.662549,1.0
69,2,0.252127,0.252127
70,2,0.326659,0.578786
72,2,0.421214,1.0
79,1,0.421214,0.421214
80,1,0.326659,0.747873
82,1,0.252127,1.0
