Points,Position,Probability,Cumulative
28,20,0.883268,0.883268
29,20,0.098999,0.982267
31,19,0.635341,0.635341
31,20,0.017733,1.0
32,19,0.222337,0.857678
34,19,0.142322,1.0
37,18,0.778195,0.778195
38,18,0.187817,0.966012
40,18,0.033988,1.0
42,17,0.466824,0.466824
43,17,0.411537,0.878361
44,16,0.029942,0.029942
44,17,0.004046,0.882407
45,15,0.133074,0.133074
45,16,0.660549,0.6904910000000001
45,17,0.117593,1.0
46,16,0.248448,0.9389390000000001
46,14,0.103109,0.103109
46,15,0.433743,0.566817
47,14,0.630044,0.733153
47,15,0.41436,0.981177
47,16,0.061061,1.0
48,13,0.349807,0.349807
48,14,0.204321,0.937474
48,15,0.018823,1.0
49,11,0.011505,0.011505
49,12,0.170033,0.170033
49,13,0.396497,0.746304
49,14,0.062526,1.0
50,13,0.16391,0.910214
50,10,0.013443,0.013443
50,11,0.159424,0.170929
50,12,0.399865,0.569898
51,12,0.261074,0.830972
51,13,0.089786,1.0
51,10,0.07,0.083443
51,11,0.242529,0.413458
52,9,0.159928,0.159928
52,10,0.558863,0.642306
52,11,0.586542,1.0
52,12,0.169028,1.0
53,8,0.093116,0.093116
53,9,0.529454,0.6893819999999999
53,10,0.357694,1.0
54,9,0.144868,0.8342499999999999
54,8,0.252633,0.345749
55,7,0.182884,0.182884
55,8,0.35148,0.697229
55,9,0.16575,1.0
56,5,0.020474,0.020474
56,6,0.315748,0.315748
56,7,0.620616,0.8034999999999999
56,8,0.302771,1.0
57,7,0.16754,0.97104
57,6,0.41159,0.727338
57,5,0.235411,0.25588500000000003
58,5,0.162839,0.418724
58,6,0.19825,0.925588
58,7,0.02896,1.0
59,5,0.581276,1.0
59,6,0.074412,1.0
62,4,0.363995,0.363995
63,4,0.263809,0.627804
65,4,0.372196,1.0
68,3,0.017733,0.017733
69,3,0.098999,0.116732
70,2,0.059356,0.059356
70,3,0.449839,0.5665709999999999
71,2,0.866879,0.9262349999999999
71,3,0.433429,1.0
73,2,0.073765,0.9999999999999999
77,1,0.182902,0.182902
78,1,0.215338,0.39824000000000004
80,1,0.60176,1.0
