Points,Position,Probability,Cumulative
32,20,0.760013,0.760013
33,19,0.430084,0.430084
33,20,0.210998,0.9710110000000001
34,19,0.231947,0.662031
34,20,0.012998,0.984009
35,19,0.037032,0.699063
35,20,0.015991,1.0
36,19,0.300937,1.0
37,18,0.453919,0.453919
38,17,0.316841,0.316841
38,18,0.412734,0.866653
39,16,0.235861,0.235861
39,17,0.387928,0.704769
39,18,0.09353,0.960183
40,17,0.200394,0.9051629999999999
40,18,0.039817,1.0
40,16,0.243062,0.478923
41,16,0.227573,0.706496
41,17,0.094837,1.0
42,16,0.293504,1.0
43,15,0.550441,0.550441
44,14,0.226087,0.226087
44,15,0.449559,1.0
45,14,0.44779,0.6738770000000001
45,13,0.153659,0.153659
46,13,0.0916,0.245259
46,14,0.076504,0.7503810000000001
47,12,0.280728,0.280728
47,13,0.754741,1.0
47,14,0.249619,1.0
48,12,0.295793,0.576521
49,12,0.207794,0.784315
49,11,0.282308,0.282308
50,11,0.535245,0.817553
50,12,0.215685,1.0
50,10,0.235639,0.235639
51,9,0.253265,0.253265
51,10,0.464392,0.7000310000000001
51,11,0.136729,0.954282
52,9,0.259714,0.5129790000000001
52,10,0.245879,0.94591
52,11,0.045718,1.0
53,9,0.393979,0.906958
53,10,0.05409,1.0
53,8,0.255016,0.255016
54,8,0.295674,0.55069
54,9,0.093042,1.0
56,8,0.44931,1.0
60,7,0.13153,0.13153
61,5,0.07924,0.07924
61,6,0.420755,0.420755
61,7,0.719007,0.850537
62,7,0.102849,0.953386
62,6,0.224391,0.645146
62,5,0.107708,0.186948
63,5,0.264187,0.451135
63,6,0.275576,0.920722
63,7,0.046614,1.0
64,5,0.548865,1.0
64,6,0.079278,1.0
66,3,0.022415,0.022415
66,4,0.454087,0.454087
67,3,0.150037,0.172452
67,4,0.33272,0.786807
69,3,0.827548,1.0
69,4,0.213193,1.0
70,2,0.269218,0.269218
71,2,0.24068,0.509898
73,2,0.490102,1.0
77,1,0.174025,0.174025
78,1,0.190003,0.364028
80,1,0.635972,1.0
