Points,Position,Probability,Cumulative
19,20,0.634693,0.634693
20,20,0.219797,0.85449
22,20,0.14551,1.0
31,19,0.492149,0.492149
32,18,0.293197,0.293197
32,19,0.40279,0.8949389999999999
33,18,0.336237,0.629434
33,19,0.065024,0.959963
34,18,0.121408,0.750842
34,19,0.040037,1.0
35,18,0.249158,1.0
36,17,0.466365,0.466365
37,17,0.349058,0.815423
38,16,0.340201,0.340201
38,17,0.077371,0.892794
39,17,0.107206,1.0
39,16,0.44217,0.7823709999999999
41,16,0.217629,1.0
42,15,0.217629,0.217629
43,14,0.237734,0.237734
43,15,0.535903,0.753532
44,14,0.244174,0.481908
44,15,0.174429,0.927961
45,15,0.072039,1.0
45,14,0.345533,0.827441
46,14,0.172559,1.0
48,12,0.082889,0.082889
48,13,0.592824,0.592824
49,12,0.714896,0.797785
49,13,0.386763,0.979587
49,10,0.089833,0.089833
49,11,0.408389,0.408389
50,13,0.020413,1.0
50,12,0.184878,0.982663
50,11,0.398404,0.806793
50,10,0.237577,0.32741
51,9,0.287101,0.287101
51,10,0.517608,0.8450179999999999
51,11,0.193207,1.0
51,12,0.017337,1.0
52,9,0.282943,0.570044
52,10,0.154982,1.0
53,9,0.429956,1.0
54,8,0.138089,0.138089
55,8,0.347643,0.48573199999999994
56,7,0.08413,0.08413
56,8,0.088429,0.574161
57,7,0.507032,0.5911620000000001
57,8,0.425839,1.0
59,7,0.408838,1.0
60,6,0.249158,0.249158
61,6,0.401261,0.650419
63,5,0.14551,0.14551
63,6,0.349581,1.0
64,5,0.219797,0.365307
65,4,0.092017,0.092017
65,5,0.160879,0.526186
66,4,0.432107,0.524124
66,5,0.473814,1.0
68,4,0.475876,1.0
71,2,0.062997,0.062997
71,3,0.462382,0.462382
72,2,0.276388,0.33938500000000005
72,3,0.36759,0.8299719999999999
74,2,0.660615,1.0
74,3,0.170028,1.0
90,1,0.364278,0.364278
91,1,0.29492,0.659198
93,1,0.340802,1.0
