Points,Position,Probability,Cumulative
31,20,0.327685,0.327685
32,20,0.382786,0.7104710000000001
34,20,0.289529,1.0
38,19,0.237062,0.237062
39,19,0.263227,0.500289
40,17,0.058645,0.058645
40,18,0.345423,0.345423
40,19,0.286328,0.786617
41,16,0.396058,0.396058
41,17,0.784001,0.842646
41,18,0.641808,0.987231
41,19,0.213383,1.0
42,16,0.043621,0.43967900000000004
42,17,0.041926,0.884572
42,18,0.009729,0.9969600000000001
43,18,0.00304,1.0
43,17,0.115428,1.0
43,15,0.2599,0.2599
43,16,0.538414,0.978093
44,15,0.351266,0.6111660000000001
44,16,0.021907,1.0
46,15,0.388834,1.0
47,13,0.209146,0.209146
47,14,0.719256,0.719256
48,13,0.354553,0.563699
48,14,0.222283,0.941539
49,12,0.323087,0.323087
49,13,0.21654,0.780239
49,14,0.033518,0.9750570000000001
50,12,0.676913,1.0
50,13,0.219761,1.0
50,14,0.024943,1.0
51,10,0.300498,0.300498
51,11,0.83819,0.83819
51,9,0.034693,0.034693
52,11,0.138392,0.976582
52,9,0.17097,0.205663
52,10,0.384756,0.685254
53,9,0.275764,0.48142700000000005
53,10,0.273963,0.959217
53,11,0.023418,1.0
54,9,0.518573,1.0
54,10,0.040783,1.0
55,7,0.04702,0.04702
55,8,0.584881,0.584881
56,6,0.107931,0.107931
56,7,0.496947,0.543967
56,8,0.360238,0.945119
57,6,0.09177,0.19970100000000002
57,7,0.273081,0.817048
57,8,0.054881,1.0
58,7,0.182952,1.0
58,6,0.664627,0.864328
58,5,0.340959,0.340959
59,4,0.227221,0.227221
59,5,0.385548,0.726507
59,6,0.135672,1.0
60,4,0.535717,0.762938
60,5,0.273493,1.0
62,4,0.237062,1.0
65,3,0.289529,0.289529
66,2,0.129985,0.129985
66,3,0.446001,0.73553
67,2,0.174234,0.304219
67,3,0.085154,0.820684
68,2,0.148369,0.452588
68,3,0.179316,1.0
69,2,0.547412,1.0
80,1,0.029903,0.029903
81,1,0.095276,0.12517899999999998
83,1,0.874821,1.0
