Points,Position,Probability,Cumulative
36,17,0.037877,0.037877
36,18,0.24247,0.24247
36,19,0.62147,0.62147
36,20,0.916899,0.916899
37,17,0.335127,0.373004
37,18,0.55536,0.7978299999999999
37,19,0.347156,0.968626
37,20,0.081219,0.9981180000000001
39,20,0.001882,1.0
39,19,0.031374,1.0
39,17,0.626996,1.0
39,18,0.20217,0.9999999999999999
40,16,0.078835,0.078835
41,15,0.058928,0.058928
41,16,0.366863,0.445698
42,15,0.189011,0.24793900000000002
42,16,0.303948,0.749646
43,16,0.100158,0.849804
43,15,0.113128,0.361067
44,13,0.190997,0.190997
44,14,0.707289,0.707289
44,15,0.618172,0.9792390000000001
44,16,0.150196,1.0
45,15,0.020761,1.0
45,13,0.663166,0.854163
45,14,0.283467,0.990756
45,11,0.094153,0.094153
45,12,0.448395,0.448395
46,11,0.10171,0.195863
46,12,0.230176,0.678571
46,13,0.100197,0.95436
46,14,0.009244,1.0
47,12,0.321429,1.0
47,11,0.554858,0.750721
47,13,0.04564,1.0
48,11,0.249279,1.0
49,10,0.6678,0.6678
49,8,0.006101,0.006101
49,9,0.188533,0.188533
50,8,0.101292,0.10739299999999999
50,9,0.514317,0.70285
50,10,0.301233,0.9690329999999999
51,8,0.075188,0.182581
51,9,0.035843,0.738693
51,10,0.004247,0.9732799999999999
52,10,0.02672,0.9999999999999999
52,9,0.261307,1.0
52,8,0.27924,0.461821
53,8,0.319887,0.781708
55,6,0.141185,0.141185
55,7,0.761105,0.761105
55,8,0.218292,1.0
56,6,0.370268,0.5114529999999999
56,7,0.188504,0.949609
58,7,0.050391,1.0
58,6,0.488547,1.0
61,4,0.040338,0.040338
61,5,0.365984,0.365984
62,4,0.292893,0.333231
62,5,0.491241,0.8572249999999999
63,3,0.083293,0.083293
63,4,0.130612,0.463843
63,5,0.035374,0.8925989999999999
64,3,0.522905,0.606198
64,4,0.536157,1.0
64,5,0.107401,1.0
66,3,0.393802,1.0
67,2,0.261207,0.261207
68,2,0.50662,0.767827
70,2,0.232173,0.9999999999999999
72,1,0.120157,0.120157
73,1,0.179059,0.299216
75,1,0.700784,1.0
