Points,Position,Probability,Cumulative
25,20,0.750961,0.750961
26,20,0.186991,0.937952
28,20,0.062048,1.0
32,19,1.0,1.0
43,17,1.0,1.0
43,18,1.0,1.0
46,16,1.0,1.0
48,14,1.0,1.0
48,15,1.0,1.0
50,12,1.0,1.0
50,13,1.0,1.0
51,11,1.0,1.0
53,10,1.0,1.0
55,9,1.0,1.0
57,8,1.0,1.0
59,6,1.0,1.0
59,7,1.0,1.0
62,5,1.0,1.0
63,4,1.0,1.0
67,2,0.062048,0.062048
67,3,1.0,1.0
68,2,0.186991,0.24903899999999998
69,1,0.249039,0.249039
69,2,0.750961,1.0
70,1,0.750961,1.0
