Points,Position,Probability,Cumulative
39,17,1.0,1.0
39,18,1.0,1.0
39,19,1.0,1.0
39,20,1.0,1.0
41,15,0.320869,0.320869
41,16,1.0,1.0
42,15,0.335773,0.656642
44,13,1.0,1.0
44,14,1.0,1.0
44,15,0.343358,1.0
45,12,1.0,1.0
47,11,1.0,1.0
49,10,0.343358,0.343358
50,8,0.679131,0.679131
50,9,1.0,1.0
50,10,0.656642,1.0
52,8,0.320869,1.0
55,7,1.0,1.0
56,6,1.0,1.0
61,5,1.0,1.0
62,4,1.0,1.0
66,3,1.0,1.0
68,2,1.0,1.0
75,1,1.0,1.0
