Points,Position,Probability,Cumulative
25,20,0.26338,0.26338
26,20,0.300163,0.563543
27,20,0.060962,0.624505
28,20,0.273627,0.898132
29,19,0.323989,0.323989
29,20,0.101868,1.0
30,19,0.306534,0.630523
31,19,0.017573,0.648096
32,19,0.351904,1.0
40,18,0.321386,0.321386
41,18,0.283802,0.6051880000000001
43,16,0.230835,0.230835
43,17,0.734173,0.734173
43,18,0.394812,1.0
44,16,0.433322,0.664157
44,17,0.23262,0.966793
45,15,0.19139,0.19139
45,16,0.087108,0.751265
45,17,0.009569,0.976362
46,17,0.023638,1.0
46,15,0.385061,0.576451
46,16,0.248735,1.0
47,14,0.161473,0.161473
47,15,0.118454,0.694905
48,12,0.016654,0.016654
48,13,0.185291,0.185291
48,14,0.507773,0.669246
48,15,0.305095,1.0
49,13,0.537883,0.723174
49,11,0.074399,0.074399
49,12,0.331226,0.34788
49,14,0.279739,0.948985
50,11,0.139042,0.213441
50,12,0.322012,0.669892
50,13,0.231024,0.954198
50,14,0.051015,1.0
51,12,0.330108,1.0
51,13,0.045802,1.0
51,11,0.589098,0.802539
52,11,0.197461,1.0
52,10,0.499281,0.499281
53,9,0.364224,0.364224
53,10,0.382067,0.881348
54,9,0.203524,0.567748
54,10,0.05876,0.9401079999999999
55,9,0.163637,0.731385
55,10,0.059892,1.0
56,9,0.268615,1.0
57,8,0.497859,0.497859
58,8,0.222214,0.720073
59,5,0.022959,0.022959
59,6,0.186702,0.186702
59,7,0.571866,0.571866
59,8,0.195837,0.91591
60,5,0.21373,0.236689
60,6,0.502265,0.688967
60,7,0.379595,0.951461
60,8,0.08409,1.0
62,7,0.048539,1.0
62,6,0.311033,1.0
62,5,0.763311,1.0
63,4,0.302216,0.302216
64,3,0.172204,0.172204
64,4,0.435172,0.7373879999999999
65,3,0.168051,0.340255
65,4,0.094233,0.8316209999999999
66,3,0.190644,0.530899
66,4,0.168379,1.0
67,3,0.469101,1.0
67,2,0.021946,0.021946
68,1,0.024183,0.024183
68,2,0.272834,0.29478000000000004
69,1,0.055252,0.079435
69,2,0.247693,0.542473
70,1,0.146745,0.22618
70,2,0.184862,0.7273350000000001
71,2,0.272665,1.0
71,1,0.557894,0.7840739999999999
73,1,0.215926,1.0
