Points,Position,Probability,Cumulative
25,20,0.263115,0.263115
26,20,0.283603,0.546718
27,20,0.056959,0.603677
28,20,0.287102,0.890779
29,19,0.336587,0.336587
29,20,0.109221,1.0
30,19,0.287374,0.623961
31,19,0.021317,0.645278
32,19,0.354722,1.0
40,18,0.325781,0.325781
41,18,0.285346,0.611127
43,16,0.23366,0.23366
43,17,0.736267,0.736267
43,18,0.388873,1.0
44,16,0.394814,0.628474
44,17,0.22218,0.958447
45,15,0.192005,0.192005
45,16,0.100653,0.729127
45,17,0.012728,0.971175
46,17,0.028825,1.0
46,15,0.38046,0.572465
46,16,0.270873,1.0
47,14,0.158542,0.158542
47,15,0.118589,0.6910540000000001
48,12,0.020799,0.020799
48,13,0.207162,0.207162
48,14,0.526581,0.6851229999999999
48,15,0.308946,1.0
49,13,0.513447,0.720609
49,11,0.073865,0.073865
49,12,0.324699,0.345498
49,14,0.263313,0.948436
50,11,0.134141,0.20800600000000002
50,12,0.315404,0.6609020000000001
50,13,0.230734,0.951343
50,14,0.051564,1.0
51,12,0.339098,1.0
51,13,0.048657,1.0
51,11,0.582172,0.790178
52,11,0.209822,1.0
52,10,0.507578,0.507578
53,9,0.358245,0.358245
53,10,0.368171,0.875749
54,9,0.193523,0.551768
54,10,0.059009,0.934758
55,9,0.16784,0.719608
55,10,0.065242,1.0
56,9,0.280392,1.0
57,8,0.499995,0.499995
58,8,0.222874,0.722869
59,5,0.023318,0.023318
59,6,0.187134,0.187134
59,7,0.572391,0.572391
59,8,0.193479,0.916348
60,5,0.20654,0.229858
60,6,0.493312,0.680446
60,7,0.376802,0.949193
60,8,0.083652,1.0
62,7,0.050807,1.0
62,6,0.319554,1.0
62,5,0.770142,1.0
63,4,0.307144,0.307144
64,3,0.181009,0.181009
64,4,0.437872,0.7450159999999999
65,3,0.163062,0.344071
65,4,0.08947,0.834486
66,3,0.188853,0.532924
66,4,0.165514,1.0
67,3,0.467076,1.0
67,2,0.025606,0.025606
68,1,0.026677,0.026677
68,2,0.284093,0.309699
69,1,0.052471,0.079148
69,2,0.232179,0.541878
70,1,0.148274,0.22742199999999999
70,2,0.186837,0.728715
71,2,0.271285,1.0
71,1,0.545623,0.773045
73,1,0.226955,1.0
