Points,Position,Probability,Cumulative
32,20,0.515473,0.515473
33,20,0.233491,0.748964
35,20,0.251036,1.0
36,19,0.251036,0.251036
37,19,0.233491,0.484527
39,18,0.546711,0.546711
39,19,0.515473,1.0
40,18,0.226905,0.773616
41,17,0.534588,0.534588
41,18,0.156522,0.9301379999999999
42,16,0.30889,0.30889
42,17,0.465412,1.0
42,18,0.069862,0.9999999999999999
44,16,0.69111,1.0
45,15,0.70139,0.70139
45,14,0.201879,0.201879
46,13,0.350173,0.350173
46,14,0.665572,0.8674510000000001
46,15,0.29861,1.0
47,12,0.150035,0.150035
47,13,0.304479,0.654652
47,14,0.084056,0.9515070000000001
48,12,0.287133,0.437168
48,13,0.23776,0.892412
48,14,0.048493,1.0
49,12,0.562832,1.0
49,13,0.107588,1.0
50,11,0.41176,0.41176
51,11,0.34201,0.75377
53,11,0.24623,1.0
53,10,0.24623,0.24623
54,9,0.158902,0.158902
54,10,0.453016,0.699246
55,9,0.152775,0.311677
55,10,0.106566,0.805812
56,7,0.04815,0.04815
56,8,0.32024,0.32024
56,9,0.465073,0.77675
56,10,0.194188,1.0
57,7,0.276268,0.324418
57,8,0.503119,0.823359
57,9,0.22325,1.0
59,7,0.675582,1.0
59,8,0.176641,1.0
59,6,0.748706,0.748706
59,5,0.297107,0.297107
59,4,0.044312,0.044312
60,4,0.202054,0.246366
60,5,0.398832,0.6959390000000001
60,6,0.205566,0.954272
62,3,0.226384,0.226384
62,4,0.753634,1.0
62,5,0.304061,1.0
62,6,0.045728,1.0
63,3,0.226905,0.453289
65,3,0.546711,1.0
69,2,0.419911,0.419911
70,2,0.333632,0.753543
72,2,0.246457,1.0
79,1,0.246457,0.246457
80,1,0.333632,0.580089
82,1,0.419911,1.0
