Points,Position,Probability,Cumulative
19,20,0.746127,0.746127
20,20,0.183677,0.929804
22,20,0.070196,1.0
31,19,0.467684,0.467684
32,18,0.306399,0.306399
32,19,0.382093,0.849777
33,18,0.258245,0.5646439999999999
33,19,0.088727,0.938504
34,18,0.194329,0.758973
34,19,0.061496,1.0
35,18,0.241027,1.0
36,17,0.463382,0.463382
37,17,0.353003,0.816385
38,16,0.30994,0.30994
38,17,0.069715,0.8861
39,17,0.1139,1.0
39,16,0.44538,0.75532
41,16,0.24468,1.0
42,15,0.24468,0.24468
43,14,0.332672,0.332672
43,15,0.579246,0.823926
44,14,0.196912,0.529584
44,15,0.120883,0.944809
45,15,0.055191,1.0
45,14,0.324464,0.854048
46,14,0.145952,1.0
48,12,0.141397,0.141397
48,13,0.66667,0.66667
49,12,0.644233,0.7856299999999999
49,13,0.30746,0.9741299999999999
49,10,0.085079,0.085079
49,11,0.39651,0.39651
50,13,0.02587,1.0
50,12,0.191838,0.977468
50,11,0.391985,0.788495
50,10,0.236228,0.321307
51,9,0.23123,0.23123
51,10,0.498213,0.81952
51,11,0.211505,1.0
51,12,0.022532,1.0
52,9,0.386447,0.617677
52,10,0.18048,1.0
53,9,0.382323,1.0
54,8,0.182385,0.182385
55,8,0.265373,0.447758
56,7,0.065073,0.065073
56,8,0.080879,0.528637
57,7,0.398674,0.46374699999999996
57,8,0.471363,1.0
59,7,0.536253,1.0
60,6,0.241027,0.241027
61,6,0.346972,0.5879989999999999
63,5,0.070196,0.070196
63,6,0.412001,1.0
64,5,0.183677,0.253873
65,4,0.066499,0.066499
65,5,0.196162,0.45003499999999996
66,4,0.424406,0.49090500000000004
66,5,0.549965,1.0
68,4,0.509095,0.9999999999999999
71,2,0.046416,0.046416
71,3,0.389984,0.389984
72,2,0.219239,0.265655
72,3,0.375583,0.765567
74,2,0.734345,1.0
74,3,0.234433,1.0
90,1,0.505396,0.505396
91,1,0.241819,0.747215
93,1,0.252785,1.0
