Points,Position,Probability,Cumulative
19,20,0.808206,0.808206
20,20,0.156801,0.965007
22,20,0.034993,1.0
31,19,0.467791,0.467791
32,18,0.364666,0.364666
32,19,0.402218,0.870009
33,18,0.226789,0.591455
33,19,0.077495,0.947504
34,18,0.202919,0.7943739999999999
34,19,0.052496,1.0
35,18,0.205626,1.0
36,17,0.437592,0.437592
37,17,0.432377,0.869969
38,16,0.359993,0.359993
38,17,0.053739,0.923708
39,17,0.076292,1.0
39,16,0.421797,0.78179
41,16,0.21821,1.0
42,15,0.21821,0.21821
43,14,0.299488,0.299488
43,15,0.578703,0.796913
44,14,0.256577,0.556065
44,15,0.18171,0.978623
45,15,0.021377,1.0
45,14,0.392355,0.94842
46,14,0.05158,1.0
48,12,0.143681,0.143681
48,13,0.674371,0.674371
49,12,0.653677,0.797358
49,13,0.303476,0.9778470000000001
49,10,0.07758,0.07758
49,11,0.398101,0.398101
50,13,0.022153,1.0
50,12,0.186067,0.9834249999999999
50,11,0.421345,0.819446
50,10,0.270681,0.348261
51,9,0.334005,0.334005
51,10,0.526275,0.874536
51,11,0.180554,1.0
51,12,0.016575,0.9999999999999999
52,9,0.36649,0.700495
52,10,0.125464,1.0
53,9,0.299505,1.0
54,8,0.162089,0.162089
55,8,0.275274,0.43736300000000006
56,7,0.022508,0.022508
56,8,0.029072,0.46643500000000004
57,7,0.467359,0.48986700000000005
57,8,0.533565,1.0
59,7,0.510133,1.0
60,6,0.205626,0.205626
61,6,0.304284,0.50991
63,5,0.034993,0.034993
63,6,0.49009,1.0
64,5,0.156801,0.191794
65,4,0.041761,0.041761
65,5,0.177227,0.369021
66,4,0.376978,0.418739
66,5,0.630979,1.0
68,4,0.581261,1.0
71,2,0.041721,0.041721
71,3,0.410237,0.410237
72,2,0.286347,0.328068
72,3,0.407914,0.8181510000000001
74,2,0.671932,1.0
74,3,0.181849,1.0
90,1,0.416189,0.416189
91,1,0.261884,0.6780729999999999
93,1,0.321927,1.0
