Points,Position,Probability,Cumulative
17,20,0.473,0.473
18,20,0.371456,0.844456
20,20,0.155544,1.0
36,19,0.550195,0.550195
37,19,0.223994,0.774189
39,19,0.225811,1.0
43,18,0.429927,0.429927
44,18,0.477003,0.90693
44,17,0.459557,0.459557
45,16,0.299491,0.299491
45,17,0.317522,0.7770790000000001
45,18,0.068261,0.975191
46,15,0.379613,0.379613
46,16,0.533795,0.833286
46,17,0.207239,0.984318
46,18,0.024809,1.0
47,17,0.015682,1.0
47,16,0.1448,0.978086
47,13,0.033105,0.033105
47,14,0.275928,0.275928
47,15,0.399147,0.7787599999999999
48,11,0.018881,0.018881
48,12,0.149598,0.149598
48,13,0.435127,0.468232
48,14,0.536932,0.8128599999999999
48,15,0.19694,0.9757
48,16,0.021914,1.0
49,11,0.068171,0.08705199999999999
49,12,0.241253,0.390851
49,13,0.299662,0.767894
49,14,0.151296,0.9641559999999999
49,15,0.0243,1.0
50,14,0.035844,0.9999999999999999
50,13,0.232106,1.0
50,12,0.523367,0.914218
50,11,0.466219,0.553271
50,10,0.137186,0.137186
50,9,0.011246,0.011246
51,9,0.255447,0.26669299999999996
51,10,0.628876,0.766062
51,11,0.446729,1.0
51,12,0.085782,1.0
53,10,0.233938,1.0
53,9,0.733307,1.0
54,8,0.470274,0.470274
55,8,0.29065,0.760924
56,7,0.118238,0.118238
56,8,0.03709,0.798014
57,7,0.229495,0.347733
57,8,0.201986,1.0
58,6,0.206654,0.206654
58,7,0.652267,1.0
59,6,0.724224,0.930878
59,4,0.084017,0.084017
59,5,0.484857,0.484857
60,4,0.10206,0.186077
60,5,0.162249,0.647106
60,6,0.026341,0.9572189999999999
61,3,0.111356,0.111356
61,4,0.442672,0.628749
61,5,0.352894,1.0
61,6,0.042781,1.0
62,3,0.290052,0.401408
62,4,0.371251,1.0
64,2,0.523829,0.523829
64,3,0.598592,1.0
65,2,0.253049,0.776878
67,2,0.223122,1.0
75,1,0.286096,0.286096
76,1,0.24006,0.5261560000000001
78,1,0.473844,1.0
