Points,Position,Probability,Cumulative
28,20,0.848434,0.848434
29,20,0.130123,0.978557
31,19,0.640728,0.640728
31,20,0.021443,1.0
32,19,0.222955,0.863683
34,19,0.136317,1.0
37,18,0.626102,0.626102
38,18,0.311493,0.9375950000000001
40,18,0.062405,1.0
42,17,0.502583,0.502583
43,17,0.421714,0.9242969999999999
44,16,0.057596,0.057596
44,17,0.004809,0.929106
45,15,0.179843,0.179843
45,16,0.617906,0.6755019999999999
45,17,0.070894,1.0
46,16,0.232063,0.907565
46,14,0.126877,0.126877
46,15,0.351286,0.531129
47,14,0.440272,0.567149
47,15,0.409702,0.940831
47,16,0.092435,0.9999999999999999
48,13,0.243121,0.243121
48,14,0.285959,0.853108
48,15,0.059169,1.0
49,11,0.006008,0.006008
49,12,0.122696,0.122696
49,13,0.42844,0.671561
49,14,0.146892,1.0
50,13,0.224003,0.895564
50,10,0.022094,0.022094
50,11,0.177154,0.18316200000000002
50,12,0.433466,0.556162
51,12,0.291759,0.847921
51,13,0.104436,1.0
51,10,0.072341,0.094435
51,11,0.259526,0.44268799999999997
52,9,0.186639,0.186639
52,10,0.60192,0.6963550000000001
52,11,0.557312,1.0
52,12,0.152079,1.0
53,8,0.115954,0.115954
53,9,0.492509,0.679148
53,10,0.303645,1.0
54,9,0.120376,0.799524
54,8,0.182603,0.29855699999999996
55,7,0.204048,0.204048
55,8,0.404895,0.703452
55,9,0.200476,1.0
56,5,0.055467,0.055467
56,6,0.42774,0.42774
56,7,0.667091,0.871139
56,8,0.296548,1.0
57,7,0.102177,0.973316
57,6,0.340861,0.7686010000000001
57,5,0.251112,0.306579
58,5,0.137006,0.443585
58,6,0.144587,0.913188
58,7,0.026684,1.0
59,5,0.556415,1.0
59,6,0.086812,1.0
62,4,0.397664,0.397664
63,4,0.247697,0.6453610000000001
65,4,0.354639,1.0
68,3,0.021443,0.021443
69,3,0.130123,0.15156599999999998
70,2,0.068062,0.068062
70,3,0.382399,0.533965
71,2,0.77357,0.8416319999999999
71,3,0.466035,1.0
73,2,0.158368,1.0
77,1,0.279972,0.279972
78,1,0.238581,0.518553
80,1,0.481447,1.0
