Points,Position,Probability,Cumulative
29,20,0.583231,0.583231
30,20,0.258453,0.8416840000000001
32,20,0.158316,1.0
34,19,1.0,1.0
37,18,1.0,1.0
39,17,1.0,1.0
44,16,1.0,1.0
46,15,1.0,1.0
48,13,1.0,1.0
48,14,1.0,1.0
49,12,1.0,1.0
52,11,1.0,1.0
54,10,0.158316,0.158316
55,8,0.416769,0.416769
55,9,1.0,1.0
55,10,0.841684,1.0
57,6,1.0,1.0
57,7,1.0,1.0
57,8,0.583231,1.0
58,5,1.0,1.0
61,3,1.0,1.0
61,4,1.0,1.0
73,1,1.0,1.0
73,2,1.0,1.0
