Points,Position,Probability,Cumulative
17,20,0.419189,0.419189
18,20,0.365921,0.78511
20,20,0.21489,1.0
36,19,0.570507,0.570507
37,19,0.297435,0.867942
39,19,0.132058,1.0
43,18,0.488022,0.488022
44,18,0.454213,0.9422349999999999
44,17,0.544711,0.544711
45,16,0.36735,0.36735
45,17,0.306147,0.8508579999999999
45,18,0.046557,0.988792
46,15,0.510892,0.510892
46,16,0.543151,0.910501
46,17,0.143853,0.9947109999999999
46,18,0.011208,1.0
47,17,0.005289,1.0
47,16,0.079119,0.9896200000000002
47,13,0.025721,0.025721
47,14,0.276643,0.276643
47,15,0.330119,0.841011
48,11,0.018483,0.018483
48,12,0.169302,0.169302
48,13,0.495917,0.521638
48,14,0.581021,0.857664
48,15,0.14572,0.986731
48,16,0.01038,1.0
49,11,0.076745,0.095228
49,12,0.24467,0.413972
49,13,0.268619,0.790257
49,14,0.113129,0.970793
49,15,0.013269,1.0
50,14,0.029207,1.0
50,13,0.209743,1.0
50,12,0.503671,0.917643
50,11,0.446801,0.542029
50,10,0.13175,0.13175
50,9,0.009792,0.009792
51,9,0.274678,0.28447
51,10,0.654536,0.786286
51,11,0.457971,1.0
51,12,0.082357,1.0
53,10,0.213714,1.0
53,9,0.71553,1.0
54,8,0.451304,0.451304
55,8,0.346823,0.798127
56,7,0.161479,0.161479
56,8,0.040955,0.839082
57,7,0.358437,0.519916
57,8,0.160918,1.0
58,6,0.137087,0.137087
58,7,0.480084,1.0
59,6,0.754555,0.8916419999999999
59,4,0.053137,0.053137
59,5,0.383852,0.383852
60,4,0.09096,0.144097
60,5,0.208522,0.5923740000000001
60,6,0.047341,0.9389829999999999
61,3,0.075111,0.075111
61,4,0.466713,0.61081
61,5,0.407626,1.0
61,6,0.061017,0.9999999999999999
62,3,0.272113,0.347224
62,4,0.38919,1.0
64,2,0.428088,0.428088
64,3,0.652776,1.0
65,2,0.316409,0.744497
67,2,0.255503,1.0
75,1,0.243133,0.243133
76,1,0.233197,0.47633
78,1,0.52367,1.0
