Points,Position,Probability,Cumulative
36,17,0.033776,0.033776
36,18,0.224701,0.224701
36,19,0.598962,0.598962
36,20,0.90809,0.90809
37,17,0.298839,0.332615
37,18,0.536338,0.761039
37,19,0.359423,0.958385
37,20,0.089031,0.9971209999999999
39,20,0.002879,1.0
39,19,0.041615,1.0
39,17,0.667385,1.0
39,18,0.238961,1.0
40,16,0.093254,0.093254
41,15,0.07392,0.07392
41,16,0.388696,0.48195
42,15,0.189067,0.262987
42,16,0.284324,0.766274
43,16,0.095505,0.8617790000000001
43,15,0.120673,0.38366
44,13,0.211842,0.211842
44,14,0.732966,0.732966
44,15,0.596937,0.980597
44,16,0.138221,1.0
45,15,0.019403,1.0
45,13,0.644426,0.856268
45,14,0.257561,0.9905269999999999
45,11,0.094797,0.094797
45,12,0.452793,0.452793
46,11,0.077285,0.172082
46,12,0.197059,0.649852
46,13,0.090374,0.946642
46,14,0.009473,1.0
47,12,0.350148,1.0
47,11,0.546433,0.718515
47,13,0.053358,1.0
48,11,0.281485,1.0
49,10,0.652345,0.652345
49,8,0.006555,0.006555
49,9,0.177881,0.177881
50,8,0.103014,0.109569
50,9,0.492008,0.669889
50,10,0.307959,0.9603039999999999
51,8,0.067662,0.177231
51,9,0.03829,0.708179
51,10,0.005377,0.9656809999999999
52,10,0.034319,0.9999999999999999
52,9,0.291821,1.0
52,8,0.306281,0.48351200000000005
53,8,0.307338,0.79085
55,6,0.141005,0.141005
55,7,0.72208,0.72208
55,8,0.20915,1.0
56,6,0.369506,0.5105109999999999
56,7,0.219416,0.9414960000000001
58,7,0.058504,1.0
58,6,0.489489,1.0
61,4,0.053883,0.053883
61,5,0.418613,0.418613
62,4,0.237976,0.291859
62,5,0.385804,0.8044169999999999
63,3,0.08231,0.08231
63,4,0.144177,0.436036
63,5,0.054998,0.859415
64,3,0.484218,0.5665279999999999
64,4,0.563964,1.0
64,5,0.140585,1.0
66,3,0.433472,1.0
67,2,0.359162,0.359162
68,2,0.362061,0.721223
70,2,0.278777,1.0
72,1,0.144786,0.144786
73,1,0.210556,0.355342
75,1,0.644658,1.0
