Points,Position,Probability,Cumulative
32,20,0.760035,0.760035
33,19,0.420218,0.420218
33,20,0.213201,0.973236
34,19,0.249144,0.669362
34,20,0.012559,0.985795
35,19,0.033826,0.703188
35,20,0.014205,1.0
36,19,0.296812,1.0
37,18,0.463494,0.463494
38,17,0.30984,0.30984
38,18,0.407618,0.871112
39,16,0.236135,0.236135
39,17,0.400695,0.710535
39,18,0.09118,0.962292
40,17,0.193846,0.904381
40,18,0.037708,1.0
40,16,0.240391,0.476526
41,16,0.222341,0.698867
41,17,0.095619,1.0
42,16,0.301133,1.0
43,15,0.54881,0.54881
44,14,0.212713,0.212713
44,15,0.45119,1.0
45,14,0.456676,0.669389
45,13,0.153903,0.153903
46,13,0.088558,0.242461
46,14,0.075846,0.7452350000000001
47,12,0.269333,0.269333
47,13,0.757539,1.0
47,14,0.254765,1.0
48,12,0.290352,0.559685
49,12,0.219385,0.7790699999999999
49,11,0.278746,0.278746
50,11,0.558751,0.8374969999999999
50,12,0.22093,1.0
50,10,0.241875,0.241875
51,9,0.26449,0.26449
51,10,0.474522,0.716397
51,11,0.12204,0.959537
52,9,0.263696,0.528186
52,10,0.232909,0.949306
52,11,0.040463,0.9999999999999999
53,9,0.381809,0.909995
53,10,0.050694,1.0
53,8,0.262295,0.262295
54,8,0.29807,0.560365
54,9,0.090005,1.0
56,8,0.439635,1.0
60,7,0.128843,0.128843
61,5,0.079598,0.079598
61,6,0.42392,0.42392
61,7,0.722193,0.851036
62,7,0.105588,0.956624
62,6,0.236568,0.660488
62,5,0.118051,0.19764900000000002
63,5,0.265534,0.463183
63,6,0.263767,0.924255
63,7,0.043376,1.0
64,5,0.536817,1.0
64,6,0.075745,1.0
66,3,0.021136,0.021136
66,4,0.46721,0.46721
67,3,0.154173,0.175309
67,4,0.328113,0.795323
69,3,0.824691,1.0
69,4,0.204677,1.0
70,2,0.238588,0.238588
71,2,0.263281,0.501869
73,2,0.498131,1.0
77,1,0.171077,0.171077
78,1,0.198504,0.36958100000000005
80,1,0.630419,1.0
