Points,Position,Probability,Cumulative
28,20,0.817399,0.817399
29,20,0.145509,0.962908
31,19,0.630156,0.630156
31,20,0.037092,1.0
32,19,0.223184,0.85334
34,19,0.14666,1.0
37,18,0.597944,0.597944
38,18,0.247926,0.84587
40,18,0.15413,1.0
42,17,0.518116,0.518116
43,17,0.287444,0.80556
44,16,0.124331,0.124331
44,17,0.029799,0.835359
45,15,0.182155,0.182155
45,16,0.549487,0.6738179999999999
45,17,0.164641,1.0
46,16,0.231068,0.9048859999999999
46,14,0.133015,0.133015
46,15,0.353854,0.536009
47,14,0.389325,0.52234
47,15,0.387945,0.9239539999999999
47,16,0.095114,0.9999999999999999
48,13,0.237458,0.237458
48,14,0.306171,0.828511
48,15,0.076046,1.0
49,11,0.016786,0.016786
49,12,0.196081,0.196081
49,13,0.479305,0.716763
49,14,0.171489,1.0
50,13,0.182514,0.899277
50,10,0.026389,0.026389
50,11,0.179265,0.196051
50,12,0.37319,0.5692710000000001
51,12,0.275961,0.845232
51,13,0.100723,1.0
51,10,0.066996,0.093385
51,11,0.24223,0.43828100000000003
52,9,0.187712,0.187712
52,10,0.601915,0.6953
52,11,0.561719,1.0
52,12,0.154768,1.0
53,8,0.115719,0.115719
53,9,0.472924,0.660636
53,10,0.3047,1.0
54,9,0.121933,0.782569
54,8,0.164379,0.280098
55,7,0.200597,0.200597
55,8,0.418596,0.698694
55,9,0.217431,1.0
56,5,0.068153,0.068153
56,6,0.446451,0.446451
56,7,0.67479,0.875387
56,8,0.301306,1.0
57,7,0.094315,0.9697020000000001
57,6,0.302577,0.749028
57,5,0.215212,0.283365
58,5,0.131848,0.415213
58,6,0.154553,0.903581
58,7,0.030298,1.0
59,5,0.584787,1.0
59,6,0.096419,1.0
62,4,0.425154,0.425154
63,4,0.217004,0.642158
65,4,0.357842,1.0
68,3,0.037092,0.037092
69,3,0.145509,0.182601
70,2,0.087624,0.087624
70,3,0.392073,0.574674
71,2,0.717865,0.805489
71,3,0.425326,1.0
73,2,0.194511,1.0
77,1,0.302976,0.302976
78,1,0.243107,0.546083
80,1,0.453917,1.0
