Points,Position,Probability,Cumulative
19,20,0.742769,0.742769
20,20,0.187473,0.930242
22,20,0.069758,1.0
31,19,0.39123,0.39123
32,18,0.305175,0.305175
32,19,0.438876,0.830106
33,18,0.248106,0.5532809999999999
33,19,0.107314,0.93742
34,18,0.240679,0.79396
34,19,0.06258,1.0
35,18,0.20604,1.0
36,17,0.413005,0.413005
37,17,0.396678,0.8096829999999999
38,16,0.369236,0.369236
38,17,0.086513,0.896196
39,17,0.103804,1.0
39,16,0.433387,0.8026230000000001
41,16,0.197377,1.0
42,15,0.197377,0.197377
43,14,0.32722,0.32722
43,15,0.621358,0.818735
44,14,0.143299,0.470519
44,15,0.119532,0.938267
45,15,0.061733,1.0
45,14,0.394016,0.864535
46,14,0.135465,1.0
48,12,0.157374,0.157374
48,13,0.66487,0.66487
49,12,0.647721,0.805095
49,13,0.31193,0.9767999999999999
49,10,0.094702,0.094702
49,11,0.422508,0.422508
50,13,0.0232,1.0
50,12,0.176306,0.981401
50,11,0.39403,0.816538
50,10,0.274678,0.36938
51,9,0.240865,0.240865
51,10,0.461231,0.830611
51,11,0.183462,1.0
51,12,0.018599,1.0
52,9,0.364296,0.6051610000000001
52,10,0.169389,1.0
53,9,0.394839,1.0
54,8,0.191115,0.191115
55,8,0.2899,0.48101499999999997
56,7,0.065424,0.065424
56,8,0.070041,0.551056
57,7,0.332872,0.398296
57,8,0.448944,1.0
59,7,0.601704,1.0
60,6,0.20604,0.20604
61,6,0.35542,0.5614600000000001
63,5,0.069758,0.069758
63,6,0.43854,1.0
64,5,0.187473,0.257231
65,4,0.064575,0.064575
65,5,0.185761,0.442992
66,4,0.448814,0.513389
66,5,0.557008,1.0
68,4,0.486611,1.0
71,2,0.077542,0.077542
71,3,0.519967,0.519967
72,2,0.311184,0.388726
72,3,0.339921,0.859888
74,2,0.611274,1.0
74,3,0.140112,0.9999999999999999
90,1,0.338381,0.338381
91,1,0.254427,0.592808
93,1,0.407192,1.0
