Points,Position,Probability,Cumulative
32,20,0.788793,0.788793
33,19,0.408709,0.408709
33,20,0.180087,0.96888
34,19,0.229069,0.637778
34,20,0.013446,0.9823259999999999
35,19,0.037027,0.674805
35,20,0.017674,1.0
36,19,0.325195,1.0
37,18,0.480198,0.480198
38,17,0.317628,0.317628
38,18,0.412392,0.89259
39,16,0.242532,0.242532
39,17,0.404118,0.721746
39,18,0.074783,0.967373
40,17,0.176913,0.898659
40,18,0.032627,1.0
40,16,0.219625,0.462157
41,16,0.236701,0.698858
41,17,0.101341,1.0
42,16,0.301142,1.0
43,15,0.645818,0.645818
44,14,0.174179,0.174179
44,15,0.354182,1.0
45,14,0.459175,0.633354
45,13,0.123299,0.123299
46,13,0.060822,0.184121
46,14,0.056509,0.689863
47,12,0.280024,0.280024
47,13,0.815879,1.0
47,14,0.310137,1.0
48,12,0.292465,0.572489
49,12,0.214715,0.787204
49,11,0.288461,0.288461
50,11,0.544292,0.8327530000000001
50,12,0.212796,1.0
50,10,0.252171,0.252171
51,9,0.278671,0.278671
51,10,0.476432,0.728603
51,11,0.129395,0.9621480000000001
52,9,0.252611,0.531282
52,10,0.218953,0.9475560000000001
52,11,0.037852,1.0
53,9,0.373012,0.9042939999999999
53,10,0.052444,1.0
53,8,0.260083,0.260083
54,8,0.296045,0.556128
54,9,0.095706,1.0
56,8,0.443872,1.0
60,7,0.136765,0.136765
61,5,0.068307,0.068307
61,6,0.376442,0.376442
61,7,0.673605,0.81037
62,7,0.125343,0.935713
62,6,0.235509,0.611951
62,5,0.100065,0.16837200000000002
63,5,0.260468,0.42884
63,6,0.282182,0.894133
63,7,0.064287,1.0
64,5,0.57116,1.0
64,6,0.105867,1.0
66,3,0.023285,0.023285
66,4,0.458927,0.458927
67,3,0.128759,0.152044
67,4,0.320212,0.779139
69,3,0.847956,1.0
69,4,0.220861,1.0
70,2,0.253118,0.253118
71,2,0.243706,0.49682400000000004
73,2,0.503176,1.0
77,1,0.244737,0.244737
78,1,0.218402,0.463139
80,1,0.536861,1.0
