Points,Position,Probability,Cumulative
25,20,0.176898,0.176898
26,20,0.251568,0.428466
27,20,0.052762,0.481228
28,20,0.378467,0.859695
29,19,0.456209,0.456209
29,20,0.140305,1.0
30,19,0.277132,0.733341
31,19,0.030612,0.763953
32,19,0.236047,1.0
40,18,0.335272,0.335272
41,18,0.304522,0.639794
43,16,0.269894,0.269894
43,17,0.768788,0.768788
43,18,0.360206,1.0
44,16,0.360299,0.630193
44,17,0.188661,0.957449
45,15,0.283738,0.283738
45,16,0.146929,0.777122
45,17,0.019241,0.9766900000000001
46,17,0.02331,1.0
46,15,0.450329,0.734067
46,16,0.222878,1.0
47,14,0.279237,0.279237
47,15,0.101338,0.835405
48,12,0.026912,0.026912
48,13,0.249558,0.249558
48,14,0.488932,0.768169
48,15,0.164595,1.0
49,13,0.45493,0.704488
49,11,0.064921,0.064921
49,12,0.297652,0.324564
49,14,0.176946,0.9451149999999999
50,11,0.097409,0.16233
50,12,0.257655,0.582219
50,13,0.215311,0.919799
50,14,0.054885,1.0
51,12,0.417781,1.0
51,13,0.080201,1.0
51,11,0.5407,0.7030299999999999
52,11,0.29697,1.0
52,10,0.419301,0.419301
53,9,0.353643,0.353643
53,10,0.430382,0.849683
54,9,0.169084,0.5227269999999999
54,10,0.074913,0.924596
55,9,0.231683,0.75441
55,10,0.075404,1.0
56,9,0.24559,1.0
57,8,0.367719,0.367719
58,8,0.251706,0.619425
59,5,0.019422,0.019422
59,6,0.159075,0.159075
59,7,0.51336,0.51336
59,8,0.25973,0.879155
60,5,0.200165,0.219587
60,6,0.496529,0.655604
60,7,0.42596,0.93932
60,8,0.120845,1.0
62,7,0.06068,1.0
62,6,0.344396,1.0
62,5,0.780413,1.0
63,4,0.430916,0.430916
64,3,0.17584,0.17584
64,4,0.35454,0.785456
65,3,0.174553,0.350393
65,4,0.069444,0.8549
66,3,0.139194,0.489587
66,4,0.1451,1.0
67,3,0.510413,1.0
67,2,0.016703,0.016703
68,1,0.025316,0.025316
68,2,0.340167,0.35687
69,1,0.051618,0.076934
69,2,0.259476,0.6163460000000001
70,1,0.125273,0.202207
70,2,0.101304,0.71765
71,2,0.28235,1.0
71,1,0.461332,0.663539
73,1,0.336461,1.0
