Points,Position,Probability,Cumulative
32,20,0.260397,0.260397
33,20,0.217323,0.47772
35,20,0.52228,1.0
36,19,0.52228,0.52228
37,19,0.217323,0.739603
39,18,0.717461,0.717461
39,19,0.260397,1.0
40,18,0.175589,0.89305
41,17,0.670366,0.670366
41,18,0.080189,0.973239
42,16,0.249445,0.249445
42,17,0.329634,1.0
42,18,0.026761,1.0
44,16,0.750555,1.0
45,15,0.841766,0.841766
45,14,0.324386,0.324386
46,13,0.289802,0.289802
46,14,0.605368,0.929754
46,15,0.158234,1.0
47,12,0.137168,0.137168
47,13,0.375352,0.665154
47,14,0.041489,0.9712430000000001
48,12,0.206416,0.343584
48,13,0.168066,0.8332200000000001
48,14,0.028757,1.0
49,12,0.656416,1.0
49,13,0.16678,1.0
50,11,0.425974,0.425974
51,11,0.301952,0.7279260000000001
53,11,0.272074,1.0
53,10,0.272074,0.272074
54,9,0.079358,0.079358
54,10,0.360885,0.632959
55,9,0.1661,0.245458
55,10,0.123809,0.756768
56,7,0.022117,0.022117
56,8,0.265595,0.265595
56,9,0.497064,0.7425219999999999
56,10,0.243232,1.0
57,7,0.193385,0.215502
57,8,0.546905,0.8125
57,9,0.257478,1.0
59,7,0.784498,1.0
59,8,0.1875,1.0
59,6,0.799972,0.799972
59,5,0.345572,0.345572
59,4,0.055298,0.055298
60,4,0.237551,0.292849
60,5,0.424287,0.7698590000000001
60,6,0.177439,0.977411
62,3,0.10695,0.10695
62,4,0.707151,1.0
62,5,0.230141,1.0
62,6,0.022589,1.0
63,3,0.175589,0.282539
65,3,0.717461,1.0
69,2,0.355283,0.355283
70,2,0.267241,0.6225240000000001
72,2,0.377476,1.0
79,1,0.377476,0.377476
80,1,0.267241,0.644717
82,1,0.355283,1.0
