Points,Position,Probability,Cumulative
32,20,0.509348,0.509348
33,20,0.224369,0.7337170000000001
35,20,0.266283,1.0
36,19,0.266283,0.266283
37,19,0.224369,0.490652
39,18,0.543734,0.543734
39,19,0.509348,1.0
40,18,0.2166,0.7603340000000001
41,17,0.545145,0.545145
41,18,0.17133,0.931664
42,16,0.283525,0.283525
42,17,0.454855,1.0
42,18,0.068336,1.0
44,16,0.716475,1.0
45,15,0.709196,0.709196
45,14,0.207624,0.207624
46,13,0.351011,0.351011
46,14,0.661941,0.869565
46,15,0.290804,1.0
47,12,0.142383,0.142383
47,13,0.300797,0.6518079999999999
47,14,0.081941,0.9515060000000001
48,12,0.289993,0.432376
48,13,0.238334,0.890142
48,14,0.048494,1.0
49,12,0.567624,1.0
49,13,0.109858,1.0
50,11,0.436991,0.436991
51,11,0.303793,0.740784
53,11,0.259216,1.0
53,10,0.259216,0.259216
54,9,0.15229,0.15229
54,10,0.421937,0.681153
55,9,0.14455,0.29684
55,10,0.112628,0.7937810000000001
56,7,0.049272,0.049272
56,8,0.325783,0.325783
56,9,0.483264,0.780104
56,10,0.206219,1.0
57,7,0.261165,0.31043699999999996
57,8,0.486396,0.812179
57,9,0.219896,1.0
59,7,0.689563,1.0
59,8,0.187821,1.0
59,6,0.756744,0.756744
59,5,0.307163,0.307163
59,4,0.046527,0.046527
60,4,0.193838,0.240365
60,5,0.381824,0.688987
60,6,0.195347,0.952091
62,3,0.239666,0.239666
62,4,0.759635,1.0
62,5,0.311013,1.0
62,6,0.047909,1.0
63,3,0.2166,0.45626599999999995
65,3,0.543734,1.0
69,2,0.434775,0.434775
70,2,0.296882,0.731657
72,2,0.268343,1.0
79,1,0.268343,0.268343
80,1,0.296882,0.565225
82,1,0.434775,1.0
