Points,Position,Probability,Cumulative
32,20,0.708921,0.708921
33,19,0.338839,0.338839
33,20,0.278725,0.987646
34,19,0.285279,0.624118
34,20,0.00546,0.993106
35,19,0.011711,0.635829
35,20,0.006894,1.0
36,19,0.364171,1.0
37,18,0.490666,0.490666
38,17,0.390027,0.390027
38,18,0.424823,0.915489
39,16,0.280761,0.280761
39,17,0.38648,0.7765070000000001
39,18,0.062321,0.97781
40,17,0.146858,0.923365
40,18,0.02219,1.0
40,16,0.240311,0.521072
41,16,0.177084,0.698156
41,17,0.076635,1.0
42,16,0.301844,1.0
43,15,0.546356,0.546356
44,14,0.156916,0.156916
44,15,0.453644,1.0
45,14,0.492662,0.649578
45,13,0.145459,0.145459
46,13,0.085393,0.230852
46,14,0.082548,0.7321259999999999
47,12,0.290192,0.290192
47,13,0.769148,1.0
47,14,0.267874,1.0
48,12,0.288196,0.578388
49,12,0.212796,0.791184
49,11,0.292341,0.292341
50,11,0.528438,0.8207789999999999
50,12,0.208816,1.0
50,10,0.192916,0.192916
51,9,0.240074,0.240074
51,10,0.497612,0.690528
51,11,0.133306,0.954085
52,9,0.243922,0.483996
52,10,0.263865,0.954393
52,11,0.045915,0.9999999999999999
53,9,0.446932,0.930928
53,10,0.045607,1.0
53,8,0.271737,0.271737
54,8,0.28255,0.554287
54,9,0.069072,1.0
56,8,0.445713,1.0
60,7,0.099179,0.099179
61,5,0.095573,0.095573
61,6,0.453631,0.453631
61,7,0.765369,0.864548
62,7,0.109536,0.974084
62,6,0.276038,0.729669
62,5,0.140136,0.235709
63,5,0.334964,0.570673
63,6,0.226263,0.955932
63,7,0.025916,1.0
64,5,0.429327,1.0
64,6,0.044068,1.0
66,3,0.007922,0.007922
66,4,0.432295,0.432295
67,3,0.198812,0.206734
67,4,0.361858,0.794153
69,3,0.793266,1.0
69,4,0.205847,1.0
70,2,0.240024,0.240024
71,2,0.254839,0.49486299999999994
73,2,0.505137,0.9999999999999999
77,1,0.128305,0.128305
78,1,0.234971,0.36327600000000004
80,1,0.636724,1.0
