Points,Position,Probability,Cumulative
28,20,0.745948,0.745948
29,20,0.182227,0.9281750000000001
31,19,0.494502,0.494502
31,20,0.071825,1.0
32,19,0.262686,0.757188
34,19,0.242812,1.0
37,18,0.461478,0.461478
38,18,0.299738,0.761216
40,18,0.238784,1.0
42,17,0.30142,0.30142
43,17,0.477663,0.779083
44,16,0.185804,0.185804
44,17,0.05298,0.832063
45,15,0.326595,0.326595
45,16,0.632369,0.8181729999999999
45,17,0.167937,1.0
46,16,0.123913,0.942086
46,14,0.13781,0.13781
46,15,0.26204,0.588635
47,14,0.353104,0.49091399999999996
47,15,0.338148,0.926783
47,16,0.057914,0.9999999999999999
48,13,0.253323,0.253323
48,14,0.278584,0.769498
48,15,0.073217,1.0
49,11,0.037381,0.037381
49,12,0.303939,0.303939
49,13,0.569769,0.8230919999999999
49,14,0.230502,1.0
50,13,0.149987,0.9730789999999999
50,10,0.099062,0.099062
50,11,0.391569,0.42895
50,12,0.498832,0.802771
51,12,0.150334,0.953105
51,13,0.026921,1.0
51,10,0.14387,0.24293199999999998
51,11,0.26588,0.6948300000000001
52,9,0.328344,0.328344
52,10,0.592962,0.8358939999999999
52,11,0.30517,1.0
52,12,0.046895,1.0
53,8,0.268851,0.268851
53,9,0.497204,0.825548
53,10,0.164106,0.9999999999999999
54,9,0.089589,0.915137
54,8,0.230842,0.499693
55,7,0.207886,0.207886
55,8,0.285739,0.785432
55,9,0.084863,1.0
56,5,0.067297,0.067297
56,6,0.379634,0.379634
56,7,0.610864,0.81875
56,8,0.214568,1.0
57,7,0.14397,0.96272
57,6,0.347872,0.727506
57,5,0.208603,0.27590000000000003
58,5,0.201246,0.477146
58,6,0.183396,0.9109020000000001
58,7,0.03728,1.0
59,5,0.522854,1.0
59,6,0.089098,1.0
62,4,0.279171,0.279171
63,4,0.24338,0.522551
65,4,0.477449,1.0
68,3,0.071825,0.071825
69,3,0.182227,0.254052
70,2,0.060522,0.060522
70,3,0.17786,0.43191199999999996
71,2,0.557874,0.618396
71,3,0.568088,1.0
73,2,0.381604,1.0
77,1,0.183202,0.183202
78,1,0.210552,0.393754
80,1,0.606246,1.0
