Points,Position,Probability,Cumulative
31,20,0.279248,0.279248
32,20,0.381409,0.660657
34,20,0.339343,1.0
38,19,0.133452,0.133452
39,19,0.249147,0.382599
40,17,0.013871,0.013871
40,18,0.15669,0.15669
40,19,0.21745,0.600049
41,16,0.321441,0.321441
41,17,0.767885,0.781756
41,18,0.818518,0.975208
41,19,0.399951,1.0
42,16,0.054,0.37544099999999997
42,17,0.062984,0.84474
42,18,0.015625,0.990833
43,18,0.009167,1.0
43,17,0.15526,1.0
43,15,0.248037,0.248037
43,16,0.569275,0.9447159999999999
44,15,0.517827,0.7658640000000001
44,16,0.055284,0.9999999999999999
46,15,0.234136,1.0
47,13,0.169632,0.169632
47,14,0.656261,0.656261
48,13,0.474803,0.644435
48,14,0.307117,0.963378
49,12,0.323473,0.323473
49,13,0.160066,0.804501
49,14,0.01825,0.981628
50,12,0.676527,1.0
50,13,0.195499,1.0
50,14,0.018372,1.0
51,10,0.372541,0.372541
51,11,0.82651,0.82651
51,9,0.063417,0.063417
52,11,0.154354,0.980864
52,9,0.22253,0.285947
52,10,0.39418,0.766721
53,9,0.287232,0.573179
53,10,0.195421,0.962142
53,11,0.019136,1.0
54,9,0.426821,1.0
54,10,0.037858,1.0
55,7,0.06714,0.06714
55,8,0.675761,0.675761
56,6,0.119242,0.119242
56,7,0.481495,0.548635
56,8,0.282245,0.9580059999999999
57,6,0.132359,0.251601
57,7,0.248518,0.797153
57,8,0.041994,1.0
58,7,0.202847,1.0
58,6,0.542462,0.794063
58,5,0.245608,0.245608
59,4,0.223916,0.223916
59,5,0.510371,0.755979
59,6,0.205937,1.0
60,4,0.642632,0.866548
60,5,0.244021,1.0
62,4,0.133452,1.0
65,3,0.339343,0.339343
66,2,0.171931,0.171931
66,3,0.44779,0.7871330000000001
67,2,0.274237,0.446168
67,3,0.106403,0.893536
68,2,0.172784,0.618952
68,3,0.106464,1.0
69,2,0.381048,1.0
80,1,0.075694,0.075694
81,1,0.132609,0.20830300000000002
83,1,0.791697,1.0
