Points,Position,Probability,Cumulative
19,20,0.759158,0.759158
20,20,0.185412,0.94457
22,20,0.05543,1.0
31,19,0.445111,0.445111
32,18,0.440619,0.440619
32,19,0.453028,0.898139
33,18,0.22157,0.6621889999999999
33,19,0.071771,0.9699099999999999
34,18,0.215244,0.8774329999999999
34,19,0.03009,1.0
35,18,0.122567,1.0
36,17,0.6344,0.6344
37,17,0.249365,0.8837649999999999
38,16,0.232756,0.232756
38,17,0.030537,0.914302
39,17,0.085698,1.0
39,16,0.384415,0.617171
41,16,0.382829,1.0
42,15,0.382829,0.382829
43,14,0.321874,0.321874
43,15,0.468593,0.8514219999999999
44,14,0.248492,0.5703659999999999
44,15,0.089187,0.9406089999999999
45,15,0.059391,1.0
45,14,0.203902,0.774268
46,14,0.225732,1.0
48,12,0.098958,0.098958
48,13,0.550226,0.550226
49,12,0.701879,0.800837
49,13,0.422717,0.972943
49,10,0.08999,0.08999
49,11,0.420356,0.420356
50,13,0.027057,1.0
50,12,0.181805,0.982642
50,11,0.384231,0.8045869999999999
50,10,0.24795,0.33794
51,9,0.262993,0.262993
51,10,0.570622,0.908562
51,11,0.195413,1.0
51,12,0.017358,1.0
52,9,0.404608,0.667601
52,10,0.091438,1.0
53,9,0.332399,1.0
54,8,0.298647,0.298647
55,8,0.297503,0.59615
56,7,0.134748,0.134748
56,8,0.090984,0.687134
57,7,0.428663,0.563411
57,8,0.312866,1.0
59,7,0.436589,1.0
60,6,0.122567,0.122567
61,6,0.293341,0.415908
63,5,0.05543,0.05543
63,6,0.584092,1.0
64,5,0.185412,0.240842
65,4,0.031643,0.031643
65,5,0.09943,0.340272
66,4,0.272872,0.304515
66,5,0.659728,1.0
68,4,0.695485,1.0
71,2,0.061741,0.061741
71,3,0.584589,0.584589
72,2,0.219342,0.281083
72,3,0.268653,0.8532420000000001
74,2,0.718917,1.0
74,3,0.146758,1.0
90,1,0.231275,0.231275
91,1,0.23863,0.469905
93,1,0.530095,1.0
