Points,Position,Probability,Cumulative
36,17,0.037469,0.037469
36,18,0.236378,0.236378
36,19,0.610997,0.610997
36,20,0.912148,0.912148
37,17,0.264221,0.30169
37,18,0.494291,0.730669
37,19,0.337768,0.9487650000000001
37,20,0.084034,0.9961819999999999
39,20,0.003818,1.0
39,19,0.051235,1.0
39,17,0.69831,1.0
39,18,0.269331,1.0
40,16,0.105419,0.105419
41,15,0.081752,0.081752
41,16,0.391247,0.496666
42,15,0.161476,0.243228
42,16,0.252489,0.749155
43,16,0.107406,0.856561
43,15,0.131878,0.375106
44,13,0.229037,0.229037
44,14,0.750641,0.750641
44,15,0.6052,0.9803059999999999
44,16,0.143439,1.0
45,15,0.019694,0.9999999999999999
45,13,0.60738,0.836417
45,14,0.236966,0.987607
45,11,0.082102,0.082102
45,12,0.423945,0.423945
46,11,0.06549,0.147592
46,12,0.192479,0.6164240000000001
46,13,0.101102,0.937519
46,14,0.012393,1.0
47,12,0.383576,1.0
47,11,0.562554,0.7101459999999999
47,13,0.062481,1.0
48,11,0.289854,1.0
49,10,0.669467,0.669467
49,8,0.008045,0.008045
49,9,0.192165,0.192165
50,8,0.101297,0.109342
50,9,0.458558,0.650723
50,10,0.284988,0.954455
51,8,0.056697,0.166039
51,9,0.035148,0.685871
51,10,0.005551,0.960006
52,10,0.039994,1.0
52,9,0.314129,1.0
52,8,0.327504,0.493543
53,8,0.291353,0.784896
55,6,0.14731,0.14731
55,7,0.724651,0.724651
55,8,0.215104,1.0
56,6,0.357334,0.504644
56,7,0.21612,0.940771
58,7,0.059229,1.0
58,6,0.495356,1.0
61,4,0.067578,0.067578
61,5,0.461119,0.461119
62,4,0.222578,0.29015599999999997
62,5,0.338866,0.799985
63,3,0.084205,0.084205
63,4,0.147765,0.437921
63,5,0.057884,0.857869
64,3,0.473889,0.558094
64,4,0.562079,1.0
64,5,0.142131,1.0
66,3,0.441906,1.0
67,2,0.370153,0.370153
68,2,0.318177,0.68833
70,2,0.31167,1.0
72,1,0.144763,0.144763
73,1,0.211966,0.35672899999999996
75,1,0.643271,1.0
