Points,Position,Probability,Cumulative
17,20,0.468643,0.468643
18,20,0.369626,0.8382689999999999
20,20,0.161731,1.0
36,19,0.545416,0.545416
37,19,0.237668,0.783084
39,19,0.216916,1.0
43,18,0.423069,0.423069
44,18,0.485059,0.908128
44,17,0.460251,0.460251
45,16,0.299209,0.299209
45,17,0.322554,0.782805
45,18,0.068854,0.976982
46,15,0.390689,0.390689
46,16,0.542873,0.842082
46,17,0.203167,0.9859720000000001
46,18,0.023018,1.0
47,17,0.014028,1.0
47,16,0.136165,0.9782470000000001
47,13,0.030332,0.030332
47,14,0.266262,0.266262
47,15,0.387047,0.777736
48,11,0.018563,0.018563
48,12,0.149692,0.149692
48,13,0.439427,0.46975900000000004
48,14,0.547757,0.814019
48,15,0.19848,0.976216
48,16,0.021753,1.0000000000000002
49,11,0.072069,0.09063199999999999
49,12,0.250857,0.400549
49,13,0.306881,0.77664
49,14,0.152929,0.966948
49,15,0.023784,1.0
50,14,0.033052,1.0
50,13,0.22336,1.0
50,12,0.519164,0.919713
50,11,0.47489,0.565522
50,10,0.141101,0.141101
50,9,0.011712,0.011712
51,9,0.263317,0.275029
51,10,0.633217,0.7743180000000001
51,11,0.434478,1.0
51,12,0.080287,1.0
53,10,0.225682,1.0
53,9,0.724971,1.0
54,8,0.471922,0.471922
55,8,0.291599,0.763521
56,7,0.1096,0.1096
56,8,0.033806,0.797327
57,7,0.240413,0.350013
57,8,0.202673,1.0
58,6,0.204574,0.204574
58,7,0.649987,1.0
59,6,0.73138,0.9359540000000001
59,4,0.083737,0.083737
59,5,0.487399,0.487399
60,4,0.103517,0.187254
60,5,0.163773,0.6511720000000001
60,6,0.024309,0.9602630000000001
61,3,0.103627,0.103627
61,4,0.432784,0.620038
61,5,0.348828,1.0
61,6,0.039737,1.0
62,3,0.300567,0.40419399999999994
62,4,0.379962,1.0
64,2,0.524479,0.524479
64,3,0.595806,1.0
65,2,0.263633,0.788112
67,2,0.211888,1.0
75,1,0.272267,0.272267
76,1,0.252442,0.524709
78,1,0.475291,1.0
