Points,Position,Probability,Cumulative
31,20,0.379408,0.379408
32,20,0.322668,0.702076
34,20,0.297924,1.0
38,19,0.298633,0.298633
39,19,0.258181,0.5568139999999999
40,17,0.081648,0.081648
40,18,0.44887,0.44887
40,19,0.306091,0.862905
41,16,0.394218,0.394218
41,17,0.79187,0.873518
41,18,0.542684,0.991554
41,19,0.137095,1.0
42,16,0.042485,0.436703
42,17,0.045746,0.9192639999999999
42,18,0.006327,0.997881
43,18,0.002119,1.0
43,17,0.080736,0.9999999999999999
43,15,0.13279,0.13279
43,16,0.536193,0.972896
44,15,0.280902,0.41369199999999995
44,16,0.027104,1.0
46,15,0.586308,1.0
47,13,0.318226,0.318226
47,14,0.825403,0.825403
48,13,0.334738,0.652964
48,14,0.142427,0.96783
49,12,0.256287,0.256287
49,13,0.122942,0.775906
49,14,0.012664,0.980494
50,12,0.743713,1.0
50,13,0.224094,1.0
50,14,0.019506,1.0
51,10,0.290931,0.290931
51,11,0.775537,0.775537
51,9,0.038016,0.038016
52,11,0.198039,0.973576
52,9,0.258046,0.296062
52,10,0.465757,0.756688
53,9,0.189829,0.48589099999999996
53,10,0.17564,0.9323279999999999
53,11,0.026424,1.0
54,9,0.514109,1.0
54,10,0.067672,1.0
55,7,0.0678,0.0678
55,8,0.516412,0.516412
56,6,0.13082,0.13082
56,7,0.473217,0.541017
56,8,0.402244,0.9186559999999999
57,6,0.158363,0.28918299999999997
57,7,0.288589,0.829606
57,8,0.081344,1.0
58,7,0.170394,1.0
58,6,0.589043,0.878226
58,5,0.411585,0.411585
59,4,0.254789,0.254789
59,5,0.352277,0.763862
59,6,0.121774,1.0
60,4,0.446578,0.701367
60,5,0.236138,1.0
62,4,0.298633,1.0
65,3,0.297924,0.297924
66,2,0.080309,0.080309
66,3,0.371264,0.669188
67,2,0.127382,0.20769100000000001
67,3,0.077614,0.746802
68,2,0.12621,0.333901
68,3,0.253198,1.0
69,2,0.666099,1.0
80,1,0.031468,0.031468
81,1,0.094558,0.126026
83,1,0.873974,1.0
