Points,Position,Probability,Cumulative
25,20,0.191975,0.191975
26,20,0.296469,0.488444
27,20,0.068467,0.5569109999999999
28,20,0.319323,0.876234
29,19,0.393755,0.393755
29,20,0.123766,1.0
30,19,0.326646,0.7204010000000001
31,19,0.020408,0.740809
32,19,0.259191,1.0
40,18,0.42421,0.42421
41,18,0.278231,0.702441
43,16,0.237398,0.237398
43,17,0.740408,0.740408
43,18,0.297559,1.0
44,16,0.417301,0.6546989999999999
44,17,0.223737,0.9641449999999999
45,15,0.16895,0.16895
45,16,0.079865,0.734564
45,17,0.009301,0.9734459999999999
46,17,0.026554,1.0
46,15,0.416361,0.5853109999999999
46,16,0.265436,1.0
47,14,0.182796,0.182796
47,15,0.129976,0.715287
48,12,0.019645,0.019645
48,13,0.206442,0.206442
48,14,0.524283,0.707079
48,15,0.284713,1.0
49,13,0.503367,0.709809
49,11,0.069115,0.069115
49,12,0.314488,0.334133
49,14,0.238094,0.945173
50,11,0.131966,0.201081
50,12,0.315364,0.649497
50,13,0.237186,0.946995
50,14,0.054827,1.0
51,12,0.350503,1.0
51,13,0.053005,1.0
51,11,0.574298,0.775379
52,11,0.224621,1.0
52,10,0.456069,0.456069
53,9,0.390021,0.390021
53,10,0.433073,0.889142
54,9,0.186752,0.576773
54,10,0.053836,0.942978
55,9,0.165679,0.742452
55,10,0.057022,1.0
56,9,0.257548,1.0
57,8,0.44799,0.44799
58,8,0.239238,0.687228
59,5,0.014526,0.014526
59,6,0.136785,0.136785
59,7,0.490093,0.490093
59,8,0.195426,0.882654
60,5,0.186813,0.20133900000000002
60,6,0.492601,0.629386
60,7,0.440566,0.930659
60,8,0.117346,1.0
62,7,0.069341,1.0
62,6,0.370614,1.0
62,5,0.798661,1.0
63,4,0.358337,0.358337
64,3,0.176103,0.176103
64,4,0.406538,0.764875
65,3,0.164341,0.34044399999999997
65,4,0.076247,0.841122
66,3,0.157692,0.498136
66,4,0.158878,1.0
67,3,0.501864,1.0
67,2,0.02043,0.02043
68,1,0.027841,0.027841
68,2,0.3001,0.32053
69,1,0.071868,0.099709
69,2,0.288382,0.608912
70,1,0.16497,0.264679
70,2,0.154873,0.763785
71,2,0.236215,1.0
71,1,0.544007,0.808686
73,1,0.191314,1.0
