Points,Position,Probability,Cumulative
19,20,0.74202,0.74202
20,20,0.182419,0.924439
22,20,0.075561,1.0
31,19,0.470621,0.470621
32,18,0.308814,0.308814
32,19,0.381198,0.851819
33,18,0.248873,0.557687
33,19,0.083824,0.935643
34,18,0.187811,0.745498
34,19,0.064357,1.0
35,18,0.254502,1.0
36,17,0.482652,0.482652
37,17,0.333375,0.8160270000000001
38,16,0.313248,0.313248
38,17,0.070434,0.8864609999999999
39,17,0.113539,1.0
39,16,0.427986,0.741234
41,16,0.258766,1.0
42,15,0.258766,0.258766
43,14,0.341494,0.341494
43,15,0.569485,0.8282510000000001
44,14,0.175633,0.517127
44,15,0.10988,0.938131
45,15,0.061869,1.0
45,14,0.321813,0.83894
46,14,0.16106,1.0
48,12,0.139408,0.139408
48,13,0.666204,0.666204
49,12,0.647035,0.786443
49,13,0.307066,0.9732700000000001
49,10,0.086127,0.086127
49,11,0.399768,0.399768
50,13,0.02673,1.0
50,12,0.188895,0.975338
50,11,0.377662,0.7774300000000001
50,10,0.224405,0.310532
51,9,0.201162,0.201162
51,10,0.491842,0.8023739999999999
51,11,0.22257,1.0
51,12,0.024662,1.0
52,9,0.41156,0.612722
52,10,0.197626,1.0
53,9,0.387278,1.0
54,8,0.19326,0.19326
55,8,0.253296,0.446556
56,7,0.071676,0.071676
56,8,0.089384,0.53594
57,7,0.374897,0.446573
57,8,0.46406,1.0
59,7,0.553427,1.0
60,6,0.254502,0.254502
61,6,0.332697,0.587199
63,5,0.075561,0.075561
63,6,0.412801,1.0
64,5,0.182419,0.25798
65,4,0.070407,0.070407
65,5,0.202412,0.460392
66,4,0.407382,0.477789
66,5,0.539608,1.0
68,4,0.522211,1.0
71,2,0.047702,0.047702
71,3,0.395918,0.395918
72,2,0.198316,0.246018
72,3,0.35152,0.747438
74,2,0.753982,1.0
74,3,0.252562,1.0
90,1,0.523892,0.523892
91,1,0.216461,0.740353
93,1,0.259647,1.0
