Points,Position,Probability,Cumulative
39,17,1.0,1.0
39,18,1.0,1.0
39,19,1.0,1.0
39,20,1.0,1.0
41,15,0.413103,0.413103
41,16,1.0,1.0
42,15,0.349392,0.7624949999999999
44,13,1.0,1.0
44,14,1.0,1.0
44,15,0.237505,1.0
45,12,1.0,1.0
47,11,1.0,1.0
49,10,0.237505,0.237505
50,8,0.586897,0.586897
50,9,1.0,1.0
50,10,0.762495,1.0
52,8,0.413103,1.0
55,7,1.0,1.0
56,6,1.0,1.0
61,5,1.0,1.0
62,4,1.0,1.0
66,3,1.0,1.0
68,2,1.0,1.0
75,1,1.0,1.0
