Points,Position,Probability,Cumulative
32,20,0.296346,0.296346
33,20,0.27955,0.575896
35,20,0.424104,1.0
36,19,0.424104,0.424104
37,19,0.27955,0.703654
39,18,0.723498,0.723498
39,19,0.296346,1.0
40,18,0.230403,0.953901
41,17,0.670165,0.670165
41,18,0.032421,0.9863219999999999
42,16,0.297414,0.297414
42,17,0.329835,1.0
42,18,0.013678,1.0
44,16,0.702586,1.0
45,15,0.846063,0.846063
45,14,0.357473,0.357473
46,13,0.289843,0.289843
46,14,0.564984,0.9224570000000001
46,15,0.153937,1.0
47,12,0.124918,0.124918
47,13,0.339424,0.629267
47,14,0.042087,0.964544
48,12,0.152394,0.277312
48,13,0.155126,0.784393
48,14,0.035456,1.0
49,12,0.722688,1.0
49,13,0.215607,1.0
50,11,0.601052,0.601052
51,11,0.27498,0.876032
53,11,0.123968,1.0
53,10,0.123968,0.123968
54,9,0.043612,0.043612
54,10,0.340955,0.464923
55,9,0.094177,0.137789
55,10,0.142668,0.607591
56,7,0.020433,0.020433
56,8,0.233511,0.233511
56,9,0.576924,0.7147129999999999
56,10,0.392409,1.0
57,7,0.256331,0.27676399999999995
57,8,0.654419,0.88793
57,9,0.285287,1.0
59,7,0.723236,1.0
59,8,0.11207,1.0
59,6,0.827712,0.827712
59,5,0.351832,0.351832
59,4,0.044089,0.044089
60,4,0.251113,0.29520199999999996
60,5,0.42716,0.7789919999999999
60,6,0.153982,0.9816940000000001
62,3,0.046099,0.046099
62,4,0.704798,1.0
62,5,0.221008,1.0
62,6,0.018306,1.0
63,3,0.230403,0.276502
65,3,0.723498,1.0
69,2,0.16095,0.16095
70,2,0.435291,0.596241
72,2,0.403759,1.0
79,1,0.403759,0.403759
80,1,0.435291,0.83905
82,1,0.16095,1.0
