Points,Position,Probability,Cumulative
32,20,0.791848,0.791848
33,19,0.414172,0.414172
33,20,0.180178,0.9720260000000001
34,19,0.244891,0.659063
34,20,0.012713,0.984739
35,19,0.034418,0.693481
35,20,0.015261,1.0
36,19,0.306519,1.0
37,18,0.482671,0.482671
38,17,0.308648,0.308648
38,18,0.40954,0.8922110000000001
39,16,0.241946,0.241946
39,17,0.415731,0.724379
39,18,0.075639,0.96785
40,17,0.174054,0.898433
40,18,0.03215,1.0
40,16,0.221426,0.463372
41,16,0.227325,0.690697
41,17,0.101567,1.0
42,16,0.309303,1.0
43,15,0.637332,0.637332
44,14,0.171259,0.171259
44,15,0.362668,1.0
45,14,0.464097,0.635356
45,13,0.126734,0.126734
46,13,0.060823,0.18755700000000003
46,14,0.057084,0.6924399999999999
47,12,0.272575,0.272575
47,13,0.812443,1.0
47,14,0.30756,1.0
48,12,0.28755,0.560125
49,12,0.218337,0.778462
49,11,0.278013,0.278013
50,11,0.565341,0.8433539999999999
50,12,0.221538,1.0
50,10,0.252234,0.252234
51,9,0.291917,0.291917
51,10,0.490651,0.742885
51,11,0.122238,0.965592
52,9,0.255445,0.5473619999999999
52,10,0.209188,0.9520730000000001
52,11,0.034408,1.0
53,9,0.363816,0.9111779999999999
53,10,0.047927,1.0
53,8,0.269678,0.269678
54,8,0.295996,0.565674
54,9,0.088822,0.9999999999999999
56,8,0.434326,1.0
60,7,0.128447,0.128447
61,5,0.064245,0.064245
61,6,0.365197,0.365197
61,7,0.675795,0.804242
62,7,0.132916,0.937158
62,6,0.248282,0.613479
62,5,0.104845,0.16909
63,5,0.26037,0.42945999999999995
63,6,0.282604,0.896083
63,7,0.062842,1.0
64,5,0.57054,1.0
64,6,0.103917,1.0
66,3,0.021723,0.021723
66,4,0.467831,0.467831
67,3,0.129524,0.151247
67,4,0.316499,0.78433
69,3,0.848753,1.0
69,4,0.21567,1.0
70,2,0.233304,0.233304
71,2,0.270346,0.5036499999999999
73,2,0.49635,1.0
77,1,0.23858,0.23858
78,1,0.228439,0.46701899999999996
80,1,0.532981,1.0
