Points,Position,Probability,Cumulative
32,20,0.392448,0.392448
33,20,0.2531,0.645548
35,20,0.354452,1.0
36,19,0.354452,0.354452
37,19,0.2531,0.607552
39,18,0.686755,0.686755
39,19,0.392448,1.0
40,18,0.187691,0.8744460000000001
41,17,0.607531,0.607531
41,18,0.087335,0.961781
42,16,0.305134,0.305134
42,17,0.392469,1.0
42,18,0.038219,1.0
44,16,0.694866,1.0
45,15,0.823552,0.823552
45,14,0.327647,0.327647
46,13,0.270253,0.270253
46,14,0.575529,0.903176
46,15,0.176448,1.0
47,12,0.126032,0.126032
47,13,0.341401,0.611654
47,14,0.053082,0.9562579999999999
48,12,0.154368,0.2804
48,13,0.17193,0.7835840000000001
48,14,0.043742,1.0
49,12,0.7196,1.0
49,13,0.216416,1.0
50,11,0.581746,0.581746
51,11,0.280605,0.862351
53,11,0.137649,1.0
53,10,0.137649,0.137649
54,9,0.057378,0.057378
54,10,0.360402,0.498051
55,9,0.093014,0.150392
55,10,0.128832,0.6268830000000001
56,7,0.02581,0.02581
56,8,0.254,0.254
56,9,0.579887,0.730279
56,10,0.373117,1.0
57,7,0.257234,0.283044
57,8,0.600642,0.854642
57,9,0.269721,1.0
59,7,0.716956,1.0
59,8,0.145358,1.0
59,6,0.838537,0.838537
59,5,0.387851,0.387851
59,4,0.061722,0.061722
60,4,0.228046,0.289768
60,5,0.382734,0.7705850000000001
60,6,0.139438,0.977975
62,3,0.125554,0.125554
62,4,0.710232,1.0
62,5,0.229415,1.0
62,6,0.022025,1.0
63,3,0.187691,0.313245
65,3,0.686755,1.0
69,2,0.287029,0.287029
70,2,0.346413,0.6334420000000001
72,2,0.366558,1.0
79,1,0.366558,0.366558
80,1,0.346413,0.712971
82,1,0.287029,1.0
