Points,Position,Probability,Cumulative
17,20,0.406879,0.406879
18,20,0.362565,0.769444
20,20,0.230556,1.0
36,19,0.609128,0.609128
37,19,0.223112,0.83224
39,19,0.16776,1.0
43,18,0.499188,0.499188
44,18,0.42759,0.9267780000000001
44,17,0.500897,0.500897
45,16,0.336101,0.336101
45,17,0.317614,0.818511
45,18,0.056679,0.983457
46,15,0.432297,0.432297
46,16,0.525383,0.861484
46,17,0.169785,0.9882960000000001
46,18,0.016543,1.0
47,17,0.011704,1.0
47,16,0.120708,0.9821920000000001
47,13,0.02988,0.02988
47,14,0.274767,0.274767
47,15,0.363623,0.79592
48,11,0.018207,0.018207
48,12,0.158367,0.158367
48,13,0.467839,0.497719
48,14,0.567644,0.842411
48,15,0.187873,0.9837929999999999
48,16,0.017808,1.0
49,11,0.064495,0.082702
49,12,0.225387,0.38375400000000004
49,13,0.269675,0.767394
49,14,0.123342,0.965753
49,15,0.016207,1.0
50,14,0.034247,1.0
50,13,0.232606,1.0
50,12,0.535173,0.918927
50,11,0.482048,0.56475
50,10,0.161517,0.161517
50,9,0.016463,0.016463
51,9,0.277911,0.294374
51,10,0.634033,0.79555
51,11,0.43525,1.0
51,12,0.081073,1.0
53,10,0.20445,1.0
53,9,0.705626,1.0
54,8,0.459817,0.459817
55,8,0.298614,0.758431
56,7,0.169181,0.169181
56,8,0.053454,0.811885
57,7,0.334641,0.503822
57,8,0.188115,1.0
58,6,0.152628,0.152628
58,7,0.496178,1.0
59,6,0.737929,0.8905569999999999
59,4,0.066587,0.066587
59,5,0.415799,0.415799
60,4,0.082152,0.148739
60,5,0.173236,0.589035
60,6,0.043226,0.9337829999999999
61,3,0.093778,0.093778
61,4,0.471259,0.619998
61,5,0.410965,1.0
61,6,0.066217,0.9999999999999999
62,3,0.287012,0.38078999999999996
62,4,0.380002,1.0
64,2,0.432049,0.432049
64,3,0.61921,1.0
65,2,0.310003,0.7420519999999999
67,2,0.257948,1.0
75,1,0.260032,0.260032
76,1,0.237201,0.497233
78,1,0.502767,1.0
