Points,Position,Probability,Cumulative
36,17,0.038784,0.038784
36,18,0.2485,0.2485
36,19,0.630928,0.630928
36,20,0.921658,0.921658
37,17,0.263962,0.30274599999999996
37,18,0.487994,0.736494
37,19,0.320656,0.951584
37,20,0.075012,0.99667
39,20,0.00333,1.0
39,19,0.048416,1.0
39,17,0.697254,1.0
39,18,0.263506,1.0
40,16,0.110344,0.110344
41,15,0.081209,0.081209
41,16,0.395478,0.505822
42,15,0.172238,0.253447
42,16,0.251813,0.7576350000000001
43,16,0.123555,0.88119
43,15,0.151172,0.404619
44,13,0.262861,0.262861
44,14,0.790614,0.790614
44,15,0.581883,0.986502
44,16,0.11881,1.0
45,15,0.013498,1.0
45,13,0.591287,0.854148
45,14,0.200422,0.991036
45,11,0.081675,0.081675
45,12,0.438011,0.438011
46,11,0.059835,0.14151
46,12,0.193218,0.631229
46,13,0.090098,0.944246
46,14,0.008964,1.0
47,12,0.368771,1.0
47,11,0.589306,0.730816
47,13,0.055754,1.0
48,11,0.269184,1.0
49,10,0.642199,0.642199
49,8,0.004757,0.004757
49,9,0.166081,0.166081
50,8,0.066464,0.07122099999999999
50,9,0.463101,0.629182
50,10,0.310322,0.952521
51,8,0.039442,0.11066299999999998
51,9,0.024291,0.653473
51,10,0.003656,0.9561769999999999
52,10,0.043823,1.0
52,9,0.346527,1.0
52,8,0.276792,0.387455
53,8,0.293684,0.6811389999999999
55,6,0.184611,0.184611
55,7,0.774805,0.774805
55,8,0.318861,1.0
56,6,0.384471,0.569082
56,7,0.181305,0.95611
58,7,0.04389,1.0
58,6,0.430918,1.0
61,4,0.065173,0.065173
61,5,0.446564,0.446564
62,4,0.213435,0.278608
62,5,0.33559,0.782154
63,3,0.074854,0.074854
63,4,0.135612,0.41422000000000003
63,5,0.058718,0.8408720000000001
64,3,0.464938,0.539792
64,4,0.58578,1.0
64,5,0.159128,1.0
66,3,0.460208,1.0
67,2,0.416213,0.416213
68,2,0.306661,0.722874
70,2,0.277126,1.0
72,1,0.125486,0.125486
73,1,0.181585,0.307071
75,1,0.692929,1.0
