Points,Position,Probability,Cumulative
31,20,0.584413,0.584413
32,20,0.27935,0.863763
34,20,0.136237,1.0
38,19,0.466669,0.466669
39,19,0.251621,0.71829
40,17,0.120704,0.120704
40,18,0.515598,0.515598
40,19,0.184159,0.902449
41,16,0.398154,0.398154
41,17,0.708967,0.829671
41,18,0.466699,0.982297
41,19,0.097551,1.0
42,16,0.075244,0.473398
42,17,0.059026,0.8886970000000001
42,18,0.011403,0.9937
43,18,0.0063,1.0
43,17,0.111303,1.0
43,15,0.231853,0.231853
43,16,0.465143,0.938541
44,15,0.35307,0.584923
44,16,0.061459,1.0
46,15,0.415077,1.0
47,13,0.156159,0.156159
47,14,0.658849,0.658849
48,13,0.295041,0.4512
48,14,0.243077,0.901926
49,12,0.218405,0.218405
49,13,0.218227,0.669427
49,14,0.047376,0.949302
50,12,0.781595,1.0
50,13,0.330573,1.0
50,14,0.050698,1.0
51,10,0.307484,0.307484
51,11,0.760556,0.760556
51,9,0.044374,0.044374
52,11,0.201431,0.961987
52,9,0.222361,0.266735
52,10,0.418282,0.7257659999999999
53,9,0.250361,0.517096
53,10,0.195634,0.9214
53,11,0.038013,1.0
54,9,0.482904,1.0
54,10,0.0786,1.0
55,7,0.071802,0.071802
55,8,0.465406,0.465406
56,6,0.091018,0.091018
56,7,0.388706,0.46050800000000003
56,8,0.401062,0.866468
57,6,0.218727,0.309745
57,7,0.343218,0.803726
57,8,0.133532,1.0
58,7,0.196274,1.0
58,6,0.578797,0.8885419999999999
58,5,0.423167,0.423167
59,4,0.207793,0.207793
59,5,0.389726,0.8128930000000001
59,6,0.111458,1.0
60,4,0.325538,0.533331
60,5,0.187107,1.0
62,4,0.466669,1.0
65,3,0.136237,0.136237
66,2,0.100005,0.100005
66,3,0.420835,0.557072
67,2,0.105311,0.205316
67,3,0.147962,0.705034
68,2,0.289447,0.494763
68,3,0.294966,1.0
69,2,0.505237,1.0
80,1,0.08202,0.08202
81,1,0.145673,0.22769299999999998
83,1,0.772307,1.0
