Points,Position,Probability,Cumulative
17,20,0.636993,0.636993
18,20,0.291538,0.928531
20,20,0.071469,1.0
36,19,0.415971,0.415971
37,19,0.343744,0.7597149999999999
39,19,0.240285,1.0
43,18,0.31691,0.31691
44,18,0.51864,0.83555
44,17,0.335191,0.335191
45,16,0.178806,0.178806
45,17,0.315821,0.651012
45,18,0.111759,0.947309
46,15,0.283977,0.283977
46,16,0.562052,0.740858
46,17,0.31431,0.965322
46,18,0.052691,1.0
47,17,0.034678,1.0
47,16,0.225332,0.96619
47,13,0.049403,0.049403
47,14,0.319521,0.319521
47,15,0.465226,0.749203
48,11,0.063395,0.063395
48,12,0.324213,0.324213
48,13,0.640718,0.690121
48,14,0.603197,0.9227179999999999
48,15,0.243059,0.992262
48,16,0.03381,1.0
49,11,0.165095,0.22849
49,12,0.323737,0.64795
49,13,0.23054,0.920661
49,14,0.070814,0.993532
49,15,0.007738,1.0
50,14,0.006468,0.9999999999999999
50,13,0.079339,1.0
50,12,0.321068,0.9690179999999999
50,11,0.48343,0.71192
50,10,0.212711,0.212711
50,9,0.012662,0.012662
51,9,0.221915,0.234577
51,10,0.561484,0.774195
51,11,0.28808,1.0
51,12,0.030982,1.0
53,10,0.225805,1.0
53,9,0.765423,1.0
54,8,0.334776,0.334776
55,8,0.300197,0.634973
56,7,0.198807,0.198807
56,8,0.114529,0.749502
57,7,0.412284,0.611091
57,8,0.250498,1.0
58,6,0.239125,0.239125
58,7,0.388909,1.0
59,6,0.653167,0.8922920000000001
59,4,0.114993,0.114993
59,5,0.503898,0.503898
60,4,0.095084,0.210077
60,5,0.154189,0.658087
60,6,0.050924,0.943216
61,3,0.164286,0.164286
61,4,0.538305,0.7483820000000001
61,5,0.341913,1.0
61,6,0.056784,1.0
62,3,0.335309,0.499595
62,4,0.251618,1.0
64,2,0.325331,0.325331
64,3,0.500405,1.0
65,2,0.288605,0.613936
67,2,0.386064,1.0
75,1,0.151155,0.151155
76,1,0.205373,0.356528
78,1,0.643472,1.0
