Points,Position,Probability,Cumulative
36,17,0.031663,0.031663
36,18,0.207191,0.207191
36,19,0.56786,0.56786
36,20,0.892488,0.892488
37,17,0.244071,0.27573400000000003
37,18,0.490486,0.697677
37,19,0.367728,0.9355880000000001
37,20,0.102076,0.994564
39,20,0.005436,1.0
39,19,0.064412,1.0
39,17,0.724266,1.0
39,18,0.302323,1.0
40,16,0.11097,0.11097
41,15,0.105971,0.105971
41,16,0.435623,0.546593
42,15,0.175203,0.281174
42,16,0.24727,0.793863
43,16,0.083214,0.877077
43,15,0.13851,0.41968399999999995
44,13,0.188286,0.188286
44,14,0.725062,0.725062
44,15,0.557663,0.977347
44,16,0.122923,1.0
45,15,0.022653,1.0
45,13,0.636804,0.8250900000000001
45,14,0.261083,0.986145
45,11,0.084323,0.084323
45,12,0.423435,0.423435
46,11,0.059544,0.143867
46,12,0.18087,0.604305
46,13,0.111097,0.936187
46,14,0.013855,1.0
47,12,0.395695,1.0
47,11,0.611665,0.755532
47,13,0.063813,1.0
48,11,0.244468,1.0
49,10,0.592235,0.592235
49,8,0.007815,0.007815
49,9,0.145485,0.145485
50,8,0.109306,0.117121
50,9,0.443549,0.5890340000000001
50,10,0.338353,0.930588
51,8,0.050857,0.16797800000000002
51,9,0.044184,0.6332180000000001
51,10,0.009539,0.9401269999999999
52,10,0.059873,1.0
52,9,0.366782,1.0
52,8,0.397716,0.565694
53,8,0.266095,0.8317890000000001
55,6,0.184099,0.184099
55,7,0.722262,0.722262
55,8,0.168211,1.0
56,6,0.374422,0.558521
56,7,0.221381,0.943643
58,7,0.056357,1.0
58,6,0.441479,1.0
61,4,0.091342,0.091342
61,5,0.524776,0.524776
62,4,0.252308,0.34365
62,5,0.318488,0.843264
63,3,0.084419,0.084419
63,4,0.121822,0.465472
63,5,0.038227,0.881491
64,3,0.419214,0.503633
64,4,0.534528,1.0
64,5,0.118509,1.0
66,3,0.496367,1.0
67,2,0.315425,0.315425
68,2,0.317199,0.6326240000000001
70,2,0.367376,1.0
72,1,0.176265,0.176265
73,1,0.225521,0.401786
75,1,0.598214,1.0
