Points,Position,Probability,Cumulative
32,20,0.616056,0.616056
33,19,0.468562,0.468562
33,20,0.337681,0.9537370000000001
34,19,0.30268,0.771242
34,20,0.03221,0.985947
35,19,0.082325,0.853567
35,20,0.014053,1.0
36,19,0.146433,1.0
37,18,0.375787,0.375787
38,17,0.365766,0.365766
38,18,0.490328,0.866115
39,16,0.314441,0.314441
39,17,0.410462,0.7762279999999999
39,18,0.107724,0.973839
40,17,0.179158,0.955386
40,18,0.026161,1.0
40,16,0.307965,0.622406
41,16,0.16974,0.792146
41,17,0.044614,1.0
42,16,0.207854,1.0
43,15,0.319257,0.319257
44,14,0.268608,0.268608
44,15,0.680743,1.0
45,14,0.484006,0.752614
45,13,0.213638,0.213638
46,13,0.211026,0.424664
46,14,0.127678,0.8802920000000001
47,12,0.506841,0.506841
47,13,0.575336,1.0
47,14,0.119708,1.0
48,12,0.258876,0.765717
49,12,0.136212,0.901929
49,11,0.445914,0.445914
50,11,0.413728,0.859642
50,12,0.098071,1.0
50,10,0.17577,0.17577
51,9,0.180154,0.180154
51,10,0.453898,0.629668
51,11,0.090241,0.9498829999999999
52,9,0.211228,0.391382
52,10,0.262222,0.8918900000000001
52,11,0.050117,1.0
53,9,0.437122,0.828504
53,10,0.10811,1.0
53,8,0.163111,0.163111
54,8,0.289419,0.45253
54,9,0.171496,1.0
56,8,0.54747,1.0
60,7,0.216239,0.216239
61,5,0.037087,0.037087
61,6,0.327375,0.327375
61,7,0.5779,0.7941389999999999
62,7,0.136388,0.9305269999999999
62,6,0.291543,0.6189180000000001
62,5,0.150351,0.18743800000000002
63,5,0.146841,0.334279
63,6,0.222822,0.84174
63,7,0.069473,0.9999999999999999
64,5,0.665721,1.0
64,6,0.15826,1.0
66,3,0.022563,0.022563
66,4,0.308098,0.308098
67,3,0.16685,0.189413
67,4,0.379592,0.6876899999999999
69,3,0.810587,1.0
69,4,0.31231,1.0
70,2,0.178942,0.178942
71,2,0.238932,0.41787399999999997
73,2,0.582126,1.0
77,1,0.305304,0.305304
78,1,0.243392,0.5486960000000001
80,1,0.451304,1.0
