Points,Position,Probability,Cumulative
17,20,0.523491,0.523491
18,20,0.337828,0.8613190000000001
20,20,0.138681,1.0
36,19,0.449394,0.449394
37,19,0.298068,0.7474620000000001
39,19,0.252538,1.0
43,18,0.378278,0.378278
44,18,0.573445,0.951723
44,17,0.582557,0.582557
45,16,0.376018,0.376018
45,17,0.281117,0.863674
45,18,0.039007,0.99073
46,15,0.49733,0.49733
46,16,0.545129,0.9211469999999999
46,17,0.132593,0.996267
46,18,0.00927,1.0
47,17,0.003733,1.0
47,16,0.070247,0.9913939999999999
47,13,0.038852,0.038852
47,14,0.316489,0.316489
47,15,0.349275,0.846605
48,11,0.018173,0.018173
48,12,0.17159,0.17159
48,13,0.483741,0.522593
48,14,0.535801,0.85229
48,15,0.137116,0.983721
48,16,0.008606,0.9999999999999999
49,11,0.110159,0.128332
49,12,0.315686,0.48727600000000004
49,13,0.317991,0.840584
49,14,0.129277,0.981567
49,15,0.016279,1.0
50,14,0.018433,1.0
50,13,0.159416,1.0
50,12,0.451467,0.9387430000000001
50,11,0.45553,0.583862
50,10,0.106423,0.106423
50,9,0.005333,0.005333
51,9,0.23002,0.235353
51,10,0.628922,0.735345
51,11,0.416138,1.0
51,12,0.061257,1.0
53,10,0.264655,1.0
53,9,0.764647,1.0
54,8,0.541774,0.541774
55,8,0.309955,0.851729
56,7,0.085929,0.085929
56,8,0.014992,0.866721
57,7,0.199253,0.28518200000000005
57,8,0.133279,1.0
58,6,0.18622,0.18622
58,7,0.714818,1.0
59,6,0.761045,0.947265
59,4,0.051545,0.051545
59,5,0.436052,0.436052
60,4,0.107742,0.159287
60,5,0.182983,0.619035
60,6,0.01923,0.966495
61,3,0.055065,0.055065
61,4,0.363771,0.523058
61,5,0.380965,1.0
61,6,0.033505,1.0
62,3,0.255163,0.31022799999999995
62,4,0.476942,1.0
64,2,0.53068,0.53068
64,3,0.689772,1.0
65,2,0.264451,0.795131
67,2,0.204869,1.0
75,1,0.203889,0.203889
76,1,0.236942,0.440831
78,1,0.559169,1.0
