Points,Position,Probability,Cumulative
25,20,0.211354,0.211354
26,20,0.286658,0.498012
27,20,0.076583,0.574595
28,20,0.267445,0.84204
29,19,0.316702,0.316702
29,20,0.15796,1.0
30,19,0.321749,0.638451
31,19,0.038763,0.677214
32,19,0.322786,1.0
40,18,0.443462,0.443462
41,18,0.297239,0.740701
43,16,0.147811,0.147811
43,17,0.621236,0.621236
43,18,0.259299,1.0
44,16,0.326708,0.474519
44,17,0.281787,0.903023
45,15,0.260666,0.260666
45,16,0.235283,0.709802
45,17,0.053101,0.956124
46,17,0.043876,1.0
46,15,0.560589,0.8212550000000001
46,16,0.290198,1.0
47,14,0.383715,0.383715
47,15,0.083561,0.9048160000000001
48,12,0.068791,0.068791
48,13,0.401167,0.401167
48,14,0.478251,0.861966
48,15,0.095184,1.0
49,13,0.448348,0.849515
49,11,0.150496,0.150496
49,12,0.448837,0.517628
49,14,0.119143,0.981109
50,11,0.157286,0.307782
50,12,0.244804,0.762432
50,13,0.122436,0.971951
50,14,0.018891,1.0
51,12,0.237568,1.0
51,13,0.028049,1.0
51,11,0.50343,0.811212
52,11,0.188788,1.0
52,10,0.321694,0.321694
53,9,0.234563,0.234563
53,10,0.432068,0.753762
54,9,0.161712,0.396275
54,10,0.110537,0.8642989999999999
55,9,0.270209,0.666484
55,10,0.135701,1.0
56,9,0.333516,1.0
57,8,0.290534,0.290534
58,8,0.24219,0.532724
59,5,0.023123,0.023123
59,6,0.176088,0.176088
59,7,0.531769,0.531769
59,8,0.34657,0.879294
60,5,0.241727,0.26485
60,6,0.538817,0.714905
60,7,0.426072,0.957841
60,8,0.120706,1.0
62,7,0.042159,1.0
62,6,0.285095,1.0
62,5,0.73515,1.0
63,4,0.297248,0.297248
64,3,0.196084,0.196084
64,4,0.427843,0.7250909999999999
65,3,0.159881,0.355965
65,4,0.112368,0.837459
66,3,0.2498,0.605765
66,4,0.162541,1.0
67,3,0.394235,1.0
67,2,0.019511,0.019511
68,1,0.017106,0.017106
68,2,0.243287,0.262798
69,1,0.051702,0.068808
69,2,0.265726,0.528524
70,1,0.077988,0.14679599999999998
70,2,0.098833,0.6273569999999999
71,2,0.372643,1.0
71,1,0.494468,0.6412640000000001
73,1,0.358736,1.0
