Points,Position,Probability,Cumulative
32,20,0.567748,0.567748
33,20,0.296485,0.864233
34,18,0.165852,0.165852
34,19,0.686275,0.686275
34,20,0.103492,0.9677250000000001
35,18,0.39136,0.557212
35,19,0.276752,0.963027
35,20,0.032275,1.0
37,19,0.036973,1.0
37,18,0.442788,1.0
41,17,0.135767,0.135767
42,17,0.296485,0.43225199999999997
44,15,0.436331,0.436331
44,16,0.887418,0.887418
44,17,0.567748,1.0
45,16,0.110927,0.998345
45,15,0.522866,0.9591970000000001
45,13,0.188977,0.188977
45,14,0.696269,0.696269
46,13,0.270994,0.459971
46,14,0.195255,0.891524
46,15,0.031908,0.9911050000000001
46,16,0.001416,0.999761
47,13,0.102391,0.562362
47,14,0.078814,0.970338
47,15,0.008895,1.0
47,16,0.000239,1.0
48,14,0.029662,1.0
48,11,0.279703,0.279703
48,12,0.825744,0.825744
48,13,0.437638,1.0
49,11,0.638447,0.91815
49,12,0.174256,1.0
49,9,0.124898,0.124898
49,10,0.566162,0.566162
50,9,0.050628,0.175526
50,10,0.150668,0.7168300000000001
50,11,0.0615,0.97965
51,8,0.350045,0.350045
51,9,0.770774,0.9462999999999999
51,10,0.28317,1.0
51,11,0.02035,1.0
52,8,0.364271,0.714316
52,9,0.0537,0.9999999999999999
54,8,0.285684,1.0
58,6,0.024572,0.024572
58,7,0.305241,0.305241
59,6,0.358158,0.38272999999999996
59,7,0.694759,1.0
60,6,0.180505,0.5632349999999999
60,5,0.112179,0.112179
61,5,0.673071,0.78525
61,6,0.436765,1.0
62,5,0.21475,1.0
63,4,0.086594,0.086594
64,3,0.033887,0.033887
64,4,0.325731,0.412325
65,3,0.081143,0.11503000000000001
65,4,0.1521,0.564425
66,3,0.215035,0.330065
66,4,0.435575,1.0
67,3,0.669935,1.0
68,2,0.075276,0.075276
69,2,0.218245,0.293521
70,1,0.022482,0.022482
70,2,0.053405,0.346926
71,2,0.653074,1.0
71,1,0.271757,0.29423900000000003
73,1,0.705761,1.0
