Points,Position,Probability,Cumulative
36,17,0.022745,0.022745
36,18,0.18395,0.18395
36,19,0.548705,0.548705
36,20,0.888397,0.888397
37,17,0.265085,0.28783000000000003
37,18,0.540997,0.724947
37,19,0.402354,0.951059
37,20,0.10876,0.997157
39,20,0.002843,1.0
39,19,0.048941,1.0
39,17,0.71217,1.0
39,18,0.275053,1.0
40,16,0.056498,0.056498
41,15,0.023421,0.023421
41,16,0.264805,0.321303
42,15,0.165306,0.188727
42,16,0.361605,0.6829080000000001
43,16,0.096815,0.779723
43,15,0.086513,0.27524000000000004
44,13,0.24799,0.24799
44,14,0.76122,0.76122
44,15,0.702732,0.9779720000000001
44,16,0.220277,1.0
45,15,0.022028,1.0
45,13,0.589498,0.837488
45,14,0.225191,0.986411
45,11,0.064829,0.064829
45,12,0.386885,0.386885
46,11,0.08176,0.146589
46,12,0.261655,0.64854
46,13,0.11468,0.9521679999999999
46,14,0.013589,1.0
47,12,0.35146,1.0
47,11,0.542161,0.68875
47,13,0.047832,0.9999999999999999
48,11,0.31125,1.0
49,10,0.602164,0.602164
49,8,0.011042,0.011042
49,9,0.152517,0.152517
50,8,0.203112,0.21415399999999998
50,9,0.642074,0.794591
50,10,0.382402,0.984566
51,8,0.067122,0.28127599999999997
51,9,0.024563,0.819154
51,10,0.002047,0.9866130000000001
52,10,0.013387,1.0
52,9,0.180846,1.0
52,8,0.353545,0.634821
53,8,0.232736,0.8675569999999999
55,6,0.086044,0.086044
55,7,0.74358,0.74358
55,8,0.132443,1.0
56,6,0.549214,0.635258
56,7,0.222668,0.966248
58,7,0.033752,1.0
58,6,0.364742,1.0
61,4,0.03965,0.03965
61,5,0.373208,0.373208
62,4,0.335683,0.375333
62,5,0.489695,0.862903
63,3,0.116803,0.116803
63,4,0.151878,0.5272110000000001
63,5,0.042569,0.9054719999999999
64,3,0.530851,0.647654
64,4,0.472789,1.0
64,5,0.094528,1.0
66,3,0.352346,1.0
67,2,0.290255,0.290255
68,2,0.556832,0.8470869999999999
70,2,0.152913,0.9999999999999999
72,1,0.120916,0.120916
73,1,0.170486,0.291402
75,1,0.708598,1.0
