Points,Position,Probability,Cumulative
32,20,0.639118,0.639118
33,19,0.497532,0.497532
33,20,0.308822,0.94794
34,19,0.222652,0.7201839999999999
34,20,0.030072,0.978012
35,19,0.097125,0.817309
35,20,0.021988,1.0
36,19,0.182691,1.0
37,18,0.388952,0.388952
38,17,0.359188,0.359188
38,18,0.469328,0.85828
39,16,0.296709,0.296709
39,17,0.399351,0.7585390000000001
39,18,0.111711,0.969991
40,17,0.193504,0.952043
40,18,0.030009,1.0
40,16,0.312664,0.6093729999999999
41,16,0.17864,0.788013
41,17,0.047957,1.0
42,16,0.211987,1.0
43,15,0.32558,0.32558
44,14,0.282542,0.282542
44,15,0.67442,1.0
45,14,0.458479,0.741021
45,13,0.203182,0.203182
46,13,0.209092,0.41227400000000003
46,14,0.132173,0.873194
47,12,0.497754,0.497754
47,13,0.587726,1.0
47,14,0.126806,1.0
48,12,0.263041,0.760795
49,12,0.137984,0.898779
49,11,0.438342,0.438342
50,11,0.413844,0.852186
50,12,0.101221,1.0
50,10,0.183491,0.183491
51,9,0.175706,0.175706
51,10,0.437126,0.620617
51,11,0.093713,0.945899
52,9,0.2079,0.383606
52,10,0.26286,0.883477
52,11,0.054101,1.0
53,9,0.432497,0.816103
53,10,0.116523,1.0
53,8,0.162977,0.162977
54,8,0.302645,0.465622
54,9,0.183897,1.0
56,8,0.534378,1.0
60,7,0.232907,0.232907
61,5,0.045249,0.045249
61,6,0.340536,0.340536
61,7,0.567696,0.800603
62,7,0.118481,0.919084
62,6,0.245737,0.586273
62,5,0.119664,0.164913
63,5,0.12552,0.290433
63,6,0.226716,0.812989
63,7,0.080916,1.0
64,5,0.709567,1.0
64,6,0.187011,1.0
66,3,0.02852,0.02852
66,4,0.329798,0.329798
67,3,0.152896,0.181416
67,4,0.351914,0.681712
69,3,0.818584,1.0
69,4,0.318288,1.0
70,2,0.19092,0.19092
71,2,0.232754,0.423674
73,2,0.576326,1.0
77,1,0.331993,0.331993
78,1,0.231158,0.563151
80,1,0.436849,1.0
