Points,Position,Probability,Cumulative
32,20,0.748044,0.748044
33,19,0.424316,0.424316
33,20,0.220598,0.968642
34,19,0.26011,0.684426
34,20,0.015729,0.984371
35,19,0.040958,0.725384
35,20,0.015629,1.0
36,19,0.274616,1.0
37,18,0.565488,0.565488
38,17,0.308944,0.308944
38,18,0.339702,0.9051899999999999
39,16,0.220764,0.220764
39,17,0.402179,0.711123
39,18,0.063338,0.9685280000000001
40,17,0.173004,0.884127
40,18,0.031472,1.0
40,16,0.213966,0.43472999999999995
41,16,0.235318,0.670048
41,17,0.115873,1.0
42,16,0.329952,1.0
43,15,0.461549,0.461549
44,14,0.149265,0.149265
44,15,0.538451,1.0
45,14,0.473902,0.623167
45,13,0.145148,0.145148
46,13,0.088925,0.234073
46,14,0.115723,0.7388899999999999
47,12,0.340438,0.340438
47,13,0.765927,1.0
47,14,0.26111,1.0
48,12,0.276264,0.6167020000000001
49,12,0.168164,0.7848660000000001
49,11,0.271036,0.271036
50,11,0.529017,0.8000529999999999
50,12,0.215134,1.0
50,10,0.243076,0.243076
51,9,0.250719,0.250719
51,10,0.452128,0.6952039999999999
51,11,0.151958,0.952011
52,9,0.301082,0.551801
52,10,0.256282,0.9514859999999999
52,11,0.047989,1.0
53,9,0.358752,0.9105530000000001
53,10,0.048514,1.0
53,8,0.286085,0.286085
54,8,0.313044,0.599129
54,9,0.089447,1.0
56,8,0.400871,1.0
60,7,0.133314,0.133314
61,5,0.06609,0.06609
61,6,0.379834,0.379834
61,7,0.684706,0.81802
62,7,0.122866,0.940886
62,6,0.247539,0.627373
62,5,0.116254,0.182344
63,5,0.241278,0.423622
63,6,0.269003,0.8963760000000001
63,7,0.059114,1.0
64,5,0.576378,1.0
64,6,0.103624,1.0
66,3,0.02163,0.02163
66,4,0.418255,0.418255
67,3,0.144626,0.16625600000000001
67,4,0.327007,0.745262
69,3,0.833744,1.0
69,4,0.254738,1.0
70,2,0.308062,0.308062
71,2,0.252738,0.5608
73,2,0.4392,1.0
77,1,0.230457,0.230457
78,1,0.21082,0.44127700000000003
80,1,0.558723,1.0
