Points,Position,Probability,Cumulative
17,20,0.611029,0.611029
18,20,0.309793,0.920822
20,20,0.079178,1.0
36,19,0.493739,0.493739
37,19,0.24192,0.735659
39,19,0.264341,1.0
43,18,0.329206,0.329206
44,18,0.49506,0.8242659999999999
44,17,0.329102,0.329102
45,16,0.170686,0.170686
45,17,0.296609,0.625711
45,18,0.113319,0.937585
46,15,0.260696,0.260696
46,16,0.544392,0.715078
46,17,0.333004,0.958715
46,18,0.062415,1.0
47,17,0.041285,1.0
47,16,0.248783,0.963861
47,13,0.051275,0.051275
47,14,0.318988,0.318988
47,15,0.481313,0.7420089999999999
48,11,0.05866,0.05866
48,12,0.300685,0.300685
48,13,0.611556,0.662831
48,14,0.592721,0.9117090000000001
48,15,0.248579,0.990588
48,16,0.036139,1.0
49,11,0.132821,0.19148099999999998
49,12,0.301643,0.602328
49,13,0.239818,0.9026489999999999
49,14,0.079738,0.9914470000000001
49,15,0.009412,1.0
50,14,0.008553,1.0
50,13,0.097351,1.0
50,12,0.364025,0.966353
50,11,0.515057,0.706538
50,10,0.220307,0.220307
50,9,0.01414,0.01414
51,9,0.232187,0.24632700000000002
51,10,0.555464,0.775771
51,11,0.293462,1.0
51,12,0.033647,1.0
53,10,0.224229,1.0
53,9,0.753673,1.0
54,8,0.334828,0.334828
55,8,0.28846,0.6232880000000001
56,7,0.202061,0.202061
56,8,0.122421,0.745709
57,7,0.380822,0.582883
57,8,0.254291,1.0
58,6,0.247858,0.247858
58,7,0.417117,1.0
59,6,0.645951,0.8938090000000001
59,4,0.120346,0.120346
59,5,0.511424,0.511424
60,4,0.092477,0.21282299999999998
60,5,0.146773,0.6581969999999999
60,6,0.04921,0.943019
61,3,0.180311,0.180311
61,4,0.543853,0.756676
61,5,0.341803,1.0
61,6,0.056981,1.0
62,3,0.305245,0.485556
62,4,0.243324,1.0
64,2,0.326169,0.326169
64,3,0.514444,1.0
65,2,0.293834,0.620003
67,2,0.379997,1.0
75,1,0.162981,0.162981
76,1,0.205856,0.36883699999999997
78,1,0.631163,1.0
