Points,Position,Probability,Cumulative
36,17,0.031561,0.031561
36,18,0.206734,0.206734
36,19,0.567674,0.567674
36,20,0.892077,0.892077
37,17,0.286117,0.317678
37,18,0.533445,0.7401789999999999
37,19,0.382589,0.9502630000000001
37,20,0.104277,0.996354
39,20,0.003646,1.0
39,19,0.049737,1.0
39,17,0.682322,1.0
39,18,0.259821,1.0
40,16,0.094114,0.094114
41,15,0.097973,0.097973
41,16,0.437409,0.531523
42,15,0.22512,0.32309299999999996
42,16,0.2896,0.821123
43,16,0.065269,0.8863920000000001
43,15,0.114884,0.437977
44,13,0.152535,0.152535
44,14,0.676443,0.676443
44,15,0.539256,0.977233
44,16,0.113608,1.0
45,15,0.022767,1.0
45,13,0.692169,0.844704
45,14,0.31351,0.9899530000000001
45,11,0.102628,0.102628
45,12,0.45687,0.45687
46,11,0.085202,0.18783
46,12,0.200138,0.657008
46,13,0.107508,0.9522120000000001
46,14,0.010047,1.0
47,12,0.342992,1.0
47,11,0.609696,0.797526
47,13,0.047788,1.0
48,11,0.202474,1.0
49,10,0.554144,0.554144
49,8,0.005624,0.005624
49,9,0.121916,0.121916
50,8,0.111213,0.11683700000000001
50,9,0.484657,0.606573
50,10,0.384489,0.938633
51,8,0.062647,0.179484
51,9,0.049657,0.65623
51,10,0.009576,0.948209
52,10,0.051791,1.0
52,9,0.34377,1.0
52,8,0.369887,0.549371
53,8,0.288245,0.8376159999999999
55,6,0.188144,0.188144
55,7,0.742267,0.742267
55,8,0.162384,1.0
56,6,0.386781,0.574925
56,7,0.207103,0.94937
58,7,0.05063,1.0
58,6,0.425075,1.0
61,4,0.074874,0.074874
61,5,0.481513,0.481513
62,4,0.32752,0.402394
62,5,0.416384,0.897897
63,3,0.08142,0.08142
63,4,0.100303,0.502697
63,5,0.020751,0.918648
64,3,0.441931,0.523351
64,4,0.497303,1.0
64,5,0.081352,1.0
66,3,0.476649,1.0
67,2,0.206058,0.206058
68,2,0.460467,0.666525
70,2,0.333475,1.0
72,1,0.162477,0.162477
73,1,0.204131,0.36660800000000004
75,1,0.633392,1.0
