Points,Position,Probability,Cumulative
19,20,0.758232,0.758232
20,20,0.181133,0.939365
22,20,0.060635,1.0
31,19,0.450703,0.450703
32,18,0.434621,0.434621
32,19,0.443084,0.893787
33,18,0.220477,0.655098
33,19,0.075189,0.9689760000000001
34,18,0.223095,0.878193
34,19,0.031024,1.0
35,18,0.121807,1.0
36,17,0.635203,0.635203
37,17,0.241339,0.8765419999999999
38,16,0.239318,0.239318
38,17,0.033786,0.9103279999999999
39,17,0.089672,1.0
39,16,0.370612,0.60993
41,16,0.39007,1.0
42,15,0.39007,0.39007
43,14,0.332622,0.332622
43,15,0.461771,0.851841
44,14,0.225327,0.557949
44,15,0.085145,0.936986
45,15,0.063014,1.0
45,14,0.21009,0.7680389999999999
46,14,0.231961,1.0
48,12,0.103196,0.103196
48,13,0.556783,0.556783
49,12,0.694624,0.79782
49,13,0.415017,0.9718
49,10,0.092163,0.092163
49,11,0.41911,0.41911
50,13,0.0282,1.0
50,12,0.182802,0.980622
50,11,0.372734,0.791844
50,10,0.23248,0.324643
51,9,0.22755,0.22755
51,10,0.573941,0.898584
51,11,0.208156,1.0
51,12,0.019378,1.0
52,9,0.418624,0.646174
52,10,0.101416,1.0
53,9,0.353826,1.0
54,8,0.314582,0.314582
55,8,0.279558,0.5941399999999999
56,7,0.138031,0.138031
56,8,0.09393,0.68807
57,7,0.404402,0.5424329999999999
57,8,0.31193,1.0
59,7,0.457567,1.0
60,6,0.121807,0.121807
61,6,0.295666,0.417473
63,5,0.060635,0.060635
63,6,0.582527,1.0
64,5,0.181133,0.24176799999999998
65,4,0.03332,0.03332
65,5,0.104286,0.346054
66,4,0.274328,0.30764800000000003
66,5,0.653946,1.0
68,4,0.692352,1.0
71,2,0.064418,0.064418
71,3,0.579988,0.579988
72,2,0.208331,0.272749
72,3,0.259884,0.839872
74,2,0.727251,1.0
74,3,0.160128,1.0
90,1,0.252176,0.252176
91,1,0.226876,0.47905200000000003
93,1,0.520948,1.0
