Points,Position,Probability,Cumulative
25,20,0.218549,0.218549
26,20,0.33143,0.549979
27,20,0.103221,0.6532
28,20,0.209457,0.862657
29,19,0.257838,0.257838
29,20,0.137343,1.0
30,19,0.371761,0.629599
31,19,0.025275,0.6548740000000001
32,19,0.345126,1.0
40,18,0.449224,0.449224
41,18,0.296149,0.7453730000000001
43,16,0.13836,0.13836
43,17,0.605837,0.605837
43,18,0.254627,1.0
44,16,0.339995,0.478355
44,17,0.298717,0.904554
45,15,0.267836,0.267836
45,16,0.238154,0.7165090000000001
45,17,0.053566,0.95812
46,17,0.04188,1.0
46,15,0.55316,0.8209960000000001
46,16,0.283491,1.0
47,14,0.386547,0.386547
47,15,0.084291,0.905287
48,12,0.067563,0.067563
48,13,0.396975,0.396975
48,14,0.473524,0.860071
48,15,0.094713,1.0
49,13,0.460379,0.857354
49,11,0.157374,0.157374
49,12,0.462785,0.530348
49,14,0.122438,0.982509
50,11,0.164437,0.321811
50,12,0.245251,0.7755989999999999
50,13,0.117387,0.974741
50,14,0.017491,1.0
51,12,0.224401,1.0
51,13,0.025259,1.0
51,11,0.494537,0.8163480000000001
52,11,0.183652,1.0
52,10,0.312654,0.312654
53,9,0.221844,0.221844
53,10,0.430768,0.743422
54,9,0.1628,0.384644
54,10,0.114393,0.857815
55,9,0.270086,0.65473
55,10,0.142185,1.0
56,9,0.34527,1.0
57,8,0.292482,0.292482
58,8,0.23668,0.529162
59,5,0.023207,0.023207
59,6,0.175718,0.175718
59,7,0.530754,0.530754
59,8,0.349687,0.878849
60,5,0.243524,0.266731
60,6,0.541859,0.717577
60,7,0.428055,0.958809
60,8,0.121151,1.0
62,7,0.041191,1.0
62,6,0.282423,1.0
62,5,0.733269,1.0
63,4,0.295005,0.295005
64,3,0.203407,0.203407
64,4,0.43439,0.729395
65,3,0.163123,0.36653
65,4,0.11407,0.843465
66,3,0.255933,0.622463
66,4,0.156535,1.0
67,3,0.377537,1.0
67,2,0.015732,0.015732
68,1,0.016247,0.016247
68,2,0.24061,0.256342
69,1,0.054053,0.0703
69,2,0.271328,0.5276700000000001
70,1,0.071508,0.141808
70,2,0.091789,0.619459
71,2,0.380541,1.0
71,1,0.503543,0.645351
73,1,0.354649,0.9999999999999999
