Points,Position,Probability,Cumulative
32,20,0.731027,0.731027
33,19,0.341028,0.341028
33,20,0.251681,0.9827079999999999
34,19,0.358484,0.699512
34,20,0.009841,0.992549
35,19,0.019201,0.718713
35,20,0.007451,1.0
36,19,0.281287,1.0
37,18,0.52613,0.52613
38,17,0.318198,0.318198
38,18,0.392158,0.918288
39,16,0.252562,0.252562
39,17,0.427028,0.7452259999999999
39,18,0.057407,0.975695
40,17,0.15151,0.896736
40,18,0.024305,1.0
40,16,0.207189,0.459751
41,16,0.22748,0.687231
41,17,0.103264,1.0
42,16,0.312769,1.0
43,15,0.451789,0.451789
44,14,0.128026,0.128026
44,15,0.548211,1.0
45,14,0.528898,0.656924
45,13,0.164463,0.164463
46,13,0.095252,0.25971500000000003
46,14,0.105442,0.762366
47,12,0.358318,0.358318
47,13,0.740285,1.0
47,14,0.237634,1.0
48,12,0.279493,0.637811
49,12,0.161159,0.79897
49,11,0.284563,0.284563
50,11,0.521839,0.8064020000000001
50,12,0.20103,1.0
50,10,0.235182,0.235182
51,9,0.272049,0.272049
51,10,0.483075,0.7182569999999999
51,11,0.151532,0.9579340000000001
52,9,0.303801,0.57585
52,10,0.247302,0.965559
52,11,0.042066,1.0
53,9,0.359485,0.935335
53,10,0.034441,1.0
53,8,0.283355,0.283355
54,8,0.284392,0.567747
54,9,0.064665,1.0
56,8,0.432253,1.0
60,7,0.094079,0.094079
61,5,0.06724,0.06724
61,6,0.383991,0.383991
61,7,0.731966,0.826045
62,7,0.14124,0.9672850000000001
62,6,0.322527,0.706518
62,5,0.151402,0.218642
63,5,0.329979,0.548621
63,6,0.239218,0.945736
63,7,0.032715,1.0
64,5,0.451379,1.0
64,6,0.054264,1.0
66,3,0.009719,0.009719
66,4,0.379122,0.379122
67,3,0.16258,0.172299
67,4,0.359234,0.738356
69,3,0.827701,1.0
69,4,0.261644,1.0
70,2,0.28916,0.28916
71,2,0.265118,0.554278
73,2,0.445722,1.0
77,1,0.155255,0.155255
78,1,0.246844,0.402099
80,1,0.597901,1.0
