Points,Position,Probability,Cumulative
32,20,0.758999,0.758999
33,19,0.418775,0.418775
33,20,0.213883,0.972882
34,19,0.280471,0.699246
34,20,0.014214,0.987096
35,19,0.035449,0.734695
35,20,0.012904,1.0
36,19,0.265305,1.0
37,18,0.572709,0.572709
38,17,0.302652,0.302652
38,18,0.337821,0.9105300000000001
39,16,0.227055,0.227055
39,17,0.417816,0.720468
39,18,0.060931,0.971461
40,17,0.165583,0.886051
40,18,0.028539,1.0
40,16,0.212955,0.44001
41,16,0.230836,0.670846
41,17,0.113949,1.0
42,16,0.329154,1.0
43,15,0.452055,0.452055
44,14,0.13762,0.13762
44,15,0.547945,1.0
45,14,0.490423,0.628043
45,13,0.149588,0.149588
46,13,0.084608,0.23419600000000002
46,14,0.112997,0.7410399999999999
47,12,0.334732,0.334732
47,13,0.765804,1.0
47,14,0.25896,1.0
48,12,0.278408,0.61314
49,12,0.171314,0.784454
49,11,0.272351,0.272351
50,11,0.546226,0.818577
50,12,0.215546,1.0
50,10,0.248836,0.248836
51,9,0.266778,0.266778
51,10,0.467516,0.716352
51,11,0.139671,0.958248
52,9,0.30092,0.567698
52,10,0.239676,0.956028
52,11,0.041752,1.0
53,9,0.348149,0.9158470000000001
53,10,0.043972,1.0
53,8,0.287835,0.287835
54,8,0.310776,0.598611
54,9,0.084153,1.0
56,8,0.401389,1.0
60,7,0.125472,0.125472
61,5,0.063532,0.063532
61,6,0.374056,0.374056
61,7,0.687977,0.813449
62,7,0.130049,0.943498
62,6,0.261762,0.635818
62,5,0.12409,0.187622
63,5,0.247569,0.435191
63,6,0.265481,0.9012990000000001
63,7,0.056502,1.0
64,5,0.564809,1.0
64,6,0.098701,1.0
66,3,0.018568,0.018568
66,4,0.416645,0.416645
67,3,0.141521,0.160089
67,4,0.329535,0.7461800000000001
69,3,0.839911,1.0
69,4,0.25382,1.0
70,2,0.277372,0.277372
71,2,0.278963,0.556335
73,2,0.443665,1.0
77,1,0.2235,0.2235
78,1,0.221216,0.444716
80,1,0.555284,1.0
